/*--------------------------------*- C++ -*----------------------------------*\
| =========                 |                                                 |
| \\      /  F ield         | OpenFOAM: The Open Source CFD Toolbox           |
|  \\    /   O peration     | Version:  2212                                  |
|   \\  /    A nd           | Website:  www.openfoam.com                      |
|    \\/     M anipulation  |                                                 |
\*---------------------------------------------------------------------------*/
FoamFile
{
    version     2.0;
    format      ascii;
    arch        "LSB;label=32;scalar=64";
    note        "nPoints:74182  nCells:36656  nFaces:147059  nInternalFaces:72877";
    class       labelList;
    location    "constant/polyMesh";
    object      neighbour;
}
// * * * * * * * * * * * * * * * * * * * * * * * * * * * * * * * * * * * * * //


72877
(
1
10
170
2
11
171
3
12
172
4
13
173
5
14
174
6
15
175
7
16
176
8
17
177
9
18
178
19
179
9428
11
20
12
21
13
22
14
23
15
24
16
25
17
26
18
27
19
28
29
9427
21
30
22
31
23
32
24
33
25
34
26
35
27
36
28
37
29
38
39
9426
31
40
32
41
33
42
34
43
35
44
36
45
37
46
38
47
39
48
49
9425
41
50
42
51
43
52
44
53
45
54
46
55
47
56
48
57
49
58
59
9424
51
60
52
61
53
62
54
63
55
64
56
65
57
66
58
67
59
68
69
9423
61
70
62
71
63
72
64
73
65
74
66
75
67
76
68
77
69
78
79
9422
71
80
72
81
73
82
74
83
75
84
76
85
77
86
78
87
79
88
89
9421
81
10058
82
10057
83
10056
84
10055
85
10054
86
10053
87
10052
88
10051
89
10050
9420
10049
91
100
18498
92
101
18499
93
102
18500
94
103
18501
95
104
18502
96
105
18503
97
106
18504
98
107
18505
99
108
18506
109
180
18507
101
110
102
111
103
112
104
113
105
114
106
115
107
116
108
117
109
118
119
312
111
120
112
121
113
122
114
123
115
124
116
125
117
126
118
127
119
128
129
444
121
130
122
131
123
132
124
133
125
134
126
135
127
136
128
137
129
138
139
576
131
140
132
141
133
142
134
143
135
144
136
145
137
146
138
147
139
148
149
708
141
150
142
151
143
152
144
153
145
154
146
155
147
156
148
157
149
158
159
840
151
160
152
161
153
162
154
163
155
164
156
165
157
166
158
167
159
168
169
972
161
170
162
171
163
172
164
173
165
174
166
175
167
176
168
177
169
178
179
1104
171
172
173
174
175
176
177
178
179
1236
181
312
19564
182
313
19565
183
314
19566
184
315
19567
185
316
19568
186
317
19569
187
318
19570
188
319
19571
189
320
19572
190
321
19573
191
322
19574
192
323
19575
193
324
19576
194
325
19577
195
326
19578
196
327
19579
197
328
19580
198
329
19581
199
330
19582
200
331
19583
201
332
19584
202
333
19585
203
334
19586
204
335
19587
205
336
19588
206
337
19589
207
338
19590
208
339
19591
209
340
19592
210
341
19593
211
342
19594
212
343
19595
213
344
19596
214
345
19597
215
346
19598
216
347
19599
217
348
19600
218
349
19601
219
350
19602
220
351
19603
221
352
19604
222
353
19605
223
354
19606
224
355
19607
225
356
19608
226
357
19609
227
358
19610
228
359
19611
229
360
19612
230
361
19613
231
362
19614
232
363
19615
233
364
19616
234
365
19617
235
366
19618
236
367
19619
237
368
19620
238
369
19621
239
370
19622
240
371
19623
241
372
19624
242
373
19625
243
374
19626
244
375
19627
245
376
19628
246
377
19629
247
378
19630
248
379
19631
249
380
19632
250
381
19633
251
382
19634
252
383
19635
253
384
19636
254
385
19637
255
386
19638
256
387
19639
257
388
19640
258
389
19641
259
390
19642
260
391
19643
261
392
19644
262
393
19645
263
394
19646
264
395
19647
265
396
19648
266
397
19649
267
398
19650
268
399
19651
269
400
19652
270
401
19653
271
402
19654
272
403
19655
273
404
19656
274
405
19657
275
406
19658
276
407
19659
277
408
19660
278
409
19661
279
410
19662
280
411
19663
281
412
19664
282
413
19665
283
414
19666
284
415
19667
285
416
19668
286
417
19669
287
418
19670
288
419
19671
289
420
19672
290
421
19673
291
422
19674
292
423
19675
293
424
19676
294
425
19677
295
426
19678
296
427
19679
297
428
19680
298
429
19681
299
430
19682
300
431
19683
301
432
19684
302
433
19685
303
434
19686
304
435
19687
305
436
19688
306
437
19689
307
438
19690
308
439
19691
309
440
19692
310
441
19693
311
442
19694
443
19695
313
444
314
445
315
446
316
447
317
448
318
449
319
450
320
451
321
452
322
453
323
454
324
455
325
456
326
457
327
458
328
459
329
460
330
461
331
462
332
463
333
464
334
465
335
466
336
467
337
468
338
469
339
470
340
471
341
472
342
473
343
474
344
475
345
476
346
477
347
478
348
479
349
480
350
481
351
482
352
483
353
484
354
485
355
486
356
487
357
488
358
489
359
490
360
491
361
492
362
493
363
494
364
495
365
496
366
497
367
498
368
499
369
500
370
501
371
502
372
503
373
504
374
505
375
506
376
507
377
508
378
509
379
510
380
511
381
512
382
513
383
514
384
515
385
516
386
517
387
518
388
519
389
520
390
521
391
522
392
523
393
524
394
525
395
526
396
527
397
528
398
529
399
530
400
531
401
532
402
533
403
534
404
535
405
536
406
537
407
538
408
539
409
540
410
541
411
542
412
543
413
544
414
545
415
546
416
547
417
548
418
549
419
550
420
551
421
552
422
553
423
554
424
555
425
556
426
557
427
558
428
559
429
560
430
561
431
562
432
563
433
564
434
565
435
566
436
567
437
568
438
569
439
570
440
571
441
572
442
573
443
574
575
445
576
446
577
447
578
448
579
449
580
450
581
451
582
452
583
453
584
454
585
455
586
456
587
457
588
458
589
459
590
460
591
461
592
462
593
463
594
464
595
465
596
466
597
467
598
468
599
469
600
470
601
471
602
472
603
473
604
474
605
475
606
476
607
477
608
478
609
479
610
480
611
481
612
482
613
483
614
484
615
485
616
486
617
487
618
488
619
489
620
490
621
491
622
492
623
493
624
494
625
495
626
496
627
497
628
498
629
499
630
500
631
501
632
502
633
503
634
504
635
505
636
506
637
507
638
508
639
509
640
510
641
511
642
512
643
513
644
514
645
515
646
516
647
517
648
518
649
519
650
520
651
521
652
522
653
523
654
524
655
525
656
526
657
527
658
528
659
529
660
530
661
531
662
532
663
533
664
534
665
535
666
536
667
537
668
538
669
539
670
540
671
541
672
542
673
543
674
544
675
545
676
546
677
547
678
548
679
549
680
550
681
551
682
552
683
553
684
554
685
555
686
556
687
557
688
558
689
559
690
560
691
561
692
562
693
563
694
564
695
565
696
566
697
567
698
568
699
569
700
570
701
571
702
572
703
573
704
574
705
575
706
707
577
708
578
709
579
710
580
711
581
712
582
713
583
714
584
715
585
716
586
717
587
718
588
719
589
720
590
721
591
722
592
723
593
724
594
725
595
726
596
727
597
728
598
729
599
730
600
731
601
732
602
733
603
734
604
735
605
736
606
737
607
738
608
739
609
740
610
741
611
742
612
743
613
744
614
745
615
746
616
747
617
748
618
749
619
750
620
751
621
752
622
753
623
754
624
755
625
756
626
757
627
758
628
759
629
760
630
761
631
762
632
763
633
764
634
765
635
766
636
767
637
768
638
769
639
770
640
771
641
772
642
773
643
774
644
775
645
776
646
777
647
778
648
779
649
780
650
781
651
782
652
783
653
784
654
785
655
786
656
787
657
788
658
789
659
790
660
791
661
792
662
793
663
794
664
795
665
796
666
797
667
798
668
799
669
800
670
801
671
802
672
803
673
804
674
805
675
806
676
807
677
808
678
809
679
810
680
811
681
812
682
813
683
814
684
815
685
816
686
817
687
818
688
819
689
820
690
821
691
822
692
823
693
824
694
825
695
826
696
827
697
828
698
829
699
830
700
831
701
832
702
833
703
834
704
835
705
836
706
837
707
838
839
709
840
710
841
711
842
712
843
713
844
714
845
715
846
716
847
717
848
718
849
719
850
720
851
721
852
722
853
723
854
724
855
725
856
726
857
727
858
728
859
729
860
730
861
731
862
732
863
733
864
734
865
735
866
736
867
737
868
738
869
739
870
740
871
741
872
742
873
743
874
744
875
745
876
746
877
747
878
748
879
749
880
750
881
751
882
752
883
753
884
754
885
755
886
756
887
757
888
758
889
759
890
760
891
761
892
762
893
763
894
764
895
765
896
766
897
767
898
768
899
769
900
770
901
771
902
772
903
773
904
774
905
775
906
776
907
777
908
778
909
779
910
780
911
781
912
782
913
783
914
784
915
785
916
786
917
787
918
788
919
789
920
790
921
791
922
792
923
793
924
794
925
795
926
796
927
797
928
798
929
799
930
800
931
801
932
802
933
803
934
804
935
805
936
806
937
807
938
808
939
809
940
810
941
811
942
812
943
813
944
814
945
815
946
816
947
817
948
818
949
819
950
820
951
821
952
822
953
823
954
824
955
825
956
826
957
827
958
828
959
829
960
830
961
831
962
832
963
833
964
834
965
835
966
836
967
837
968
838
969
839
970
971
841
972
842
973
843
974
844
975
845
976
846
977
847
978
848
979
849
980
850
981
851
982
852
983
853
984
854
985
855
986
856
987
857
988
858
989
859
990
860
991
861
992
862
993
863
994
864
995
865
996
866
997
867
998
868
999
869
1000
870
1001
871
1002
872
1003
873
1004
874
1005
875
1006
876
1007
877
1008
878
1009
879
1010
880
1011
881
1012
882
1013
883
1014
884
1015
885
1016
886
1017
887
1018
888
1019
889
1020
890
1021
891
1022
892
1023
893
1024
894
1025
895
1026
896
1027
897
1028
898
1029
899
1030
900
1031
901
1032
902
1033
903
1034
904
1035
905
1036
906
1037
907
1038
908
1039
909
1040
910
1041
911
1042
912
1043
913
1044
914
1045
915
1046
916
1047
917
1048
918
1049
919
1050
920
1051
921
1052
922
1053
923
1054
924
1055
925
1056
926
1057
927
1058
928
1059
929
1060
930
1061
931
1062
932
1063
933
1064
934
1065
935
1066
936
1067
937
1068
938
1069
939
1070
940
1071
941
1072
942
1073
943
1074
944
1075
945
1076
946
1077
947
1078
948
1079
949
1080
950
1081
951
1082
952
1083
953
1084
954
1085
955
1086
956
1087
957
1088
958
1089
959
1090
960
1091
961
1092
962
1093
963
1094
964
1095
965
1096
966
1097
967
1098
968
1099
969
1100
970
1101
971
1102
1103
973
1104
974
1105
975
1106
976
1107
977
1108
978
1109
979
1110
980
1111
981
1112
982
1113
983
1114
984
1115
985
1116
986
1117
987
1118
988
1119
989
1120
990
1121
991
1122
992
1123
993
1124
994
1125
995
1126
996
1127
997
1128
998
1129
999
1130
1000
1131
1001
1132
1002
1133
1003
1134
1004
1135
1005
1136
1006
1137
1007
1138
1008
1139
1009
1140
1010
1141
1011
1142
1012
1143
1013
1144
1014
1145
1015
1146
1016
1147
1017
1148
1018
1149
1019
1150
1020
1151
1021
1152
1022
1153
1023
1154
1024
1155
1025
1156
1026
1157
1027
1158
1028
1159
1029
1160
1030
1161
1031
1162
1032
1163
1033
1164
1034
1165
1035
1166
1036
1167
1037
1168
1038
1169
1039
1170
1040
1171
1041
1172
1042
1173
1043
1174
1044
1175
1045
1176
1046
1177
1047
1178
1048
1179
1049
1180
1050
1181
1051
1182
1052
1183
1053
1184
1054
1185
1055
1186
1056
1187
1057
1188
1058
1189
1059
1190
1060
1191
1061
1192
1062
1193
1063
1194
1064
1195
1065
1196
1066
1197
1067
1198
1068
1199
1069
1200
1070
1201
1071
1202
1072
1203
1073
1204
1074
1205
1075
1206
1076
1207
1077
1208
1078
1209
1079
1210
1080
1211
1081
1212
1082
1213
1083
1214
1084
1215
1085
1216
1086
1217
1087
1218
1088
1219
1089
1220
1090
1221
1091
1222
1092
1223
1093
1224
1094
1225
1095
1226
1096
1227
1097
1228
1098
1229
1099
1230
1100
1231
1101
1232
1102
1233
1103
1234
1235
1105
1236
1106
1237
1107
1238
1108
1239
1109
1240
1110
1241
1111
1242
1112
1243
1113
1244
1114
1245
1115
1246
1116
1247
1117
1248
1118
1249
1119
1250
1120
1251
1121
1252
1122
1253
1123
1254
1124
1255
1125
1256
1126
1257
1127
1258
1128
1259
1129
1260
1130
1261
1131
1262
1132
1263
1133
1264
1134
1265
1135
1266
1136
1267
1137
1268
1138
1269
1139
1270
1140
1271
1141
1272
1142
1273
1143
1274
1144
1275
1145
1276
1146
1277
1147
1278
1148
1279
1149
1280
1150
1281
1151
1282
1152
1283
1153
1284
1154
1285
1155
1286
1156
1287
1157
1288
1158
1289
1159
1290
1160
1291
1161
1292
1162
1293
1163
1294
1164
1295
1165
1296
1166
1297
1167
1298
1168
1299
1169
1300
1170
1301
1171
1302
1172
1303
1173
1304
1174
1305
1175
1306
1176
1307
1177
1308
1178
1309
1179
1310
1180
1311
1181
1312
1182
1313
1183
1314
1184
1315
1185
1316
1186
1317
1187
1318
1188
1319
1189
1320
1190
1321
1191
1322
1192
1323
1193
1324
1194
1325
1195
1326
1196
1327
1197
1328
1198
1329
1199
1330
1200
1331
1201
1332
1202
1333
1203
1334
1204
1335
1205
1336
1206
1337
1207
1338
1208
1339
1209
1340
1210
1341
1211
1342
1212
1343
1213
1344
1214
1345
1215
1346
1216
1347
1217
1348
1218
1349
1219
1350
1220
1351
1221
1352
1222
1353
1223
1354
1224
1355
1225
1356
1226
1357
1227
1358
1228
1359
1229
1360
1230
1361
1231
1362
1232
1363
1233
1364
1234
1365
1235
1366
1367
1237
1368
1238
1369
1239
1370
1240
1371
1241
1372
1242
1373
1243
1374
1244
1375
1245
1376
1246
1377
1247
1378
1248
1379
1249
1380
1250
1381
1251
1382
1252
1383
1253
1384
1254
1385
1255
1386
1256
1387
1257
1388
1258
1389
1259
1390
1260
1391
1261
1392
1262
1393
1263
1394
1264
1395
1265
1396
1266
1397
1267
1398
1268
1399
1269
1400
1270
1401
1271
1402
1272
1403
1273
1404
1274
1405
1275
1406
1276
1407
1277
1408
1278
1409
1279
1410
1280
1411
1281
1412
1282
1413
1283
1414
1284
1415
1285
1416
1286
1417
1287
1418
1288
1419
1289
1420
1290
1421
1291
1422
1292
1423
1293
1424
1294
1425
1295
1426
1296
1427
1297
1428
1298
1429
1299
1430
1300
1431
1301
1432
1302
1433
1303
1434
1304
1435
1305
1436
1306
1437
1307
1438
1308
1439
1309
1440
1310
1441
1311
1442
1312
1443
1313
1444
1314
1445
1315
1446
1316
1447
1317
1448
1318
1449
1319
1450
1320
1451
1321
1452
1322
1453
1323
1454
1324
1455
1325
1456
1326
1457
1327
1458
1328
1459
1329
1460
1330
1461
1331
1462
1332
1463
1333
1464
1334
1465
1335
1466
1336
1467
1337
1468
1338
1469
1339
1470
1340
1471
1341
1472
1342
1473
1343
1474
1344
1475
1345
1476
1346
1477
1347
1478
1348
1479
1349
1480
1350
1481
1351
1482
1352
1483
1353
1484
1354
1485
1355
1486
1356
1487
1357
1488
1358
1489
1359
1490
1360
1491
1361
1492
1362
1493
1363
1494
1364
1495
1365
1496
1366
1497
1367
1498
1499
1369
1500
9428
1370
1501
1371
1502
1372
1503
1373
1504
1374
1505
1375
1506
1376
1507
1377
1508
1378
1509
1379
1510
1380
1511
1381
1512
1382
1513
1383
1514
1384
1515
1385
1516
1386
1517
1387
1518
1388
1519
1389
1520
1390
1521
1391
1522
1392
1523
1393
1524
1394
1525
1395
1526
1396
1527
1397
1528
1398
1529
1399
1530
1400
1531
1401
1532
1402
1533
1403
1534
1404
1535
1405
1536
1406
1537
1407
1538
1408
1539
1409
1540
1410
1541
1411
1542
1412
1543
1413
1544
1414
1545
1415
1546
1416
1547
1417
1548
1418
1549
1419
1550
1420
1551
1421
1552
1422
1553
1423
1554
1424
1555
1425
1556
1426
1557
1427
1558
1428
1559
1429
1560
1430
1561
1431
1562
1432
1563
1433
1564
1434
1565
1435
1566
1436
1567
1437
1568
1438
1569
1439
1570
1440
1571
1441
1572
1442
1573
1443
1574
1444
1575
1445
1576
1446
1577
1447
1578
1448
1579
1449
1580
1450
1581
1451
1582
1452
1583
1453
1584
1454
1585
1455
1586
1456
1587
1457
1588
1458
1589
1459
1590
1460
1591
1461
1592
1462
1593
1463
1594
1464
1595
1465
1596
1466
1597
1467
1598
1468
1599
1469
1600
1470
1601
1471
1602
1472
1603
1473
1604
1474
1605
1475
1606
1476
1607
1477
1608
1478
1609
1479
1610
1480
1611
1481
1612
1482
1613
1483
1614
1484
1615
1485
1616
1486
1617
1487
1618
1488
1619
1489
1620
1490
1621
1491
1622
1492
1623
1493
1624
1494
1625
1495
1626
1496
1627
1497
1628
1498
1629
1499
1630
1631
1501
1632
9437
1502
1633
1503
1634
1504
1635
1505
1636
1506
1637
1507
1638
1508
1639
1509
1640
1510
1641
1511
1642
1512
1643
1513
1644
1514
1645
1515
1646
1516
1647
1517
1648
1518
1649
1519
1650
1520
1651
1521
1652
1522
1653
1523
1654
1524
1655
1525
1656
1526
1657
1527
1658
1528
1659
1529
1660
1530
1661
1531
1662
1532
1663
1533
1664
1534
1665
1535
1666
1536
1667
1537
1668
1538
1669
1539
1670
1540
1671
1541
1672
1542
1673
1543
1674
1544
1675
1545
1676
1546
1677
1547
1678
1548
1679
1549
1680
1550
1681
1551
1682
1552
1683
1553
1684
1554
1685
1555
1686
1556
1687
1557
1688
1558
1689
1559
1690
1560
1691
1561
1692
1562
1693
1563
1694
1564
1695
1565
1696
1566
1697
1567
1698
1568
1699
1569
1700
1570
1701
1571
1702
1572
1703
1573
1704
1574
1705
1575
1706
1576
1707
1577
1708
1578
1709
1579
1710
1580
1711
1581
1712
1582
1713
1583
1714
1584
1715
1585
1716
1586
1717
1587
1718
1588
1719
1589
1720
1590
1721
1591
1722
1592
1723
1593
1724
1594
1725
1595
1726
1596
1727
1597
1728
1598
1729
1599
1730
1600
1731
1601
1732
1602
1733
1603
1734
1604
1735
1605
1736
1606
1737
1607
1738
1608
1739
1609
1740
1610
1741
1611
1742
1612
1743
1613
1744
1614
1745
1615
1746
1616
1747
1617
1748
1618
1749
1619
1750
1620
1751
1621
1752
1622
1753
1623
1754
1624
1755
1625
1756
1626
1757
1627
1758
1628
1759
1629
1760
1630
1761
1631
1762
1763
1633
1764
9446
1634
1765
1635
1766
1636
1767
1637
1768
1638
1769
1639
1770
1640
1771
1641
1772
1642
1773
1643
1774
1644
1775
1645
1776
1646
1777
1647
1778
1648
1779
1649
1780
1650
1781
1651
1782
1652
1783
1653
1784
1654
1785
1655
1786
1656
1787
1657
1788
1658
1789
1659
1790
1660
1791
1661
1792
1662
1793
1663
1794
1664
1795
1665
1796
1666
1797
1667
1798
1668
1799
1669
1800
1670
1801
1671
1802
1672
1803
1673
1804
1674
1805
1675
1806
1676
1807
1677
1808
1678
1809
1679
1810
1680
1811
1681
1812
1682
1813
1683
1814
1684
1815
1685
1816
1686
1817
1687
1818
1688
1819
1689
1820
1690
1821
1691
1822
1692
1823
1693
1824
1694
1825
1695
1826
1696
1827
1697
1828
1698
1829
1699
1830
1700
1831
1701
1832
1702
1833
1703
1834
1704
1835
1705
1836
1706
1837
1707
1838
1708
1839
1709
1840
1710
1841
1711
1842
1712
1843
1713
1844
1714
1845
1715
1846
1716
1847
1717
1848
1718
1849
1719
1850
1720
1851
1721
1852
1722
1853
1723
1854
1724
1855
1725
1856
1726
1857
1727
1858
1728
1859
1729
1860
1730
1861
1731
1862
1732
1863
1733
1864
1734
1865
1735
1866
1736
1867
1737
1868
1738
1869
1739
1870
1740
1871
1741
1872
1742
1873
1743
1874
1744
1875
1745
1876
1746
1877
1747
1878
1748
1879
1749
1880
1750
1881
1751
1882
1752
1883
1753
1884
1754
1885
1755
1886
1756
1887
1757
1888
1758
1889
1759
1890
1760
1891
1761
1892
1762
1893
1763
1894
1895
1765
1896
9455
1766
1897
1767
1898
1768
1899
1769
1900
1770
1901
1771
1902
1772
1903
1773
1904
1774
1905
1775
1906
1776
1907
1777
1908
1778
1909
1779
1910
1780
1911
1781
1912
1782
1913
1783
1914
1784
1915
1785
1916
1786
1917
1787
1918
1788
1919
1789
1920
1790
1921
1791
1922
1792
1923
1793
1924
1794
1925
1795
1926
1796
1927
1797
1928
1798
1929
1799
1930
1800
1931
1801
1932
1802
1933
1803
1934
1804
1935
1805
1936
1806
1937
1807
1938
1808
1939
1809
1940
1810
1941
1811
1942
1812
1943
1813
1944
1814
1945
1815
1946
1816
1947
1817
1948
1818
1949
1819
1950
1820
1951
1821
1952
1822
1953
1823
1954
1824
1955
1825
1956
1826
1957
1827
1958
1828
1959
1829
1960
1830
1961
1831
1962
1832
1963
1833
1964
1834
1965
1835
1966
1836
1967
1837
1968
1838
1969
1839
1970
1840
1971
1841
1972
1842
1973
1843
1974
1844
1975
1845
1976
1846
1977
1847
1978
1848
1979
1849
1980
1850
1981
1851
1982
1852
1983
1853
1984
1854
1985
1855
1986
1856
1987
1857
1988
1858
1989
1859
1990
1860
1991
1861
1992
1862
1993
1863
1994
1864
1995
1865
1996
1866
1997
1867
1998
1868
1999
1869
2000
1870
2001
1871
2002
1872
2003
1873
2004
1874
2005
1875
2006
1876
2007
1877
2008
1878
2009
1879
2010
1880
2011
1881
2012
1882
2013
1883
2014
1884
2015
1885
2016
1886
2017
1887
2018
1888
2019
1889
2020
1890
2021
1891
2022
1892
2023
1893
2024
1894
2025
1895
2026
2027
1897
2028
9464
1898
2029
1899
2030
1900
2031
1901
2032
1902
2033
1903
2034
1904
2035
1905
2036
1906
2037
1907
2038
1908
2039
1909
2040
1910
2041
1911
2042
1912
2043
1913
2044
1914
2045
1915
2046
1916
2047
1917
2048
1918
2049
1919
2050
1920
2051
1921
2052
1922
2053
1923
2054
1924
2055
1925
2056
1926
2057
1927
2058
1928
2059
1929
2060
1930
2061
1931
2062
1932
2063
1933
2064
1934
2065
1935
2066
1936
2067
1937
2068
1938
2069
1939
2070
1940
2071
1941
2072
1942
2073
1943
2074
1944
2075
1945
2076
1946
2077
1947
2078
1948
2079
1949
2080
1950
2081
1951
2082
1952
2083
1953
2084
1954
2085
1955
2086
1956
2087
1957
2088
1958
2089
1959
2090
1960
2091
1961
2092
1962
2093
1963
2094
1964
2095
1965
2096
1966
2097
1967
2098
1968
2099
1969
2100
1970
2101
1971
2102
1972
2103
1973
2104
1974
2105
1975
2106
1976
2107
1977
2108
1978
2109
1979
2110
1980
2111
1981
2112
1982
2113
1983
2114
1984
2115
1985
2116
1986
2117
1987
2118
1988
2119
1989
2120
1990
2121
1991
2122
1992
2123
1993
2124
1994
2125
1995
2126
1996
2127
1997
2128
1998
2129
1999
2130
2000
2131
2001
2132
2002
2133
2003
2134
2004
2135
2005
2136
2006
2137
2007
2138
2008
2139
2009
2140
2010
2141
2011
2142
2012
2143
2013
2144
2014
2145
2015
2146
2016
2147
2017
2148
2018
2149
2019
2150
2020
2151
2021
2152
2022
2153
2023
2154
2024
2155
2025
2156
2026
2157
2027
2158
2159
2029
2160
9473
2030
2161
2031
2162
2032
2163
2033
2164
2034
2165
2035
2166
2036
2167
2037
2168
2038
2169
2039
2170
2040
2171
2041
2172
2042
2173
2043
2174
2044
2175
2045
2176
2046
2177
2047
2178
2048
2179
2049
2180
2050
2181
2051
2182
2052
2183
2053
2184
2054
2185
2055
2186
2056
2187
2057
2188
2058
2189
2059
2190
2060
2191
2061
2192
2062
2193
2063
2194
2064
2195
2065
2196
2066
2197
2067
2198
2068
2199
2069
2200
2070
2201
2071
2202
2072
2203
2073
2204
2074
2205
2075
2206
2076
2207
2077
2208
2078
2209
2079
2210
2080
2211
2081
2212
2082
2213
2083
2214
2084
2215
2085
2216
2086
2217
2087
2218
2088
2219
2089
2220
2090
2221
2091
2222
2092
2223
2093
2224
2094
2225
2095
2226
2096
2227
2097
2228
2098
2229
2099
2230
2100
2231
2101
2232
2102
2233
2103
2234
2104
2235
2105
2236
2106
2237
2107
2238
2108
2239
2109
2240
2110
2241
2111
2242
2112
2243
2113
2244
2114
2245
2115
2246
2116
2247
2117
2248
2118
2249
2119
2250
2120
2251
2121
2252
2122
2253
2123
2254
2124
2255
2125
2256
2126
2257
2127
2258
2128
2259
2129
2260
2130
2261
2131
2262
2132
2263
2133
2264
2134
2265
2135
2266
2136
2267
2137
2268
2138
2269
2139
2270
2140
2271
2141
2272
2142
2273
2143
2274
2144
2275
2145
2276
2146
2277
2147
2278
2148
2279
2149
2280
2150
2281
2151
2282
2152
2283
2153
2284
2154
2285
2155
2286
2156
2287
2157
2288
2158
2289
2159
2290
2291
2161
2292
9482
2162
2293
2163
2294
2164
2295
2165
2296
2166
2297
2167
2298
2168
2299
2169
2300
2170
2301
2171
2302
2172
2303
2173
2304
2174
2305
2175
2306
2176
2307
2177
2308
2178
2309
2179
2310
2180
2311
2181
2312
2182
2313
2183
2314
2184
2315
2185
2316
2186
2317
2187
2318
2188
2319
2189
2320
2190
2321
2191
2322
2192
2323
2193
2324
2194
2325
2195
2326
2196
2327
2197
2328
2198
2329
2199
2330
2200
2331
2201
2332
2202
2333
2203
2334
2204
2335
2205
2336
2206
2337
2207
2338
2208
2339
2209
2340
2210
2341
2211
2342
2212
2343
2213
2344
2214
2345
2215
2346
2216
2347
2217
2348
2218
2349
2219
2350
2220
2351
2221
2352
2222
2353
2223
2354
2224
2355
2225
2356
2226
2357
2227
2358
2228
2359
2229
2360
2230
2361
2231
2362
2232
2363
2233
2364
2234
2365
2235
2366
2236
2367
2237
2368
2238
2369
2239
2370
2240
2371
2241
2372
2242
2373
2243
2374
2244
2375
2245
2376
2246
2377
2247
2378
2248
2379
2249
2380
2250
2381
2251
2382
2252
2383
2253
2384
2254
2385
2255
2386
2256
2387
2257
2388
2258
2389
2259
2390
2260
2391
2261
2392
2262
2393
2263
2394
2264
2395
2265
2396
2266
2397
2267
2398
2268
2399
2269
2400
2270
2401
2271
2402
2272
2403
2273
2404
2274
2405
2275
2406
2276
2407
2277
2408
2278
2409
2279
2410
2280
2411
2281
2412
2282
2413
2283
2414
2284
2415
2285
2416
2286
2417
2287
2418
2288
2419
2289
2420
2290
2421
2291
2422
2423
2293
2424
9491
2294
2425
2295
2426
2296
2427
2297
2428
2298
2429
2299
2430
2300
2431
2301
2432
2302
2433
2303
2434
2304
2435
2305
2436
2306
2437
2307
2438
2308
2439
2309
2440
2310
2441
2311
2442
2312
2443
2313
2444
2314
2445
2315
2446
2316
2447
2317
2448
2318
2449
2319
2450
2320
2451
2321
2452
2322
2453
2323
2454
2324
2455
2325
2456
2326
2457
2327
2458
2328
2459
2329
2460
2330
2461
2331
2462
2332
2463
2333
2464
2334
2465
2335
2466
2336
2467
2337
2468
2338
2469
2339
2470
2340
2471
2341
2472
2342
2473
2343
2474
2344
2475
2345
2476
2346
2477
2347
2478
2348
2479
2349
2480
2350
2481
2351
2482
2352
2483
2353
2484
2354
2485
2355
2486
2356
2487
2357
2488
2358
2489
2359
2490
2360
2491
2361
2492
2362
2493
2363
2494
2364
2495
2365
2496
2366
2497
2367
2498
2368
2499
2369
2500
2370
2501
2371
2502
2372
2503
2373
2504
2374
2505
2375
2506
2376
2507
2377
2508
2378
2509
2379
2510
2380
2511
2381
2512
2382
2513
2383
2514
2384
2515
2385
2516
2386
2517
2387
2518
2388
2519
2389
2520
2390
2521
2391
2522
2392
2523
2393
2524
2394
2525
2395
2526
2396
2527
2397
2528
2398
2529
2399
2530
2400
2531
2401
2532
2402
2533
2403
2534
2404
2535
2405
2536
2406
2537
2407
2538
2408
2539
2409
2540
2410
2541
2411
2542
2412
2543
2413
2544
2414
2545
2415
2546
2416
2547
2417
2548
2418
2549
2419
2550
2420
2551
2421
2552
2422
2553
2423
2554
2555
2425
2556
9500
2426
2557
2427
2558
2428
2559
2429
2560
2430
2561
2431
2562
2432
2563
2433
2564
2434
2565
2435
2566
2436
2567
2437
2568
2438
2569
2439
2570
2440
2571
2441
2572
2442
2573
2443
2574
2444
2575
2445
2576
2446
2577
2447
2578
2448
2579
2449
2580
2450
2581
2451
2582
2452
2583
2453
2584
2454
2585
2455
2586
2456
2587
2457
2588
2458
2589
2459
2590
2460
2591
2461
2592
2462
2593
2463
2594
2464
2595
2465
2596
2466
2597
2467
2598
2468
2599
2469
2600
2470
2601
2471
2602
2472
2603
2473
2604
2474
2605
2475
2606
2476
2607
2477
2608
2478
2609
2479
2610
2480
2611
2481
2612
2482
2613
2483
2614
2484
2615
2485
2616
2486
2617
2487
2618
2488
2619
2489
2620
2490
2621
2491
2622
2492
2623
2493
2624
2494
2625
2495
2626
2496
2627
2497
2628
2498
2629
2499
2630
2500
2631
2501
2632
2502
2633
2503
2634
2504
2635
2505
2636
2506
2637
2507
2638
2508
2639
2509
2640
2510
2641
2511
2642
2512
2643
2513
2644
2514
2645
2515
2646
2516
2647
2517
2648
2518
2649
2519
2650
2520
2651
2521
2652
2522
2653
2523
2654
2524
2655
2525
2656
2526
2657
2527
2658
2528
2659
2529
2660
2530
2661
2531
2662
2532
2663
2533
2664
2534
2665
2535
2666
2536
2667
2537
2668
2538
2669
2539
2670
2540
2671
2541
2672
2542
2673
2543
2674
2544
2675
2545
2676
2546
2677
2547
2678
2548
2679
2549
2680
2550
2681
2551
2682
2552
2683
2553
2684
2554
2685
2555
2686
2687
2557
2688
9509
2558
2689
2559
2690
2560
2691
2561
2692
2562
2693
2563
2694
2564
2695
2565
2696
2566
2697
2567
2698
2568
2699
2569
2700
2570
2701
2571
2702
2572
2703
2573
2704
2574
2705
2575
2706
2576
2707
2577
2708
2578
2709
2579
2710
2580
2711
2581
2712
2582
2713
2583
2714
2584
2715
2585
2716
2586
2717
2587
2718
2588
2719
2589
2720
2590
2721
2591
2722
2592
2723
2593
2724
2594
2725
2595
2726
2596
2727
2597
2728
2598
2729
2599
2730
2600
2731
2601
2732
2602
2733
2603
2734
2604
2735
2605
2736
2606
2737
2607
2738
2608
2739
2609
2740
2610
2741
2611
2742
2612
2743
2613
2744
2614
2745
2615
2746
2616
2747
2617
2748
2618
2749
2619
2750
2620
2751
2621
2752
2622
2753
2623
2754
2624
2755
2625
2756
2626
2757
2627
2758
2628
2759
2629
2760
2630
2761
2631
2762
2632
2763
2633
2764
2634
2765
2635
2766
2636
2767
2637
2768
2638
2769
2639
2770
2640
2771
2641
2772
2642
2773
2643
2774
2644
2775
2645
2776
2646
2777
2647
2778
2648
2779
2649
2780
2650
2781
2651
2782
2652
2783
2653
2784
2654
2785
2655
2786
2656
2787
2657
2788
2658
2789
2659
2790
2660
2791
2661
2792
2662
2793
2663
2794
2664
2795
2665
2796
2666
2797
2667
2798
2668
2799
2669
2800
2670
2801
2671
2802
2672
2803
2673
2804
2674
2805
2675
2806
2676
2807
2677
2808
2678
2809
2679
2810
2680
2811
2681
2812
2682
2813
2683
2814
2684
2815
2685
2816
2686
2817
2687
2818
2819
2689
2820
9518
2690
2821
2691
2822
2692
2823
2693
2824
2694
2825
2695
2826
2696
2827
2697
2828
2698
2829
2699
2830
2700
2831
2701
2832
2702
2833
2703
2834
2704
2835
2705
2836
2706
2837
2707
2838
2708
2839
2709
2840
2710
2841
2711
2842
2712
2843
2713
2844
2714
2845
2715
2846
2716
2847
2717
2848
2718
2849
2719
2850
2720
2851
2721
2852
2722
2853
2723
2854
2724
2855
2725
2856
2726
2857
2727
2858
2728
2859
2729
2860
2730
2861
2731
2862
2732
2863
2733
2864
2734
2865
2735
2866
2736
2867
2737
2868
2738
2869
2739
2870
2740
2871
2741
2872
2742
2873
2743
2874
2744
2875
2745
2876
2746
2877
2747
2878
2748
2879
2749
2880
2750
2881
2751
2882
2752
2883
2753
2884
2754
2885
2755
2886
2756
2887
2757
2888
2758
2889
2759
2890
2760
2891
2761
2892
2762
2893
2763
2894
2764
2895
2765
2896
2766
2897
2767
2898
2768
2899
2769
2900
2770
2901
2771
2902
2772
2903
2773
2904
2774
2905
2775
2906
2776
2907
2777
2908
2778
2909
2779
2910
2780
2911
2781
2912
2782
2913
2783
2914
2784
2915
2785
2916
2786
2917
2787
2918
2788
2919
2789
2920
2790
2921
2791
2922
2792
2923
2793
2924
2794
2925
2795
2926
2796
2927
2797
2928
2798
2929
2799
2930
2800
2931
2801
2932
2802
2933
2803
2934
2804
2935
2805
2936
2806
2937
2807
2938
2808
2939
2809
2940
2810
2941
2811
2942
2812
2943
2813
2944
2814
2945
2815
2946
2816
2947
2817
2948
2818
2949
2819
2950
2951
2821
2952
9527
2822
2953
2823
2954
2824
2955
2825
2956
2826
2957
2827
2958
2828
2959
2829
2960
2830
2961
2831
2962
2832
2963
2833
2964
2834
2965
2835
2966
2836
2967
2837
2968
2838
2969
2839
2970
2840
2971
2841
2972
2842
2973
2843
2974
2844
2975
2845
2976
2846
2977
2847
2978
2848
2979
2849
2980
2850
2981
2851
2982
2852
2983
2853
2984
2854
2985
2855
2986
2856
2987
2857
2988
2858
2989
2859
2990
2860
2991
2861
2992
2862
2993
2863
2994
2864
2995
2865
2996
2866
2997
2867
2998
2868
2999
2869
3000
2870
3001
2871
3002
2872
3003
2873
3004
2874
3005
2875
3006
2876
3007
2877
3008
2878
3009
2879
3010
2880
3011
2881
3012
2882
3013
2883
3014
2884
3015
2885
3016
2886
3017
2887
3018
2888
3019
2889
3020
2890
3021
2891
3022
2892
3023
2893
3024
2894
3025
2895
3026
2896
3027
2897
3028
2898
3029
2899
3030
2900
3031
2901
3032
2902
3033
2903
3034
2904
3035
2905
3036
2906
3037
2907
3038
2908
3039
2909
3040
2910
3041
2911
3042
2912
3043
2913
3044
2914
3045
2915
3046
2916
3047
2917
3048
2918
3049
2919
3050
2920
3051
2921
3052
2922
3053
2923
3054
2924
3055
2925
3056
2926
3057
2927
3058
2928
3059
2929
3060
2930
3061
2931
3062
2932
3063
2933
3064
2934
3065
2935
3066
2936
3067
2937
3068
2938
3069
2939
3070
2940
3071
2941
3072
2942
3073
2943
3074
2944
3075
2945
3076
2946
3077
2947
3078
2948
3079
2949
3080
2950
3081
2951
3082
3083
2953
3084
9536
2954
3085
2955
3086
2956
3087
2957
3088
2958
3089
2959
3090
2960
3091
2961
3092
2962
3093
2963
3094
2964
3095
2965
3096
2966
3097
2967
3098
2968
3099
2969
3100
2970
3101
2971
3102
2972
3103
2973
3104
2974
3105
2975
3106
2976
3107
2977
3108
2978
3109
2979
3110
2980
3111
2981
3112
2982
3113
2983
3114
2984
3115
2985
3116
2986
3117
2987
3118
2988
3119
2989
3120
2990
3121
2991
3122
2992
3123
2993
3124
2994
3125
2995
3126
2996
3127
2997
3128
2998
3129
2999
3130
3000
3131
3001
3132
3002
3133
3003
3134
3004
3135
3005
3136
3006
3137
3007
3138
3008
3139
3009
3140
3010
3141
3011
3142
3012
3143
3013
3144
3014
3145
3015
3146
3016
3147
3017
3148
3018
3149
3019
3150
3020
3151
3021
3152
3022
3153
3023
3154
3024
3155
3025
3156
3026
3157
3027
3158
3028
3159
3029
3160
3030
3161
3031
3162
3032
3163
3033
3164
3034
3165
3035
3166
3036
3167
3037
3168
3038
3169
3039
3170
3040
3171
3041
3172
3042
3173
3043
3174
3044
3175
3045
3176
3046
3177
3047
3178
3048
3179
3049
3180
3050
3181
3051
3182
3052
3183
3053
3184
3054
3185
3055
3186
3056
3187
3057
3188
3058
3189
3059
3190
3060
3191
3061
3192
3062
3193
3063
3194
3064
3195
3065
3196
3066
3197
3067
3198
3068
3199
3069
3200
3070
3201
3071
3202
3072
3203
3073
3204
3074
3205
3075
3206
3076
3207
3077
3208
3078
3209
3079
3210
3080
3211
3081
3212
3082
3213
3083
3214
3215
3085
3216
9545
3086
3217
3087
3218
3088
3219
3089
3220
3090
3221
3091
3222
3092
3223
3093
3224
3094
3225
3095
3226
3096
3227
3097
3228
3098
3229
3099
3230
3100
3231
3101
3232
3102
3233
3103
3234
3104
3235
3105
3236
3106
3237
3107
3238
3108
3239
3109
3240
3110
3241
3111
3242
3112
3243
3113
3244
3114
3245
3115
3246
3116
3247
3117
3248
3118
3249
3119
3250
3120
3251
3121
3252
3122
3253
3123
3254
3124
3255
3125
3256
3126
3257
3127
3258
3128
3259
3129
3260
3130
3261
3131
3262
3132
3263
3133
3264
3134
3265
3135
3266
3136
3267
3137
3268
3138
3269
3139
3270
3140
3271
3141
3272
3142
3273
3143
3274
3144
3275
3145
3276
3146
3277
3147
3278
3148
3279
3149
3280
3150
3281
3151
3282
3152
3283
3153
3284
3154
3285
3155
3286
3156
3287
3157
3288
3158
3289
3159
3290
3160
3291
3161
3292
3162
3293
3163
3294
3164
3295
3165
3296
3166
3297
3167
3298
3168
3299
3169
3300
3170
3301
3171
3302
3172
3303
3173
3304
3174
3305
3175
3306
3176
3307
3177
3308
3178
3309
3179
3310
3180
3311
3181
3312
3182
3313
3183
3314
3184
3315
3185
3316
3186
3317
3187
3318
3188
3319
3189
3320
3190
3321
3191
3322
3192
3323
3193
3324
3194
3325
3195
3326
3196
3327
3197
3328
3198
3329
3199
3330
3200
3331
3201
3332
3202
3333
3203
3334
3204
3335
3205
3336
3206
3337
3207
3338
3208
3339
3209
3340
3210
3341
3211
3342
3212
3343
3213
3344
3214
3345
3215
3346
3347
3217
3348
9554
3218
3349
3219
3350
3220
3351
3221
3352
3222
3353
3223
3354
3224
3355
3225
3356
3226
3357
3227
3358
3228
3359
3229
3360
3230
3361
3231
3362
3232
3363
3233
3364
3234
3365
3235
3366
3236
3367
3237
3368
3238
3369
3239
3370
3240
3371
3241
3372
3242
3373
3243
3374
3244
3375
3245
3376
3246
3377
3247
3378
3248
3379
3249
3380
3250
3381
3251
3382
3252
3383
3253
3384
3254
3385
3255
3386
3256
3387
3257
3388
3258
3389
3259
3390
3260
3391
3261
3392
3262
3393
3263
3394
3264
3395
3265
3396
3266
3397
3267
3398
3268
3399
3269
3400
3270
3401
3271
3402
3272
3403
3273
3404
3274
3405
3275
3406
3276
3407
3277
3408
3278
3409
3279
3410
3280
3411
3281
3412
3282
3413
3283
3414
3284
3415
3285
3416
3286
3417
3287
3418
3288
3419
3289
3420
3290
3421
3291
3422
3292
3423
3293
3424
3294
3425
3295
3426
3296
3427
3297
3428
3298
3429
3299
3430
3300
3431
3301
3432
3302
3433
3303
3434
3304
3435
3305
3436
3306
3437
3307
3438
3308
3439
3309
3440
3310
3441
3311
3442
3312
3443
3313
3444
3314
3445
3315
3446
3316
3447
3317
3448
3318
3449
3319
3450
3320
3451
3321
3452
3322
3453
3323
3454
3324
3455
3325
3456
3326
3457
3327
3458
3328
3459
3329
3460
3330
3461
3331
3462
3332
3463
3333
3464
3334
3465
3335
3466
3336
3467
3337
3468
3338
3469
3339
3470
3340
3471
3341
3472
3342
3473
3343
3474
3344
3475
3345
3476
3346
3477
3347
3478
3479
3349
3480
9563
3350
3481
3351
3482
3352
3483
3353
3484
3354
3485
3355
3486
3356
3487
3357
3488
3358
3489
3359
3490
3360
3491
3361
3492
3362
3493
3363
3494
3364
3495
3365
3496
3366
3497
3367
3498
3368
3499
3369
3500
3370
3501
3371
3502
3372
3503
3373
3504
3374
3505
3375
3506
3376
3507
3377
3508
3378
3509
3379
3510
3380
3511
3381
3512
3382
3513
3383
3514
3384
3515
3385
3516
3386
3517
3387
3518
3388
3519
3389
3520
3390
3521
3391
3522
3392
3523
3393
3524
3394
3525
3395
3526
3396
3527
3397
3528
3398
3529
3399
3530
3400
3531
3401
3532
3402
3533
3403
3534
3404
3535
3405
3536
3406
3537
3407
3538
3408
3539
3409
3540
3410
3541
3411
3542
3412
3543
3413
3544
3414
3545
3415
3546
3416
3547
3417
3548
3418
3549
3419
3550
3420
3551
3421
3552
3422
3553
3423
3554
3424
3555
3425
3556
3426
3557
3427
3558
3428
3559
3429
3560
3430
3561
3431
3562
3432
3563
3433
3564
3434
3565
3435
3566
3436
3567
3437
3568
3438
3569
3439
3570
3440
3571
3441
3572
3442
3573
3443
3574
3444
3575
3445
3576
3446
3577
3447
3578
3448
3579
3449
3580
3450
3581
3451
3582
3452
3583
3453
3584
3454
3585
3455
3586
3456
3587
3457
3588
3458
3589
3459
3590
3460
3591
3461
3592
3462
3593
3463
3594
3464
3595
3465
3596
3466
3597
3467
3598
3468
3599
3469
3600
3470
3601
3471
3602
3472
3603
3473
3604
3474
3605
3475
3606
3476
3607
3477
3608
3478
3609
3479
3610
3611
3481
3612
9572
3482
3613
3483
3614
3484
3615
3485
3616
3486
3617
3487
3618
3488
3619
3489
3620
3490
3621
3491
3622
3492
3623
3493
3624
3494
3625
3495
3626
3496
3627
3497
3628
3498
3629
3499
3630
3500
3631
3501
3632
3502
3633
3503
3634
3504
3635
3505
3636
3506
3637
3507
3638
3508
3639
3509
3640
3510
3641
3511
3642
3512
3643
3513
3644
3514
3645
3515
3646
3516
3647
3517
3648
3518
3649
3519
3650
3520
3651
3521
3652
3522
3653
3523
3654
3524
3655
3525
3656
3526
3657
3527
3658
3528
3659
3529
3660
3530
3661
3531
3662
3532
3663
3533
3664
3534
3665
3535
3666
3536
3667
3537
3668
3538
3669
3539
3670
3540
3671
3541
3672
3542
3673
3543
3674
3544
3675
3545
3676
3546
3677
3547
3678
3548
3679
3549
3680
3550
3681
3551
3682
3552
3683
3553
3684
3554
3685
3555
3686
3556
3687
3557
3688
3558
3689
3559
3690
3560
3691
3561
3692
3562
3693
3563
3694
3564
3695
3565
3696
3566
3697
3567
3698
3568
3699
3569
3700
3570
3701
3571
3702
3572
3703
3573
3704
3574
3705
3575
3706
3576
3707
3577
3708
3578
3709
3579
3710
3580
3711
3581
3712
3582
3713
3583
3714
3584
3715
3585
3716
3586
3717
3587
3718
3588
3719
3589
3720
3590
3721
3591
3722
3592
3723
3593
3724
3594
3725
3595
3726
3596
3727
3597
3728
3598
3729
3599
3730
3600
3731
3601
3732
3602
3733
3603
3734
3604
3735
3605
3736
3606
3737
3607
3738
3608
3739
3609
3740
3610
3741
3611
3742
3743
3613
3744
9581
3614
3745
3615
3746
3616
3747
3617
3748
3618
3749
3619
3750
3620
3751
3621
3752
3622
3753
3623
3754
3624
3755
3625
3756
3626
3757
3627
3758
3628
3759
3629
3760
3630
3761
3631
3762
3632
3763
3633
3764
3634
3765
3635
3766
3636
3767
3637
3768
3638
3769
3639
3770
3640
3771
3641
3772
3642
3773
3643
3774
3644
3775
3645
3776
3646
3777
3647
3778
3648
3779
3649
3780
3650
3781
3651
3782
3652
3783
3653
3784
3654
3785
3655
3786
3656
3787
3657
3788
3658
3789
3659
3790
3660
3791
3661
3792
3662
3793
3663
3794
3664
3795
3665
3796
3666
3797
3667
3798
3668
3799
3669
3800
3670
3801
3671
3802
3672
3803
3673
3804
3674
3805
3675
3806
3676
3807
3677
3808
3678
3809
3679
3810
3680
3811
3681
3812
3682
3813
3683
3814
3684
3815
3685
3816
3686
3817
3687
3818
3688
3819
3689
3820
3690
3821
3691
3822
3692
3823
3693
3824
3694
3825
3695
3826
3696
3827
3697
3828
3698
3829
3699
3830
3700
3831
3701
3832
3702
3833
3703
3834
3704
3835
3705
3836
3706
3837
3707
3838
3708
3839
3709
3840
3710
3841
3711
3842
3712
3843
3713
3844
3714
3845
3715
3846
3716
3847
3717
3848
3718
3849
3719
3850
3720
3851
3721
3852
3722
3853
3723
3854
3724
3855
3725
3856
3726
3857
3727
3858
3728
3859
3729
3860
3730
3861
3731
3862
3732
3863
3733
3864
3734
3865
3735
3866
3736
3867
3737
3868
3738
3869
3739
3870
3740
3871
3741
3872
3742
3873
3743
3874
3875
3745
3876
9590
3746
3877
3747
3878
3748
3879
3749
3880
3750
3881
3751
3882
3752
3883
3753
3884
3754
3885
3755
3886
3756
3887
3757
3888
3758
3889
3759
3890
3760
3891
3761
3892
3762
3893
3763
3894
3764
3895
3765
3896
3766
3897
3767
3898
3768
3899
3769
3900
3770
3901
3771
3902
3772
3903
3773
3904
3774
3905
3775
3906
3776
3907
3777
3908
3778
3909
3779
3910
3780
3911
3781
3912
3782
3913
3783
3914
3784
3915
3785
3916
3786
3917
3787
3918
3788
3919
3789
3920
3790
3921
3791
3922
3792
3923
3793
3924
3794
3925
3795
3926
3796
3927
3797
3928
3798
3929
3799
3930
3800
3931
3801
3932
3802
3933
3803
3934
3804
3935
3805
3936
3806
3937
3807
3938
3808
3939
3809
3940
3810
3941
3811
3942
3812
3943
3813
3944
3814
3945
3815
3946
3816
3947
3817
3948
3818
3949
3819
3950
3820
3951
3821
3952
3822
3953
3823
3954
3824
3955
3825
3956
3826
3957
3827
3958
3828
3959
3829
3960
3830
3961
3831
3962
3832
3963
3833
3964
3834
3965
3835
3966
3836
3967
3837
3968
3838
3969
3839
3970
3840
3971
3841
3972
3842
3973
3843
3974
3844
3975
3845
3976
3846
3977
3847
3978
3848
3979
3849
3980
3850
3981
3851
3982
3852
3983
3853
3984
3854
3985
3855
3986
3856
3987
3857
3988
3858
3989
3859
3990
3860
3991
3861
3992
3862
3993
3863
3994
3864
3995
3865
3996
3866
3997
3867
3998
3868
3999
3869
4000
3870
4001
3871
4002
3872
4003
3873
4004
3874
4005
3875
4006
4007
3877
4008
9599
3878
4009
3879
4010
3880
4011
3881
4012
3882
4013
3883
4014
3884
4015
3885
4016
3886
4017
3887
4018
3888
4019
3889
4020
3890
4021
3891
4022
3892
4023
3893
4024
3894
4025
3895
4026
3896
4027
3897
4028
3898
4029
3899
4030
3900
4031
3901
4032
3902
4033
3903
4034
3904
4035
3905
4036
3906
4037
3907
4038
3908
4039
3909
4040
3910
4041
3911
4042
3912
4043
3913
4044
3914
4045
3915
4046
3916
4047
3917
4048
3918
4049
3919
4050
3920
4051
3921
4052
3922
4053
3923
4054
3924
4055
3925
4056
3926
4057
3927
4058
3928
4059
3929
4060
3930
4061
3931
4062
3932
4063
3933
4064
3934
4065
3935
4066
3936
4067
3937
4068
3938
4069
3939
4070
3940
4071
3941
4072
3942
4073
3943
4074
3944
4075
3945
4076
3946
4077
3947
4078
3948
4079
3949
4080
3950
4081
3951
4082
3952
4083
3953
4084
3954
4085
3955
4086
3956
4087
3957
4088
3958
4089
3959
4090
3960
4091
3961
4092
3962
4093
3963
4094
3964
4095
3965
4096
3966
4097
3967
4098
3968
4099
3969
4100
3970
4101
3971
4102
3972
4103
3973
4104
3974
4105
3975
4106
3976
4107
3977
4108
3978
4109
3979
4110
3980
4111
3981
4112
3982
4113
3983
4114
3984
4115
3985
4116
3986
4117
3987
4118
3988
4119
3989
4120
3990
4121
3991
4122
3992
4123
3993
4124
3994
4125
3995
4126
3996
4127
3997
4128
3998
4129
3999
4130
4000
4131
4001
4132
4002
4133
4003
4134
4004
4135
4005
4136
4006
4137
4007
4138
4139
4009
4140
9608
4010
4141
4011
4142
4012
4143
4013
4144
4014
4145
4015
4146
4016
4147
4017
4148
4018
4149
4019
4150
4020
4151
4021
4152
4022
4153
4023
4154
4024
4155
4025
4156
4026
4157
4027
4158
4028
4159
4029
4160
4030
4161
4031
4162
4032
4163
4033
4164
4034
4165
4035
4166
4036
4167
4037
4168
4038
4169
4039
4170
4040
4171
4041
4172
4042
4173
4043
4174
4044
4175
4045
4176
4046
4177
4047
4178
4048
4179
4049
4180
4050
4181
4051
4182
4052
4183
4053
4184
4054
4185
4055
4186
4056
4187
4057
4188
4058
4189
4059
4190
4060
4191
4061
4192
4062
4193
4063
4194
4064
4195
4065
4196
4066
4197
4067
4198
4068
4199
4069
4200
4070
4201
4071
4202
4072
4203
4073
4204
4074
4205
4075
4206
4076
4207
4077
4208
4078
4209
4079
4210
4080
4211
4081
4212
4082
4213
4083
4214
4084
4215
4085
4216
4086
4217
4087
4218
4088
4219
4089
4220
4090
4221
4091
4222
4092
4223
4093
4224
4094
4225
4095
4226
4096
4227
4097
4228
4098
4229
4099
4230
4100
4231
4101
4232
4102
4233
4103
4234
4104
4235
4105
4236
4106
4237
4107
4238
4108
4239
4109
4240
4110
4241
4111
4242
4112
4243
4113
4244
4114
4245
4115
4246
4116
4247
4117
4248
4118
4249
4119
4250
4120
4251
4121
4252
4122
4253
4123
4254
4124
4255
4125
4256
4126
4257
4127
4258
4128
4259
4129
4260
4130
4261
4131
4262
4132
4263
4133
4264
4134
4265
4135
4266
4136
4267
4137
4268
4138
4269
4139
4270
4271
4141
4272
9617
4142
4273
4143
4274
4144
4275
4145
4276
4146
4277
4147
4278
4148
4279
4149
4280
4150
4281
4151
4282
4152
4283
4153
4284
4154
4285
4155
4286
4156
4287
4157
4288
4158
4289
4159
4290
4160
4291
4161
4292
4162
4293
4163
4294
4164
4295
4165
4296
4166
4297
4167
4298
4168
4299
4169
4300
4170
4301
4171
4302
4172
4303
4173
4304
4174
4305
4175
4306
4176
4307
4177
4308
4178
4309
4179
4310
4180
4311
4181
4312
4182
4313
4183
4314
4184
4315
4185
4316
4186
4317
4187
4318
4188
4319
4189
4320
4190
4321
4191
4322
4192
4323
4193
4324
4194
4325
4195
4326
4196
4327
4197
4328
4198
4329
4199
4330
4200
4331
4201
4332
4202
4333
4203
4334
4204
4335
4205
4336
4206
4337
4207
4338
4208
4339
4209
4340
4210
4341
4211
4342
4212
4343
4213
4344
4214
4345
4215
4346
4216
4347
4217
4348
4218
4349
4219
4350
4220
4351
4221
4352
4222
4353
4223
4354
4224
4355
4225
4356
4226
4357
4227
4358
4228
4359
4229
4360
4230
4361
4231
4362
4232
4363
4233
4364
4234
4365
4235
4366
4236
4367
4237
4368
4238
4369
4239
4370
4240
4371
4241
4372
4242
4373
4243
4374
4244
4375
4245
4376
4246
4377
4247
4378
4248
4379
4249
4380
4250
4381
4251
4382
4252
4383
4253
4384
4254
4385
4255
4386
4256
4387
4257
4388
4258
4389
4259
4390
4260
4391
4261
4392
4262
4393
4263
4394
4264
4395
4265
4396
4266
4397
4267
4398
4268
4399
4269
4400
4270
4401
4271
4402
4403
4273
4404
9626
4274
4405
4275
4406
4276
4407
4277
4408
4278
4409
4279
4410
4280
4411
4281
4412
4282
4413
4283
4414
4284
4415
4285
4416
4286
4417
4287
4418
4288
4419
4289
4420
4290
4421
4291
4422
4292
4423
4293
4424
4294
4425
4295
4426
4296
4427
4297
4428
4298
4429
4299
4430
4300
4431
4301
4432
4302
4433
4303
4434
4304
4435
4305
4436
4306
4437
4307
4438
4308
4439
4309
4440
4310
4441
4311
4442
4312
4443
4313
4444
4314
4445
4315
4446
4316
4447
4317
4448
4318
4449
4319
4450
4320
4451
4321
4452
4322
4453
4323
4454
4324
4455
4325
4456
4326
4457
4327
4458
4328
4459
4329
4460
4330
4461
4331
4462
4332
4463
4333
4464
4334
4465
4335
4466
4336
4467
4337
4468
4338
4469
4339
4470
4340
4471
4341
4472
4342
4473
4343
4474
4344
4475
4345
4476
4346
4477
4347
4478
4348
4479
4349
4480
4350
4481
4351
4482
4352
4483
4353
4484
4354
4485
4355
4486
4356
4487
4357
4488
4358
4489
4359
4490
4360
4491
4361
4492
4362
4493
4363
4494
4364
4495
4365
4496
4366
4497
4367
4498
4368
4499
4369
4500
4370
4501
4371
4502
4372
4503
4373
4504
4374
4505
4375
4506
4376
4507
4377
4508
4378
4509
4379
4510
4380
4511
4381
4512
4382
4513
4383
4514
4384
4515
4385
4516
4386
4517
4387
4518
4388
4519
4389
4520
4390
4521
4391
4522
4392
4523
4393
4524
4394
4525
4395
4526
4396
4527
4397
4528
4398
4529
4399
4530
4400
4531
4401
4532
4402
4533
4403
4534
4535
4405
4536
9635
4406
4537
4407
4538
4408
4539
4409
4540
4410
4541
4411
4542
4412
4543
4413
4544
4414
4545
4415
4546
4416
4547
4417
4548
4418
4549
4419
4550
4420
4551
4421
4552
4422
4553
4423
4554
4424
4555
4425
4556
4426
4557
4427
4558
4428
4559
4429
4560
4430
4561
4431
4562
4432
4563
4433
4564
4434
4565
4435
4566
4436
4567
4437
4568
4438
4569
4439
4570
4440
4571
4441
4572
4442
4573
4443
4574
4444
4575
4445
4576
4446
4577
4447
4578
4448
4579
4449
4580
4450
4581
4451
4582
4452
4583
4453
4584
4454
4585
4455
4586
4456
4587
4457
4588
4458
4589
4459
4590
4460
4591
4461
4592
4462
4593
4463
4594
4464
4595
4465
4596
4466
4597
4467
4598
4468
4599
4469
4600
4470
4601
4471
4602
4472
4603
4473
4604
4474
4605
4475
4606
4476
4607
4477
4608
4478
4609
4479
4610
4480
4611
4481
4612
4482
4613
4483
4614
4484
4615
4485
4616
4486
4617
4487
4618
4488
4619
4489
4620
4490
4621
4491
4622
4492
4623
4493
4624
4494
4625
4495
4626
4496
4627
4497
4628
4498
4629
4499
4630
4500
4631
4501
4632
4502
4633
4503
4634
4504
4635
4505
4636
4506
4637
4507
4638
4508
4639
4509
4640
4510
4641
4511
4642
4512
4643
4513
4644
4514
4645
4515
4646
4516
4647
4517
4648
4518
4649
4519
4650
4520
4651
4521
4652
4522
4653
4523
4654
4524
4655
4525
4656
4526
4657
4527
4658
4528
4659
4529
4660
4530
4661
4531
4662
4532
4663
4533
4664
4534
4665
4535
4666
4667
4537
4668
9644
4538
4669
4539
4670
4540
4671
4541
4672
4542
4673
4543
4674
4544
4675
4545
4676
4546
4677
4547
4678
4548
4679
4549
4680
4550
4681
4551
4682
4552
4683
4553
4684
4554
4685
4555
4686
4556
4687
4557
4688
4558
4689
4559
4690
4560
4691
4561
4692
4562
4693
4563
4694
4564
4695
4565
4696
4566
4697
4567
4698
4568
4699
4569
4700
4570
4701
4571
4702
4572
4703
4573
4704
4574
4705
4575
4706
4576
4707
4577
4708
4578
4709
4579
4710
4580
4711
4581
4712
4582
4713
4583
4714
4584
4715
4585
4716
4586
4717
4587
4718
4588
4719
4589
4720
4590
4721
4591
4722
4592
4723
4593
4724
4594
4725
4595
4726
4596
4727
4597
4728
4598
4729
4599
4730
4600
4731
4601
4732
4602
4733
4603
4734
4604
4735
4605
4736
4606
4737
4607
4738
4608
4739
4609
4740
4610
4741
4611
4742
4612
4743
4613
4744
4614
4745
4615
4746
4616
4747
4617
4748
4618
4749
4619
4750
4620
4751
4621
4752
4622
4753
4623
4754
4624
4755
4625
4756
4626
4757
4627
4758
4628
4759
4629
4760
4630
4761
4631
4762
4632
4763
4633
4764
4634
4765
4635
4766
4636
4767
4637
4768
4638
4769
4639
4770
4640
4771
4641
4772
4642
4773
4643
4774
4644
4775
4645
4776
4646
4777
4647
4778
4648
4779
4649
4780
4650
4781
4651
4782
4652
4783
4653
4784
4654
4785
4655
4786
4656
4787
4657
4788
4658
4789
4659
4790
4660
4791
4661
4792
4662
4793
4663
4794
4664
4795
4665
4796
4666
4797
4667
4798
4799
4669
4800
9653
4670
4801
4671
4802
4672
4803
4673
4804
4674
4805
4675
4806
4676
4807
4677
4808
4678
4809
4679
4810
4680
4811
4681
4812
4682
4813
4683
4814
4684
4815
4685
4816
4686
4817
4687
4818
4688
4819
4689
4820
4690
4821
4691
4822
4692
4823
4693
4824
4694
4825
4695
4826
4696
4827
4697
4828
4698
4829
4699
4830
4700
4831
4701
4832
4702
4833
4703
4834
4704
4835
4705
4836
4706
4837
4707
4838
4708
4839
4709
4840
4710
4841
4711
4842
4712
4843
4713
4844
4714
4845
4715
4846
4716
4847
4717
4848
4718
4849
4719
4850
4720
4851
4721
4852
4722
4853
4723
4854
4724
4855
4725
4856
4726
4857
4727
4858
4728
4859
4729
4860
4730
4861
4731
4862
4732
4863
4733
4864
4734
4865
4735
4866
4736
4867
4737
4868
4738
4869
4739
4870
4740
4871
4741
4872
4742
4873
4743
4874
4744
4875
4745
4876
4746
4877
4747
4878
4748
4879
4749
4880
4750
4881
4751
4882
4752
4883
4753
4884
4754
4885
4755
4886
4756
4887
4757
4888
4758
4889
4759
4890
4760
4891
4761
4892
4762
4893
4763
4894
4764
4895
4765
4896
4766
4897
4767
4898
4768
4899
4769
4900
4770
4901
4771
4902
4772
4903
4773
4904
4774
4905
4775
4906
4776
4907
4777
4908
4778
4909
4779
4910
4780
4911
4781
4912
4782
4913
4783
4914
4784
4915
4785
4916
4786
4917
4787
4918
4788
4919
4789
4920
4790
4921
4791
4922
4792
4923
4793
4924
4794
4925
4795
4926
4796
4927
4797
4928
4798
4929
4799
4930
4931
4801
4932
9662
4802
4933
4803
4934
4804
4935
4805
4936
4806
4937
4807
4938
4808
4939
4809
4940
4810
4941
4811
4942
4812
4943
4813
4944
4814
4945
4815
4946
4816
4947
4817
4948
4818
4949
4819
4950
4820
4951
4821
4952
4822
4953
4823
4954
4824
4955
4825
4956
4826
4957
4827
4958
4828
4959
4829
4960
4830
4961
4831
4962
4832
4963
4833
4964
4834
4965
4835
4966
4836
4967
4837
4968
4838
4969
4839
4970
4840
4971
4841
4972
4842
4973
4843
4974
4844
4975
4845
4976
4846
4977
4847
4978
4848
4979
4849
4980
4850
4981
4851
4982
4852
4983
4853
4984
4854
4985
4855
4986
4856
4987
4857
4988
4858
4989
4859
4990
4860
4991
4861
4992
4862
4993
4863
4994
4864
4995
4865
4996
4866
4997
4867
4998
4868
4999
4869
5000
4870
5001
4871
5002
4872
5003
4873
5004
4874
5005
4875
5006
4876
5007
4877
5008
4878
5009
4879
5010
4880
5011
4881
5012
4882
5013
4883
5014
4884
5015
4885
5016
4886
5017
4887
5018
4888
5019
4889
5020
4890
5021
4891
5022
4892
5023
4893
5024
4894
5025
4895
5026
4896
5027
4897
5028
4898
5029
4899
5030
4900
5031
4901
5032
4902
5033
4903
5034
4904
5035
4905
5036
4906
5037
4907
5038
4908
5039
4909
5040
4910
5041
4911
5042
4912
5043
4913
5044
4914
5045
4915
5046
4916
5047
4917
5048
4918
5049
4919
5050
4920
5051
4921
5052
4922
5053
4923
5054
4924
5055
4925
5056
4926
5057
4927
5058
4928
5059
4929
5060
4930
5061
4931
5062
5063
4933
5064
9671
4934
5065
4935
5066
4936
5067
4937
5068
4938
5069
4939
5070
4940
5071
4941
5072
4942
5073
4943
5074
4944
5075
4945
5076
4946
5077
4947
5078
4948
5079
4949
5080
4950
5081
4951
5082
4952
5083
4953
5084
4954
5085
4955
5086
4956
5087
4957
5088
4958
5089
4959
5090
4960
5091
4961
5092
4962
5093
4963
5094
4964
5095
4965
5096
4966
5097
4967
5098
4968
5099
4969
5100
4970
5101
4971
5102
4972
5103
4973
5104
4974
5105
4975
5106
4976
5107
4977
5108
4978
5109
4979
5110
4980
5111
4981
5112
4982
5113
4983
5114
4984
5115
4985
5116
4986
5117
4987
5118
4988
5119
4989
5120
4990
5121
4991
5122
4992
5123
4993
5124
4994
5125
4995
5126
4996
5127
4997
5128
4998
5129
4999
5130
5000
5131
5001
5132
5002
5133
5003
5134
5004
5135
5005
5136
5006
5137
5007
5138
5008
5139
5009
5140
5010
5141
5011
5142
5012
5143
5013
5144
5014
5145
5015
5146
5016
5147
5017
5148
5018
5149
5019
5150
5020
5151
5021
5152
5022
5153
5023
5154
5024
5155
5025
5156
5026
5157
5027
5158
5028
5159
5029
5160
5030
5161
5031
5162
5032
5163
5033
5164
5034
5165
5035
5166
5036
5167
5037
5168
5038
5169
5039
5170
5040
5171
5041
5172
5042
5173
5043
5174
5044
5175
5045
5176
5046
5177
5047
5178
5048
5179
5049
5180
5050
5181
5051
5182
5052
5183
5053
5184
5054
5185
5055
5186
5056
5187
5057
5188
5058
5189
5059
5190
5060
5191
5061
5192
5062
5193
5063
5194
5195
5065
5196
9680
5066
5197
5067
5198
5068
5199
5069
5200
5070
5201
5071
5202
5072
5203
5073
5204
5074
5205
5075
5206
5076
5207
5077
5208
5078
5209
5079
5210
5080
5211
5081
5212
5082
5213
5083
5214
5084
5215
5085
5216
5086
5217
5087
5218
5088
5219
5089
5220
5090
5221
5091
5222
5092
5223
5093
5224
5094
5225
5095
5226
5096
5227
5097
5228
5098
5229
5099
5230
5100
5231
5101
5232
5102
5233
5103
5234
5104
5235
5105
5236
5106
5237
5107
5238
5108
5239
5109
5240
5110
5241
5111
5242
5112
5243
5113
5244
5114
5245
5115
5246
5116
5247
5117
5248
5118
5249
5119
5250
5120
5251
5121
5252
5122
5253
5123
5254
5124
5255
5125
5256
5126
5257
5127
5258
5128
5259
5129
5260
5130
5261
5131
5262
5132
5263
5133
5264
5134
5265
5135
5266
5136
5267
5137
5268
5138
5269
5139
5270
5140
5271
5141
5272
5142
5273
5143
5274
5144
5275
5145
5276
5146
5277
5147
5278
5148
5279
5149
5280
5150
5281
5151
5282
5152
5283
5153
5284
5154
5285
5155
5286
5156
5287
5157
5288
5158
5289
5159
5290
5160
5291
5161
5292
5162
5293
5163
5294
5164
5295
5165
5296
5166
5297
5167
5298
5168
5299
5169
5300
5170
5301
5171
5302
5172
5303
5173
5304
5174
5305
5175
5306
5176
5307
5177
5308
5178
5309
5179
5310
5180
5311
5181
5312
5182
5313
5183
5314
5184
5315
5185
5316
5186
5317
5187
5318
5188
5319
5189
5320
5190
5321
5191
5322
5192
5323
5193
5324
5194
5325
5195
5326
5327
5197
5328
9689
5198
5329
5199
5330
5200
5331
5201
5332
5202
5333
5203
5334
5204
5335
5205
5336
5206
5337
5207
5338
5208
5339
5209
5340
5210
5341
5211
5342
5212
5343
5213
5344
5214
5345
5215
5346
5216
5347
5217
5348
5218
5349
5219
5350
5220
5351
5221
5352
5222
5353
5223
5354
5224
5355
5225
5356
5226
5357
5227
5358
5228
5359
5229
5360
5230
5361
5231
5362
5232
5363
5233
5364
5234
5365
5235
5366
5236
5367
5237
5368
5238
5369
5239
5370
5240
5371
5241
5372
5242
5373
5243
5374
5244
5375
5245
5376
5246
5377
5247
5378
5248
5379
5249
5380
5250
5381
5251
5382
5252
5383
5253
5384
5254
5385
5255
5386
5256
5387
5257
5388
5258
5389
5259
5390
5260
5391
5261
5392
5262
5393
5263
5394
5264
5395
5265
5396
5266
5397
5267
5398
5268
5399
5269
5400
5270
5401
5271
5402
5272
5403
5273
5404
5274
5405
5275
5406
5276
5407
5277
5408
5278
5409
5279
5410
5280
5411
5281
5412
5282
5413
5283
5414
5284
5415
5285
5416
5286
5417
5287
5418
5288
5419
5289
5420
5290
5421
5291
5422
5292
5423
5293
5424
5294
5425
5295
5426
5296
5427
5297
5428
5298
5429
5299
5430
5300
5431
5301
5432
5302
5433
5303
5434
5304
5435
5305
5436
5306
5437
5307
5438
5308
5439
5309
5440
5310
5441
5311
5442
5312
5443
5313
5444
5314
5445
5315
5446
5316
5447
5317
5448
5318
5449
5319
5450
5320
5451
5321
5452
5322
5453
5323
5454
5324
5455
5325
5456
5326
5457
5327
5458
5459
5329
5460
9698
5330
5461
5331
5462
5332
5463
5333
5464
5334
5465
5335
5466
5336
5467
5337
5468
5338
5469
5339
5470
5340
5471
5341
5472
5342
5473
5343
5474
5344
5475
5345
5476
5346
5477
5347
5478
5348
5479
5349
5480
5350
5481
5351
5482
5352
5483
5353
5484
5354
5485
5355
5486
5356
5487
5357
5488
5358
5489
5359
5490
5360
5491
5361
5492
5362
5493
5363
5494
5364
5495
5365
5496
5366
5497
5367
5498
5368
5499
5369
5500
5370
5501
5371
5502
5372
5503
5373
5504
5374
5505
5375
5506
5376
5507
5377
5508
5378
5509
5379
5510
5380
5511
5381
5512
5382
5513
5383
5514
5384
5515
5385
5516
5386
5517
5387
5518
5388
5519
5389
5520
5390
5521
5391
5522
5392
5523
5393
5524
5394
5525
5395
5526
5396
5527
5397
5528
5398
5529
5399
5530
5400
5531
5401
5532
5402
5533
5403
5534
5404
5535
5405
5536
5406
5537
5407
5538
5408
5539
5409
5540
5410
5541
5411
5542
5412
5543
5413
5544
5414
5545
5415
5546
5416
5547
5417
5548
5418
5549
5419
5550
5420
5551
5421
5552
5422
5553
5423
5554
5424
5555
5425
5556
5426
5557
5427
5558
5428
5559
5429
5560
5430
5561
5431
5562
5432
5563
5433
5564
5434
5565
5435
5566
5436
5567
5437
5568
5438
5569
5439
5570
5440
5571
5441
5572
5442
5573
5443
5574
5444
5575
5445
5576
5446
5577
5447
5578
5448
5579
5449
5580
5450
5581
5451
5582
5452
5583
5453
5584
5454
5585
5455
5586
5456
5587
5457
5588
5458
5589
5459
5590
5591
5461
5592
9707
5462
5593
5463
5594
5464
5595
5465
5596
5466
5597
5467
5598
5468
5599
5469
5600
5470
5601
5471
5602
5472
5603
5473
5604
5474
5605
5475
5606
5476
5607
5477
5608
5478
5609
5479
5610
5480
5611
5481
5612
5482
5613
5483
5614
5484
5615
5485
5616
5486
5617
5487
5618
5488
5619
5489
5620
5490
5621
5491
5622
5492
5623
5493
5624
5494
5625
5495
5626
5496
5627
5497
5628
5498
5629
5499
5630
5500
5631
5501
5632
5502
5633
5503
5634
5504
5635
5505
5636
5506
5637
5507
5638
5508
5639
5509
5640
5510
5641
5511
5642
5512
5643
5513
5644
5514
5645
5515
5646
5516
5647
5517
5648
5518
5649
5519
5650
5520
5651
5521
5652
5522
5653
5523
5654
5524
5655
5525
5656
5526
5657
5527
5658
5528
5659
5529
5660
5530
5661
5531
5662
5532
5663
5533
5664
5534
5665
5535
5666
5536
5667
5537
5668
5538
5669
5539
5670
5540
5671
5541
5672
5542
5673
5543
5674
5544
5675
5545
5676
5546
5677
5547
5678
5548
5679
5549
5680
5550
5681
5551
5682
5552
5683
5553
5684
5554
5685
5555
5686
5556
5687
5557
5688
5558
5689
5559
5690
5560
5691
5561
5692
5562
5693
5563
5694
5564
5695
5565
5696
5566
5697
5567
5698
5568
5699
5569
5700
5570
5701
5571
5702
5572
5703
5573
5704
5574
5705
5575
5706
5576
5707
5577
5708
5578
5709
5579
5710
5580
5711
5581
5712
5582
5713
5583
5714
5584
5715
5585
5716
5586
5717
5587
5718
5588
5719
5589
5720
5590
5721
5591
5722
5723
5593
5724
9716
5594
5725
5595
5726
5596
5727
5597
5728
5598
5729
5599
5730
5600
5731
5601
5732
5602
5733
5603
5734
5604
5735
5605
5736
5606
5737
5607
5738
5608
5739
5609
5740
5610
5741
5611
5742
5612
5743
5613
5744
5614
5745
5615
5746
5616
5747
5617
5748
5618
5749
5619
5750
5620
5751
5621
5752
5622
5753
5623
5754
5624
5755
5625
5756
5626
5757
5627
5758
5628
5759
5629
5760
5630
5761
5631
5762
5632
5763
5633
5764
5634
5765
5635
5766
5636
5767
5637
5768
5638
5769
5639
5770
5640
5771
5641
5772
5642
5773
5643
5774
5644
5775
5645
5776
5646
5777
5647
5778
5648
5779
5649
5780
5650
5781
5651
5782
5652
5783
5653
5784
5654
5785
5655
5786
5656
5787
5657
5788
5658
5789
5659
5790
5660
5791
5661
5792
5662
5793
5663
5794
5664
5795
5665
5796
5666
5797
5667
5798
5668
5799
5669
5800
5670
5801
5671
5802
5672
5803
5673
5804
5674
5805
5675
5806
5676
5807
5677
5808
5678
5809
5679
5810
5680
5811
5681
5812
5682
5813
5683
5814
5684
5815
5685
5816
5686
5817
5687
5818
5688
5819
5689
5820
5690
5821
5691
5822
5692
5823
5693
5824
5694
5825
5695
5826
5696
5827
5697
5828
5698
5829
5699
5830
5700
5831
5701
5832
5702
5833
5703
5834
5704
5835
5705
5836
5706
5837
5707
5838
5708
5839
5709
5840
5710
5841
5711
5842
5712
5843
5713
5844
5714
5845
5715
5846
5716
5847
5717
5848
5718
5849
5719
5850
5720
5851
5721
5852
5722
5853
5723
5854
5855
5725
5856
9725
5726
5857
5727
5858
5728
5859
5729
5860
5730
5861
5731
5862
5732
5863
5733
5864
5734
5865
5735
5866
5736
5867
5737
5868
5738
5869
5739
5870
5740
5871
5741
5872
5742
5873
5743
5874
5744
5875
5745
5876
5746
5877
5747
5878
5748
5879
5749
5880
5750
5881
5751
5882
5752
5883
5753
5884
5754
5885
5755
5886
5756
5887
5757
5888
5758
5889
5759
5890
5760
5891
5761
5892
5762
5893
5763
5894
5764
5895
5765
5896
5766
5897
5767
5898
5768
5899
5769
5900
5770
5901
5771
5902
5772
5903
5773
5904
5774
5905
5775
5906
5776
5907
5777
5908
5778
5909
5779
5910
5780
5911
5781
5912
5782
5913
5783
5914
5784
5915
5785
5916
5786
5917
5787
5918
5788
5919
5789
5920
5790
5921
5791
5922
5792
5923
5793
5924
5794
5925
5795
5926
5796
5927
5797
5928
5798
5929
5799
5930
5800
5931
5801
5932
5802
5933
5803
5934
5804
5935
5805
5936
5806
5937
5807
5938
5808
5939
5809
5940
5810
5941
5811
5942
5812
5943
5813
5944
5814
5945
5815
5946
5816
5947
5817
5948
5818
5949
5819
5950
5820
5951
5821
5952
5822
5953
5823
5954
5824
5955
5825
5956
5826
5957
5827
5958
5828
5959
5829
5960
5830
5961
5831
5962
5832
5963
5833
5964
5834
5965
5835
5966
5836
5967
5837
5968
5838
5969
5839
5970
5840
5971
5841
5972
5842
5973
5843
5974
5844
5975
5845
5976
5846
5977
5847
5978
5848
5979
5849
5980
5850
5981
5851
5982
5852
5983
5853
5984
5854
5985
5855
5986
5987
5857
5988
9734
5858
5989
5859
5990
5860
5991
5861
5992
5862
5993
5863
5994
5864
5995
5865
5996
5866
5997
5867
5998
5868
5999
5869
6000
5870
6001
5871
6002
5872
6003
5873
6004
5874
6005
5875
6006
5876
6007
5877
6008
5878
6009
5879
6010
5880
6011
5881
6012
5882
6013
5883
6014
5884
6015
5885
6016
5886
6017
5887
6018
5888
6019
5889
6020
5890
6021
5891
6022
5892
6023
5893
6024
5894
6025
5895
6026
5896
6027
5897
6028
5898
6029
5899
6030
5900
6031
5901
6032
5902
6033
5903
6034
5904
6035
5905
6036
5906
6037
5907
6038
5908
6039
5909
6040
5910
6041
5911
6042
5912
6043
5913
6044
5914
6045
5915
6046
5916
6047
5917
6048
5918
6049
5919
6050
5920
6051
5921
6052
5922
6053
5923
6054
5924
6055
5925
6056
5926
6057
5927
6058
5928
6059
5929
6060
5930
6061
5931
6062
5932
6063
5933
6064
5934
6065
5935
6066
5936
6067
5937
6068
5938
6069
5939
6070
5940
6071
5941
6072
5942
6073
5943
6074
5944
6075
5945
6076
5946
6077
5947
6078
5948
6079
5949
6080
5950
6081
5951
6082
5952
6083
5953
6084
5954
6085
5955
6086
5956
6087
5957
6088
5958
6089
5959
6090
5960
6091
5961
6092
5962
6093
5963
6094
5964
6095
5965
6096
5966
6097
5967
6098
5968
6099
5969
6100
5970
6101
5971
6102
5972
6103
5973
6104
5974
6105
5975
6106
5976
6107
5977
6108
5978
6109
5979
6110
5980
6111
5981
6112
5982
6113
5983
6114
5984
6115
5985
6116
5986
6117
5987
6118
6119
5989
6120
9743
5990
6121
5991
6122
5992
6123
5993
6124
5994
6125
5995
6126
5996
6127
5997
6128
5998
6129
5999
6130
6000
6131
6001
6132
6002
6133
6003
6134
6004
6135
6005
6136
6006
6137
6007
6138
6008
6139
6009
6140
6010
6141
6011
6142
6012
6143
6013
6144
6014
6145
6015
6146
6016
6147
6017
6148
6018
6149
6019
6150
6020
6151
6021
6152
6022
6153
6023
6154
6024
6155
6025
6156
6026
6157
6027
6158
6028
6159
6029
6160
6030
6161
6031
6162
6032
6163
6033
6164
6034
6165
6035
6166
6036
6167
6037
6168
6038
6169
6039
6170
6040
6171
6041
6172
6042
6173
6043
6174
6044
6175
6045
6176
6046
6177
6047
6178
6048
6179
6049
6180
6050
6181
6051
6182
6052
6183
6053
6184
6054
6185
6055
6186
6056
6187
6057
6188
6058
6189
6059
6190
6060
6191
6061
6192
6062
6193
6063
6194
6064
6195
6065
6196
6066
6197
6067
6198
6068
6199
6069
6200
6070
6201
6071
6202
6072
6203
6073
6204
6074
6205
6075
6206
6076
6207
6077
6208
6078
6209
6079
6210
6080
6211
6081
6212
6082
6213
6083
6214
6084
6215
6085
6216
6086
6217
6087
6218
6088
6219
6089
6220
6090
6221
6091
6222
6092
6223
6093
6224
6094
6225
6095
6226
6096
6227
6097
6228
6098
6229
6099
6230
6100
6231
6101
6232
6102
6233
6103
6234
6104
6235
6105
6236
6106
6237
6107
6238
6108
6239
6109
6240
6110
6241
6111
6242
6112
6243
6113
6244
6114
6245
6115
6246
6116
6247
6117
6248
6118
6249
6119
6250
6251
6121
6252
9752
6122
6253
6123
6254
6124
6255
6125
6256
6126
6257
6127
6258
6128
6259
6129
6260
6130
6261
6131
6262
6132
6263
6133
6264
6134
6265
6135
6266
6136
6267
6137
6268
6138
6269
6139
6270
6140
6271
6141
6272
6142
6273
6143
6274
6144
6275
6145
6276
6146
6277
6147
6278
6148
6279
6149
6280
6150
6281
6151
6282
6152
6283
6153
6284
6154
6285
6155
6286
6156
6287
6157
6288
6158
6289
6159
6290
6160
6291
6161
6292
6162
6293
6163
6294
6164
6295
6165
6296
6166
6297
6167
6298
6168
6299
6169
6300
6170
6301
6171
6302
6172
6303
6173
6304
6174
6305
6175
6306
6176
6307
6177
6308
6178
6309
6179
6310
6180
6311
6181
6312
6182
6313
6183
6314
6184
6315
6185
6316
6186
6317
6187
6318
6188
6319
6189
6320
6190
6321
6191
6322
6192
6323
6193
6324
6194
6325
6195
6326
6196
6327
6197
6328
6198
6329
6199
6330
6200
6331
6201
6332
6202
6333
6203
6334
6204
6335
6205
6336
6206
6337
6207
6338
6208
6339
6209
6340
6210
6341
6211
6342
6212
6343
6213
6344
6214
6345
6215
6346
6216
6347
6217
6348
6218
6349
6219
6350
6220
6351
6221
6352
6222
6353
6223
6354
6224
6355
6225
6356
6226
6357
6227
6358
6228
6359
6229
6360
6230
6361
6231
6362
6232
6363
6233
6364
6234
6365
6235
6366
6236
6367
6237
6368
6238
6369
6239
6370
6240
6371
6241
6372
6242
6373
6243
6374
6244
6375
6245
6376
6246
6377
6247
6378
6248
6379
6249
6380
6250
6381
6251
6382
6383
6253
6384
9761
6254
6385
6255
6386
6256
6387
6257
6388
6258
6389
6259
6390
6260
6391
6261
6392
6262
6393
6263
6394
6264
6395
6265
6396
6266
6397
6267
6398
6268
6399
6269
6400
6270
6401
6271
6402
6272
6403
6273
6404
6274
6405
6275
6406
6276
6407
6277
6408
6278
6409
6279
6410
6280
6411
6281
6412
6282
6413
6283
6414
6284
6415
6285
6416
6286
6417
6287
6418
6288
6419
6289
6420
6290
6421
6291
6422
6292
6423
6293
6424
6294
6425
6295
6426
6296
6427
6297
6428
6298
6429
6299
6430
6300
6431
6301
6432
6302
6433
6303
6434
6304
6435
6305
6436
6306
6437
6307
6438
6308
6439
6309
6440
6310
6441
6311
6442
6312
6443
6313
6444
6314
6445
6315
6446
6316
6447
6317
6448
6318
6449
6319
6450
6320
6451
6321
6452
6322
6453
6323
6454
6324
6455
6325
6456
6326
6457
6327
6458
6328
6459
6329
6460
6330
6461
6331
6462
6332
6463
6333
6464
6334
6465
6335
6466
6336
6467
6337
6468
6338
6469
6339
6470
6340
6471
6341
6472
6342
6473
6343
6474
6344
6475
6345
6476
6346
6477
6347
6478
6348
6479
6349
6480
6350
6481
6351
6482
6352
6483
6353
6484
6354
6485
6355
6486
6356
6487
6357
6488
6358
6489
6359
6490
6360
6491
6361
6492
6362
6493
6363
6494
6364
6495
6365
6496
6366
6497
6367
6498
6368
6499
6369
6500
6370
6501
6371
6502
6372
6503
6373
6504
6374
6505
6375
6506
6376
6507
6377
6508
6378
6509
6379
6510
6380
6511
6381
6512
6382
6513
6383
6514
6515
6385
6516
9770
6386
6517
6387
6518
6388
6519
6389
6520
6390
6521
6391
6522
6392
6523
6393
6524
6394
6525
6395
6526
6396
6527
6397
6528
6398
6529
6399
6530
6400
6531
6401
6532
6402
6533
6403
6534
6404
6535
6405
6536
6406
6537
6407
6538
6408
6539
6409
6540
6410
6541
6411
6542
6412
6543
6413
6544
6414
6545
6415
6546
6416
6547
6417
6548
6418
6549
6419
6550
6420
6551
6421
6552
6422
6553
6423
6554
6424
6555
6425
6556
6426
6557
6427
6558
6428
6559
6429
6560
6430
6561
6431
6562
6432
6563
6433
6564
6434
6565
6435
6566
6436
6567
6437
6568
6438
6569
6439
6570
6440
6571
6441
6572
6442
6573
6443
6574
6444
6575
6445
6576
6446
6577
6447
6578
6448
6579
6449
6580
6450
6581
6451
6582
6452
6583
6453
6584
6454
6585
6455
6586
6456
6587
6457
6588
6458
6589
6459
6590
6460
6591
6461
6592
6462
6593
6463
6594
6464
6595
6465
6596
6466
6597
6467
6598
6468
6599
6469
6600
6470
6601
6471
6602
6472
6603
6473
6604
6474
6605
6475
6606
6476
6607
6477
6608
6478
6609
6479
6610
6480
6611
6481
6612
6482
6613
6483
6614
6484
6615
6485
6616
6486
6617
6487
6618
6488
6619
6489
6620
6490
6621
6491
6622
6492
6623
6493
6624
6494
6625
6495
6626
6496
6627
6497
6628
6498
6629
6499
6630
6500
6631
6501
6632
6502
6633
6503
6634
6504
6635
6505
6636
6506
6637
6507
6638
6508
6639
6509
6640
6510
6641
6511
6642
6512
6643
6513
6644
6514
6645
6515
6646
6647
6517
6648
9779
6518
6649
6519
6650
6520
6651
6521
6652
6522
6653
6523
6654
6524
6655
6525
6656
6526
6657
6527
6658
6528
6659
6529
6660
6530
6661
6531
6662
6532
6663
6533
6664
6534
6665
6535
6666
6536
6667
6537
6668
6538
6669
6539
6670
6540
6671
6541
6672
6542
6673
6543
6674
6544
6675
6545
6676
6546
6677
6547
6678
6548
6679
6549
6680
6550
6681
6551
6682
6552
6683
6553
6684
6554
6685
6555
6686
6556
6687
6557
6688
6558
6689
6559
6690
6560
6691
6561
6692
6562
6693
6563
6694
6564
6695
6565
6696
6566
6697
6567
6698
6568
6699
6569
6700
6570
6701
6571
6702
6572
6703
6573
6704
6574
6705
6575
6706
6576
6707
6577
6708
6578
6709
6579
6710
6580
6711
6581
6712
6582
6713
6583
6714
6584
6715
6585
6716
6586
6717
6587
6718
6588
6719
6589
6720
6590
6721
6591
6722
6592
6723
6593
6724
6594
6725
6595
6726
6596
6727
6597
6728
6598
6729
6599
6730
6600
6731
6601
6732
6602
6733
6603
6734
6604
6735
6605
6736
6606
6737
6607
6738
6608
6739
6609
6740
6610
6741
6611
6742
6612
6743
6613
6744
6614
6745
6615
6746
6616
6747
6617
6748
6618
6749
6619
6750
6620
6751
6621
6752
6622
6753
6623
6754
6624
6755
6625
6756
6626
6757
6627
6758
6628
6759
6629
6760
6630
6761
6631
6762
6632
6763
6633
6764
6634
6765
6635
6766
6636
6767
6637
6768
6638
6769
6639
6770
6640
6771
6641
6772
6642
6773
6643
6774
6644
6775
6645
6776
6646
6777
6647
6778
6779
6649
6780
9788
6650
6781
6651
6782
6652
6783
6653
6784
6654
6785
6655
6786
6656
6787
6657
6788
6658
6789
6659
6790
6660
6791
6661
6792
6662
6793
6663
6794
6664
6795
6665
6796
6666
6797
6667
6798
6668
6799
6669
6800
6670
6801
6671
6802
6672
6803
6673
6804
6674
6805
6675
6806
6676
6807
6677
6808
6678
6809
6679
6810
6680
6811
6681
6812
6682
6813
6683
6814
6684
6815
6685
6816
6686
6817
6687
6818
6688
6819
6689
6820
6690
6821
6691
6822
6692
6823
6693
6824
6694
6825
6695
6826
6696
6827
6697
6828
6698
6829
6699
6830
6700
6831
6701
6832
6702
6833
6703
6834
6704
6835
6705
6836
6706
6837
6707
6838
6708
6839
6709
6840
6710
6841
6711
6842
6712
6843
6713
6844
6714
6845
6715
6846
6716
6847
6717
6848
6718
6849
6719
6850
6720
6851
6721
6852
6722
6853
6723
6854
6724
6855
6725
6856
6726
6857
6727
6858
6728
6859
6729
6860
6730
6861
6731
6862
6732
6863
6733
6864
6734
6865
6735
6866
6736
6867
6737
6868
6738
6869
6739
6870
6740
6871
6741
6872
6742
6873
6743
6874
6744
6875
6745
6876
6746
6877
6747
6878
6748
6879
6749
6880
6750
6881
6751
6882
6752
6883
6753
6884
6754
6885
6755
6886
6756
6887
6757
6888
6758
6889
6759
6890
6760
6891
6761
6892
6762
6893
6763
6894
6764
6895
6765
6896
6766
6897
6767
6898
6768
6899
6769
6900
6770
6901
6771
6902
6772
6903
6773
6904
6774
6905
6775
6906
6776
6907
6777
6908
6778
6909
6779
6910
6911
6781
6912
9797
6782
6913
6783
6914
6784
6915
6785
6916
6786
6917
6787
6918
6788
6919
6789
6920
6790
6921
6791
6922
6792
6923
6793
6924
6794
6925
6795
6926
6796
6927
6797
6928
6798
6929
6799
6930
6800
6931
6801
6932
6802
6933
6803
6934
6804
6935
6805
6936
6806
6937
6807
6938
6808
6939
6809
6940
6810
6941
6811
6942
6812
6943
6813
6944
6814
6945
6815
6946
6816
6947
6817
6948
6818
6949
6819
6950
6820
6951
6821
6952
6822
6953
6823
6954
6824
6955
6825
6956
6826
6957
6827
6958
6828
6959
6829
6960
6830
6961
6831
6962
6832
6963
6833
6964
6834
6965
6835
6966
6836
6967
6837
6968
6838
6969
6839
6970
6840
6971
6841
6972
6842
6973
6843
6974
6844
6975
6845
6976
6846
6977
6847
6978
6848
6979
6849
6980
6850
6981
6851
6982
6852
6983
6853
6984
6854
6985
6855
6986
6856
6987
6857
6988
6858
6989
6859
6990
6860
6991
6861
6992
6862
6993
6863
6994
6864
6995
6865
6996
6866
6997
6867
6998
6868
6999
6869
7000
6870
7001
6871
7002
6872
7003
6873
7004
6874
7005
6875
7006
6876
7007
6877
7008
6878
7009
6879
7010
6880
7011
6881
7012
6882
7013
6883
7014
6884
7015
6885
7016
6886
7017
6887
7018
6888
7019
6889
7020
6890
7021
6891
7022
6892
7023
6893
7024
6894
7025
6895
7026
6896
7027
6897
7028
6898
7029
6899
7030
6900
7031
6901
7032
6902
7033
6903
7034
6904
7035
6905
7036
6906
7037
6907
7038
6908
7039
6909
7040
6910
7041
6911
7042
7043
6913
7044
9806
6914
7045
6915
7046
6916
7047
6917
7048
6918
7049
6919
7050
6920
7051
6921
7052
6922
7053
6923
7054
6924
7055
6925
7056
6926
7057
6927
7058
6928
7059
6929
7060
6930
7061
6931
7062
6932
7063
6933
7064
6934
7065
6935
7066
6936
7067
6937
7068
6938
7069
6939
7070
6940
7071
6941
7072
6942
7073
6943
7074
6944
7075
6945
7076
6946
7077
6947
7078
6948
7079
6949
7080
6950
7081
6951
7082
6952
7083
6953
7084
6954
7085
6955
7086
6956
7087
6957
7088
6958
7089
6959
7090
6960
7091
6961
7092
6962
7093
6963
7094
6964
7095
6965
7096
6966
7097
6967
7098
6968
7099
6969
7100
6970
7101
6971
7102
6972
7103
6973
7104
6974
7105
6975
7106
6976
7107
6977
7108
6978
7109
6979
7110
6980
7111
6981
7112
6982
7113
6983
7114
6984
7115
6985
7116
6986
7117
6987
7118
6988
7119
6989
7120
6990
7121
6991
7122
6992
7123
6993
7124
6994
7125
6995
7126
6996
7127
6997
7128
6998
7129
6999
7130
7000
7131
7001
7132
7002
7133
7003
7134
7004
7135
7005
7136
7006
7137
7007
7138
7008
7139
7009
7140
7010
7141
7011
7142
7012
7143
7013
7144
7014
7145
7015
7146
7016
7147
7017
7148
7018
7149
7019
7150
7020
7151
7021
7152
7022
7153
7023
7154
7024
7155
7025
7156
7026
7157
7027
7158
7028
7159
7029
7160
7030
7161
7031
7162
7032
7163
7033
7164
7034
7165
7035
7166
7036
7167
7037
7168
7038
7169
7039
7170
7040
7171
7041
7172
7042
7173
7043
7174
7175
7045
7176
9815
7046
7177
7047
7178
7048
7179
7049
7180
7050
7181
7051
7182
7052
7183
7053
7184
7054
7185
7055
7186
7056
7187
7057
7188
7058
7189
7059
7190
7060
7191
7061
7192
7062
7193
7063
7194
7064
7195
7065
7196
7066
7197
7067
7198
7068
7199
7069
7200
7070
7201
7071
7202
7072
7203
7073
7204
7074
7205
7075
7206
7076
7207
7077
7208
7078
7209
7079
7210
7080
7211
7081
7212
7082
7213
7083
7214
7084
7215
7085
7216
7086
7217
7087
7218
7088
7219
7089
7220
7090
7221
7091
7222
7092
7223
7093
7224
7094
7225
7095
7226
7096
7227
7097
7228
7098
7229
7099
7230
7100
7231
7101
7232
7102
7233
7103
7234
7104
7235
7105
7236
7106
7237
7107
7238
7108
7239
7109
7240
7110
7241
7111
7242
7112
7243
7113
7244
7114
7245
7115
7246
7116
7247
7117
7248
7118
7249
7119
7250
7120
7251
7121
7252
7122
7253
7123
7254
7124
7255
7125
7256
7126
7257
7127
7258
7128
7259
7129
7260
7130
7261
7131
7262
7132
7263
7133
7264
7134
7265
7135
7266
7136
7267
7137
7268
7138
7269
7139
7270
7140
7271
7141
7272
7142
7273
7143
7274
7144
7275
7145
7276
7146
7277
7147
7278
7148
7279
7149
7280
7150
7281
7151
7282
7152
7283
7153
7284
7154
7285
7155
7286
7156
7287
7157
7288
7158
7289
7159
7290
7160
7291
7161
7292
7162
7293
7163
7294
7164
7295
7165
7296
7166
7297
7167
7298
7168
7299
7169
7300
7170
7301
7171
7302
7172
7303
7173
7304
7174
7305
7175
7306
7307
7177
7308
9824
7178
7309
7179
7310
7180
7311
7181
7312
7182
7313
7183
7314
7184
7315
7185
7316
7186
7317
7187
7318
7188
7319
7189
7320
7190
7321
7191
7322
7192
7323
7193
7324
7194
7325
7195
7326
7196
7327
7197
7328
7198
7329
7199
7330
7200
7331
7201
7332
7202
7333
7203
7334
7204
7335
7205
7336
7206
7337
7207
7338
7208
7339
7209
7340
7210
7341
7211
7342
7212
7343
7213
7344
7214
7345
7215
7346
7216
7347
7217
7348
7218
7349
7219
7350
7220
7351
7221
7352
7222
7353
7223
7354
7224
7355
7225
7356
7226
7357
7227
7358
7228
7359
7229
7360
7230
7361
7231
7362
7232
7363
7233
7364
7234
7365
7235
7366
7236
7367
7237
7368
7238
7369
7239
7370
7240
7371
7241
7372
7242
7373
7243
7374
7244
7375
7245
7376
7246
7377
7247
7378
7248
7379
7249
7380
7250
7381
7251
7382
7252
7383
7253
7384
7254
7385
7255
7386
7256
7387
7257
7388
7258
7389
7259
7390
7260
7391
7261
7392
7262
7393
7263
7394
7264
7395
7265
7396
7266
7397
7267
7398
7268
7399
7269
7400
7270
7401
7271
7402
7272
7403
7273
7404
7274
7405
7275
7406
7276
7407
7277
7408
7278
7409
7279
7410
7280
7411
7281
7412
7282
7413
7283
7414
7284
7415
7285
7416
7286
7417
7287
7418
7288
7419
7289
7420
7290
7421
7291
7422
7292
7423
7293
7424
7294
7425
7295
7426
7296
7427
7297
7428
7298
7429
7299
7430
7300
7431
7301
7432
7302
7433
7303
7434
7304
7435
7305
7436
7306
7437
7307
7438
7439
7309
7440
9833
7310
7441
7311
7442
7312
7443
7313
7444
7314
7445
7315
7446
7316
7447
7317
7448
7318
7449
7319
7450
7320
7451
7321
7452
7322
7453
7323
7454
7324
7455
7325
7456
7326
7457
7327
7458
7328
7459
7329
7460
7330
7461
7331
7462
7332
7463
7333
7464
7334
7465
7335
7466
7336
7467
7337
7468
7338
7469
7339
7470
7340
7471
7341
7472
7342
7473
7343
7474
7344
7475
7345
7476
7346
7477
7347
7478
7348
7479
7349
7480
7350
7481
7351
7482
7352
7483
7353
7484
7354
7485
7355
7486
7356
7487
7357
7488
7358
7489
7359
7490
7360
7491
7361
7492
7362
7493
7363
7494
7364
7495
7365
7496
7366
7497
7367
7498
7368
7499
7369
7500
7370
7501
7371
7502
7372
7503
7373
7504
7374
7505
7375
7506
7376
7507
7377
7508
7378
7509
7379
7510
7380
7511
7381
7512
7382
7513
7383
7514
7384
7515
7385
7516
7386
7517
7387
7518
7388
7519
7389
7520
7390
7521
7391
7522
7392
7523
7393
7524
7394
7525
7395
7526
7396
7527
7397
7528
7398
7529
7399
7530
7400
7531
7401
7532
7402
7533
7403
7534
7404
7535
7405
7536
7406
7537
7407
7538
7408
7539
7409
7540
7410
7541
7411
7542
7412
7543
7413
7544
7414
7545
7415
7546
7416
7547
7417
7548
7418
7549
7419
7550
7420
7551
7421
7552
7422
7553
7423
7554
7424
7555
7425
7556
7426
7557
7427
7558
7428
7559
7429
7560
7430
7561
7431
7562
7432
7563
7433
7564
7434
7565
7435
7566
7436
7567
7437
7568
7438
7569
7439
7570
7571
7441
7572
9842
7442
7573
7443
7574
7444
7575
7445
7576
7446
7577
7447
7578
7448
7579
7449
7580
7450
7581
7451
7582
7452
7583
7453
7584
7454
7585
7455
7586
7456
7587
7457
7588
7458
7589
7459
7590
7460
7591
7461
7592
7462
7593
7463
7594
7464
7595
7465
7596
7466
7597
7467
7598
7468
7599
7469
7600
7470
7601
7471
7602
7472
7603
7473
7604
7474
7605
7475
7606
7476
7607
7477
7608
7478
7609
7479
7610
7480
7611
7481
7612
7482
7613
7483
7614
7484
7615
7485
7616
7486
7617
7487
7618
7488
7619
7489
7620
7490
7621
7491
7622
7492
7623
7493
7624
7494
7625
7495
7626
7496
7627
7497
7628
7498
7629
7499
7630
7500
7631
7501
7632
7502
7633
7503
7634
7504
7635
7505
7636
7506
7637
7507
7638
7508
7639
7509
7640
7510
7641
7511
7642
7512
7643
7513
7644
7514
7645
7515
7646
7516
7647
7517
7648
7518
7649
7519
7650
7520
7651
7521
7652
7522
7653
7523
7654
7524
7655
7525
7656
7526
7657
7527
7658
7528
7659
7529
7660
7530
7661
7531
7662
7532
7663
7533
7664
7534
7665
7535
7666
7536
7667
7537
7668
7538
7669
7539
7670
7540
7671
7541
7672
7542
7673
7543
7674
7544
7675
7545
7676
7546
7677
7547
7678
7548
7679
7549
7680
7550
7681
7551
7682
7552
7683
7553
7684
7554
7685
7555
7686
7556
7687
7557
7688
7558
7689
7559
7690
7560
7691
7561
7692
7562
7693
7563
7694
7564
7695
7565
7696
7566
7697
7567
7698
7568
7699
7569
7700
7570
7701
7571
7702
7703
7573
7704
9851
7574
7705
7575
7706
7576
7707
7577
7708
7578
7709
7579
7710
7580
7711
7581
7712
7582
7713
7583
7714
7584
7715
7585
7716
7586
7717
7587
7718
7588
7719
7589
7720
7590
7721
7591
7722
7592
7723
7593
7724
7594
7725
7595
7726
7596
7727
7597
7728
7598
7729
7599
7730
7600
7731
7601
7732
7602
7733
7603
7734
7604
7735
7605
7736
7606
7737
7607
7738
7608
7739
7609
7740
7610
7741
7611
7742
7612
7743
7613
7744
7614
7745
7615
7746
7616
7747
7617
7748
7618
7749
7619
7750
7620
7751
7621
7752
7622
7753
7623
7754
7624
7755
7625
7756
7626
7757
7627
7758
7628
7759
7629
7760
7630
7761
7631
7762
7632
7763
7633
7764
7634
7765
7635
7766
7636
7767
7637
7768
7638
7769
7639
7770
7640
7771
7641
7772
7642
7773
7643
7774
7644
7775
7645
7776
7646
7777
7647
7778
7648
7779
7649
7780
7650
7781
7651
7782
7652
7783
7653
7784
7654
7785
7655
7786
7656
7787
7657
7788
7658
7789
7659
7790
7660
7791
7661
7792
7662
7793
7663
7794
7664
7795
7665
7796
7666
7797
7667
7798
7668
7799
7669
7800
7670
7801
7671
7802
7672
7803
7673
7804
7674
7805
7675
7806
7676
7807
7677
7808
7678
7809
7679
7810
7680
7811
7681
7812
7682
7813
7683
7814
7684
7815
7685
7816
7686
7817
7687
7818
7688
7819
7689
7820
7690
7821
7691
7822
7692
7823
7693
7824
7694
7825
7695
7826
7696
7827
7697
7828
7698
7829
7699
7830
7700
7831
7701
7832
7702
7833
7703
7834
7835
7705
7836
9860
7706
7837
7707
7838
7708
7839
7709
7840
7710
7841
7711
7842
7712
7843
7713
7844
7714
7845
7715
7846
7716
7847
7717
7848
7718
7849
7719
7850
7720
7851
7721
7852
7722
7853
7723
7854
7724
7855
7725
7856
7726
7857
7727
7858
7728
7859
7729
7860
7730
7861
7731
7862
7732
7863
7733
7864
7734
7865
7735
7866
7736
7867
7737
7868
7738
7869
7739
7870
7740
7871
7741
7872
7742
7873
7743
7874
7744
7875
7745
7876
7746
7877
7747
7878
7748
7879
7749
7880
7750
7881
7751
7882
7752
7883
7753
7884
7754
7885
7755
7886
7756
7887
7757
7888
7758
7889
7759
7890
7760
7891
7761
7892
7762
7893
7763
7894
7764
7895
7765
7896
7766
7897
7767
7898
7768
7899
7769
7900
7770
7901
7771
7902
7772
7903
7773
7904
7774
7905
7775
7906
7776
7907
7777
7908
7778
7909
7779
7910
7780
7911
7781
7912
7782
7913
7783
7914
7784
7915
7785
7916
7786
7917
7787
7918
7788
7919
7789
7920
7790
7921
7791
7922
7792
7923
7793
7924
7794
7925
7795
7926
7796
7927
7797
7928
7798
7929
7799
7930
7800
7931
7801
7932
7802
7933
7803
7934
7804
7935
7805
7936
7806
7937
7807
7938
7808
7939
7809
7940
7810
7941
7811
7942
7812
7943
7813
7944
7814
7945
7815
7946
7816
7947
7817
7948
7818
7949
7819
7950
7820
7951
7821
7952
7822
7953
7823
7954
7824
7955
7825
7956
7826
7957
7827
7958
7828
7959
7829
7960
7830
7961
7831
7962
7832
7963
7833
7964
7834
7965
7835
7966
7967
7837
7968
9869
7838
7969
7839
7970
7840
7971
7841
7972
7842
7973
7843
7974
7844
7975
7845
7976
7846
7977
7847
7978
7848
7979
7849
7980
7850
7981
7851
7982
7852
7983
7853
7984
7854
7985
7855
7986
7856
7987
7857
7988
7858
7989
7859
7990
7860
7991
7861
7992
7862
7993
7863
7994
7864
7995
7865
7996
7866
7997
7867
7998
7868
7999
7869
8000
7870
8001
7871
8002
7872
8003
7873
8004
7874
8005
7875
8006
7876
8007
7877
8008
7878
8009
7879
8010
7880
8011
7881
8012
7882
8013
7883
8014
7884
8015
7885
8016
7886
8017
7887
8018
7888
8019
7889
8020
7890
8021
7891
8022
7892
8023
7893
8024
7894
8025
7895
8026
7896
8027
7897
8028
7898
8029
7899
8030
7900
8031
7901
8032
7902
8033
7903
8034
7904
8035
7905
8036
7906
8037
7907
8038
7908
8039
7909
8040
7910
8041
7911
8042
7912
8043
7913
8044
7914
8045
7915
8046
7916
8047
7917
8048
7918
8049
7919
8050
7920
8051
7921
8052
7922
8053
7923
8054
7924
8055
7925
8056
7926
8057
7927
8058
7928
8059
7929
8060
7930
8061
7931
8062
7932
8063
7933
8064
7934
8065
7935
8066
7936
8067
7937
8068
7938
8069
7939
8070
7940
8071
7941
8072
7942
8073
7943
8074
7944
8075
7945
8076
7946
8077
7947
8078
7948
8079
7949
8080
7950
8081
7951
8082
7952
8083
7953
8084
7954
8085
7955
8086
7956
8087
7957
8088
7958
8089
7959
8090
7960
8091
7961
8092
7962
8093
7963
8094
7964
8095
7965
8096
7966
8097
7967
8098
8099
7969
8100
9878
7970
8101
7971
8102
7972
8103
7973
8104
7974
8105
7975
8106
7976
8107
7977
8108
7978
8109
7979
8110
7980
8111
7981
8112
7982
8113
7983
8114
7984
8115
7985
8116
7986
8117
7987
8118
7988
8119
7989
8120
7990
8121
7991
8122
7992
8123
7993
8124
7994
8125
7995
8126
7996
8127
7997
8128
7998
8129
7999
8130
8000
8131
8001
8132
8002
8133
8003
8134
8004
8135
8005
8136
8006
8137
8007
8138
8008
8139
8009
8140
8010
8141
8011
8142
8012
8143
8013
8144
8014
8145
8015
8146
8016
8147
8017
8148
8018
8149
8019
8150
8020
8151
8021
8152
8022
8153
8023
8154
8024
8155
8025
8156
8026
8157
8027
8158
8028
8159
8029
8160
8030
8161
8031
8162
8032
8163
8033
8164
8034
8165
8035
8166
8036
8167
8037
8168
8038
8169
8039
8170
8040
8171
8041
8172
8042
8173
8043
8174
8044
8175
8045
8176
8046
8177
8047
8178
8048
8179
8049
8180
8050
8181
8051
8182
8052
8183
8053
8184
8054
8185
8055
8186
8056
8187
8057
8188
8058
8189
8059
8190
8060
8191
8061
8192
8062
8193
8063
8194
8064
8195
8065
8196
8066
8197
8067
8198
8068
8199
8069
8200
8070
8201
8071
8202
8072
8203
8073
8204
8074
8205
8075
8206
8076
8207
8077
8208
8078
8209
8079
8210
8080
8211
8081
8212
8082
8213
8083
8214
8084
8215
8085
8216
8086
8217
8087
8218
8088
8219
8089
8220
8090
8221
8091
8222
8092
8223
8093
8224
8094
8225
8095
8226
8096
8227
8097
8228
8098
8229
8099
8230
8231
8101
8232
9887
8102
8233
8103
8234
8104
8235
8105
8236
8106
8237
8107
8238
8108
8239
8109
8240
8110
8241
8111
8242
8112
8243
8113
8244
8114
8245
8115
8246
8116
8247
8117
8248
8118
8249
8119
8250
8120
8251
8121
8252
8122
8253
8123
8254
8124
8255
8125
8256
8126
8257
8127
8258
8128
8259
8129
8260
8130
8261
8131
8262
8132
8263
8133
8264
8134
8265
8135
8266
8136
8267
8137
8268
8138
8269
8139
8270
8140
8271
8141
8272
8142
8273
8143
8274
8144
8275
8145
8276
8146
8277
8147
8278
8148
8279
8149
8280
8150
8281
8151
8282
8152
8283
8153
8284
8154
8285
8155
8286
8156
8287
8157
8288
8158
8289
8159
8290
8160
8291
8161
8292
8162
8293
8163
8294
8164
8295
8165
8296
8166
8297
8167
8298
8168
8299
8169
8300
8170
8301
8171
8302
8172
8303
8173
8304
8174
8305
8175
8306
8176
8307
8177
8308
8178
8309
8179
8310
8180
8311
8181
8312
8182
8313
8183
8314
8184
8315
8185
8316
8186
8317
8187
8318
8188
8319
8189
8320
8190
8321
8191
8322
8192
8323
8193
8324
8194
8325
8195
8326
8196
8327
8197
8328
8198
8329
8199
8330
8200
8331
8201
8332
8202
8333
8203
8334
8204
8335
8205
8336
8206
8337
8207
8338
8208
8339
8209
8340
8210
8341
8211
8342
8212
8343
8213
8344
8214
8345
8215
8346
8216
8347
8217
8348
8218
8349
8219
8350
8220
8351
8221
8352
8222
8353
8223
8354
8224
8355
8225
8356
8226
8357
8227
8358
8228
8359
8229
8360
8230
8361
8231
8362
8363
8233
8364
9896
8234
8365
8235
8366
8236
8367
8237
8368
8238
8369
8239
8370
8240
8371
8241
8372
8242
8373
8243
8374
8244
8375
8245
8376
8246
8377
8247
8378
8248
8379
8249
8380
8250
8381
8251
8382
8252
8383
8253
8384
8254
8385
8255
8386
8256
8387
8257
8388
8258
8389
8259
8390
8260
8391
8261
8392
8262
8393
8263
8394
8264
8395
8265
8396
8266
8397
8267
8398
8268
8399
8269
8400
8270
8401
8271
8402
8272
8403
8273
8404
8274
8405
8275
8406
8276
8407
8277
8408
8278
8409
8279
8410
8280
8411
8281
8412
8282
8413
8283
8414
8284
8415
8285
8416
8286
8417
8287
8418
8288
8419
8289
8420
8290
8421
8291
8422
8292
8423
8293
8424
8294
8425
8295
8426
8296
8427
8297
8428
8298
8429
8299
8430
8300
8431
8301
8432
8302
8433
8303
8434
8304
8435
8305
8436
8306
8437
8307
8438
8308
8439
8309
8440
8310
8441
8311
8442
8312
8443
8313
8444
8314
8445
8315
8446
8316
8447
8317
8448
8318
8449
8319
8450
8320
8451
8321
8452
8322
8453
8323
8454
8324
8455
8325
8456
8326
8457
8327
8458
8328
8459
8329
8460
8330
8461
8331
8462
8332
8463
8333
8464
8334
8465
8335
8466
8336
8467
8337
8468
8338
8469
8339
8470
8340
8471
8341
8472
8342
8473
8343
8474
8344
8475
8345
8476
8346
8477
8347
8478
8348
8479
8349
8480
8350
8481
8351
8482
8352
8483
8353
8484
8354
8485
8355
8486
8356
8487
8357
8488
8358
8489
8359
8490
8360
8491
8361
8492
8362
8493
8363
8494
8495
8365
8496
9905
8366
8497
8367
8498
8368
8499
8369
8500
8370
8501
8371
8502
8372
8503
8373
8504
8374
8505
8375
8506
8376
8507
8377
8508
8378
8509
8379
8510
8380
8511
8381
8512
8382
8513
8383
8514
8384
8515
8385
8516
8386
8517
8387
8518
8388
8519
8389
8520
8390
8521
8391
8522
8392
8523
8393
8524
8394
8525
8395
8526
8396
8527
8397
8528
8398
8529
8399
8530
8400
8531
8401
8532
8402
8533
8403
8534
8404
8535
8405
8536
8406
8537
8407
8538
8408
8539
8409
8540
8410
8541
8411
8542
8412
8543
8413
8544
8414
8545
8415
8546
8416
8547
8417
8548
8418
8549
8419
8550
8420
8551
8421
8552
8422
8553
8423
8554
8424
8555
8425
8556
8426
8557
8427
8558
8428
8559
8429
8560
8430
8561
8431
8562
8432
8563
8433
8564
8434
8565
8435
8566
8436
8567
8437
8568
8438
8569
8439
8570
8440
8571
8441
8572
8442
8573
8443
8574
8444
8575
8445
8576
8446
8577
8447
8578
8448
8579
8449
8580
8450
8581
8451
8582
8452
8583
8453
8584
8454
8585
8455
8586
8456
8587
8457
8588
8458
8589
8459
8590
8460
8591
8461
8592
8462
8593
8463
8594
8464
8595
8465
8596
8466
8597
8467
8598
8468
8599
8469
8600
8470
8601
8471
8602
8472
8603
8473
8604
8474
8605
8475
8606
8476
8607
8477
8608
8478
8609
8479
8610
8480
8611
8481
8612
8482
8613
8483
8614
8484
8615
8485
8616
8486
8617
8487
8618
8488
8619
8489
8620
8490
8621
8491
8622
8492
8623
8493
8624
8494
8625
8495
8626
8627
8497
8628
9914
8498
8629
8499
8630
8500
8631
8501
8632
8502
8633
8503
8634
8504
8635
8505
8636
8506
8637
8507
8638
8508
8639
8509
8640
8510
8641
8511
8642
8512
8643
8513
8644
8514
8645
8515
8646
8516
8647
8517
8648
8518
8649
8519
8650
8520
8651
8521
8652
8522
8653
8523
8654
8524
8655
8525
8656
8526
8657
8527
8658
8528
8659
8529
8660
8530
8661
8531
8662
8532
8663
8533
8664
8534
8665
8535
8666
8536
8667
8537
8668
8538
8669
8539
8670
8540
8671
8541
8672
8542
8673
8543
8674
8544
8675
8545
8676
8546
8677
8547
8678
8548
8679
8549
8680
8550
8681
8551
8682
8552
8683
8553
8684
8554
8685
8555
8686
8556
8687
8557
8688
8558
8689
8559
8690
8560
8691
8561
8692
8562
8693
8563
8694
8564
8695
8565
8696
8566
8697
8567
8698
8568
8699
8569
8700
8570
8701
8571
8702
8572
8703
8573
8704
8574
8705
8575
8706
8576
8707
8577
8708
8578
8709
8579
8710
8580
8711
8581
8712
8582
8713
8583
8714
8584
8715
8585
8716
8586
8717
8587
8718
8588
8719
8589
8720
8590
8721
8591
8722
8592
8723
8593
8724
8594
8725
8595
8726
8596
8727
8597
8728
8598
8729
8599
8730
8600
8731
8601
8732
8602
8733
8603
8734
8604
8735
8605
8736
8606
8737
8607
8738
8608
8739
8609
8740
8610
8741
8611
8742
8612
8743
8613
8744
8614
8745
8615
8746
8616
8747
8617
8748
8618
8749
8619
8750
8620
8751
8621
8752
8622
8753
8623
8754
8624
8755
8625
8756
8626
8757
8627
8758
8759
8629
8760
9923
8630
8761
8631
8762
8632
8763
8633
8764
8634
8765
8635
8766
8636
8767
8637
8768
8638
8769
8639
8770
8640
8771
8641
8772
8642
8773
8643
8774
8644
8775
8645
8776
8646
8777
8647
8778
8648
8779
8649
8780
8650
8781
8651
8782
8652
8783
8653
8784
8654
8785
8655
8786
8656
8787
8657
8788
8658
8789
8659
8790
8660
8791
8661
8792
8662
8793
8663
8794
8664
8795
8665
8796
8666
8797
8667
8798
8668
8799
8669
8800
8670
8801
8671
8802
8672
8803
8673
8804
8674
8805
8675
8806
8676
8807
8677
8808
8678
8809
8679
8810
8680
8811
8681
8812
8682
8813
8683
8814
8684
8815
8685
8816
8686
8817
8687
8818
8688
8819
8689
8820
8690
8821
8691
8822
8692
8823
8693
8824
8694
8825
8695
8826
8696
8827
8697
8828
8698
8829
8699
8830
8700
8831
8701
8832
8702
8833
8703
8834
8704
8835
8705
8836
8706
8837
8707
8838
8708
8839
8709
8840
8710
8841
8711
8842
8712
8843
8713
8844
8714
8845
8715
8846
8716
8847
8717
8848
8718
8849
8719
8850
8720
8851
8721
8852
8722
8853
8723
8854
8724
8855
8725
8856
8726
8857
8727
8858
8728
8859
8729
8860
8730
8861
8731
8862
8732
8863
8733
8864
8734
8865
8735
8866
8736
8867
8737
8868
8738
8869
8739
8870
8740
8871
8741
8872
8742
8873
8743
8874
8744
8875
8745
8876
8746
8877
8747
8878
8748
8879
8749
8880
8750
8881
8751
8882
8752
8883
8753
8884
8754
8885
8755
8886
8756
8887
8757
8888
8758
8889
8759
8890
8891
8761
8892
9932
8762
8893
8763
8894
8764
8895
8765
8896
8766
8897
8767
8898
8768
8899
8769
8900
8770
8901
8771
8902
8772
8903
8773
8904
8774
8905
8775
8906
8776
8907
8777
8908
8778
8909
8779
8910
8780
8911
8781
8912
8782
8913
8783
8914
8784
8915
8785
8916
8786
8917
8787
8918
8788
8919
8789
8920
8790
8921
8791
8922
8792
8923
8793
8924
8794
8925
8795
8926
8796
8927
8797
8928
8798
8929
8799
8930
8800
8931
8801
8932
8802
8933
8803
8934
8804
8935
8805
8936
8806
8937
8807
8938
8808
8939
8809
8940
8810
8941
8811
8942
8812
8943
8813
8944
8814
8945
8815
8946
8816
8947
8817
8948
8818
8949
8819
8950
8820
8951
8821
8952
8822
8953
8823
8954
8824
8955
8825
8956
8826
8957
8827
8958
8828
8959
8829
8960
8830
8961
8831
8962
8832
8963
8833
8964
8834
8965
8835
8966
8836
8967
8837
8968
8838
8969
8839
8970
8840
8971
8841
8972
8842
8973
8843
8974
8844
8975
8845
8976
8846
8977
8847
8978
8848
8979
8849
8980
8850
8981
8851
8982
8852
8983
8853
8984
8854
8985
8855
8986
8856
8987
8857
8988
8858
8989
8859
8990
8860
8991
8861
8992
8862
8993
8863
8994
8864
8995
8865
8996
8866
8997
8867
8998
8868
8999
8869
9000
8870
9001
8871
9002
8872
9003
8873
9004
8874
9005
8875
9006
8876
9007
8877
9008
8878
9009
8879
9010
8880
9011
8881
9012
8882
9013
8883
9014
8884
9015
8885
9016
8886
9017
8887
9018
8888
9019
8889
9020
8890
9021
8891
9022
9023
8893
9024
9941
8894
9025
8895
9026
8896
9027
8897
9028
8898
9029
8899
9030
8900
9031
8901
9032
8902
9033
8903
9034
8904
9035
8905
9036
8906
9037
8907
9038
8908
9039
8909
9040
8910
9041
8911
9042
8912
9043
8913
9044
8914
9045
8915
9046
8916
9047
8917
9048
8918
9049
8919
9050
8920
9051
8921
9052
8922
9053
8923
9054
8924
9055
8925
9056
8926
9057
8927
9058
8928
9059
8929
9060
8930
9061
8931
9062
8932
9063
8933
9064
8934
9065
8935
9066
8936
9067
8937
9068
8938
9069
8939
9070
8940
9071
8941
9072
8942
9073
8943
9074
8944
9075
8945
9076
8946
9077
8947
9078
8948
9079
8949
9080
8950
9081
8951
9082
8952
9083
8953
9084
8954
9085
8955
9086
8956
9087
8957
9088
8958
9089
8959
9090
8960
9091
8961
9092
8962
9093
8963
9094
8964
9095
8965
9096
8966
9097
8967
9098
8968
9099
8969
9100
8970
9101
8971
9102
8972
9103
8973
9104
8974
9105
8975
9106
8976
9107
8977
9108
8978
9109
8979
9110
8980
9111
8981
9112
8982
9113
8983
9114
8984
9115
8985
9116
8986
9117
8987
9118
8988
9119
8989
9120
8990
9121
8991
9122
8992
9123
8993
9124
8994
9125
8995
9126
8996
9127
8997
9128
8998
9129
8999
9130
9000
9131
9001
9132
9002
9133
9003
9134
9004
9135
9005
9136
9006
9137
9007
9138
9008
9139
9009
9140
9010
9141
9011
9142
9012
9143
9013
9144
9014
9145
9015
9146
9016
9147
9017
9148
9018
9149
9019
9150
9020
9151
9021
9152
9022
9153
9023
9154
9155
9025
9156
9950
9026
9157
9027
9158
9028
9159
9029
9160
9030
9161
9031
9162
9032
9163
9033
9164
9034
9165
9035
9166
9036
9167
9037
9168
9038
9169
9039
9170
9040
9171
9041
9172
9042
9173
9043
9174
9044
9175
9045
9176
9046
9177
9047
9178
9048
9179
9049
9180
9050
9181
9051
9182
9052
9183
9053
9184
9054
9185
9055
9186
9056
9187
9057
9188
9058
9189
9059
9190
9060
9191
9061
9192
9062
9193
9063
9194
9064
9195
9065
9196
9066
9197
9067
9198
9068
9199
9069
9200
9070
9201
9071
9202
9072
9203
9073
9204
9074
9205
9075
9206
9076
9207
9077
9208
9078
9209
9079
9210
9080
9211
9081
9212
9082
9213
9083
9214
9084
9215
9085
9216
9086
9217
9087
9218
9088
9219
9089
9220
9090
9221
9091
9222
9092
9223
9093
9224
9094
9225
9095
9226
9096
9227
9097
9228
9098
9229
9099
9230
9100
9231
9101
9232
9102
9233
9103
9234
9104
9235
9105
9236
9106
9237
9107
9238
9108
9239
9109
9240
9110
9241
9111
9242
9112
9243
9113
9244
9114
9245
9115
9246
9116
9247
9117
9248
9118
9249
9119
9250
9120
9251
9121
9252
9122
9253
9123
9254
9124
9255
9125
9256
9126
9257
9127
9258
9128
9259
9129
9260
9130
9261
9131
9262
9132
9263
9133
9264
9134
9265
9135
9266
9136
9267
9137
9268
9138
9269
9139
9270
9140
9271
9141
9272
9142
9273
9143
9274
9144
9275
9145
9276
9146
9277
9147
9278
9148
9279
9149
9280
9150
9281
9151
9282
9152
9283
9153
9284
9154
9285
9155
9286
9287
9157
9288
9959
9158
9289
9159
9290
9160
9291
9161
9292
9162
9293
9163
9294
9164
9295
9165
9296
9166
9297
9167
9298
9168
9299
9169
9300
9170
9301
9171
9302
9172
9303
9173
9304
9174
9305
9175
9306
9176
9307
9177
9308
9178
9309
9179
9310
9180
9311
9181
9312
9182
9313
9183
9314
9184
9315
9185
9316
9186
9317
9187
9318
9188
9319
9189
9320
9190
9321
9191
9322
9192
9323
9193
9324
9194
9325
9195
9326
9196
9327
9197
9328
9198
9329
9199
9330
9200
9331
9201
9332
9202
9333
9203
9334
9204
9335
9205
9336
9206
9337
9207
9338
9208
9339
9209
9340
9210
9341
9211
9342
9212
9343
9213
9344
9214
9345
9215
9346
9216
9347
9217
9348
9218
9349
9219
9350
9220
9351
9221
9352
9222
9353
9223
9354
9224
9355
9225
9356
9226
9357
9227
9358
9228
9359
9229
9360
9230
9361
9231
9362
9232
9363
9233
9364
9234
9365
9235
9366
9236
9367
9237
9368
9238
9369
9239
9370
9240
9371
9241
9372
9242
9373
9243
9374
9244
9375
9245
9376
9246
9377
9247
9378
9248
9379
9249
9380
9250
9381
9251
9382
9252
9383
9253
9384
9254
9385
9255
9386
9256
9387
9257
9388
9258
9389
9259
9390
9260
9391
9261
9392
9262
9393
9263
9394
9264
9395
9265
9396
9266
9397
9267
9398
9268
9399
9269
9400
9270
9401
9271
9402
9272
9403
9273
9404
9274
9405
9275
9406
9276
9407
9277
9408
9278
9409
9279
9410
9280
9411
9281
9412
9282
9413
9283
9414
9284
9415
9285
9416
9286
9417
9287
9418
9419
9289
9968
9290
9291
9292
9293
9294
9295
9296
9297
9298
9299
9300
9301
9302
9303
9304
9305
9306
9307
9308
9309
9310
9311
9312
9313
9314
9315
9316
9317
9318
9319
9320
9321
9322
9323
9324
9325
9326
9327
9328
9329
9330
9331
9332
9333
9334
9335
9336
9337
9338
9339
9340
9341
9342
9343
9344
9345
9346
9347
9348
9349
9350
9351
9352
9353
9354
9355
9356
9357
9358
9359
9360
9361
9362
9363
9364
9365
9366
9367
9368
9369
9370
9371
9372
9373
9374
9375
9376
9377
9378
9379
9380
9381
9382
9383
9384
9385
9386
9387
9388
9389
9390
9391
9392
9393
9394
9395
9396
9397
9398
9399
9400
9401
9402
9403
9404
9405
9406
9407
9408
9409
9410
9411
9412
9413
9414
9415
9416
9417
9418
9419
9421
9429
17787
9422
9430
9423
9431
9424
9432
9425
9433
9426
9434
9427
9435
9428
9436
9437
9430
9438
17796
9431
9439
9432
9440
9433
9441
9434
9442
9435
9443
9436
9444
9437
9445
9446
9439
9447
17805
9440
9448
9441
9449
9442
9450
9443
9451
9444
9452
9445
9453
9446
9454
9455
9448
9456
17814
9449
9457
9450
9458
9451
9459
9452
9460
9453
9461
9454
9462
9455
9463
9464
9457
9465
17823
9458
9466
9459
9467
9460
9468
9461
9469
9462
9470
9463
9471
9464
9472
9473
9466
9474
17832
9467
9475
9468
9476
9469
9477
9470
9478
9471
9479
9472
9480
9473
9481
9482
9475
9483
17841
9476
9484
9477
9485
9478
9486
9479
9487
9480
9488
9481
9489
9482
9490
9491
9484
9492
17850
9485
9493
9486
9494
9487
9495
9488
9496
9489
9497
9490
9498
9491
9499
9500
9493
9501
17859
9494
9502
9495
9503
9496
9504
9497
9505
9498
9506
9499
9507
9500
9508
9509
9502
9510
17868
9503
9511
9504
9512
9505
9513
9506
9514
9507
9515
9508
9516
9509
9517
9518
9511
9519
17877
9512
9520
9513
9521
9514
9522
9515
9523
9516
9524
9517
9525
9518
9526
9527
9520
9528
17886
9521
9529
9522
9530
9523
9531
9524
9532
9525
9533
9526
9534
9527
9535
9536
9529
9537
17895
9530
9538
9531
9539
9532
9540
9533
9541
9534
9542
9535
9543
9536
9544
9545
9538
9546
17904
9539
9547
9540
9548
9541
9549
9542
9550
9543
9551
9544
9552
9545
9553
9554
9547
9555
17913
9548
9556
9549
9557
9550
9558
9551
9559
9552
9560
9553
9561
9554
9562
9563
9556
9564
17922
9557
9565
9558
9566
9559
9567
9560
9568
9561
9569
9562
9570
9563
9571
9572
9565
9573
17931
9566
9574
9567
9575
9568
9576
9569
9577
9570
9578
9571
9579
9572
9580
9581
9574
9582
17940
9575
9583
9576
9584
9577
9585
9578
9586
9579
9587
9580
9588
9581
9589
9590
9583
9591
17949
9584
9592
9585
9593
9586
9594
9587
9595
9588
9596
9589
9597
9590
9598
9599
9592
9600
17958
9593
9601
9594
9602
9595
9603
9596
9604
9597
9605
9598
9606
9599
9607
9608
9601
9609
17967
9602
9610
9603
9611
9604
9612
9605
9613
9606
9614
9607
9615
9608
9616
9617
9610
9618
17976
9611
9619
9612
9620
9613
9621
9614
9622
9615
9623
9616
9624
9617
9625
9626
9619
9627
17985
9620
9628
9621
9629
9622
9630
9623
9631
9624
9632
9625
9633
9626
9634
9635
9628
9636
17994
9629
9637
9630
9638
9631
9639
9632
9640
9633
9641
9634
9642
9635
9643
9644
9637
9645
18003
9638
9646
9639
9647
9640
9648
9641
9649
9642
9650
9643
9651
9644
9652
9653
9646
9654
18012
9647
9655
9648
9656
9649
9657
9650
9658
9651
9659
9652
9660
9653
9661
9662
9655
9663
18021
9656
9664
9657
9665
9658
9666
9659
9667
9660
9668
9661
9669
9662
9670
9671
9664
9672
18030
9665
9673
9666
9674
9667
9675
9668
9676
9669
9677
9670
9678
9671
9679
9680
9673
9681
18039
9674
9682
9675
9683
9676
9684
9677
9685
9678
9686
9679
9687
9680
9688
9689
9682
9690
18048
9683
9691
9684
9692
9685
9693
9686
9694
9687
9695
9688
9696
9689
9697
9698
9691
9699
18057
9692
9700
9693
9701
9694
9702
9695
9703
9696
9704
9697
9705
9698
9706
9707
9700
9708
18066
9701
9709
9702
9710
9703
9711
9704
9712
9705
9713
9706
9714
9707
9715
9716
9709
9717
18075
9710
9718
9711
9719
9712
9720
9713
9721
9714
9722
9715
9723
9716
9724
9725
9718
9726
18084
9719
9727
9720
9728
9721
9729
9722
9730
9723
9731
9724
9732
9725
9733
9734
9727
9735
18093
9728
9736
9729
9737
9730
9738
9731
9739
9732
9740
9733
9741
9734
9742
9743
9736
9744
18102
9737
9745
9738
9746
9739
9747
9740
9748
9741
9749
9742
9750
9743
9751
9752
9745
9753
18111
9746
9754
9747
9755
9748
9756
9749
9757
9750
9758
9751
9759
9752
9760
9761
9754
9762
18120
9755
9763
9756
9764
9757
9765
9758
9766
9759
9767
9760
9768
9761
9769
9770
9763
9771
18129
9764
9772
9765
9773
9766
9774
9767
9775
9768
9776
9769
9777
9770
9778
9779
9772
9780
18138
9773
9781
9774
9782
9775
9783
9776
9784
9777
9785
9778
9786
9779
9787
9788
9781
9789
18147
9782
9790
9783
9791
9784
9792
9785
9793
9786
9794
9787
9795
9788
9796
9797
9790
9798
18156
9791
9799
9792
9800
9793
9801
9794
9802
9795
9803
9796
9804
9797
9805
9806
9799
9807
18165
9800
9808
9801
9809
9802
9810
9803
9811
9804
9812
9805
9813
9806
9814
9815
9808
9816
18174
9809
9817
9810
9818
9811
9819
9812
9820
9813
9821
9814
9822
9815
9823
9824
9817
9825
18183
9818
9826
9819
9827
9820
9828
9821
9829
9822
9830
9823
9831
9824
9832
9833
9826
9834
18192
9827
9835
9828
9836
9829
9837
9830
9838
9831
9839
9832
9840
9833
9841
9842
9835
9843
18201
9836
9844
9837
9845
9838
9846
9839
9847
9840
9848
9841
9849
9842
9850
9851
9844
9852
18210
9845
9853
9846
9854
9847
9855
9848
9856
9849
9857
9850
9858
9851
9859
9860
9853
9861
18219
9854
9862
9855
9863
9856
9864
9857
9865
9858
9866
9859
9867
9860
9868
9869
9862
9870
18228
9863
9871
9864
9872
9865
9873
9866
9874
9867
9875
9868
9876
9869
9877
9878
9871
9879
18237
9872
9880
9873
9881
9874
9882
9875
9883
9876
9884
9877
9885
9878
9886
9887
9880
9888
18246
9881
9889
9882
9890
9883
9891
9884
9892
9885
9893
9886
9894
9887
9895
9896
9889
9897
18255
9890
9898
9891
9899
9892
9900
9893
9901
9894
9902
9895
9903
9896
9904
9905
9898
9906
18264
9899
9907
9900
9908
9901
9909
9902
9910
9903
9911
9904
9912
9905
9913
9914
9907
9915
18273
9908
9916
9909
9917
9910
9918
9911
9919
9912
9920
9913
9921
9914
9922
9923
9916
9924
18282
9917
9925
9918
9926
9919
9927
9920
9928
9921
9929
9922
9930
9923
9931
9932
9925
9933
18291
9926
9934
9927
9935
9928
9936
9929
9937
9930
9938
9931
9939
9932
9940
9941
9934
9942
18300
9935
9943
9936
9944
9937
9945
9938
9946
9939
9947
9940
9948
9941
9949
9950
9943
9951
18309
9944
9952
9945
9953
9946
9954
9947
9955
9948
9956
9949
9957
9950
9958
9959
9952
9960
18318
9953
9961
9954
9962
9955
9963
9956
9964
9957
9965
9958
9966
9959
9967
9968
9961
18327
9962
9963
9964
9965
9966
9967
9968
9970
9979
10139
17779
9971
9980
10140
9972
9981
10141
9973
9982
10142
9974
9983
10143
9975
9984
10144
9976
9985
10145
9977
9986
10146
9978
9987
10147
9988
10148
9980
9989
17780
9981
9990
9982
9991
9983
9992
9984
9993
9985
9994
9986
9995
9987
9996
9988
9997
9998
9990
9999
17781
9991
10000
9992
10001
9993
10002
9994
10003
9995
10004
9996
10005
9997
10006
9998
10007
10008
10000
10009
17782
10001
10010
10002
10011
10003
10012
10004
10013
10005
10014
10006
10015
10007
10016
10008
10017
10018
10010
10019
17783
10011
10020
10012
10021
10013
10022
10014
10023
10015
10024
10016
10025
10017
10026
10018
10027
10028
10020
10029
17784
10021
10030
10022
10031
10023
10032
10024
10033
10025
10034
10026
10035
10027
10036
10028
10037
10038
10030
10039
17785
10031
10040
10032
10041
10033
10042
10034
10043
10035
10044
10036
10045
10037
10046
10038
10047
10048
10040
10049
17786
10041
10050
10042
10051
10043
10052
10044
10053
10045
10054
10046
10055
10047
10056
10048
10057
10058
10050
17787
10051
10052
10053
10054
10055
10056
10057
10058
10060
10069
10257
28467
10061
10070
28468
10062
10071
28469
10063
10072
28470
10064
10073
28471
10065
10074
28472
10066
10075
28473
10067
10076
28474
10068
10077
28475
10078
28476
10070
10079
10366
10071
10080
10072
10081
10073
10082
10074
10083
10075
10084
10076
10085
10077
10086
10078
10087
10088
10080
10089
10475
10081
10090
10082
10091
10083
10092
10084
10093
10085
10094
10086
10095
10087
10096
10088
10097
10098
10090
10099
10584
10091
10100
10092
10101
10093
10102
10094
10103
10095
10104
10096
10105
10097
10106
10098
10107
10108
10100
10109
10693
10101
10110
10102
10111
10103
10112
10104
10113
10105
10114
10106
10115
10107
10116
10108
10117
10118
10110
10119
10802
10111
10120
10112
10121
10113
10122
10114
10123
10115
10124
10116
10125
10117
10126
10118
10127
10128
10120
10129
10911
10121
10130
10122
10131
10123
10132
10124
10133
10125
10134
10126
10135
10127
10136
10128
10137
10138
10130
10139
11020
10131
10140
10132
10141
10133
10142
10134
10143
10135
10144
10136
10145
10137
10146
10138
10147
10148
10140
11129
10141
10142
10143
10144
10145
10146
10147
10148
10150
10258
29349
10151
10259
29350
10152
10260
29351
10153
10261
29352
10154
10262
29353
10155
10263
29354
10156
10264
29355
10157
10265
29356
10158
10266
29357
10159
10267
29358
10160
10268
29359
10161
10269
29360
10162
10270
29361
10163
10271
29362
10164
10272
29363
10165
10273
29364
10166
10274
29365
10167
10275
29366
10168
10276
29367
10169
10277
29368
10170
10278
29369
10171
10279
29370
10172
10280
29371
10173
10281
29372
10174
10282
29373
10175
10283
29374
10176
10284
29375
10177
10285
29376
10178
10286
29377
10179
10287
29378
10180
10288
29379
10181
10289
29380
10182
10290
29381
10183
10291
29382
10184
10292
29383
10185
10293
29384
10186
10294
29385
10187
10295
29386
10188
10296
29387
10189
10297
29388
10190
10298
29389
10191
10299
29390
10192
10300
29391
10193
10301
29392
10194
10302
29393
10195
10303
29394
10196
10304
29395
10197
10305
29396
10198
10306
29397
10199
10307
29398
10200
10308
29399
10201
10309
29400
10202
10310
29401
10203
10311
29402
10204
10312
29403
10205
10313
29404
10206
10314
29405
10207
10315
29406
10208
10316
29407
10209
10317
29408
10210
10318
29409
10211
10319
29410
10212
10320
29411
10213
10321
29412
10214
10322
29413
10215
10323
29414
10216
10324
29415
10217
10325
29416
10218
10326
29417
10219
10327
29418
10220
10328
29419
10221
10329
29420
10222
10330
29421
10223
10331
29422
10224
10332
29423
10225
10333
29424
10226
10334
29425
10227
10335
29426
10228
10336
29427
10229
10337
29428
10230
10338
29429
10231
10339
29430
10232
10340
29431
10233
10341
29432
10234
10342
29433
10235
10343
29434
10236
10344
29435
10237
10345
29436
10238
10346
29437
10239
10347
29438
10240
10348
29439
10241
10349
29440
10242
10350
29441
10243
10351
29442
10244
10352
29443
10245
10353
29444
10246
10354
29445
10247
10355
29446
10248
10356
29447
10249
10357
29448
10250
10358
29449
10251
10359
29450
10252
10360
29451
10253
10361
29452
10254
10362
29453
10255
10363
29454
10256
10364
29455
10257
10365
29456
10366
29457
10259
10367
10260
10368
10261
10369
10262
10370
10263
10371
10264
10372
10265
10373
10266
10374
10267
10375
10268
10376
10269
10377
10270
10378
10271
10379
10272
10380
10273
10381
10274
10382
10275
10383
10276
10384
10277
10385
10278
10386
10279
10387
10280
10388
10281
10389
10282
10390
10283
10391
10284
10392
10285
10393
10286
10394
10287
10395
10288
10396
10289
10397
10290
10398
10291
10399
10292
10400
10293
10401
10294
10402
10295
10403
10296
10404
10297
10405
10298
10406
10299
10407
10300
10408
10301
10409
10302
10410
10303
10411
10304
10412
10305
10413
10306
10414
10307
10415
10308
10416
10309
10417
10310
10418
10311
10419
10312
10420
10313
10421
10314
10422
10315
10423
10316
10424
10317
10425
10318
10426
10319
10427
10320
10428
10321
10429
10322
10430
10323
10431
10324
10432
10325
10433
10326
10434
10327
10435
10328
10436
10329
10437
10330
10438
10331
10439
10332
10440
10333
10441
10334
10442
10335
10443
10336
10444
10337
10445
10338
10446
10339
10447
10340
10448
10341
10449
10342
10450
10343
10451
10344
10452
10345
10453
10346
10454
10347
10455
10348
10456
10349
10457
10350
10458
10351
10459
10352
10460
10353
10461
10354
10462
10355
10463
10356
10464
10357
10465
10358
10466
10359
10467
10360
10468
10361
10469
10362
10470
10363
10471
10364
10472
10365
10473
10366
10474
10475
10368
10476
10369
10477
10370
10478
10371
10479
10372
10480
10373
10481
10374
10482
10375
10483
10376
10484
10377
10485
10378
10486
10379
10487
10380
10488
10381
10489
10382
10490
10383
10491
10384
10492
10385
10493
10386
10494
10387
10495
10388
10496
10389
10497
10390
10498
10391
10499
10392
10500
10393
10501
10394
10502
10395
10503
10396
10504
10397
10505
10398
10506
10399
10507
10400
10508
10401
10509
10402
10510
10403
10511
10404
10512
10405
10513
10406
10514
10407
10515
10408
10516
10409
10517
10410
10518
10411
10519
10412
10520
10413
10521
10414
10522
10415
10523
10416
10524
10417
10525
10418
10526
10419
10527
10420
10528
10421
10529
10422
10530
10423
10531
10424
10532
10425
10533
10426
10534
10427
10535
10428
10536
10429
10537
10430
10538
10431
10539
10432
10540
10433
10541
10434
10542
10435
10543
10436
10544
10437
10545
10438
10546
10439
10547
10440
10548
10441
10549
10442
10550
10443
10551
10444
10552
10445
10553
10446
10554
10447
10555
10448
10556
10449
10557
10450
10558
10451
10559
10452
10560
10453
10561
10454
10562
10455
10563
10456
10564
10457
10565
10458
10566
10459
10567
10460
10568
10461
10569
10462
10570
10463
10571
10464
10572
10465
10573
10466
10574
10467
10575
10468
10576
10469
10577
10470
10578
10471
10579
10472
10580
10473
10581
10474
10582
10475
10583
10584
10477
10585
10478
10586
10479
10587
10480
10588
10481
10589
10482
10590
10483
10591
10484
10592
10485
10593
10486
10594
10487
10595
10488
10596
10489
10597
10490
10598
10491
10599
10492
10600
10493
10601
10494
10602
10495
10603
10496
10604
10497
10605
10498
10606
10499
10607
10500
10608
10501
10609
10502
10610
10503
10611
10504
10612
10505
10613
10506
10614
10507
10615
10508
10616
10509
10617
10510
10618
10511
10619
10512
10620
10513
10621
10514
10622
10515
10623
10516
10624
10517
10625
10518
10626
10519
10627
10520
10628
10521
10629
10522
10630
10523
10631
10524
10632
10525
10633
10526
10634
10527
10635
10528
10636
10529
10637
10530
10638
10531
10639
10532
10640
10533
10641
10534
10642
10535
10643
10536
10644
10537
10645
10538
10646
10539
10647
10540
10648
10541
10649
10542
10650
10543
10651
10544
10652
10545
10653
10546
10654
10547
10655
10548
10656
10549
10657
10550
10658
10551
10659
10552
10660
10553
10661
10554
10662
10555
10663
10556
10664
10557
10665
10558
10666
10559
10667
10560
10668
10561
10669
10562
10670
10563
10671
10564
10672
10565
10673
10566
10674
10567
10675
10568
10676
10569
10677
10570
10678
10571
10679
10572
10680
10573
10681
10574
10682
10575
10683
10576
10684
10577
10685
10578
10686
10579
10687
10580
10688
10581
10689
10582
10690
10583
10691
10584
10692
10693
10586
10694
10587
10695
10588
10696
10589
10697
10590
10698
10591
10699
10592
10700
10593
10701
10594
10702
10595
10703
10596
10704
10597
10705
10598
10706
10599
10707
10600
10708
10601
10709
10602
10710
10603
10711
10604
10712
10605
10713
10606
10714
10607
10715
10608
10716
10609
10717
10610
10718
10611
10719
10612
10720
10613
10721
10614
10722
10615
10723
10616
10724
10617
10725
10618
10726
10619
10727
10620
10728
10621
10729
10622
10730
10623
10731
10624
10732
10625
10733
10626
10734
10627
10735
10628
10736
10629
10737
10630
10738
10631
10739
10632
10740
10633
10741
10634
10742
10635
10743
10636
10744
10637
10745
10638
10746
10639
10747
10640
10748
10641
10749
10642
10750
10643
10751
10644
10752
10645
10753
10646
10754
10647
10755
10648
10756
10649
10757
10650
10758
10651
10759
10652
10760
10653
10761
10654
10762
10655
10763
10656
10764
10657
10765
10658
10766
10659
10767
10660
10768
10661
10769
10662
10770
10663
10771
10664
10772
10665
10773
10666
10774
10667
10775
10668
10776
10669
10777
10670
10778
10671
10779
10672
10780
10673
10781
10674
10782
10675
10783
10676
10784
10677
10785
10678
10786
10679
10787
10680
10788
10681
10789
10682
10790
10683
10791
10684
10792
10685
10793
10686
10794
10687
10795
10688
10796
10689
10797
10690
10798
10691
10799
10692
10800
10693
10801
10802
10695
10803
10696
10804
10697
10805
10698
10806
10699
10807
10700
10808
10701
10809
10702
10810
10703
10811
10704
10812
10705
10813
10706
10814
10707
10815
10708
10816
10709
10817
10710
10818
10711
10819
10712
10820
10713
10821
10714
10822
10715
10823
10716
10824
10717
10825
10718
10826
10719
10827
10720
10828
10721
10829
10722
10830
10723
10831
10724
10832
10725
10833
10726
10834
10727
10835
10728
10836
10729
10837
10730
10838
10731
10839
10732
10840
10733
10841
10734
10842
10735
10843
10736
10844
10737
10845
10738
10846
10739
10847
10740
10848
10741
10849
10742
10850
10743
10851
10744
10852
10745
10853
10746
10854
10747
10855
10748
10856
10749
10857
10750
10858
10751
10859
10752
10860
10753
10861
10754
10862
10755
10863
10756
10864
10757
10865
10758
10866
10759
10867
10760
10868
10761
10869
10762
10870
10763
10871
10764
10872
10765
10873
10766
10874
10767
10875
10768
10876
10769
10877
10770
10878
10771
10879
10772
10880
10773
10881
10774
10882
10775
10883
10776
10884
10777
10885
10778
10886
10779
10887
10780
10888
10781
10889
10782
10890
10783
10891
10784
10892
10785
10893
10786
10894
10787
10895
10788
10896
10789
10897
10790
10898
10791
10899
10792
10900
10793
10901
10794
10902
10795
10903
10796
10904
10797
10905
10798
10906
10799
10907
10800
10908
10801
10909
10802
10910
10911
10804
10912
10805
10913
10806
10914
10807
10915
10808
10916
10809
10917
10810
10918
10811
10919
10812
10920
10813
10921
10814
10922
10815
10923
10816
10924
10817
10925
10818
10926
10819
10927
10820
10928
10821
10929
10822
10930
10823
10931
10824
10932
10825
10933
10826
10934
10827
10935
10828
10936
10829
10937
10830
10938
10831
10939
10832
10940
10833
10941
10834
10942
10835
10943
10836
10944
10837
10945
10838
10946
10839
10947
10840
10948
10841
10949
10842
10950
10843
10951
10844
10952
10845
10953
10846
10954
10847
10955
10848
10956
10849
10957
10850
10958
10851
10959
10852
10960
10853
10961
10854
10962
10855
10963
10856
10964
10857
10965
10858
10966
10859
10967
10860
10968
10861
10969
10862
10970
10863
10971
10864
10972
10865
10973
10866
10974
10867
10975
10868
10976
10869
10977
10870
10978
10871
10979
10872
10980
10873
10981
10874
10982
10875
10983
10876
10984
10877
10985
10878
10986
10879
10987
10880
10988
10881
10989
10882
10990
10883
10991
10884
10992
10885
10993
10886
10994
10887
10995
10888
10996
10889
10997
10890
10998
10891
10999
10892
11000
10893
11001
10894
11002
10895
11003
10896
11004
10897
11005
10898
11006
10899
11007
10900
11008
10901
11009
10902
11010
10903
11011
10904
11012
10905
11013
10906
11014
10907
11015
10908
11016
10909
11017
10910
11018
10911
11019
11020
10913
11021
10914
11022
10915
11023
10916
11024
10917
11025
10918
11026
10919
11027
10920
11028
10921
11029
10922
11030
10923
11031
10924
11032
10925
11033
10926
11034
10927
11035
10928
11036
10929
11037
10930
11038
10931
11039
10932
11040
10933
11041
10934
11042
10935
11043
10936
11044
10937
11045
10938
11046
10939
11047
10940
11048
10941
11049
10942
11050
10943
11051
10944
11052
10945
11053
10946
11054
10947
11055
10948
11056
10949
11057
10950
11058
10951
11059
10952
11060
10953
11061
10954
11062
10955
11063
10956
11064
10957
11065
10958
11066
10959
11067
10960
11068
10961
11069
10962
11070
10963
11071
10964
11072
10965
11073
10966
11074
10967
11075
10968
11076
10969
11077
10970
11078
10971
11079
10972
11080
10973
11081
10974
11082
10975
11083
10976
11084
10977
11085
10978
11086
10979
11087
10980
11088
10981
11089
10982
11090
10983
11091
10984
11092
10985
11093
10986
11094
10987
11095
10988
11096
10989
11097
10990
11098
10991
11099
10992
11100
10993
11101
10994
11102
10995
11103
10996
11104
10997
11105
10998
11106
10999
11107
11000
11108
11001
11109
11002
11110
11003
11111
11004
11112
11005
11113
11006
11114
11007
11115
11008
11116
11009
11117
11010
11118
11011
11119
11012
11120
11013
11121
11014
11122
11015
11123
11016
11124
11017
11125
11018
11126
11019
11127
11020
11128
11129
11022
11130
11023
11131
11024
11132
11025
11133
11026
11134
11027
11135
11028
11136
11029
11137
11030
11138
11031
11139
11032
11140
11033
11141
11034
11142
11035
11143
11036
11144
11037
11145
11038
11146
11039
11147
11040
11148
11041
11149
11042
11150
11043
11151
11044
11152
11045
11153
11046
11154
11047
11155
11048
11156
11049
11157
11050
11158
11051
11159
11052
11160
11053
11161
11054
11162
11055
11163
11056
11164
11057
11165
11058
11166
11059
11167
11060
11168
11061
11169
11062
11170
11063
11171
11064
11172
11065
11173
11066
11174
11067
11175
11068
11176
11069
11177
11070
11178
11071
11179
11072
11180
11073
11181
11074
11182
11075
11183
11076
11184
11077
11185
11078
11186
11079
11187
11080
11188
11081
11189
11082
11190
11083
11191
11084
11192
11085
11193
11086
11194
11087
11195
11088
11196
11089
11197
11090
11198
11091
11199
11092
11200
11093
11201
11094
11202
11095
11203
11096
11204
11097
11205
11098
11206
11099
11207
11100
11208
11101
11209
11102
11210
11103
11211
11104
11212
11105
11213
11106
11214
11107
11215
11108
11216
11109
11217
11110
11218
11111
11219
11112
11220
11113
11221
11114
11222
11115
11223
11116
11224
11117
11225
11118
11226
11119
11227
11120
11228
11121
11229
11122
11230
11123
11231
11124
11232
11125
11233
11126
11234
11127
11235
11128
11236
11129
11237
11238
11131
11239
11132
11240
11133
11241
11134
11242
11135
11243
11136
11244
11137
11245
11138
11246
11139
11247
11140
11248
11141
11249
11142
11250
11143
11251
11144
11252
11145
11253
11146
11254
11147
11255
11148
11256
11149
11257
11150
11258
11151
11259
11152
11260
11153
11261
11154
11262
11155
11263
11156
11264
11157
11265
11158
11266
11159
11267
11160
11268
11161
11269
11162
11270
11163
11271
11164
11272
11165
11273
11166
11274
11167
11275
11168
11276
11169
11277
11170
11278
11171
11279
11172
11280
11173
11281
11174
11282
11175
11283
11176
11284
11177
11285
11178
11286
11179
11287
11180
11288
11181
11289
11182
11290
11183
11291
11184
11292
11185
11293
11186
11294
11187
11295
11188
11296
11189
11297
11190
11298
11191
11299
11192
11300
11193
11301
11194
11302
11195
11303
11196
11304
11197
11305
11198
11306
11199
11307
11200
11308
11201
11309
11202
11310
11203
11311
11204
11312
11205
11313
11206
11314
11207
11315
11208
11316
11209
11317
11210
11318
11211
11319
11212
11320
11213
11321
11214
11322
11215
11323
11216
11324
11217
11325
11218
11326
11219
11327
11220
11328
11221
11329
11222
11330
11223
11331
11224
11332
11225
11333
11226
11334
11227
11335
11228
11336
11229
11337
11230
11338
11231
11339
11232
11340
11233
11341
11234
11342
11235
11343
11236
11344
11237
11345
11238
11346
11347
17779
11240
11348
11241
11349
11242
11350
11243
11351
11244
11352
11245
11353
11246
11354
11247
11355
11248
11356
11249
11357
11250
11358
11251
11359
11252
11360
11253
11361
11254
11362
11255
11363
11256
11364
11257
11365
11258
11366
11259
11367
11260
11368
11261
11369
11262
11370
11263
11371
11264
11372
11265
11373
11266
11374
11267
11375
11268
11376
11269
11377
11270
11378
11271
11379
11272
11380
11273
11381
11274
11382
11275
11383
11276
11384
11277
11385
11278
11386
11279
11387
11280
11388
11281
11389
11282
11390
11283
11391
11284
11392
11285
11393
11286
11394
11287
11395
11288
11396
11289
11397
11290
11398
11291
11399
11292
11400
11293
11401
11294
11402
11295
11403
11296
11404
11297
11405
11298
11406
11299
11407
11300
11408
11301
11409
11302
11410
11303
11411
11304
11412
11305
11413
11306
11414
11307
11415
11308
11416
11309
11417
11310
11418
11311
11419
11312
11420
11313
11421
11314
11422
11315
11423
11316
11424
11317
11425
11318
11426
11319
11427
11320
11428
11321
11429
11322
11430
11323
11431
11324
11432
11325
11433
11326
11434
11327
11435
11328
11436
11329
11437
11330
11438
11331
11439
11332
11440
11333
11441
11334
11442
11335
11443
11336
11444
11337
11445
11338
11446
11339
11447
11340
11448
11341
11449
11342
11450
11343
11451
11344
11452
11345
11453
11346
11454
11347
11455
11456
17788
11349
11457
11350
11458
11351
11459
11352
11460
11353
11461
11354
11462
11355
11463
11356
11464
11357
11465
11358
11466
11359
11467
11360
11468
11361
11469
11362
11470
11363
11471
11364
11472
11365
11473
11366
11474
11367
11475
11368
11476
11369
11477
11370
11478
11371
11479
11372
11480
11373
11481
11374
11482
11375
11483
11376
11484
11377
11485
11378
11486
11379
11487
11380
11488
11381
11489
11382
11490
11383
11491
11384
11492
11385
11493
11386
11494
11387
11495
11388
11496
11389
11497
11390
11498
11391
11499
11392
11500
11393
11501
11394
11502
11395
11503
11396
11504
11397
11505
11398
11506
11399
11507
11400
11508
11401
11509
11402
11510
11403
11511
11404
11512
11405
11513
11406
11514
11407
11515
11408
11516
11409
11517
11410
11518
11411
11519
11412
11520
11413
11521
11414
11522
11415
11523
11416
11524
11417
11525
11418
11526
11419
11527
11420
11528
11421
11529
11422
11530
11423
11531
11424
11532
11425
11533
11426
11534
11427
11535
11428
11536
11429
11537
11430
11538
11431
11539
11432
11540
11433
11541
11434
11542
11435
11543
11436
11544
11437
11545
11438
11546
11439
11547
11440
11548
11441
11549
11442
11550
11443
11551
11444
11552
11445
11553
11446
11554
11447
11555
11448
11556
11449
11557
11450
11558
11451
11559
11452
11560
11453
11561
11454
11562
11455
11563
11456
11564
11565
17797
11458
11566
11459
11567
11460
11568
11461
11569
11462
11570
11463
11571
11464
11572
11465
11573
11466
11574
11467
11575
11468
11576
11469
11577
11470
11578
11471
11579
11472
11580
11473
11581
11474
11582
11475
11583
11476
11584
11477
11585
11478
11586
11479
11587
11480
11588
11481
11589
11482
11590
11483
11591
11484
11592
11485
11593
11486
11594
11487
11595
11488
11596
11489
11597
11490
11598
11491
11599
11492
11600
11493
11601
11494
11602
11495
11603
11496
11604
11497
11605
11498
11606
11499
11607
11500
11608
11501
11609
11502
11610
11503
11611
11504
11612
11505
11613
11506
11614
11507
11615
11508
11616
11509
11617
11510
11618
11511
11619
11512
11620
11513
11621
11514
11622
11515
11623
11516
11624
11517
11625
11518
11626
11519
11627
11520
11628
11521
11629
11522
11630
11523
11631
11524
11632
11525
11633
11526
11634
11527
11635
11528
11636
11529
11637
11530
11638
11531
11639
11532
11640
11533
11641
11534
11642
11535
11643
11536
11644
11537
11645
11538
11646
11539
11647
11540
11648
11541
11649
11542
11650
11543
11651
11544
11652
11545
11653
11546
11654
11547
11655
11548
11656
11549
11657
11550
11658
11551
11659
11552
11660
11553
11661
11554
11662
11555
11663
11556
11664
11557
11665
11558
11666
11559
11667
11560
11668
11561
11669
11562
11670
11563
11671
11564
11672
11565
11673
11674
17806
11567
11675
11568
11676
11569
11677
11570
11678
11571
11679
11572
11680
11573
11681
11574
11682
11575
11683
11576
11684
11577
11685
11578
11686
11579
11687
11580
11688
11581
11689
11582
11690
11583
11691
11584
11692
11585
11693
11586
11694
11587
11695
11588
11696
11589
11697
11590
11698
11591
11699
11592
11700
11593
11701
11594
11702
11595
11703
11596
11704
11597
11705
11598
11706
11599
11707
11600
11708
11601
11709
11602
11710
11603
11711
11604
11712
11605
11713
11606
11714
11607
11715
11608
11716
11609
11717
11610
11718
11611
11719
11612
11720
11613
11721
11614
11722
11615
11723
11616
11724
11617
11725
11618
11726
11619
11727
11620
11728
11621
11729
11622
11730
11623
11731
11624
11732
11625
11733
11626
11734
11627
11735
11628
11736
11629
11737
11630
11738
11631
11739
11632
11740
11633
11741
11634
11742
11635
11743
11636
11744
11637
11745
11638
11746
11639
11747
11640
11748
11641
11749
11642
11750
11643
11751
11644
11752
11645
11753
11646
11754
11647
11755
11648
11756
11649
11757
11650
11758
11651
11759
11652
11760
11653
11761
11654
11762
11655
11763
11656
11764
11657
11765
11658
11766
11659
11767
11660
11768
11661
11769
11662
11770
11663
11771
11664
11772
11665
11773
11666
11774
11667
11775
11668
11776
11669
11777
11670
11778
11671
11779
11672
11780
11673
11781
11674
11782
11783
17815
11676
11784
11677
11785
11678
11786
11679
11787
11680
11788
11681
11789
11682
11790
11683
11791
11684
11792
11685
11793
11686
11794
11687
11795
11688
11796
11689
11797
11690
11798
11691
11799
11692
11800
11693
11801
11694
11802
11695
11803
11696
11804
11697
11805
11698
11806
11699
11807
11700
11808
11701
11809
11702
11810
11703
11811
11704
11812
11705
11813
11706
11814
11707
11815
11708
11816
11709
11817
11710
11818
11711
11819
11712
11820
11713
11821
11714
11822
11715
11823
11716
11824
11717
11825
11718
11826
11719
11827
11720
11828
11721
11829
11722
11830
11723
11831
11724
11832
11725
11833
11726
11834
11727
11835
11728
11836
11729
11837
11730
11838
11731
11839
11732
11840
11733
11841
11734
11842
11735
11843
11736
11844
11737
11845
11738
11846
11739
11847
11740
11848
11741
11849
11742
11850
11743
11851
11744
11852
11745
11853
11746
11854
11747
11855
11748
11856
11749
11857
11750
11858
11751
11859
11752
11860
11753
11861
11754
11862
11755
11863
11756
11864
11757
11865
11758
11866
11759
11867
11760
11868
11761
11869
11762
11870
11763
11871
11764
11872
11765
11873
11766
11874
11767
11875
11768
11876
11769
11877
11770
11878
11771
11879
11772
11880
11773
11881
11774
11882
11775
11883
11776
11884
11777
11885
11778
11886
11779
11887
11780
11888
11781
11889
11782
11890
11783
11891
11892
17824
11785
11893
11786
11894
11787
11895
11788
11896
11789
11897
11790
11898
11791
11899
11792
11900
11793
11901
11794
11902
11795
11903
11796
11904
11797
11905
11798
11906
11799
11907
11800
11908
11801
11909
11802
11910
11803
11911
11804
11912
11805
11913
11806
11914
11807
11915
11808
11916
11809
11917
11810
11918
11811
11919
11812
11920
11813
11921
11814
11922
11815
11923
11816
11924
11817
11925
11818
11926
11819
11927
11820
11928
11821
11929
11822
11930
11823
11931
11824
11932
11825
11933
11826
11934
11827
11935
11828
11936
11829
11937
11830
11938
11831
11939
11832
11940
11833
11941
11834
11942
11835
11943
11836
11944
11837
11945
11838
11946
11839
11947
11840
11948
11841
11949
11842
11950
11843
11951
11844
11952
11845
11953
11846
11954
11847
11955
11848
11956
11849
11957
11850
11958
11851
11959
11852
11960
11853
11961
11854
11962
11855
11963
11856
11964
11857
11965
11858
11966
11859
11967
11860
11968
11861
11969
11862
11970
11863
11971
11864
11972
11865
11973
11866
11974
11867
11975
11868
11976
11869
11977
11870
11978
11871
11979
11872
11980
11873
11981
11874
11982
11875
11983
11876
11984
11877
11985
11878
11986
11879
11987
11880
11988
11881
11989
11882
11990
11883
11991
11884
11992
11885
11993
11886
11994
11887
11995
11888
11996
11889
11997
11890
11998
11891
11999
11892
12000
12001
17833
11894
12002
11895
12003
11896
12004
11897
12005
11898
12006
11899
12007
11900
12008
11901
12009
11902
12010
11903
12011
11904
12012
11905
12013
11906
12014
11907
12015
11908
12016
11909
12017
11910
12018
11911
12019
11912
12020
11913
12021
11914
12022
11915
12023
11916
12024
11917
12025
11918
12026
11919
12027
11920
12028
11921
12029
11922
12030
11923
12031
11924
12032
11925
12033
11926
12034
11927
12035
11928
12036
11929
12037
11930
12038
11931
12039
11932
12040
11933
12041
11934
12042
11935
12043
11936
12044
11937
12045
11938
12046
11939
12047
11940
12048
11941
12049
11942
12050
11943
12051
11944
12052
11945
12053
11946
12054
11947
12055
11948
12056
11949
12057
11950
12058
11951
12059
11952
12060
11953
12061
11954
12062
11955
12063
11956
12064
11957
12065
11958
12066
11959
12067
11960
12068
11961
12069
11962
12070
11963
12071
11964
12072
11965
12073
11966
12074
11967
12075
11968
12076
11969
12077
11970
12078
11971
12079
11972
12080
11973
12081
11974
12082
11975
12083
11976
12084
11977
12085
11978
12086
11979
12087
11980
12088
11981
12089
11982
12090
11983
12091
11984
12092
11985
12093
11986
12094
11987
12095
11988
12096
11989
12097
11990
12098
11991
12099
11992
12100
11993
12101
11994
12102
11995
12103
11996
12104
11997
12105
11998
12106
11999
12107
12000
12108
12001
12109
12110
17842
12003
12111
12004
12112
12005
12113
12006
12114
12007
12115
12008
12116
12009
12117
12010
12118
12011
12119
12012
12120
12013
12121
12014
12122
12015
12123
12016
12124
12017
12125
12018
12126
12019
12127
12020
12128
12021
12129
12022
12130
12023
12131
12024
12132
12025
12133
12026
12134
12027
12135
12028
12136
12029
12137
12030
12138
12031
12139
12032
12140
12033
12141
12034
12142
12035
12143
12036
12144
12037
12145
12038
12146
12039
12147
12040
12148
12041
12149
12042
12150
12043
12151
12044
12152
12045
12153
12046
12154
12047
12155
12048
12156
12049
12157
12050
12158
12051
12159
12052
12160
12053
12161
12054
12162
12055
12163
12056
12164
12057
12165
12058
12166
12059
12167
12060
12168
12061
12169
12062
12170
12063
12171
12064
12172
12065
12173
12066
12174
12067
12175
12068
12176
12069
12177
12070
12178
12071
12179
12072
12180
12073
12181
12074
12182
12075
12183
12076
12184
12077
12185
12078
12186
12079
12187
12080
12188
12081
12189
12082
12190
12083
12191
12084
12192
12085
12193
12086
12194
12087
12195
12088
12196
12089
12197
12090
12198
12091
12199
12092
12200
12093
12201
12094
12202
12095
12203
12096
12204
12097
12205
12098
12206
12099
12207
12100
12208
12101
12209
12102
12210
12103
12211
12104
12212
12105
12213
12106
12214
12107
12215
12108
12216
12109
12217
12110
12218
12219
17851
12112
12220
12113
12221
12114
12222
12115
12223
12116
12224
12117
12225
12118
12226
12119
12227
12120
12228
12121
12229
12122
12230
12123
12231
12124
12232
12125
12233
12126
12234
12127
12235
12128
12236
12129
12237
12130
12238
12131
12239
12132
12240
12133
12241
12134
12242
12135
12243
12136
12244
12137
12245
12138
12246
12139
12247
12140
12248
12141
12249
12142
12250
12143
12251
12144
12252
12145
12253
12146
12254
12147
12255
12148
12256
12149
12257
12150
12258
12151
12259
12152
12260
12153
12261
12154
12262
12155
12263
12156
12264
12157
12265
12158
12266
12159
12267
12160
12268
12161
12269
12162
12270
12163
12271
12164
12272
12165
12273
12166
12274
12167
12275
12168
12276
12169
12277
12170
12278
12171
12279
12172
12280
12173
12281
12174
12282
12175
12283
12176
12284
12177
12285
12178
12286
12179
12287
12180
12288
12181
12289
12182
12290
12183
12291
12184
12292
12185
12293
12186
12294
12187
12295
12188
12296
12189
12297
12190
12298
12191
12299
12192
12300
12193
12301
12194
12302
12195
12303
12196
12304
12197
12305
12198
12306
12199
12307
12200
12308
12201
12309
12202
12310
12203
12311
12204
12312
12205
12313
12206
12314
12207
12315
12208
12316
12209
12317
12210
12318
12211
12319
12212
12320
12213
12321
12214
12322
12215
12323
12216
12324
12217
12325
12218
12326
12219
12327
12328
17860
12221
12329
12222
12330
12223
12331
12224
12332
12225
12333
12226
12334
12227
12335
12228
12336
12229
12337
12230
12338
12231
12339
12232
12340
12233
12341
12234
12342
12235
12343
12236
12344
12237
12345
12238
12346
12239
12347
12240
12348
12241
12349
12242
12350
12243
12351
12244
12352
12245
12353
12246
12354
12247
12355
12248
12356
12249
12357
12250
12358
12251
12359
12252
12360
12253
12361
12254
12362
12255
12363
12256
12364
12257
12365
12258
12366
12259
12367
12260
12368
12261
12369
12262
12370
12263
12371
12264
12372
12265
12373
12266
12374
12267
12375
12268
12376
12269
12377
12270
12378
12271
12379
12272
12380
12273
12381
12274
12382
12275
12383
12276
12384
12277
12385
12278
12386
12279
12387
12280
12388
12281
12389
12282
12390
12283
12391
12284
12392
12285
12393
12286
12394
12287
12395
12288
12396
12289
12397
12290
12398
12291
12399
12292
12400
12293
12401
12294
12402
12295
12403
12296
12404
12297
12405
12298
12406
12299
12407
12300
12408
12301
12409
12302
12410
12303
12411
12304
12412
12305
12413
12306
12414
12307
12415
12308
12416
12309
12417
12310
12418
12311
12419
12312
12420
12313
12421
12314
12422
12315
12423
12316
12424
12317
12425
12318
12426
12319
12427
12320
12428
12321
12429
12322
12430
12323
12431
12324
12432
12325
12433
12326
12434
12327
12435
12328
12436
12437
17869
12330
12438
12331
12439
12332
12440
12333
12441
12334
12442
12335
12443
12336
12444
12337
12445
12338
12446
12339
12447
12340
12448
12341
12449
12342
12450
12343
12451
12344
12452
12345
12453
12346
12454
12347
12455
12348
12456
12349
12457
12350
12458
12351
12459
12352
12460
12353
12461
12354
12462
12355
12463
12356
12464
12357
12465
12358
12466
12359
12467
12360
12468
12361
12469
12362
12470
12363
12471
12364
12472
12365
12473
12366
12474
12367
12475
12368
12476
12369
12477
12370
12478
12371
12479
12372
12480
12373
12481
12374
12482
12375
12483
12376
12484
12377
12485
12378
12486
12379
12487
12380
12488
12381
12489
12382
12490
12383
12491
12384
12492
12385
12493
12386
12494
12387
12495
12388
12496
12389
12497
12390
12498
12391
12499
12392
12500
12393
12501
12394
12502
12395
12503
12396
12504
12397
12505
12398
12506
12399
12507
12400
12508
12401
12509
12402
12510
12403
12511
12404
12512
12405
12513
12406
12514
12407
12515
12408
12516
12409
12517
12410
12518
12411
12519
12412
12520
12413
12521
12414
12522
12415
12523
12416
12524
12417
12525
12418
12526
12419
12527
12420
12528
12421
12529
12422
12530
12423
12531
12424
12532
12425
12533
12426
12534
12427
12535
12428
12536
12429
12537
12430
12538
12431
12539
12432
12540
12433
12541
12434
12542
12435
12543
12436
12544
12437
12545
12546
17878
12439
12547
12440
12548
12441
12549
12442
12550
12443
12551
12444
12552
12445
12553
12446
12554
12447
12555
12448
12556
12449
12557
12450
12558
12451
12559
12452
12560
12453
12561
12454
12562
12455
12563
12456
12564
12457
12565
12458
12566
12459
12567
12460
12568
12461
12569
12462
12570
12463
12571
12464
12572
12465
12573
12466
12574
12467
12575
12468
12576
12469
12577
12470
12578
12471
12579
12472
12580
12473
12581
12474
12582
12475
12583
12476
12584
12477
12585
12478
12586
12479
12587
12480
12588
12481
12589
12482
12590
12483
12591
12484
12592
12485
12593
12486
12594
12487
12595
12488
12596
12489
12597
12490
12598
12491
12599
12492
12600
12493
12601
12494
12602
12495
12603
12496
12604
12497
12605
12498
12606
12499
12607
12500
12608
12501
12609
12502
12610
12503
12611
12504
12612
12505
12613
12506
12614
12507
12615
12508
12616
12509
12617
12510
12618
12511
12619
12512
12620
12513
12621
12514
12622
12515
12623
12516
12624
12517
12625
12518
12626
12519
12627
12520
12628
12521
12629
12522
12630
12523
12631
12524
12632
12525
12633
12526
12634
12527
12635
12528
12636
12529
12637
12530
12638
12531
12639
12532
12640
12533
12641
12534
12642
12535
12643
12536
12644
12537
12645
12538
12646
12539
12647
12540
12648
12541
12649
12542
12650
12543
12651
12544
12652
12545
12653
12546
12654
12655
17887
12548
12656
12549
12657
12550
12658
12551
12659
12552
12660
12553
12661
12554
12662
12555
12663
12556
12664
12557
12665
12558
12666
12559
12667
12560
12668
12561
12669
12562
12670
12563
12671
12564
12672
12565
12673
12566
12674
12567
12675
12568
12676
12569
12677
12570
12678
12571
12679
12572
12680
12573
12681
12574
12682
12575
12683
12576
12684
12577
12685
12578
12686
12579
12687
12580
12688
12581
12689
12582
12690
12583
12691
12584
12692
12585
12693
12586
12694
12587
12695
12588
12696
12589
12697
12590
12698
12591
12699
12592
12700
12593
12701
12594
12702
12595
12703
12596
12704
12597
12705
12598
12706
12599
12707
12600
12708
12601
12709
12602
12710
12603
12711
12604
12712
12605
12713
12606
12714
12607
12715
12608
12716
12609
12717
12610
12718
12611
12719
12612
12720
12613
12721
12614
12722
12615
12723
12616
12724
12617
12725
12618
12726
12619
12727
12620
12728
12621
12729
12622
12730
12623
12731
12624
12732
12625
12733
12626
12734
12627
12735
12628
12736
12629
12737
12630
12738
12631
12739
12632
12740
12633
12741
12634
12742
12635
12743
12636
12744
12637
12745
12638
12746
12639
12747
12640
12748
12641
12749
12642
12750
12643
12751
12644
12752
12645
12753
12646
12754
12647
12755
12648
12756
12649
12757
12650
12758
12651
12759
12652
12760
12653
12761
12654
12762
12655
12763
12764
17896
12657
12765
12658
12766
12659
12767
12660
12768
12661
12769
12662
12770
12663
12771
12664
12772
12665
12773
12666
12774
12667
12775
12668
12776
12669
12777
12670
12778
12671
12779
12672
12780
12673
12781
12674
12782
12675
12783
12676
12784
12677
12785
12678
12786
12679
12787
12680
12788
12681
12789
12682
12790
12683
12791
12684
12792
12685
12793
12686
12794
12687
12795
12688
12796
12689
12797
12690
12798
12691
12799
12692
12800
12693
12801
12694
12802
12695
12803
12696
12804
12697
12805
12698
12806
12699
12807
12700
12808
12701
12809
12702
12810
12703
12811
12704
12812
12705
12813
12706
12814
12707
12815
12708
12816
12709
12817
12710
12818
12711
12819
12712
12820
12713
12821
12714
12822
12715
12823
12716
12824
12717
12825
12718
12826
12719
12827
12720
12828
12721
12829
12722
12830
12723
12831
12724
12832
12725
12833
12726
12834
12727
12835
12728
12836
12729
12837
12730
12838
12731
12839
12732
12840
12733
12841
12734
12842
12735
12843
12736
12844
12737
12845
12738
12846
12739
12847
12740
12848
12741
12849
12742
12850
12743
12851
12744
12852
12745
12853
12746
12854
12747
12855
12748
12856
12749
12857
12750
12858
12751
12859
12752
12860
12753
12861
12754
12862
12755
12863
12756
12864
12757
12865
12758
12866
12759
12867
12760
12868
12761
12869
12762
12870
12763
12871
12764
12872
12873
17905
12766
12874
12767
12875
12768
12876
12769
12877
12770
12878
12771
12879
12772
12880
12773
12881
12774
12882
12775
12883
12776
12884
12777
12885
12778
12886
12779
12887
12780
12888
12781
12889
12782
12890
12783
12891
12784
12892
12785
12893
12786
12894
12787
12895
12788
12896
12789
12897
12790
12898
12791
12899
12792
12900
12793
12901
12794
12902
12795
12903
12796
12904
12797
12905
12798
12906
12799
12907
12800
12908
12801
12909
12802
12910
12803
12911
12804
12912
12805
12913
12806
12914
12807
12915
12808
12916
12809
12917
12810
12918
12811
12919
12812
12920
12813
12921
12814
12922
12815
12923
12816
12924
12817
12925
12818
12926
12819
12927
12820
12928
12821
12929
12822
12930
12823
12931
12824
12932
12825
12933
12826
12934
12827
12935
12828
12936
12829
12937
12830
12938
12831
12939
12832
12940
12833
12941
12834
12942
12835
12943
12836
12944
12837
12945
12838
12946
12839
12947
12840
12948
12841
12949
12842
12950
12843
12951
12844
12952
12845
12953
12846
12954
12847
12955
12848
12956
12849
12957
12850
12958
12851
12959
12852
12960
12853
12961
12854
12962
12855
12963
12856
12964
12857
12965
12858
12966
12859
12967
12860
12968
12861
12969
12862
12970
12863
12971
12864
12972
12865
12973
12866
12974
12867
12975
12868
12976
12869
12977
12870
12978
12871
12979
12872
12980
12873
12981
12982
17914
12875
12983
12876
12984
12877
12985
12878
12986
12879
12987
12880
12988
12881
12989
12882
12990
12883
12991
12884
12992
12885
12993
12886
12994
12887
12995
12888
12996
12889
12997
12890
12998
12891
12999
12892
13000
12893
13001
12894
13002
12895
13003
12896
13004
12897
13005
12898
13006
12899
13007
12900
13008
12901
13009
12902
13010
12903
13011
12904
13012
12905
13013
12906
13014
12907
13015
12908
13016
12909
13017
12910
13018
12911
13019
12912
13020
12913
13021
12914
13022
12915
13023
12916
13024
12917
13025
12918
13026
12919
13027
12920
13028
12921
13029
12922
13030
12923
13031
12924
13032
12925
13033
12926
13034
12927
13035
12928
13036
12929
13037
12930
13038
12931
13039
12932
13040
12933
13041
12934
13042
12935
13043
12936
13044
12937
13045
12938
13046
12939
13047
12940
13048
12941
13049
12942
13050
12943
13051
12944
13052
12945
13053
12946
13054
12947
13055
12948
13056
12949
13057
12950
13058
12951
13059
12952
13060
12953
13061
12954
13062
12955
13063
12956
13064
12957
13065
12958
13066
12959
13067
12960
13068
12961
13069
12962
13070
12963
13071
12964
13072
12965
13073
12966
13074
12967
13075
12968
13076
12969
13077
12970
13078
12971
13079
12972
13080
12973
13081
12974
13082
12975
13083
12976
13084
12977
13085
12978
13086
12979
13087
12980
13088
12981
13089
12982
13090
13091
17923
12984
13092
12985
13093
12986
13094
12987
13095
12988
13096
12989
13097
12990
13098
12991
13099
12992
13100
12993
13101
12994
13102
12995
13103
12996
13104
12997
13105
12998
13106
12999
13107
13000
13108
13001
13109
13002
13110
13003
13111
13004
13112
13005
13113
13006
13114
13007
13115
13008
13116
13009
13117
13010
13118
13011
13119
13012
13120
13013
13121
13014
13122
13015
13123
13016
13124
13017
13125
13018
13126
13019
13127
13020
13128
13021
13129
13022
13130
13023
13131
13024
13132
13025
13133
13026
13134
13027
13135
13028
13136
13029
13137
13030
13138
13031
13139
13032
13140
13033
13141
13034
13142
13035
13143
13036
13144
13037
13145
13038
13146
13039
13147
13040
13148
13041
13149
13042
13150
13043
13151
13044
13152
13045
13153
13046
13154
13047
13155
13048
13156
13049
13157
13050
13158
13051
13159
13052
13160
13053
13161
13054
13162
13055
13163
13056
13164
13057
13165
13058
13166
13059
13167
13060
13168
13061
13169
13062
13170
13063
13171
13064
13172
13065
13173
13066
13174
13067
13175
13068
13176
13069
13177
13070
13178
13071
13179
13072
13180
13073
13181
13074
13182
13075
13183
13076
13184
13077
13185
13078
13186
13079
13187
13080
13188
13081
13189
13082
13190
13083
13191
13084
13192
13085
13193
13086
13194
13087
13195
13088
13196
13089
13197
13090
13198
13091
13199
13200
17932
13093
13201
13094
13202
13095
13203
13096
13204
13097
13205
13098
13206
13099
13207
13100
13208
13101
13209
13102
13210
13103
13211
13104
13212
13105
13213
13106
13214
13107
13215
13108
13216
13109
13217
13110
13218
13111
13219
13112
13220
13113
13221
13114
13222
13115
13223
13116
13224
13117
13225
13118
13226
13119
13227
13120
13228
13121
13229
13122
13230
13123
13231
13124
13232
13125
13233
13126
13234
13127
13235
13128
13236
13129
13237
13130
13238
13131
13239
13132
13240
13133
13241
13134
13242
13135
13243
13136
13244
13137
13245
13138
13246
13139
13247
13140
13248
13141
13249
13142
13250
13143
13251
13144
13252
13145
13253
13146
13254
13147
13255
13148
13256
13149
13257
13150
13258
13151
13259
13152
13260
13153
13261
13154
13262
13155
13263
13156
13264
13157
13265
13158
13266
13159
13267
13160
13268
13161
13269
13162
13270
13163
13271
13164
13272
13165
13273
13166
13274
13167
13275
13168
13276
13169
13277
13170
13278
13171
13279
13172
13280
13173
13281
13174
13282
13175
13283
13176
13284
13177
13285
13178
13286
13179
13287
13180
13288
13181
13289
13182
13290
13183
13291
13184
13292
13185
13293
13186
13294
13187
13295
13188
13296
13189
13297
13190
13298
13191
13299
13192
13300
13193
13301
13194
13302
13195
13303
13196
13304
13197
13305
13198
13306
13199
13307
13200
13308
13309
17941
13202
13310
13203
13311
13204
13312
13205
13313
13206
13314
13207
13315
13208
13316
13209
13317
13210
13318
13211
13319
13212
13320
13213
13321
13214
13322
13215
13323
13216
13324
13217
13325
13218
13326
13219
13327
13220
13328
13221
13329
13222
13330
13223
13331
13224
13332
13225
13333
13226
13334
13227
13335
13228
13336
13229
13337
13230
13338
13231
13339
13232
13340
13233
13341
13234
13342
13235
13343
13236
13344
13237
13345
13238
13346
13239
13347
13240
13348
13241
13349
13242
13350
13243
13351
13244
13352
13245
13353
13246
13354
13247
13355
13248
13356
13249
13357
13250
13358
13251
13359
13252
13360
13253
13361
13254
13362
13255
13363
13256
13364
13257
13365
13258
13366
13259
13367
13260
13368
13261
13369
13262
13370
13263
13371
13264
13372
13265
13373
13266
13374
13267
13375
13268
13376
13269
13377
13270
13378
13271
13379
13272
13380
13273
13381
13274
13382
13275
13383
13276
13384
13277
13385
13278
13386
13279
13387
13280
13388
13281
13389
13282
13390
13283
13391
13284
13392
13285
13393
13286
13394
13287
13395
13288
13396
13289
13397
13290
13398
13291
13399
13292
13400
13293
13401
13294
13402
13295
13403
13296
13404
13297
13405
13298
13406
13299
13407
13300
13408
13301
13409
13302
13410
13303
13411
13304
13412
13305
13413
13306
13414
13307
13415
13308
13416
13309
13417
13418
17950
13311
13419
13312
13420
13313
13421
13314
13422
13315
13423
13316
13424
13317
13425
13318
13426
13319
13427
13320
13428
13321
13429
13322
13430
13323
13431
13324
13432
13325
13433
13326
13434
13327
13435
13328
13436
13329
13437
13330
13438
13331
13439
13332
13440
13333
13441
13334
13442
13335
13443
13336
13444
13337
13445
13338
13446
13339
13447
13340
13448
13341
13449
13342
13450
13343
13451
13344
13452
13345
13453
13346
13454
13347
13455
13348
13456
13349
13457
13350
13458
13351
13459
13352
13460
13353
13461
13354
13462
13355
13463
13356
13464
13357
13465
13358
13466
13359
13467
13360
13468
13361
13469
13362
13470
13363
13471
13364
13472
13365
13473
13366
13474
13367
13475
13368
13476
13369
13477
13370
13478
13371
13479
13372
13480
13373
13481
13374
13482
13375
13483
13376
13484
13377
13485
13378
13486
13379
13487
13380
13488
13381
13489
13382
13490
13383
13491
13384
13492
13385
13493
13386
13494
13387
13495
13388
13496
13389
13497
13390
13498
13391
13499
13392
13500
13393
13501
13394
13502
13395
13503
13396
13504
13397
13505
13398
13506
13399
13507
13400
13508
13401
13509
13402
13510
13403
13511
13404
13512
13405
13513
13406
13514
13407
13515
13408
13516
13409
13517
13410
13518
13411
13519
13412
13520
13413
13521
13414
13522
13415
13523
13416
13524
13417
13525
13418
13526
13527
17959
13420
13528
13421
13529
13422
13530
13423
13531
13424
13532
13425
13533
13426
13534
13427
13535
13428
13536
13429
13537
13430
13538
13431
13539
13432
13540
13433
13541
13434
13542
13435
13543
13436
13544
13437
13545
13438
13546
13439
13547
13440
13548
13441
13549
13442
13550
13443
13551
13444
13552
13445
13553
13446
13554
13447
13555
13448
13556
13449
13557
13450
13558
13451
13559
13452
13560
13453
13561
13454
13562
13455
13563
13456
13564
13457
13565
13458
13566
13459
13567
13460
13568
13461
13569
13462
13570
13463
13571
13464
13572
13465
13573
13466
13574
13467
13575
13468
13576
13469
13577
13470
13578
13471
13579
13472
13580
13473
13581
13474
13582
13475
13583
13476
13584
13477
13585
13478
13586
13479
13587
13480
13588
13481
13589
13482
13590
13483
13591
13484
13592
13485
13593
13486
13594
13487
13595
13488
13596
13489
13597
13490
13598
13491
13599
13492
13600
13493
13601
13494
13602
13495
13603
13496
13604
13497
13605
13498
13606
13499
13607
13500
13608
13501
13609
13502
13610
13503
13611
13504
13612
13505
13613
13506
13614
13507
13615
13508
13616
13509
13617
13510
13618
13511
13619
13512
13620
13513
13621
13514
13622
13515
13623
13516
13624
13517
13625
13518
13626
13519
13627
13520
13628
13521
13629
13522
13630
13523
13631
13524
13632
13525
13633
13526
13634
13527
13635
13636
17968
13529
13637
13530
13638
13531
13639
13532
13640
13533
13641
13534
13642
13535
13643
13536
13644
13537
13645
13538
13646
13539
13647
13540
13648
13541
13649
13542
13650
13543
13651
13544
13652
13545
13653
13546
13654
13547
13655
13548
13656
13549
13657
13550
13658
13551
13659
13552
13660
13553
13661
13554
13662
13555
13663
13556
13664
13557
13665
13558
13666
13559
13667
13560
13668
13561
13669
13562
13670
13563
13671
13564
13672
13565
13673
13566
13674
13567
13675
13568
13676
13569
13677
13570
13678
13571
13679
13572
13680
13573
13681
13574
13682
13575
13683
13576
13684
13577
13685
13578
13686
13579
13687
13580
13688
13581
13689
13582
13690
13583
13691
13584
13692
13585
13693
13586
13694
13587
13695
13588
13696
13589
13697
13590
13698
13591
13699
13592
13700
13593
13701
13594
13702
13595
13703
13596
13704
13597
13705
13598
13706
13599
13707
13600
13708
13601
13709
13602
13710
13603
13711
13604
13712
13605
13713
13606
13714
13607
13715
13608
13716
13609
13717
13610
13718
13611
13719
13612
13720
13613
13721
13614
13722
13615
13723
13616
13724
13617
13725
13618
13726
13619
13727
13620
13728
13621
13729
13622
13730
13623
13731
13624
13732
13625
13733
13626
13734
13627
13735
13628
13736
13629
13737
13630
13738
13631
13739
13632
13740
13633
13741
13634
13742
13635
13743
13636
13744
13745
17977
13638
13746
13639
13747
13640
13748
13641
13749
13642
13750
13643
13751
13644
13752
13645
13753
13646
13754
13647
13755
13648
13756
13649
13757
13650
13758
13651
13759
13652
13760
13653
13761
13654
13762
13655
13763
13656
13764
13657
13765
13658
13766
13659
13767
13660
13768
13661
13769
13662
13770
13663
13771
13664
13772
13665
13773
13666
13774
13667
13775
13668
13776
13669
13777
13670
13778
13671
13779
13672
13780
13673
13781
13674
13782
13675
13783
13676
13784
13677
13785
13678
13786
13679
13787
13680
13788
13681
13789
13682
13790
13683
13791
13684
13792
13685
13793
13686
13794
13687
13795
13688
13796
13689
13797
13690
13798
13691
13799
13692
13800
13693
13801
13694
13802
13695
13803
13696
13804
13697
13805
13698
13806
13699
13807
13700
13808
13701
13809
13702
13810
13703
13811
13704
13812
13705
13813
13706
13814
13707
13815
13708
13816
13709
13817
13710
13818
13711
13819
13712
13820
13713
13821
13714
13822
13715
13823
13716
13824
13717
13825
13718
13826
13719
13827
13720
13828
13721
13829
13722
13830
13723
13831
13724
13832
13725
13833
13726
13834
13727
13835
13728
13836
13729
13837
13730
13838
13731
13839
13732
13840
13733
13841
13734
13842
13735
13843
13736
13844
13737
13845
13738
13846
13739
13847
13740
13848
13741
13849
13742
13850
13743
13851
13744
13852
13745
13853
13854
17986
13747
13855
13748
13856
13749
13857
13750
13858
13751
13859
13752
13860
13753
13861
13754
13862
13755
13863
13756
13864
13757
13865
13758
13866
13759
13867
13760
13868
13761
13869
13762
13870
13763
13871
13764
13872
13765
13873
13766
13874
13767
13875
13768
13876
13769
13877
13770
13878
13771
13879
13772
13880
13773
13881
13774
13882
13775
13883
13776
13884
13777
13885
13778
13886
13779
13887
13780
13888
13781
13889
13782
13890
13783
13891
13784
13892
13785
13893
13786
13894
13787
13895
13788
13896
13789
13897
13790
13898
13791
13899
13792
13900
13793
13901
13794
13902
13795
13903
13796
13904
13797
13905
13798
13906
13799
13907
13800
13908
13801
13909
13802
13910
13803
13911
13804
13912
13805
13913
13806
13914
13807
13915
13808
13916
13809
13917
13810
13918
13811
13919
13812
13920
13813
13921
13814
13922
13815
13923
13816
13924
13817
13925
13818
13926
13819
13927
13820
13928
13821
13929
13822
13930
13823
13931
13824
13932
13825
13933
13826
13934
13827
13935
13828
13936
13829
13937
13830
13938
13831
13939
13832
13940
13833
13941
13834
13942
13835
13943
13836
13944
13837
13945
13838
13946
13839
13947
13840
13948
13841
13949
13842
13950
13843
13951
13844
13952
13845
13953
13846
13954
13847
13955
13848
13956
13849
13957
13850
13958
13851
13959
13852
13960
13853
13961
13854
13962
13963
17995
13856
13964
13857
13965
13858
13966
13859
13967
13860
13968
13861
13969
13862
13970
13863
13971
13864
13972
13865
13973
13866
13974
13867
13975
13868
13976
13869
13977
13870
13978
13871
13979
13872
13980
13873
13981
13874
13982
13875
13983
13876
13984
13877
13985
13878
13986
13879
13987
13880
13988
13881
13989
13882
13990
13883
13991
13884
13992
13885
13993
13886
13994
13887
13995
13888
13996
13889
13997
13890
13998
13891
13999
13892
14000
13893
14001
13894
14002
13895
14003
13896
14004
13897
14005
13898
14006
13899
14007
13900
14008
13901
14009
13902
14010
13903
14011
13904
14012
13905
14013
13906
14014
13907
14015
13908
14016
13909
14017
13910
14018
13911
14019
13912
14020
13913
14021
13914
14022
13915
14023
13916
14024
13917
14025
13918
14026
13919
14027
13920
14028
13921
14029
13922
14030
13923
14031
13924
14032
13925
14033
13926
14034
13927
14035
13928
14036
13929
14037
13930
14038
13931
14039
13932
14040
13933
14041
13934
14042
13935
14043
13936
14044
13937
14045
13938
14046
13939
14047
13940
14048
13941
14049
13942
14050
13943
14051
13944
14052
13945
14053
13946
14054
13947
14055
13948
14056
13949
14057
13950
14058
13951
14059
13952
14060
13953
14061
13954
14062
13955
14063
13956
14064
13957
14065
13958
14066
13959
14067
13960
14068
13961
14069
13962
14070
13963
14071
14072
18004
13965
14073
13966
14074
13967
14075
13968
14076
13969
14077
13970
14078
13971
14079
13972
14080
13973
14081
13974
14082
13975
14083
13976
14084
13977
14085
13978
14086
13979
14087
13980
14088
13981
14089
13982
14090
13983
14091
13984
14092
13985
14093
13986
14094
13987
14095
13988
14096
13989
14097
13990
14098
13991
14099
13992
14100
13993
14101
13994
14102
13995
14103
13996
14104
13997
14105
13998
14106
13999
14107
14000
14108
14001
14109
14002
14110
14003
14111
14004
14112
14005
14113
14006
14114
14007
14115
14008
14116
14009
14117
14010
14118
14011
14119
14012
14120
14013
14121
14014
14122
14015
14123
14016
14124
14017
14125
14018
14126
14019
14127
14020
14128
14021
14129
14022
14130
14023
14131
14024
14132
14025
14133
14026
14134
14027
14135
14028
14136
14029
14137
14030
14138
14031
14139
14032
14140
14033
14141
14034
14142
14035
14143
14036
14144
14037
14145
14038
14146
14039
14147
14040
14148
14041
14149
14042
14150
14043
14151
14044
14152
14045
14153
14046
14154
14047
14155
14048
14156
14049
14157
14050
14158
14051
14159
14052
14160
14053
14161
14054
14162
14055
14163
14056
14164
14057
14165
14058
14166
14059
14167
14060
14168
14061
14169
14062
14170
14063
14171
14064
14172
14065
14173
14066
14174
14067
14175
14068
14176
14069
14177
14070
14178
14071
14179
14072
14180
14181
18013
14074
14182
14075
14183
14076
14184
14077
14185
14078
14186
14079
14187
14080
14188
14081
14189
14082
14190
14083
14191
14084
14192
14085
14193
14086
14194
14087
14195
14088
14196
14089
14197
14090
14198
14091
14199
14092
14200
14093
14201
14094
14202
14095
14203
14096
14204
14097
14205
14098
14206
14099
14207
14100
14208
14101
14209
14102
14210
14103
14211
14104
14212
14105
14213
14106
14214
14107
14215
14108
14216
14109
14217
14110
14218
14111
14219
14112
14220
14113
14221
14114
14222
14115
14223
14116
14224
14117
14225
14118
14226
14119
14227
14120
14228
14121
14229
14122
14230
14123
14231
14124
14232
14125
14233
14126
14234
14127
14235
14128
14236
14129
14237
14130
14238
14131
14239
14132
14240
14133
14241
14134
14242
14135
14243
14136
14244
14137
14245
14138
14246
14139
14247
14140
14248
14141
14249
14142
14250
14143
14251
14144
14252
14145
14253
14146
14254
14147
14255
14148
14256
14149
14257
14150
14258
14151
14259
14152
14260
14153
14261
14154
14262
14155
14263
14156
14264
14157
14265
14158
14266
14159
14267
14160
14268
14161
14269
14162
14270
14163
14271
14164
14272
14165
14273
14166
14274
14167
14275
14168
14276
14169
14277
14170
14278
14171
14279
14172
14280
14173
14281
14174
14282
14175
14283
14176
14284
14177
14285
14178
14286
14179
14287
14180
14288
14181
14289
14290
18022
14183
14291
14184
14292
14185
14293
14186
14294
14187
14295
14188
14296
14189
14297
14190
14298
14191
14299
14192
14300
14193
14301
14194
14302
14195
14303
14196
14304
14197
14305
14198
14306
14199
14307
14200
14308
14201
14309
14202
14310
14203
14311
14204
14312
14205
14313
14206
14314
14207
14315
14208
14316
14209
14317
14210
14318
14211
14319
14212
14320
14213
14321
14214
14322
14215
14323
14216
14324
14217
14325
14218
14326
14219
14327
14220
14328
14221
14329
14222
14330
14223
14331
14224
14332
14225
14333
14226
14334
14227
14335
14228
14336
14229
14337
14230
14338
14231
14339
14232
14340
14233
14341
14234
14342
14235
14343
14236
14344
14237
14345
14238
14346
14239
14347
14240
14348
14241
14349
14242
14350
14243
14351
14244
14352
14245
14353
14246
14354
14247
14355
14248
14356
14249
14357
14250
14358
14251
14359
14252
14360
14253
14361
14254
14362
14255
14363
14256
14364
14257
14365
14258
14366
14259
14367
14260
14368
14261
14369
14262
14370
14263
14371
14264
14372
14265
14373
14266
14374
14267
14375
14268
14376
14269
14377
14270
14378
14271
14379
14272
14380
14273
14381
14274
14382
14275
14383
14276
14384
14277
14385
14278
14386
14279
14387
14280
14388
14281
14389
14282
14390
14283
14391
14284
14392
14285
14393
14286
14394
14287
14395
14288
14396
14289
14397
14290
14398
14399
18031
14292
14400
14293
14401
14294
14402
14295
14403
14296
14404
14297
14405
14298
14406
14299
14407
14300
14408
14301
14409
14302
14410
14303
14411
14304
14412
14305
14413
14306
14414
14307
14415
14308
14416
14309
14417
14310
14418
14311
14419
14312
14420
14313
14421
14314
14422
14315
14423
14316
14424
14317
14425
14318
14426
14319
14427
14320
14428
14321
14429
14322
14430
14323
14431
14324
14432
14325
14433
14326
14434
14327
14435
14328
14436
14329
14437
14330
14438
14331
14439
14332
14440
14333
14441
14334
14442
14335
14443
14336
14444
14337
14445
14338
14446
14339
14447
14340
14448
14341
14449
14342
14450
14343
14451
14344
14452
14345
14453
14346
14454
14347
14455
14348
14456
14349
14457
14350
14458
14351
14459
14352
14460
14353
14461
14354
14462
14355
14463
14356
14464
14357
14465
14358
14466
14359
14467
14360
14468
14361
14469
14362
14470
14363
14471
14364
14472
14365
14473
14366
14474
14367
14475
14368
14476
14369
14477
14370
14478
14371
14479
14372
14480
14373
14481
14374
14482
14375
14483
14376
14484
14377
14485
14378
14486
14379
14487
14380
14488
14381
14489
14382
14490
14383
14491
14384
14492
14385
14493
14386
14494
14387
14495
14388
14496
14389
14497
14390
14498
14391
14499
14392
14500
14393
14501
14394
14502
14395
14503
14396
14504
14397
14505
14398
14506
14399
14507
14508
18040
14401
14509
14402
14510
14403
14511
14404
14512
14405
14513
14406
14514
14407
14515
14408
14516
14409
14517
14410
14518
14411
14519
14412
14520
14413
14521
14414
14522
14415
14523
14416
14524
14417
14525
14418
14526
14419
14527
14420
14528
14421
14529
14422
14530
14423
14531
14424
14532
14425
14533
14426
14534
14427
14535
14428
14536
14429
14537
14430
14538
14431
14539
14432
14540
14433
14541
14434
14542
14435
14543
14436
14544
14437
14545
14438
14546
14439
14547
14440
14548
14441
14549
14442
14550
14443
14551
14444
14552
14445
14553
14446
14554
14447
14555
14448
14556
14449
14557
14450
14558
14451
14559
14452
14560
14453
14561
14454
14562
14455
14563
14456
14564
14457
14565
14458
14566
14459
14567
14460
14568
14461
14569
14462
14570
14463
14571
14464
14572
14465
14573
14466
14574
14467
14575
14468
14576
14469
14577
14470
14578
14471
14579
14472
14580
14473
14581
14474
14582
14475
14583
14476
14584
14477
14585
14478
14586
14479
14587
14480
14588
14481
14589
14482
14590
14483
14591
14484
14592
14485
14593
14486
14594
14487
14595
14488
14596
14489
14597
14490
14598
14491
14599
14492
14600
14493
14601
14494
14602
14495
14603
14496
14604
14497
14605
14498
14606
14499
14607
14500
14608
14501
14609
14502
14610
14503
14611
14504
14612
14505
14613
14506
14614
14507
14615
14508
14616
14617
18049
14510
14618
14511
14619
14512
14620
14513
14621
14514
14622
14515
14623
14516
14624
14517
14625
14518
14626
14519
14627
14520
14628
14521
14629
14522
14630
14523
14631
14524
14632
14525
14633
14526
14634
14527
14635
14528
14636
14529
14637
14530
14638
14531
14639
14532
14640
14533
14641
14534
14642
14535
14643
14536
14644
14537
14645
14538
14646
14539
14647
14540
14648
14541
14649
14542
14650
14543
14651
14544
14652
14545
14653
14546
14654
14547
14655
14548
14656
14549
14657
14550
14658
14551
14659
14552
14660
14553
14661
14554
14662
14555
14663
14556
14664
14557
14665
14558
14666
14559
14667
14560
14668
14561
14669
14562
14670
14563
14671
14564
14672
14565
14673
14566
14674
14567
14675
14568
14676
14569
14677
14570
14678
14571
14679
14572
14680
14573
14681
14574
14682
14575
14683
14576
14684
14577
14685
14578
14686
14579
14687
14580
14688
14581
14689
14582
14690
14583
14691
14584
14692
14585
14693
14586
14694
14587
14695
14588
14696
14589
14697
14590
14698
14591
14699
14592
14700
14593
14701
14594
14702
14595
14703
14596
14704
14597
14705
14598
14706
14599
14707
14600
14708
14601
14709
14602
14710
14603
14711
14604
14712
14605
14713
14606
14714
14607
14715
14608
14716
14609
14717
14610
14718
14611
14719
14612
14720
14613
14721
14614
14722
14615
14723
14616
14724
14617
14725
14726
18058
14619
14727
14620
14728
14621
14729
14622
14730
14623
14731
14624
14732
14625
14733
14626
14734
14627
14735
14628
14736
14629
14737
14630
14738
14631
14739
14632
14740
14633
14741
14634
14742
14635
14743
14636
14744
14637
14745
14638
14746
14639
14747
14640
14748
14641
14749
14642
14750
14643
14751
14644
14752
14645
14753
14646
14754
14647
14755
14648
14756
14649
14757
14650
14758
14651
14759
14652
14760
14653
14761
14654
14762
14655
14763
14656
14764
14657
14765
14658
14766
14659
14767
14660
14768
14661
14769
14662
14770
14663
14771
14664
14772
14665
14773
14666
14774
14667
14775
14668
14776
14669
14777
14670
14778
14671
14779
14672
14780
14673
14781
14674
14782
14675
14783
14676
14784
14677
14785
14678
14786
14679
14787
14680
14788
14681
14789
14682
14790
14683
14791
14684
14792
14685
14793
14686
14794
14687
14795
14688
14796
14689
14797
14690
14798
14691
14799
14692
14800
14693
14801
14694
14802
14695
14803
14696
14804
14697
14805
14698
14806
14699
14807
14700
14808
14701
14809
14702
14810
14703
14811
14704
14812
14705
14813
14706
14814
14707
14815
14708
14816
14709
14817
14710
14818
14711
14819
14712
14820
14713
14821
14714
14822
14715
14823
14716
14824
14717
14825
14718
14826
14719
14827
14720
14828
14721
14829
14722
14830
14723
14831
14724
14832
14725
14833
14726
14834
14835
18067
14728
14836
14729
14837
14730
14838
14731
14839
14732
14840
14733
14841
14734
14842
14735
14843
14736
14844
14737
14845
14738
14846
14739
14847
14740
14848
14741
14849
14742
14850
14743
14851
14744
14852
14745
14853
14746
14854
14747
14855
14748
14856
14749
14857
14750
14858
14751
14859
14752
14860
14753
14861
14754
14862
14755
14863
14756
14864
14757
14865
14758
14866
14759
14867
14760
14868
14761
14869
14762
14870
14763
14871
14764
14872
14765
14873
14766
14874
14767
14875
14768
14876
14769
14877
14770
14878
14771
14879
14772
14880
14773
14881
14774
14882
14775
14883
14776
14884
14777
14885
14778
14886
14779
14887
14780
14888
14781
14889
14782
14890
14783
14891
14784
14892
14785
14893
14786
14894
14787
14895
14788
14896
14789
14897
14790
14898
14791
14899
14792
14900
14793
14901
14794
14902
14795
14903
14796
14904
14797
14905
14798
14906
14799
14907
14800
14908
14801
14909
14802
14910
14803
14911
14804
14912
14805
14913
14806
14914
14807
14915
14808
14916
14809
14917
14810
14918
14811
14919
14812
14920
14813
14921
14814
14922
14815
14923
14816
14924
14817
14925
14818
14926
14819
14927
14820
14928
14821
14929
14822
14930
14823
14931
14824
14932
14825
14933
14826
14934
14827
14935
14828
14936
14829
14937
14830
14938
14831
14939
14832
14940
14833
14941
14834
14942
14835
14943
14944
18076
14837
14945
14838
14946
14839
14947
14840
14948
14841
14949
14842
14950
14843
14951
14844
14952
14845
14953
14846
14954
14847
14955
14848
14956
14849
14957
14850
14958
14851
14959
14852
14960
14853
14961
14854
14962
14855
14963
14856
14964
14857
14965
14858
14966
14859
14967
14860
14968
14861
14969
14862
14970
14863
14971
14864
14972
14865
14973
14866
14974
14867
14975
14868
14976
14869
14977
14870
14978
14871
14979
14872
14980
14873
14981
14874
14982
14875
14983
14876
14984
14877
14985
14878
14986
14879
14987
14880
14988
14881
14989
14882
14990
14883
14991
14884
14992
14885
14993
14886
14994
14887
14995
14888
14996
14889
14997
14890
14998
14891
14999
14892
15000
14893
15001
14894
15002
14895
15003
14896
15004
14897
15005
14898
15006
14899
15007
14900
15008
14901
15009
14902
15010
14903
15011
14904
15012
14905
15013
14906
15014
14907
15015
14908
15016
14909
15017
14910
15018
14911
15019
14912
15020
14913
15021
14914
15022
14915
15023
14916
15024
14917
15025
14918
15026
14919
15027
14920
15028
14921
15029
14922
15030
14923
15031
14924
15032
14925
15033
14926
15034
14927
15035
14928
15036
14929
15037
14930
15038
14931
15039
14932
15040
14933
15041
14934
15042
14935
15043
14936
15044
14937
15045
14938
15046
14939
15047
14940
15048
14941
15049
14942
15050
14943
15051
14944
15052
15053
18085
14946
15054
14947
15055
14948
15056
14949
15057
14950
15058
14951
15059
14952
15060
14953
15061
14954
15062
14955
15063
14956
15064
14957
15065
14958
15066
14959
15067
14960
15068
14961
15069
14962
15070
14963
15071
14964
15072
14965
15073
14966
15074
14967
15075
14968
15076
14969
15077
14970
15078
14971
15079
14972
15080
14973
15081
14974
15082
14975
15083
14976
15084
14977
15085
14978
15086
14979
15087
14980
15088
14981
15089
14982
15090
14983
15091
14984
15092
14985
15093
14986
15094
14987
15095
14988
15096
14989
15097
14990
15098
14991
15099
14992
15100
14993
15101
14994
15102
14995
15103
14996
15104
14997
15105
14998
15106
14999
15107
15000
15108
15001
15109
15002
15110
15003
15111
15004
15112
15005
15113
15006
15114
15007
15115
15008
15116
15009
15117
15010
15118
15011
15119
15012
15120
15013
15121
15014
15122
15015
15123
15016
15124
15017
15125
15018
15126
15019
15127
15020
15128
15021
15129
15022
15130
15023
15131
15024
15132
15025
15133
15026
15134
15027
15135
15028
15136
15029
15137
15030
15138
15031
15139
15032
15140
15033
15141
15034
15142
15035
15143
15036
15144
15037
15145
15038
15146
15039
15147
15040
15148
15041
15149
15042
15150
15043
15151
15044
15152
15045
15153
15046
15154
15047
15155
15048
15156
15049
15157
15050
15158
15051
15159
15052
15160
15053
15161
15162
18094
15055
15163
15056
15164
15057
15165
15058
15166
15059
15167
15060
15168
15061
15169
15062
15170
15063
15171
15064
15172
15065
15173
15066
15174
15067
15175
15068
15176
15069
15177
15070
15178
15071
15179
15072
15180
15073
15181
15074
15182
15075
15183
15076
15184
15077
15185
15078
15186
15079
15187
15080
15188
15081
15189
15082
15190
15083
15191
15084
15192
15085
15193
15086
15194
15087
15195
15088
15196
15089
15197
15090
15198
15091
15199
15092
15200
15093
15201
15094
15202
15095
15203
15096
15204
15097
15205
15098
15206
15099
15207
15100
15208
15101
15209
15102
15210
15103
15211
15104
15212
15105
15213
15106
15214
15107
15215
15108
15216
15109
15217
15110
15218
15111
15219
15112
15220
15113
15221
15114
15222
15115
15223
15116
15224
15117
15225
15118
15226
15119
15227
15120
15228
15121
15229
15122
15230
15123
15231
15124
15232
15125
15233
15126
15234
15127
15235
15128
15236
15129
15237
15130
15238
15131
15239
15132
15240
15133
15241
15134
15242
15135
15243
15136
15244
15137
15245
15138
15246
15139
15247
15140
15248
15141
15249
15142
15250
15143
15251
15144
15252
15145
15253
15146
15254
15147
15255
15148
15256
15149
15257
15150
15258
15151
15259
15152
15260
15153
15261
15154
15262
15155
15263
15156
15264
15157
15265
15158
15266
15159
15267
15160
15268
15161
15269
15162
15270
15271
18103
15164
15272
15165
15273
15166
15274
15167
15275
15168
15276
15169
15277
15170
15278
15171
15279
15172
15280
15173
15281
15174
15282
15175
15283
15176
15284
15177
15285
15178
15286
15179
15287
15180
15288
15181
15289
15182
15290
15183
15291
15184
15292
15185
15293
15186
15294
15187
15295
15188
15296
15189
15297
15190
15298
15191
15299
15192
15300
15193
15301
15194
15302
15195
15303
15196
15304
15197
15305
15198
15306
15199
15307
15200
15308
15201
15309
15202
15310
15203
15311
15204
15312
15205
15313
15206
15314
15207
15315
15208
15316
15209
15317
15210
15318
15211
15319
15212
15320
15213
15321
15214
15322
15215
15323
15216
15324
15217
15325
15218
15326
15219
15327
15220
15328
15221
15329
15222
15330
15223
15331
15224
15332
15225
15333
15226
15334
15227
15335
15228
15336
15229
15337
15230
15338
15231
15339
15232
15340
15233
15341
15234
15342
15235
15343
15236
15344
15237
15345
15238
15346
15239
15347
15240
15348
15241
15349
15242
15350
15243
15351
15244
15352
15245
15353
15246
15354
15247
15355
15248
15356
15249
15357
15250
15358
15251
15359
15252
15360
15253
15361
15254
15362
15255
15363
15256
15364
15257
15365
15258
15366
15259
15367
15260
15368
15261
15369
15262
15370
15263
15371
15264
15372
15265
15373
15266
15374
15267
15375
15268
15376
15269
15377
15270
15378
15271
15379
15380
18112
15273
15381
15274
15382
15275
15383
15276
15384
15277
15385
15278
15386
15279
15387
15280
15388
15281
15389
15282
15390
15283
15391
15284
15392
15285
15393
15286
15394
15287
15395
15288
15396
15289
15397
15290
15398
15291
15399
15292
15400
15293
15401
15294
15402
15295
15403
15296
15404
15297
15405
15298
15406
15299
15407
15300
15408
15301
15409
15302
15410
15303
15411
15304
15412
15305
15413
15306
15414
15307
15415
15308
15416
15309
15417
15310
15418
15311
15419
15312
15420
15313
15421
15314
15422
15315
15423
15316
15424
15317
15425
15318
15426
15319
15427
15320
15428
15321
15429
15322
15430
15323
15431
15324
15432
15325
15433
15326
15434
15327
15435
15328
15436
15329
15437
15330
15438
15331
15439
15332
15440
15333
15441
15334
15442
15335
15443
15336
15444
15337
15445
15338
15446
15339
15447
15340
15448
15341
15449
15342
15450
15343
15451
15344
15452
15345
15453
15346
15454
15347
15455
15348
15456
15349
15457
15350
15458
15351
15459
15352
15460
15353
15461
15354
15462
15355
15463
15356
15464
15357
15465
15358
15466
15359
15467
15360
15468
15361
15469
15362
15470
15363
15471
15364
15472
15365
15473
15366
15474
15367
15475
15368
15476
15369
15477
15370
15478
15371
15479
15372
15480
15373
15481
15374
15482
15375
15483
15376
15484
15377
15485
15378
15486
15379
15487
15380
15488
15489
18121
15382
15490
15383
15491
15384
15492
15385
15493
15386
15494
15387
15495
15388
15496
15389
15497
15390
15498
15391
15499
15392
15500
15393
15501
15394
15502
15395
15503
15396
15504
15397
15505
15398
15506
15399
15507
15400
15508
15401
15509
15402
15510
15403
15511
15404
15512
15405
15513
15406
15514
15407
15515
15408
15516
15409
15517
15410
15518
15411
15519
15412
15520
15413
15521
15414
15522
15415
15523
15416
15524
15417
15525
15418
15526
15419
15527
15420
15528
15421
15529
15422
15530
15423
15531
15424
15532
15425
15533
15426
15534
15427
15535
15428
15536
15429
15537
15430
15538
15431
15539
15432
15540
15433
15541
15434
15542
15435
15543
15436
15544
15437
15545
15438
15546
15439
15547
15440
15548
15441
15549
15442
15550
15443
15551
15444
15552
15445
15553
15446
15554
15447
15555
15448
15556
15449
15557
15450
15558
15451
15559
15452
15560
15453
15561
15454
15562
15455
15563
15456
15564
15457
15565
15458
15566
15459
15567
15460
15568
15461
15569
15462
15570
15463
15571
15464
15572
15465
15573
15466
15574
15467
15575
15468
15576
15469
15577
15470
15578
15471
15579
15472
15580
15473
15581
15474
15582
15475
15583
15476
15584
15477
15585
15478
15586
15479
15587
15480
15588
15481
15589
15482
15590
15483
15591
15484
15592
15485
15593
15486
15594
15487
15595
15488
15596
15489
15597
15598
18130
15491
15599
15492
15600
15493
15601
15494
15602
15495
15603
15496
15604
15497
15605
15498
15606
15499
15607
15500
15608
15501
15609
15502
15610
15503
15611
15504
15612
15505
15613
15506
15614
15507
15615
15508
15616
15509
15617
15510
15618
15511
15619
15512
15620
15513
15621
15514
15622
15515
15623
15516
15624
15517
15625
15518
15626
15519
15627
15520
15628
15521
15629
15522
15630
15523
15631
15524
15632
15525
15633
15526
15634
15527
15635
15528
15636
15529
15637
15530
15638
15531
15639
15532
15640
15533
15641
15534
15642
15535
15643
15536
15644
15537
15645
15538
15646
15539
15647
15540
15648
15541
15649
15542
15650
15543
15651
15544
15652
15545
15653
15546
15654
15547
15655
15548
15656
15549
15657
15550
15658
15551
15659
15552
15660
15553
15661
15554
15662
15555
15663
15556
15664
15557
15665
15558
15666
15559
15667
15560
15668
15561
15669
15562
15670
15563
15671
15564
15672
15565
15673
15566
15674
15567
15675
15568
15676
15569
15677
15570
15678
15571
15679
15572
15680
15573
15681
15574
15682
15575
15683
15576
15684
15577
15685
15578
15686
15579
15687
15580
15688
15581
15689
15582
15690
15583
15691
15584
15692
15585
15693
15586
15694
15587
15695
15588
15696
15589
15697
15590
15698
15591
15699
15592
15700
15593
15701
15594
15702
15595
15703
15596
15704
15597
15705
15598
15706
15707
18139
15600
15708
15601
15709
15602
15710
15603
15711
15604
15712
15605
15713
15606
15714
15607
15715
15608
15716
15609
15717
15610
15718
15611
15719
15612
15720
15613
15721
15614
15722
15615
15723
15616
15724
15617
15725
15618
15726
15619
15727
15620
15728
15621
15729
15622
15730
15623
15731
15624
15732
15625
15733
15626
15734
15627
15735
15628
15736
15629
15737
15630
15738
15631
15739
15632
15740
15633
15741
15634
15742
15635
15743
15636
15744
15637
15745
15638
15746
15639
15747
15640
15748
15641
15749
15642
15750
15643
15751
15644
15752
15645
15753
15646
15754
15647
15755
15648
15756
15649
15757
15650
15758
15651
15759
15652
15760
15653
15761
15654
15762
15655
15763
15656
15764
15657
15765
15658
15766
15659
15767
15660
15768
15661
15769
15662
15770
15663
15771
15664
15772
15665
15773
15666
15774
15667
15775
15668
15776
15669
15777
15670
15778
15671
15779
15672
15780
15673
15781
15674
15782
15675
15783
15676
15784
15677
15785
15678
15786
15679
15787
15680
15788
15681
15789
15682
15790
15683
15791
15684
15792
15685
15793
15686
15794
15687
15795
15688
15796
15689
15797
15690
15798
15691
15799
15692
15800
15693
15801
15694
15802
15695
15803
15696
15804
15697
15805
15698
15806
15699
15807
15700
15808
15701
15809
15702
15810
15703
15811
15704
15812
15705
15813
15706
15814
15707
15815
15816
18148
15709
15817
15710
15818
15711
15819
15712
15820
15713
15821
15714
15822
15715
15823
15716
15824
15717
15825
15718
15826
15719
15827
15720
15828
15721
15829
15722
15830
15723
15831
15724
15832
15725
15833
15726
15834
15727
15835
15728
15836
15729
15837
15730
15838
15731
15839
15732
15840
15733
15841
15734
15842
15735
15843
15736
15844
15737
15845
15738
15846
15739
15847
15740
15848
15741
15849
15742
15850
15743
15851
15744
15852
15745
15853
15746
15854
15747
15855
15748
15856
15749
15857
15750
15858
15751
15859
15752
15860
15753
15861
15754
15862
15755
15863
15756
15864
15757
15865
15758
15866
15759
15867
15760
15868
15761
15869
15762
15870
15763
15871
15764
15872
15765
15873
15766
15874
15767
15875
15768
15876
15769
15877
15770
15878
15771
15879
15772
15880
15773
15881
15774
15882
15775
15883
15776
15884
15777
15885
15778
15886
15779
15887
15780
15888
15781
15889
15782
15890
15783
15891
15784
15892
15785
15893
15786
15894
15787
15895
15788
15896
15789
15897
15790
15898
15791
15899
15792
15900
15793
15901
15794
15902
15795
15903
15796
15904
15797
15905
15798
15906
15799
15907
15800
15908
15801
15909
15802
15910
15803
15911
15804
15912
15805
15913
15806
15914
15807
15915
15808
15916
15809
15917
15810
15918
15811
15919
15812
15920
15813
15921
15814
15922
15815
15923
15816
15924
15925
18157
15818
15926
15819
15927
15820
15928
15821
15929
15822
15930
15823
15931
15824
15932
15825
15933
15826
15934
15827
15935
15828
15936
15829
15937
15830
15938
15831
15939
15832
15940
15833
15941
15834
15942
15835
15943
15836
15944
15837
15945
15838
15946
15839
15947
15840
15948
15841
15949
15842
15950
15843
15951
15844
15952
15845
15953
15846
15954
15847
15955
15848
15956
15849
15957
15850
15958
15851
15959
15852
15960
15853
15961
15854
15962
15855
15963
15856
15964
15857
15965
15858
15966
15859
15967
15860
15968
15861
15969
15862
15970
15863
15971
15864
15972
15865
15973
15866
15974
15867
15975
15868
15976
15869
15977
15870
15978
15871
15979
15872
15980
15873
15981
15874
15982
15875
15983
15876
15984
15877
15985
15878
15986
15879
15987
15880
15988
15881
15989
15882
15990
15883
15991
15884
15992
15885
15993
15886
15994
15887
15995
15888
15996
15889
15997
15890
15998
15891
15999
15892
16000
15893
16001
15894
16002
15895
16003
15896
16004
15897
16005
15898
16006
15899
16007
15900
16008
15901
16009
15902
16010
15903
16011
15904
16012
15905
16013
15906
16014
15907
16015
15908
16016
15909
16017
15910
16018
15911
16019
15912
16020
15913
16021
15914
16022
15915
16023
15916
16024
15917
16025
15918
16026
15919
16027
15920
16028
15921
16029
15922
16030
15923
16031
15924
16032
15925
16033
16034
18166
15927
16035
15928
16036
15929
16037
15930
16038
15931
16039
15932
16040
15933
16041
15934
16042
15935
16043
15936
16044
15937
16045
15938
16046
15939
16047
15940
16048
15941
16049
15942
16050
15943
16051
15944
16052
15945
16053
15946
16054
15947
16055
15948
16056
15949
16057
15950
16058
15951
16059
15952
16060
15953
16061
15954
16062
15955
16063
15956
16064
15957
16065
15958
16066
15959
16067
15960
16068
15961
16069
15962
16070
15963
16071
15964
16072
15965
16073
15966
16074
15967
16075
15968
16076
15969
16077
15970
16078
15971
16079
15972
16080
15973
16081
15974
16082
15975
16083
15976
16084
15977
16085
15978
16086
15979
16087
15980
16088
15981
16089
15982
16090
15983
16091
15984
16092
15985
16093
15986
16094
15987
16095
15988
16096
15989
16097
15990
16098
15991
16099
15992
16100
15993
16101
15994
16102
15995
16103
15996
16104
15997
16105
15998
16106
15999
16107
16000
16108
16001
16109
16002
16110
16003
16111
16004
16112
16005
16113
16006
16114
16007
16115
16008
16116
16009
16117
16010
16118
16011
16119
16012
16120
16013
16121
16014
16122
16015
16123
16016
16124
16017
16125
16018
16126
16019
16127
16020
16128
16021
16129
16022
16130
16023
16131
16024
16132
16025
16133
16026
16134
16027
16135
16028
16136
16029
16137
16030
16138
16031
16139
16032
16140
16033
16141
16034
16142
16143
18175
16036
16144
16037
16145
16038
16146
16039
16147
16040
16148
16041
16149
16042
16150
16043
16151
16044
16152
16045
16153
16046
16154
16047
16155
16048
16156
16049
16157
16050
16158
16051
16159
16052
16160
16053
16161
16054
16162
16055
16163
16056
16164
16057
16165
16058
16166
16059
16167
16060
16168
16061
16169
16062
16170
16063
16171
16064
16172
16065
16173
16066
16174
16067
16175
16068
16176
16069
16177
16070
16178
16071
16179
16072
16180
16073
16181
16074
16182
16075
16183
16076
16184
16077
16185
16078
16186
16079
16187
16080
16188
16081
16189
16082
16190
16083
16191
16084
16192
16085
16193
16086
16194
16087
16195
16088
16196
16089
16197
16090
16198
16091
16199
16092
16200
16093
16201
16094
16202
16095
16203
16096
16204
16097
16205
16098
16206
16099
16207
16100
16208
16101
16209
16102
16210
16103
16211
16104
16212
16105
16213
16106
16214
16107
16215
16108
16216
16109
16217
16110
16218
16111
16219
16112
16220
16113
16221
16114
16222
16115
16223
16116
16224
16117
16225
16118
16226
16119
16227
16120
16228
16121
16229
16122
16230
16123
16231
16124
16232
16125
16233
16126
16234
16127
16235
16128
16236
16129
16237
16130
16238
16131
16239
16132
16240
16133
16241
16134
16242
16135
16243
16136
16244
16137
16245
16138
16246
16139
16247
16140
16248
16141
16249
16142
16250
16143
16251
16252
18184
16145
16253
16146
16254
16147
16255
16148
16256
16149
16257
16150
16258
16151
16259
16152
16260
16153
16261
16154
16262
16155
16263
16156
16264
16157
16265
16158
16266
16159
16267
16160
16268
16161
16269
16162
16270
16163
16271
16164
16272
16165
16273
16166
16274
16167
16275
16168
16276
16169
16277
16170
16278
16171
16279
16172
16280
16173
16281
16174
16282
16175
16283
16176
16284
16177
16285
16178
16286
16179
16287
16180
16288
16181
16289
16182
16290
16183
16291
16184
16292
16185
16293
16186
16294
16187
16295
16188
16296
16189
16297
16190
16298
16191
16299
16192
16300
16193
16301
16194
16302
16195
16303
16196
16304
16197
16305
16198
16306
16199
16307
16200
16308
16201
16309
16202
16310
16203
16311
16204
16312
16205
16313
16206
16314
16207
16315
16208
16316
16209
16317
16210
16318
16211
16319
16212
16320
16213
16321
16214
16322
16215
16323
16216
16324
16217
16325
16218
16326
16219
16327
16220
16328
16221
16329
16222
16330
16223
16331
16224
16332
16225
16333
16226
16334
16227
16335
16228
16336
16229
16337
16230
16338
16231
16339
16232
16340
16233
16341
16234
16342
16235
16343
16236
16344
16237
16345
16238
16346
16239
16347
16240
16348
16241
16349
16242
16350
16243
16351
16244
16352
16245
16353
16246
16354
16247
16355
16248
16356
16249
16357
16250
16358
16251
16359
16252
16360
16361
18193
16254
16362
16255
16363
16256
16364
16257
16365
16258
16366
16259
16367
16260
16368
16261
16369
16262
16370
16263
16371
16264
16372
16265
16373
16266
16374
16267
16375
16268
16376
16269
16377
16270
16378
16271
16379
16272
16380
16273
16381
16274
16382
16275
16383
16276
16384
16277
16385
16278
16386
16279
16387
16280
16388
16281
16389
16282
16390
16283
16391
16284
16392
16285
16393
16286
16394
16287
16395
16288
16396
16289
16397
16290
16398
16291
16399
16292
16400
16293
16401
16294
16402
16295
16403
16296
16404
16297
16405
16298
16406
16299
16407
16300
16408
16301
16409
16302
16410
16303
16411
16304
16412
16305
16413
16306
16414
16307
16415
16308
16416
16309
16417
16310
16418
16311
16419
16312
16420
16313
16421
16314
16422
16315
16423
16316
16424
16317
16425
16318
16426
16319
16427
16320
16428
16321
16429
16322
16430
16323
16431
16324
16432
16325
16433
16326
16434
16327
16435
16328
16436
16329
16437
16330
16438
16331
16439
16332
16440
16333
16441
16334
16442
16335
16443
16336
16444
16337
16445
16338
16446
16339
16447
16340
16448
16341
16449
16342
16450
16343
16451
16344
16452
16345
16453
16346
16454
16347
16455
16348
16456
16349
16457
16350
16458
16351
16459
16352
16460
16353
16461
16354
16462
16355
16463
16356
16464
16357
16465
16358
16466
16359
16467
16360
16468
16361
16469
16470
18202
16363
16471
16364
16472
16365
16473
16366
16474
16367
16475
16368
16476
16369
16477
16370
16478
16371
16479
16372
16480
16373
16481
16374
16482
16375
16483
16376
16484
16377
16485
16378
16486
16379
16487
16380
16488
16381
16489
16382
16490
16383
16491
16384
16492
16385
16493
16386
16494
16387
16495
16388
16496
16389
16497
16390
16498
16391
16499
16392
16500
16393
16501
16394
16502
16395
16503
16396
16504
16397
16505
16398
16506
16399
16507
16400
16508
16401
16509
16402
16510
16403
16511
16404
16512
16405
16513
16406
16514
16407
16515
16408
16516
16409
16517
16410
16518
16411
16519
16412
16520
16413
16521
16414
16522
16415
16523
16416
16524
16417
16525
16418
16526
16419
16527
16420
16528
16421
16529
16422
16530
16423
16531
16424
16532
16425
16533
16426
16534
16427
16535
16428
16536
16429
16537
16430
16538
16431
16539
16432
16540
16433
16541
16434
16542
16435
16543
16436
16544
16437
16545
16438
16546
16439
16547
16440
16548
16441
16549
16442
16550
16443
16551
16444
16552
16445
16553
16446
16554
16447
16555
16448
16556
16449
16557
16450
16558
16451
16559
16452
16560
16453
16561
16454
16562
16455
16563
16456
16564
16457
16565
16458
16566
16459
16567
16460
16568
16461
16569
16462
16570
16463
16571
16464
16572
16465
16573
16466
16574
16467
16575
16468
16576
16469
16577
16470
16578
16579
18211
16472
16580
16473
16581
16474
16582
16475
16583
16476
16584
16477
16585
16478
16586
16479
16587
16480
16588
16481
16589
16482
16590
16483
16591
16484
16592
16485
16593
16486
16594
16487
16595
16488
16596
16489
16597
16490
16598
16491
16599
16492
16600
16493
16601
16494
16602
16495
16603
16496
16604
16497
16605
16498
16606
16499
16607
16500
16608
16501
16609
16502
16610
16503
16611
16504
16612
16505
16613
16506
16614
16507
16615
16508
16616
16509
16617
16510
16618
16511
16619
16512
16620
16513
16621
16514
16622
16515
16623
16516
16624
16517
16625
16518
16626
16519
16627
16520
16628
16521
16629
16522
16630
16523
16631
16524
16632
16525
16633
16526
16634
16527
16635
16528
16636
16529
16637
16530
16638
16531
16639
16532
16640
16533
16641
16534
16642
16535
16643
16536
16644
16537
16645
16538
16646
16539
16647
16540
16648
16541
16649
16542
16650
16543
16651
16544
16652
16545
16653
16546
16654
16547
16655
16548
16656
16549
16657
16550
16658
16551
16659
16552
16660
16553
16661
16554
16662
16555
16663
16556
16664
16557
16665
16558
16666
16559
16667
16560
16668
16561
16669
16562
16670
16563
16671
16564
16672
16565
16673
16566
16674
16567
16675
16568
16676
16569
16677
16570
16678
16571
16679
16572
16680
16573
16681
16574
16682
16575
16683
16576
16684
16577
16685
16578
16686
16579
16687
16688
18220
16581
16689
16582
16690
16583
16691
16584
16692
16585
16693
16586
16694
16587
16695
16588
16696
16589
16697
16590
16698
16591
16699
16592
16700
16593
16701
16594
16702
16595
16703
16596
16704
16597
16705
16598
16706
16599
16707
16600
16708
16601
16709
16602
16710
16603
16711
16604
16712
16605
16713
16606
16714
16607
16715
16608
16716
16609
16717
16610
16718
16611
16719
16612
16720
16613
16721
16614
16722
16615
16723
16616
16724
16617
16725
16618
16726
16619
16727
16620
16728
16621
16729
16622
16730
16623
16731
16624
16732
16625
16733
16626
16734
16627
16735
16628
16736
16629
16737
16630
16738
16631
16739
16632
16740
16633
16741
16634
16742
16635
16743
16636
16744
16637
16745
16638
16746
16639
16747
16640
16748
16641
16749
16642
16750
16643
16751
16644
16752
16645
16753
16646
16754
16647
16755
16648
16756
16649
16757
16650
16758
16651
16759
16652
16760
16653
16761
16654
16762
16655
16763
16656
16764
16657
16765
16658
16766
16659
16767
16660
16768
16661
16769
16662
16770
16663
16771
16664
16772
16665
16773
16666
16774
16667
16775
16668
16776
16669
16777
16670
16778
16671
16779
16672
16780
16673
16781
16674
16782
16675
16783
16676
16784
16677
16785
16678
16786
16679
16787
16680
16788
16681
16789
16682
16790
16683
16791
16684
16792
16685
16793
16686
16794
16687
16795
16688
16796
16797
18229
16690
16798
16691
16799
16692
16800
16693
16801
16694
16802
16695
16803
16696
16804
16697
16805
16698
16806
16699
16807
16700
16808
16701
16809
16702
16810
16703
16811
16704
16812
16705
16813
16706
16814
16707
16815
16708
16816
16709
16817
16710
16818
16711
16819
16712
16820
16713
16821
16714
16822
16715
16823
16716
16824
16717
16825
16718
16826
16719
16827
16720
16828
16721
16829
16722
16830
16723
16831
16724
16832
16725
16833
16726
16834
16727
16835
16728
16836
16729
16837
16730
16838
16731
16839
16732
16840
16733
16841
16734
16842
16735
16843
16736
16844
16737
16845
16738
16846
16739
16847
16740
16848
16741
16849
16742
16850
16743
16851
16744
16852
16745
16853
16746
16854
16747
16855
16748
16856
16749
16857
16750
16858
16751
16859
16752
16860
16753
16861
16754
16862
16755
16863
16756
16864
16757
16865
16758
16866
16759
16867
16760
16868
16761
16869
16762
16870
16763
16871
16764
16872
16765
16873
16766
16874
16767
16875
16768
16876
16769
16877
16770
16878
16771
16879
16772
16880
16773
16881
16774
16882
16775
16883
16776
16884
16777
16885
16778
16886
16779
16887
16780
16888
16781
16889
16782
16890
16783
16891
16784
16892
16785
16893
16786
16894
16787
16895
16788
16896
16789
16897
16790
16898
16791
16899
16792
16900
16793
16901
16794
16902
16795
16903
16796
16904
16797
16905
16906
18238
16799
16907
16800
16908
16801
16909
16802
16910
16803
16911
16804
16912
16805
16913
16806
16914
16807
16915
16808
16916
16809
16917
16810
16918
16811
16919
16812
16920
16813
16921
16814
16922
16815
16923
16816
16924
16817
16925
16818
16926
16819
16927
16820
16928
16821
16929
16822
16930
16823
16931
16824
16932
16825
16933
16826
16934
16827
16935
16828
16936
16829
16937
16830
16938
16831
16939
16832
16940
16833
16941
16834
16942
16835
16943
16836
16944
16837
16945
16838
16946
16839
16947
16840
16948
16841
16949
16842
16950
16843
16951
16844
16952
16845
16953
16846
16954
16847
16955
16848
16956
16849
16957
16850
16958
16851
16959
16852
16960
16853
16961
16854
16962
16855
16963
16856
16964
16857
16965
16858
16966
16859
16967
16860
16968
16861
16969
16862
16970
16863
16971
16864
16972
16865
16973
16866
16974
16867
16975
16868
16976
16869
16977
16870
16978
16871
16979
16872
16980
16873
16981
16874
16982
16875
16983
16876
16984
16877
16985
16878
16986
16879
16987
16880
16988
16881
16989
16882
16990
16883
16991
16884
16992
16885
16993
16886
16994
16887
16995
16888
16996
16889
16997
16890
16998
16891
16999
16892
17000
16893
17001
16894
17002
16895
17003
16896
17004
16897
17005
16898
17006
16899
17007
16900
17008
16901
17009
16902
17010
16903
17011
16904
17012
16905
17013
16906
17014
17015
18247
16908
17016
16909
17017
16910
17018
16911
17019
16912
17020
16913
17021
16914
17022
16915
17023
16916
17024
16917
17025
16918
17026
16919
17027
16920
17028
16921
17029
16922
17030
16923
17031
16924
17032
16925
17033
16926
17034
16927
17035
16928
17036
16929
17037
16930
17038
16931
17039
16932
17040
16933
17041
16934
17042
16935
17043
16936
17044
16937
17045
16938
17046
16939
17047
16940
17048
16941
17049
16942
17050
16943
17051
16944
17052
16945
17053
16946
17054
16947
17055
16948
17056
16949
17057
16950
17058
16951
17059
16952
17060
16953
17061
16954
17062
16955
17063
16956
17064
16957
17065
16958
17066
16959
17067
16960
17068
16961
17069
16962
17070
16963
17071
16964
17072
16965
17073
16966
17074
16967
17075
16968
17076
16969
17077
16970
17078
16971
17079
16972
17080
16973
17081
16974
17082
16975
17083
16976
17084
16977
17085
16978
17086
16979
17087
16980
17088
16981
17089
16982
17090
16983
17091
16984
17092
16985
17093
16986
17094
16987
17095
16988
17096
16989
17097
16990
17098
16991
17099
16992
17100
16993
17101
16994
17102
16995
17103
16996
17104
16997
17105
16998
17106
16999
17107
17000
17108
17001
17109
17002
17110
17003
17111
17004
17112
17005
17113
17006
17114
17007
17115
17008
17116
17009
17117
17010
17118
17011
17119
17012
17120
17013
17121
17014
17122
17015
17123
17124
18256
17017
17125
17018
17126
17019
17127
17020
17128
17021
17129
17022
17130
17023
17131
17024
17132
17025
17133
17026
17134
17027
17135
17028
17136
17029
17137
17030
17138
17031
17139
17032
17140
17033
17141
17034
17142
17035
17143
17036
17144
17037
17145
17038
17146
17039
17147
17040
17148
17041
17149
17042
17150
17043
17151
17044
17152
17045
17153
17046
17154
17047
17155
17048
17156
17049
17157
17050
17158
17051
17159
17052
17160
17053
17161
17054
17162
17055
17163
17056
17164
17057
17165
17058
17166
17059
17167
17060
17168
17061
17169
17062
17170
17063
17171
17064
17172
17065
17173
17066
17174
17067
17175
17068
17176
17069
17177
17070
17178
17071
17179
17072
17180
17073
17181
17074
17182
17075
17183
17076
17184
17077
17185
17078
17186
17079
17187
17080
17188
17081
17189
17082
17190
17083
17191
17084
17192
17085
17193
17086
17194
17087
17195
17088
17196
17089
17197
17090
17198
17091
17199
17092
17200
17093
17201
17094
17202
17095
17203
17096
17204
17097
17205
17098
17206
17099
17207
17100
17208
17101
17209
17102
17210
17103
17211
17104
17212
17105
17213
17106
17214
17107
17215
17108
17216
17109
17217
17110
17218
17111
17219
17112
17220
17113
17221
17114
17222
17115
17223
17116
17224
17117
17225
17118
17226
17119
17227
17120
17228
17121
17229
17122
17230
17123
17231
17124
17232
17233
18265
17126
17234
17127
17235
17128
17236
17129
17237
17130
17238
17131
17239
17132
17240
17133
17241
17134
17242
17135
17243
17136
17244
17137
17245
17138
17246
17139
17247
17140
17248
17141
17249
17142
17250
17143
17251
17144
17252
17145
17253
17146
17254
17147
17255
17148
17256
17149
17257
17150
17258
17151
17259
17152
17260
17153
17261
17154
17262
17155
17263
17156
17264
17157
17265
17158
17266
17159
17267
17160
17268
17161
17269
17162
17270
17163
17271
17164
17272
17165
17273
17166
17274
17167
17275
17168
17276
17169
17277
17170
17278
17171
17279
17172
17280
17173
17281
17174
17282
17175
17283
17176
17284
17177
17285
17178
17286
17179
17287
17180
17288
17181
17289
17182
17290
17183
17291
17184
17292
17185
17293
17186
17294
17187
17295
17188
17296
17189
17297
17190
17298
17191
17299
17192
17300
17193
17301
17194
17302
17195
17303
17196
17304
17197
17305
17198
17306
17199
17307
17200
17308
17201
17309
17202
17310
17203
17311
17204
17312
17205
17313
17206
17314
17207
17315
17208
17316
17209
17317
17210
17318
17211
17319
17212
17320
17213
17321
17214
17322
17215
17323
17216
17324
17217
17325
17218
17326
17219
17327
17220
17328
17221
17329
17222
17330
17223
17331
17224
17332
17225
17333
17226
17334
17227
17335
17228
17336
17229
17337
17230
17338
17231
17339
17232
17340
17233
17341
17342
18274
17235
17343
17236
17344
17237
17345
17238
17346
17239
17347
17240
17348
17241
17349
17242
17350
17243
17351
17244
17352
17245
17353
17246
17354
17247
17355
17248
17356
17249
17357
17250
17358
17251
17359
17252
17360
17253
17361
17254
17362
17255
17363
17256
17364
17257
17365
17258
17366
17259
17367
17260
17368
17261
17369
17262
17370
17263
17371
17264
17372
17265
17373
17266
17374
17267
17375
17268
17376
17269
17377
17270
17378
17271
17379
17272
17380
17273
17381
17274
17382
17275
17383
17276
17384
17277
17385
17278
17386
17279
17387
17280
17388
17281
17389
17282
17390
17283
17391
17284
17392
17285
17393
17286
17394
17287
17395
17288
17396
17289
17397
17290
17398
17291
17399
17292
17400
17293
17401
17294
17402
17295
17403
17296
17404
17297
17405
17298
17406
17299
17407
17300
17408
17301
17409
17302
17410
17303
17411
17304
17412
17305
17413
17306
17414
17307
17415
17308
17416
17309
17417
17310
17418
17311
17419
17312
17420
17313
17421
17314
17422
17315
17423
17316
17424
17317
17425
17318
17426
17319
17427
17320
17428
17321
17429
17322
17430
17323
17431
17324
17432
17325
17433
17326
17434
17327
17435
17328
17436
17329
17437
17330
17438
17331
17439
17332
17440
17333
17441
17334
17442
17335
17443
17336
17444
17337
17445
17338
17446
17339
17447
17340
17448
17341
17449
17342
17450
17451
18283
17344
17452
17345
17453
17346
17454
17347
17455
17348
17456
17349
17457
17350
17458
17351
17459
17352
17460
17353
17461
17354
17462
17355
17463
17356
17464
17357
17465
17358
17466
17359
17467
17360
17468
17361
17469
17362
17470
17363
17471
17364
17472
17365
17473
17366
17474
17367
17475
17368
17476
17369
17477
17370
17478
17371
17479
17372
17480
17373
17481
17374
17482
17375
17483
17376
17484
17377
17485
17378
17486
17379
17487
17380
17488
17381
17489
17382
17490
17383
17491
17384
17492
17385
17493
17386
17494
17387
17495
17388
17496
17389
17497
17390
17498
17391
17499
17392
17500
17393
17501
17394
17502
17395
17503
17396
17504
17397
17505
17398
17506
17399
17507
17400
17508
17401
17509
17402
17510
17403
17511
17404
17512
17405
17513
17406
17514
17407
17515
17408
17516
17409
17517
17410
17518
17411
17519
17412
17520
17413
17521
17414
17522
17415
17523
17416
17524
17417
17525
17418
17526
17419
17527
17420
17528
17421
17529
17422
17530
17423
17531
17424
17532
17425
17533
17426
17534
17427
17535
17428
17536
17429
17537
17430
17538
17431
17539
17432
17540
17433
17541
17434
17542
17435
17543
17436
17544
17437
17545
17438
17546
17439
17547
17440
17548
17441
17549
17442
17550
17443
17551
17444
17552
17445
17553
17446
17554
17447
17555
17448
17556
17449
17557
17450
17558
17451
17559
17560
18292
17453
17561
17454
17562
17455
17563
17456
17564
17457
17565
17458
17566
17459
17567
17460
17568
17461
17569
17462
17570
17463
17571
17464
17572
17465
17573
17466
17574
17467
17575
17468
17576
17469
17577
17470
17578
17471
17579
17472
17580
17473
17581
17474
17582
17475
17583
17476
17584
17477
17585
17478
17586
17479
17587
17480
17588
17481
17589
17482
17590
17483
17591
17484
17592
17485
17593
17486
17594
17487
17595
17488
17596
17489
17597
17490
17598
17491
17599
17492
17600
17493
17601
17494
17602
17495
17603
17496
17604
17497
17605
17498
17606
17499
17607
17500
17608
17501
17609
17502
17610
17503
17611
17504
17612
17505
17613
17506
17614
17507
17615
17508
17616
17509
17617
17510
17618
17511
17619
17512
17620
17513
17621
17514
17622
17515
17623
17516
17624
17517
17625
17518
17626
17519
17627
17520
17628
17521
17629
17522
17630
17523
17631
17524
17632
17525
17633
17526
17634
17527
17635
17528
17636
17529
17637
17530
17638
17531
17639
17532
17640
17533
17641
17534
17642
17535
17643
17536
17644
17537
17645
17538
17646
17539
17647
17540
17648
17541
17649
17542
17650
17543
17651
17544
17652
17545
17653
17546
17654
17547
17655
17548
17656
17549
17657
17550
17658
17551
17659
17552
17660
17553
17661
17554
17662
17555
17663
17556
17664
17557
17665
17558
17666
17559
17667
17560
17668
17669
18301
17562
17670
17563
17671
17564
17672
17565
17673
17566
17674
17567
17675
17568
17676
17569
17677
17570
17678
17571
17679
17572
17680
17573
17681
17574
17682
17575
17683
17576
17684
17577
17685
17578
17686
17579
17687
17580
17688
17581
17689
17582
17690
17583
17691
17584
17692
17585
17693
17586
17694
17587
17695
17588
17696
17589
17697
17590
17698
17591
17699
17592
17700
17593
17701
17594
17702
17595
17703
17596
17704
17597
17705
17598
17706
17599
17707
17600
17708
17601
17709
17602
17710
17603
17711
17604
17712
17605
17713
17606
17714
17607
17715
17608
17716
17609
17717
17610
17718
17611
17719
17612
17720
17613
17721
17614
17722
17615
17723
17616
17724
17617
17725
17618
17726
17619
17727
17620
17728
17621
17729
17622
17730
17623
17731
17624
17732
17625
17733
17626
17734
17627
17735
17628
17736
17629
17737
17630
17738
17631
17739
17632
17740
17633
17741
17634
17742
17635
17743
17636
17744
17637
17745
17638
17746
17639
17747
17640
17748
17641
17749
17642
17750
17643
17751
17644
17752
17645
17753
17646
17754
17647
17755
17648
17756
17649
17757
17650
17758
17651
17759
17652
17760
17653
17761
17654
17762
17655
17763
17656
17764
17657
17765
17658
17766
17659
17767
17660
17768
17661
17769
17662
17770
17663
17771
17664
17772
17665
17773
17666
17774
17667
17775
17668
17776
17669
17777
17778
18310
17671
17672
17673
17674
17675
17676
17677
17678
17679
17680
17681
17682
17683
17684
17685
17686
17687
17688
17689
17690
17691
17692
17693
17694
17695
17696
17697
17698
17699
17700
17701
17702
17703
17704
17705
17706
17707
17708
17709
17710
17711
17712
17713
17714
17715
17716
17717
17718
17719
17720
17721
17722
17723
17724
17725
17726
17727
17728
17729
17730
17731
17732
17733
17734
17735
17736
17737
17738
17739
17740
17741
17742
17743
17744
17745
17746
17747
17748
17749
17750
17751
17752
17753
17754
17755
17756
17757
17758
17759
17760
17761
17762
17763
17764
17765
17766
17767
17768
17769
17770
17771
17772
17773
17774
17775
17776
17777
17778
18319
17780
17788
17781
17789
17782
17790
17783
17791
17784
17792
17785
17793
17786
17794
17787
17795
17796
17789
17797
17790
17798
17791
17799
17792
17800
17793
17801
17794
17802
17795
17803
17796
17804
17805
17798
17806
17799
17807
17800
17808
17801
17809
17802
17810
17803
17811
17804
17812
17805
17813
17814
17807
17815
17808
17816
17809
17817
17810
17818
17811
17819
17812
17820
17813
17821
17814
17822
17823
17816
17824
17817
17825
17818
17826
17819
17827
17820
17828
17821
17829
17822
17830
17823
17831
17832
17825
17833
17826
17834
17827
17835
17828
17836
17829
17837
17830
17838
17831
17839
17832
17840
17841
17834
17842
17835
17843
17836
17844
17837
17845
17838
17846
17839
17847
17840
17848
17841
17849
17850
17843
17851
17844
17852
17845
17853
17846
17854
17847
17855
17848
17856
17849
17857
17850
17858
17859
17852
17860
17853
17861
17854
17862
17855
17863
17856
17864
17857
17865
17858
17866
17859
17867
17868
17861
17869
17862
17870
17863
17871
17864
17872
17865
17873
17866
17874
17867
17875
17868
17876
17877
17870
17878
17871
17879
17872
17880
17873
17881
17874
17882
17875
17883
17876
17884
17877
17885
17886
17879
17887
17880
17888
17881
17889
17882
17890
17883
17891
17884
17892
17885
17893
17886
17894
17895
17888
17896
17889
17897
17890
17898
17891
17899
17892
17900
17893
17901
17894
17902
17895
17903
17904
17897
17905
17898
17906
17899
17907
17900
17908
17901
17909
17902
17910
17903
17911
17904
17912
17913
17906
17914
17907
17915
17908
17916
17909
17917
17910
17918
17911
17919
17912
17920
17913
17921
17922
17915
17923
17916
17924
17917
17925
17918
17926
17919
17927
17920
17928
17921
17929
17922
17930
17931
17924
17932
17925
17933
17926
17934
17927
17935
17928
17936
17929
17937
17930
17938
17931
17939
17940
17933
17941
17934
17942
17935
17943
17936
17944
17937
17945
17938
17946
17939
17947
17940
17948
17949
17942
17950
17943
17951
17944
17952
17945
17953
17946
17954
17947
17955
17948
17956
17949
17957
17958
17951
17959
17952
17960
17953
17961
17954
17962
17955
17963
17956
17964
17957
17965
17958
17966
17967
17960
17968
17961
17969
17962
17970
17963
17971
17964
17972
17965
17973
17966
17974
17967
17975
17976
17969
17977
17970
17978
17971
17979
17972
17980
17973
17981
17974
17982
17975
17983
17976
17984
17985
17978
17986
17979
17987
17980
17988
17981
17989
17982
17990
17983
17991
17984
17992
17985
17993
17994
17987
17995
17988
17996
17989
17997
17990
17998
17991
17999
17992
18000
17993
18001
17994
18002
18003
17996
18004
17997
18005
17998
18006
17999
18007
18000
18008
18001
18009
18002
18010
18003
18011
18012
18005
18013
18006
18014
18007
18015
18008
18016
18009
18017
18010
18018
18011
18019
18012
18020
18021
18014
18022
18015
18023
18016
18024
18017
18025
18018
18026
18019
18027
18020
18028
18021
18029
18030
18023
18031
18024
18032
18025
18033
18026
18034
18027
18035
18028
18036
18029
18037
18030
18038
18039
18032
18040
18033
18041
18034
18042
18035
18043
18036
18044
18037
18045
18038
18046
18039
18047
18048
18041
18049
18042
18050
18043
18051
18044
18052
18045
18053
18046
18054
18047
18055
18048
18056
18057
18050
18058
18051
18059
18052
18060
18053
18061
18054
18062
18055
18063
18056
18064
18057
18065
18066
18059
18067
18060
18068
18061
18069
18062
18070
18063
18071
18064
18072
18065
18073
18066
18074
18075
18068
18076
18069
18077
18070
18078
18071
18079
18072
18080
18073
18081
18074
18082
18075
18083
18084
18077
18085
18078
18086
18079
18087
18080
18088
18081
18089
18082
18090
18083
18091
18084
18092
18093
18086
18094
18087
18095
18088
18096
18089
18097
18090
18098
18091
18099
18092
18100
18093
18101
18102
18095
18103
18096
18104
18097
18105
18098
18106
18099
18107
18100
18108
18101
18109
18102
18110
18111
18104
18112
18105
18113
18106
18114
18107
18115
18108
18116
18109
18117
18110
18118
18111
18119
18120
18113
18121
18114
18122
18115
18123
18116
18124
18117
18125
18118
18126
18119
18127
18120
18128
18129
18122
18130
18123
18131
18124
18132
18125
18133
18126
18134
18127
18135
18128
18136
18129
18137
18138
18131
18139
18132
18140
18133
18141
18134
18142
18135
18143
18136
18144
18137
18145
18138
18146
18147
18140
18148
18141
18149
18142
18150
18143
18151
18144
18152
18145
18153
18146
18154
18147
18155
18156
18149
18157
18150
18158
18151
18159
18152
18160
18153
18161
18154
18162
18155
18163
18156
18164
18165
18158
18166
18159
18167
18160
18168
18161
18169
18162
18170
18163
18171
18164
18172
18165
18173
18174
18167
18175
18168
18176
18169
18177
18170
18178
18171
18179
18172
18180
18173
18181
18174
18182
18183
18176
18184
18177
18185
18178
18186
18179
18187
18180
18188
18181
18189
18182
18190
18183
18191
18192
18185
18193
18186
18194
18187
18195
18188
18196
18189
18197
18190
18198
18191
18199
18192
18200
18201
18194
18202
18195
18203
18196
18204
18197
18205
18198
18206
18199
18207
18200
18208
18201
18209
18210
18203
18211
18204
18212
18205
18213
18206
18214
18207
18215
18208
18216
18209
18217
18210
18218
18219
18212
18220
18213
18221
18214
18222
18215
18223
18216
18224
18217
18225
18218
18226
18219
18227
18228
18221
18229
18222
18230
18223
18231
18224
18232
18225
18233
18226
18234
18227
18235
18228
18236
18237
18230
18238
18231
18239
18232
18240
18233
18241
18234
18242
18235
18243
18236
18244
18237
18245
18246
18239
18247
18240
18248
18241
18249
18242
18250
18243
18251
18244
18252
18245
18253
18246
18254
18255
18248
18256
18249
18257
18250
18258
18251
18259
18252
18260
18253
18261
18254
18262
18255
18263
18264
18257
18265
18258
18266
18259
18267
18260
18268
18261
18269
18262
18270
18263
18271
18264
18272
18273
18266
18274
18267
18275
18268
18276
18269
18277
18270
18278
18271
18279
18272
18280
18273
18281
18282
18275
18283
18276
18284
18277
18285
18278
18286
18279
18287
18280
18288
18281
18289
18282
18290
18291
18284
18292
18285
18293
18286
18294
18287
18295
18288
18296
18289
18297
18290
18298
18291
18299
18300
18293
18301
18294
18302
18295
18303
18296
18304
18297
18305
18298
18306
18299
18307
18300
18308
18309
18302
18310
18303
18311
18304
18312
18305
18313
18306
18314
18307
18315
18308
18316
18309
18317
18318
18311
18319
18312
18320
18313
18321
18314
18322
18315
18323
18316
18324
18317
18325
18318
18326
18327
18320
18321
18322
18323
18324
18325
18326
18327
18329
18338
28306
18330
18339
28305
18331
18340
28304
18332
18341
28303
18333
18342
28302
18334
18343
28301
18335
18344
28300
18336
18345
28299
18337
18346
28298
18347
28288
28297
18339
18348
18340
18349
18341
18350
18342
18351
18343
18352
18344
18353
18345
18354
18346
18355
18347
18356
18357
28289
18349
18358
18350
18359
18351
18360
18352
18361
18353
18362
18354
18363
18355
18364
18356
18365
18357
18366
18367
28290
18359
18368
18360
18369
18361
18370
18362
18371
18363
18372
18364
18373
18365
18374
18366
18375
18367
18376
18377
28291
18369
18378
18370
18379
18371
18380
18372
18381
18373
18382
18374
18383
18375
18384
18376
18385
18377
18386
18387
28292
18379
18388
18380
18389
18381
18390
18382
18391
18383
18392
18384
18393
18385
18394
18386
18395
18387
18396
18397
28293
18389
18398
18390
18399
18391
18400
18392
18401
18393
18402
18394
18403
18395
18404
18396
18405
18397
18406
18407
28294
18399
18408
18400
18409
18401
18410
18402
18411
18403
18412
18404
18413
18405
18414
18406
18415
18407
18416
18417
28295
18409
18418
18410
18419
18411
18420
18412
18421
18413
18422
18414
18423
18415
18424
18416
18425
18417
18426
18427
28296
18419
18428
18420
18429
18421
18430
18422
18431
18423
18432
18424
18433
18425
18434
18426
18435
18427
18436
18437
18508
18429
18438
18430
18439
18431
18440
18432
18441
18433
18442
18434
18443
18435
18444
18436
18445
18437
18446
18447
18640
18439
18448
18440
18449
18441
18450
18442
18451
18443
18452
18444
18453
18445
18454
18446
18455
18447
18456
18457
18772
18449
18458
18450
18459
18451
18460
18452
18461
18453
18462
18454
18463
18455
18464
18456
18465
18457
18466
18467
18904
18459
18468
18460
18469
18461
18470
18462
18471
18463
18472
18464
18473
18465
18474
18466
18475
18467
18476
18477
19036
18469
18478
18470
18479
18471
18480
18472
18481
18473
18482
18474
18483
18475
18484
18476
18485
18477
18486
18487
19168
18479
18488
18480
18489
18481
18490
18482
18491
18483
18492
18484
18493
18485
18494
18486
18495
18487
18496
18497
19300
18489
18498
18490
18499
18491
18500
18492
18501
18493
18502
18494
18503
18495
18504
18496
18505
18497
18506
18507
19432
18499
18500
18501
18502
18503
18504
18505
18506
18507
19564
18509
18640
27616
18510
18641
27617
18511
18642
27618
18512
18643
27619
18513
18644
27620
18514
18645
27621
18515
18646
27622
18516
18647
27623
18517
18648
27624
18518
18649
27625
18519
18650
27626
18520
18651
27627
18521
18652
27628
18522
18653
27629
18523
18654
27630
18524
18655
27631
18525
18656
27632
18526
18657
27633
18527
18658
27634
18528
18659
27635
18529
18660
27636
18530
18661
27637
18531
18662
27638
18532
18663
27639
18533
18664
27640
18534
18665
27641
18535
18666
27642
18536
18667
27643
18537
18668
27644
18538
18669
27645
18539
18670
27646
18540
18671
27647
18541
18672
27648
18542
18673
27649
18543
18674
27650
18544
18675
27651
18545
18676
27652
18546
18677
27653
18547
18678
27654
18548
18679
27655
18549
18680
27656
18550
18681
27657
18551
18682
27658
18552
18683
27659
18553
18684
27660
18554
18685
27661
18555
18686
27662
18556
18687
27663
18557
18688
27664
18558
18689
27665
18559
18690
27666
18560
18691
27667
18561
18692
27668
18562
18693
27669
18563
18694
27670
18564
18695
27671
18565
18696
27672
18566
18697
27673
18567
18698
27674
18568
18699
27675
18569
18700
27676
18570
18701
27677
18571
18702
27678
18572
18703
27679
18573
18704
27680
18574
18705
27681
18575
18706
27682
18576
18707
27683
18577
18708
27684
18578
18709
27685
18579
18710
27686
18580
18711
27687
18581
18712
27688
18582
18713
27689
18583
18714
27690
18584
18715
27691
18585
18716
27692
18586
18717
27693
18587
18718
27694
18588
18719
27695
18589
18720
27696
18590
18721
27697
18591
18722
27698
18592
18723
27699
18593
18724
27700
18594
18725
27701
18595
18726
27702
18596
18727
27703
18597
18728
27704
18598
18729
27705
18599
18730
27706
18600
18731
27707
18601
18732
27708
18602
18733
27709
18603
18734
27710
18604
18735
27711
18605
18736
27712
18606
18737
27713
18607
18738
27714
18608
18739
27715
18609
18740
27716
18610
18741
27717
18611
18742
27718
18612
18743
27719
18613
18744
27720
18614
18745
27721
18615
18746
27722
18616
18747
27723
18617
18748
27724
18618
18749
27725
18619
18750
27726
18620
18751
27727
18621
18752
27728
18622
18753
27729
18623
18754
27730
18624
18755
27731
18625
18756
27732
18626
18757
27733
18627
18758
27734
18628
18759
27735
18629
18760
27736
18630
18761
27737
18631
18762
27738
18632
18763
27739
18633
18764
27740
18634
18765
27741
18635
18766
27742
18636
18767
27743
18637
18768
27744
18638
18769
27745
18639
18770
27746
18771
27747
18641
18772
18642
18773
18643
18774
18644
18775
18645
18776
18646
18777
18647
18778
18648
18779
18649
18780
18650
18781
18651
18782
18652
18783
18653
18784
18654
18785
18655
18786
18656
18787
18657
18788
18658
18789
18659
18790
18660
18791
18661
18792
18662
18793
18663
18794
18664
18795
18665
18796
18666
18797
18667
18798
18668
18799
18669
18800
18670
18801
18671
18802
18672
18803
18673
18804
18674
18805
18675
18806
18676
18807
18677
18808
18678
18809
18679
18810
18680
18811
18681
18812
18682
18813
18683
18814
18684
18815
18685
18816
18686
18817
18687
18818
18688
18819
18689
18820
18690
18821
18691
18822
18692
18823
18693
18824
18694
18825
18695
18826
18696
18827
18697
18828
18698
18829
18699
18830
18700
18831
18701
18832
18702
18833
18703
18834
18704
18835
18705
18836
18706
18837
18707
18838
18708
18839
18709
18840
18710
18841
18711
18842
18712
18843
18713
18844
18714
18845
18715
18846
18716
18847
18717
18848
18718
18849
18719
18850
18720
18851
18721
18852
18722
18853
18723
18854
18724
18855
18725
18856
18726
18857
18727
18858
18728
18859
18729
18860
18730
18861
18731
18862
18732
18863
18733
18864
18734
18865
18735
18866
18736
18867
18737
18868
18738
18869
18739
18870
18740
18871
18741
18872
18742
18873
18743
18874
18744
18875
18745
18876
18746
18877
18747
18878
18748
18879
18749
18880
18750
18881
18751
18882
18752
18883
18753
18884
18754
18885
18755
18886
18756
18887
18757
18888
18758
18889
18759
18890
18760
18891
18761
18892
18762
18893
18763
18894
18764
18895
18765
18896
18766
18897
18767
18898
18768
18899
18769
18900
18770
18901
18771
18902
18903
18773
18904
18774
18905
18775
18906
18776
18907
18777
18908
18778
18909
18779
18910
18780
18911
18781
18912
18782
18913
18783
18914
18784
18915
18785
18916
18786
18917
18787
18918
18788
18919
18789
18920
18790
18921
18791
18922
18792
18923
18793
18924
18794
18925
18795
18926
18796
18927
18797
18928
18798
18929
18799
18930
18800
18931
18801
18932
18802
18933
18803
18934
18804
18935
18805
18936
18806
18937
18807
18938
18808
18939
18809
18940
18810
18941
18811
18942
18812
18943
18813
18944
18814
18945
18815
18946
18816
18947
18817
18948
18818
18949
18819
18950
18820
18951
18821
18952
18822
18953
18823
18954
18824
18955
18825
18956
18826
18957
18827
18958
18828
18959
18829
18960
18830
18961
18831
18962
18832
18963
18833
18964
18834
18965
18835
18966
18836
18967
18837
18968
18838
18969
18839
18970
18840
18971
18841
18972
18842
18973
18843
18974
18844
18975
18845
18976
18846
18977
18847
18978
18848
18979
18849
18980
18850
18981
18851
18982
18852
18983
18853
18984
18854
18985
18855
18986
18856
18987
18857
18988
18858
18989
18859
18990
18860
18991
18861
18992
18862
18993
18863
18994
18864
18995
18865
18996
18866
18997
18867
18998
18868
18999
18869
19000
18870
19001
18871
19002
18872
19003
18873
19004
18874
19005
18875
19006
18876
19007
18877
19008
18878
19009
18879
19010
18880
19011
18881
19012
18882
19013
18883
19014
18884
19015
18885
19016
18886
19017
18887
19018
18888
19019
18889
19020
18890
19021
18891
19022
18892
19023
18893
19024
18894
19025
18895
19026
18896
19027
18897
19028
18898
19029
18899
19030
18900
19031
18901
19032
18902
19033
18903
19034
19035
18905
19036
18906
19037
18907
19038
18908
19039
18909
19040
18910
19041
18911
19042
18912
19043
18913
19044
18914
19045
18915
19046
18916
19047
18917
19048
18918
19049
18919
19050
18920
19051
18921
19052
18922
19053
18923
19054
18924
19055
18925
19056
18926
19057
18927
19058
18928
19059
18929
19060
18930
19061
18931
19062
18932
19063
18933
19064
18934
19065
18935
19066
18936
19067
18937
19068
18938
19069
18939
19070
18940
19071
18941
19072
18942
19073
18943
19074
18944
19075
18945
19076
18946
19077
18947
19078
18948
19079
18949
19080
18950
19081
18951
19082
18952
19083
18953
19084
18954
19085
18955
19086
18956
19087
18957
19088
18958
19089
18959
19090
18960
19091
18961
19092
18962
19093
18963
19094
18964
19095
18965
19096
18966
19097
18967
19098
18968
19099
18969
19100
18970
19101
18971
19102
18972
19103
18973
19104
18974
19105
18975
19106
18976
19107
18977
19108
18978
19109
18979
19110
18980
19111
18981
19112
18982
19113
18983
19114
18984
19115
18985
19116
18986
19117
18987
19118
18988
19119
18989
19120
18990
19121
18991
19122
18992
19123
18993
19124
18994
19125
18995
19126
18996
19127
18997
19128
18998
19129
18999
19130
19000
19131
19001
19132
19002
19133
19003
19134
19004
19135
19005
19136
19006
19137
19007
19138
19008
19139
19009
19140
19010
19141
19011
19142
19012
19143
19013
19144
19014
19145
19015
19146
19016
19147
19017
19148
19018
19149
19019
19150
19020
19151
19021
19152
19022
19153
19023
19154
19024
19155
19025
19156
19026
19157
19027
19158
19028
19159
19029
19160
19030
19161
19031
19162
19032
19163
19033
19164
19034
19165
19035
19166
19167
19037
19168
19038
19169
19039
19170
19040
19171
19041
19172
19042
19173
19043
19174
19044
19175
19045
19176
19046
19177
19047
19178
19048
19179
19049
19180
19050
19181
19051
19182
19052
19183
19053
19184
19054
19185
19055
19186
19056
19187
19057
19188
19058
19189
19059
19190
19060
19191
19061
19192
19062
19193
19063
19194
19064
19195
19065
19196
19066
19197
19067
19198
19068
19199
19069
19200
19070
19201
19071
19202
19072
19203
19073
19204
19074
19205
19075
19206
19076
19207
19077
19208
19078
19209
19079
19210
19080
19211
19081
19212
19082
19213
19083
19214
19084
19215
19085
19216
19086
19217
19087
19218
19088
19219
19089
19220
19090
19221
19091
19222
19092
19223
19093
19224
19094
19225
19095
19226
19096
19227
19097
19228
19098
19229
19099
19230
19100
19231
19101
19232
19102
19233
19103
19234
19104
19235
19105
19236
19106
19237
19107
19238
19108
19239
19109
19240
19110
19241
19111
19242
19112
19243
19113
19244
19114
19245
19115
19246
19116
19247
19117
19248
19118
19249
19119
19250
19120
19251
19121
19252
19122
19253
19123
19254
19124
19255
19125
19256
19126
19257
19127
19258
19128
19259
19129
19260
19130
19261
19131
19262
19132
19263
19133
19264
19134
19265
19135
19266
19136
19267
19137
19268
19138
19269
19139
19270
19140
19271
19141
19272
19142
19273
19143
19274
19144
19275
19145
19276
19146
19277
19147
19278
19148
19279
19149
19280
19150
19281
19151
19282
19152
19283
19153
19284
19154
19285
19155
19286
19156
19287
19157
19288
19158
19289
19159
19290
19160
19291
19161
19292
19162
19293
19163
19294
19164
19295
19165
19296
19166
19297
19167
19298
19299
19169
19300
19170
19301
19171
19302
19172
19303
19173
19304
19174
19305
19175
19306
19176
19307
19177
19308
19178
19309
19179
19310
19180
19311
19181
19312
19182
19313
19183
19314
19184
19315
19185
19316
19186
19317
19187
19318
19188
19319
19189
19320
19190
19321
19191
19322
19192
19323
19193
19324
19194
19325
19195
19326
19196
19327
19197
19328
19198
19329
19199
19330
19200
19331
19201
19332
19202
19333
19203
19334
19204
19335
19205
19336
19206
19337
19207
19338
19208
19339
19209
19340
19210
19341
19211
19342
19212
19343
19213
19344
19214
19345
19215
19346
19216
19347
19217
19348
19218
19349
19219
19350
19220
19351
19221
19352
19222
19353
19223
19354
19224
19355
19225
19356
19226
19357
19227
19358
19228
19359
19229
19360
19230
19361
19231
19362
19232
19363
19233
19364
19234
19365
19235
19366
19236
19367
19237
19368
19238
19369
19239
19370
19240
19371
19241
19372
19242
19373
19243
19374
19244
19375
19245
19376
19246
19377
19247
19378
19248
19379
19249
19380
19250
19381
19251
19382
19252
19383
19253
19384
19254
19385
19255
19386
19256
19387
19257
19388
19258
19389
19259
19390
19260
19391
19261
19392
19262
19393
19263
19394
19264
19395
19265
19396
19266
19397
19267
19398
19268
19399
19269
19400
19270
19401
19271
19402
19272
19403
19273
19404
19274
19405
19275
19406
19276
19407
19277
19408
19278
19409
19279
19410
19280
19411
19281
19412
19282
19413
19283
19414
19284
19415
19285
19416
19286
19417
19287
19418
19288
19419
19289
19420
19290
19421
19291
19422
19292
19423
19293
19424
19294
19425
19295
19426
19296
19427
19297
19428
19298
19429
19299
19430
19431
19301
19432
19302
19433
19303
19434
19304
19435
19305
19436
19306
19437
19307
19438
19308
19439
19309
19440
19310
19441
19311
19442
19312
19443
19313
19444
19314
19445
19315
19446
19316
19447
19317
19448
19318
19449
19319
19450
19320
19451
19321
19452
19322
19453
19323
19454
19324
19455
19325
19456
19326
19457
19327
19458
19328
19459
19329
19460
19330
19461
19331
19462
19332
19463
19333
19464
19334
19465
19335
19466
19336
19467
19337
19468
19338
19469
19339
19470
19340
19471
19341
19472
19342
19473
19343
19474
19344
19475
19345
19476
19346
19477
19347
19478
19348
19479
19349
19480
19350
19481
19351
19482
19352
19483
19353
19484
19354
19485
19355
19486
19356
19487
19357
19488
19358
19489
19359
19490
19360
19491
19361
19492
19362
19493
19363
19494
19364
19495
19365
19496
19366
19497
19367
19498
19368
19499
19369
19500
19370
19501
19371
19502
19372
19503
19373
19504
19374
19505
19375
19506
19376
19507
19377
19508
19378
19509
19379
19510
19380
19511
19381
19512
19382
19513
19383
19514
19384
19515
19385
19516
19386
19517
19387
19518
19388
19519
19389
19520
19390
19521
19391
19522
19392
19523
19393
19524
19394
19525
19395
19526
19396
19527
19397
19528
19398
19529
19399
19530
19400
19531
19401
19532
19402
19533
19403
19534
19404
19535
19405
19536
19406
19537
19407
19538
19408
19539
19409
19540
19410
19541
19411
19542
19412
19543
19413
19544
19414
19545
19415
19546
19416
19547
19417
19548
19418
19549
19419
19550
19420
19551
19421
19552
19422
19553
19423
19554
19424
19555
19425
19556
19426
19557
19427
19558
19428
19559
19429
19560
19430
19561
19431
19562
19563
19433
19564
19434
19565
19435
19566
19436
19567
19437
19568
19438
19569
19439
19570
19440
19571
19441
19572
19442
19573
19443
19574
19444
19575
19445
19576
19446
19577
19447
19578
19448
19579
19449
19580
19450
19581
19451
19582
19452
19583
19453
19584
19454
19585
19455
19586
19456
19587
19457
19588
19458
19589
19459
19590
19460
19591
19461
19592
19462
19593
19463
19594
19464
19595
19465
19596
19466
19597
19467
19598
19468
19599
19469
19600
19470
19601
19471
19602
19472
19603
19473
19604
19474
19605
19475
19606
19476
19607
19477
19608
19478
19609
19479
19610
19480
19611
19481
19612
19482
19613
19483
19614
19484
19615
19485
19616
19486
19617
19487
19618
19488
19619
19489
19620
19490
19621
19491
19622
19492
19623
19493
19624
19494
19625
19495
19626
19496
19627
19497
19628
19498
19629
19499
19630
19500
19631
19501
19632
19502
19633
19503
19634
19504
19635
19505
19636
19506
19637
19507
19638
19508
19639
19509
19640
19510
19641
19511
19642
19512
19643
19513
19644
19514
19645
19515
19646
19516
19647
19517
19648
19518
19649
19519
19650
19520
19651
19521
19652
19522
19653
19523
19654
19524
19655
19525
19656
19526
19657
19527
19658
19528
19659
19529
19660
19530
19661
19531
19662
19532
19663
19533
19664
19534
19665
19535
19666
19536
19667
19537
19668
19538
19669
19539
19670
19540
19671
19541
19672
19542
19673
19543
19674
19544
19675
19545
19676
19546
19677
19547
19678
19548
19679
19549
19680
19550
19681
19551
19682
19552
19683
19553
19684
19554
19685
19555
19686
19556
19687
19557
19688
19558
19689
19559
19690
19560
19691
19561
19692
19562
19693
19563
19694
19695
19565
19566
19567
19568
19569
19570
19571
19572
19573
19574
19575
19576
19577
19578
19579
19580
19581
19582
19583
19584
19585
19586
19587
19588
19589
19590
19591
19592
19593
19594
19595
19596
19597
19598
19599
19600
19601
19602
19603
19604
19605
19606
19607
19608
19609
19610
19611
19612
19613
19614
19615
19616
19617
19618
19619
19620
19621
19622
19623
19624
19625
19626
19627
19628
19629
19630
19631
19632
19633
19634
19635
19636
19637
19638
19639
19640
19641
19642
19643
19644
19645
19646
19647
19648
19649
19650
19651
19652
19653
19654
19655
19656
19657
19658
19659
19660
19661
19662
19663
19664
19665
19666
19667
19668
19669
19670
19671
19672
19673
19674
19675
19676
19677
19678
19679
19680
19681
19682
19683
19684
19685
19686
19687
19688
19689
19690
19691
19692
19693
19694
19695
19697
19828
27756
19698
19829
19699
19830
19700
19831
19701
19832
19702
19833
19703
19834
19704
19835
19705
19836
19706
19837
19707
19838
19708
19839
19709
19840
19710
19841
19711
19842
19712
19843
19713
19844
19714
19845
19715
19846
19716
19847
19717
19848
19718
19849
19719
19850
19720
19851
19721
19852
19722
19853
19723
19854
19724
19855
19725
19856
19726
19857
19727
19858
19728
19859
19729
19860
19730
19861
19731
19862
19732
19863
19733
19864
19734
19865
19735
19866
19736
19867
19737
19868
19738
19869
19739
19870
19740
19871
19741
19872
19742
19873
19743
19874
19744
19875
19745
19876
19746
19877
19747
19878
19748
19879
19749
19880
19750
19881
19751
19882
19752
19883
19753
19884
19754
19885
19755
19886
19756
19887
19757
19888
19758
19889
19759
19890
19760
19891
19761
19892
19762
19893
19763
19894
19764
19895
19765
19896
19766
19897
19767
19898
19768
19899
19769
19900
19770
19901
19771
19902
19772
19903
19773
19904
19774
19905
19775
19906
19776
19907
19777
19908
19778
19909
19779
19910
19780
19911
19781
19912
19782
19913
19783
19914
19784
19915
19785
19916
19786
19917
19787
19918
19788
19919
19789
19920
19790
19921
19791
19922
19792
19923
19793
19924
19794
19925
19795
19926
19796
19927
19797
19928
19798
19929
19799
19930
19800
19931
19801
19932
19802
19933
19803
19934
19804
19935
19805
19936
19806
19937
19807
19938
19808
19939
19809
19940
19810
19941
19811
19942
19812
19943
19813
19944
19814
19945
19815
19946
19816
19947
19817
19948
19818
19949
19819
19950
19820
19951
19821
19952
19822
19953
19823
19954
19824
19955
19825
19956
19826
19957
19827
19958
19959
19829
19960
27765
19830
19961
19831
19962
19832
19963
19833
19964
19834
19965
19835
19966
19836
19967
19837
19968
19838
19969
19839
19970
19840
19971
19841
19972
19842
19973
19843
19974
19844
19975
19845
19976
19846
19977
19847
19978
19848
19979
19849
19980
19850
19981
19851
19982
19852
19983
19853
19984
19854
19985
19855
19986
19856
19987
19857
19988
19858
19989
19859
19990
19860
19991
19861
19992
19862
19993
19863
19994
19864
19995
19865
19996
19866
19997
19867
19998
19868
19999
19869
20000
19870
20001
19871
20002
19872
20003
19873
20004
19874
20005
19875
20006
19876
20007
19877
20008
19878
20009
19879
20010
19880
20011
19881
20012
19882
20013
19883
20014
19884
20015
19885
20016
19886
20017
19887
20018
19888
20019
19889
20020
19890
20021
19891
20022
19892
20023
19893
20024
19894
20025
19895
20026
19896
20027
19897
20028
19898
20029
19899
20030
19900
20031
19901
20032
19902
20033
19903
20034
19904
20035
19905
20036
19906
20037
19907
20038
19908
20039
19909
20040
19910
20041
19911
20042
19912
20043
19913
20044
19914
20045
19915
20046
19916
20047
19917
20048
19918
20049
19919
20050
19920
20051
19921
20052
19922
20053
19923
20054
19924
20055
19925
20056
19926
20057
19927
20058
19928
20059
19929
20060
19930
20061
19931
20062
19932
20063
19933
20064
19934
20065
19935
20066
19936
20067
19937
20068
19938
20069
19939
20070
19940
20071
19941
20072
19942
20073
19943
20074
19944
20075
19945
20076
19946
20077
19947
20078
19948
20079
19949
20080
19950
20081
19951
20082
19952
20083
19953
20084
19954
20085
19955
20086
19956
20087
19957
20088
19958
20089
19959
20090
20091
19961
20092
27774
19962
20093
19963
20094
19964
20095
19965
20096
19966
20097
19967
20098
19968
20099
19969
20100
19970
20101
19971
20102
19972
20103
19973
20104
19974
20105
19975
20106
19976
20107
19977
20108
19978
20109
19979
20110
19980
20111
19981
20112
19982
20113
19983
20114
19984
20115
19985
20116
19986
20117
19987
20118
19988
20119
19989
20120
19990
20121
19991
20122
19992
20123
19993
20124
19994
20125
19995
20126
19996
20127
19997
20128
19998
20129
19999
20130
20000
20131
20001
20132
20002
20133
20003
20134
20004
20135
20005
20136
20006
20137
20007
20138
20008
20139
20009
20140
20010
20141
20011
20142
20012
20143
20013
20144
20014
20145
20015
20146
20016
20147
20017
20148
20018
20149
20019
20150
20020
20151
20021
20152
20022
20153
20023
20154
20024
20155
20025
20156
20026
20157
20027
20158
20028
20159
20029
20160
20030
20161
20031
20162
20032
20163
20033
20164
20034
20165
20035
20166
20036
20167
20037
20168
20038
20169
20039
20170
20040
20171
20041
20172
20042
20173
20043
20174
20044
20175
20045
20176
20046
20177
20047
20178
20048
20179
20049
20180
20050
20181
20051
20182
20052
20183
20053
20184
20054
20185
20055
20186
20056
20187
20057
20188
20058
20189
20059
20190
20060
20191
20061
20192
20062
20193
20063
20194
20064
20195
20065
20196
20066
20197
20067
20198
20068
20199
20069
20200
20070
20201
20071
20202
20072
20203
20073
20204
20074
20205
20075
20206
20076
20207
20077
20208
20078
20209
20079
20210
20080
20211
20081
20212
20082
20213
20083
20214
20084
20215
20085
20216
20086
20217
20087
20218
20088
20219
20089
20220
20090
20221
20091
20222
20223
20093
20224
27783
20094
20225
20095
20226
20096
20227
20097
20228
20098
20229
20099
20230
20100
20231
20101
20232
20102
20233
20103
20234
20104
20235
20105
20236
20106
20237
20107
20238
20108
20239
20109
20240
20110
20241
20111
20242
20112
20243
20113
20244
20114
20245
20115
20246
20116
20247
20117
20248
20118
20249
20119
20250
20120
20251
20121
20252
20122
20253
20123
20254
20124
20255
20125
20256
20126
20257
20127
20258
20128
20259
20129
20260
20130
20261
20131
20262
20132
20263
20133
20264
20134
20265
20135
20266
20136
20267
20137
20268
20138
20269
20139
20270
20140
20271
20141
20272
20142
20273
20143
20274
20144
20275
20145
20276
20146
20277
20147
20278
20148
20279
20149
20280
20150
20281
20151
20282
20152
20283
20153
20284
20154
20285
20155
20286
20156
20287
20157
20288
20158
20289
20159
20290
20160
20291
20161
20292
20162
20293
20163
20294
20164
20295
20165
20296
20166
20297
20167
20298
20168
20299
20169
20300
20170
20301
20171
20302
20172
20303
20173
20304
20174
20305
20175
20306
20176
20307
20177
20308
20178
20309
20179
20310
20180
20311
20181
20312
20182
20313
20183
20314
20184
20315
20185
20316
20186
20317
20187
20318
20188
20319
20189
20320
20190
20321
20191
20322
20192
20323
20193
20324
20194
20325
20195
20326
20196
20327
20197
20328
20198
20329
20199
20330
20200
20331
20201
20332
20202
20333
20203
20334
20204
20335
20205
20336
20206
20337
20207
20338
20208
20339
20209
20340
20210
20341
20211
20342
20212
20343
20213
20344
20214
20345
20215
20346
20216
20347
20217
20348
20218
20349
20219
20350
20220
20351
20221
20352
20222
20353
20223
20354
20355
20225
20356
27792
20226
20357
20227
20358
20228
20359
20229
20360
20230
20361
20231
20362
20232
20363
20233
20364
20234
20365
20235
20366
20236
20367
20237
20368
20238
20369
20239
20370
20240
20371
20241
20372
20242
20373
20243
20374
20244
20375
20245
20376
20246
20377
20247
20378
20248
20379
20249
20380
20250
20381
20251
20382
20252
20383
20253
20384
20254
20385
20255
20386
20256
20387
20257
20388
20258
20389
20259
20390
20260
20391
20261
20392
20262
20393
20263
20394
20264
20395
20265
20396
20266
20397
20267
20398
20268
20399
20269
20400
20270
20401
20271
20402
20272
20403
20273
20404
20274
20405
20275
20406
20276
20407
20277
20408
20278
20409
20279
20410
20280
20411
20281
20412
20282
20413
20283
20414
20284
20415
20285
20416
20286
20417
20287
20418
20288
20419
20289
20420
20290
20421
20291
20422
20292
20423
20293
20424
20294
20425
20295
20426
20296
20427
20297
20428
20298
20429
20299
20430
20300
20431
20301
20432
20302
20433
20303
20434
20304
20435
20305
20436
20306
20437
20307
20438
20308
20439
20309
20440
20310
20441
20311
20442
20312
20443
20313
20444
20314
20445
20315
20446
20316
20447
20317
20448
20318
20449
20319
20450
20320
20451
20321
20452
20322
20453
20323
20454
20324
20455
20325
20456
20326
20457
20327
20458
20328
20459
20329
20460
20330
20461
20331
20462
20332
20463
20333
20464
20334
20465
20335
20466
20336
20467
20337
20468
20338
20469
20339
20470
20340
20471
20341
20472
20342
20473
20343
20474
20344
20475
20345
20476
20346
20477
20347
20478
20348
20479
20349
20480
20350
20481
20351
20482
20352
20483
20353
20484
20354
20485
20355
20486
20487
20357
20488
27801
20358
20489
20359
20490
20360
20491
20361
20492
20362
20493
20363
20494
20364
20495
20365
20496
20366
20497
20367
20498
20368
20499
20369
20500
20370
20501
20371
20502
20372
20503
20373
20504
20374
20505
20375
20506
20376
20507
20377
20508
20378
20509
20379
20510
20380
20511
20381
20512
20382
20513
20383
20514
20384
20515
20385
20516
20386
20517
20387
20518
20388
20519
20389
20520
20390
20521
20391
20522
20392
20523
20393
20524
20394
20525
20395
20526
20396
20527
20397
20528
20398
20529
20399
20530
20400
20531
20401
20532
20402
20533
20403
20534
20404
20535
20405
20536
20406
20537
20407
20538
20408
20539
20409
20540
20410
20541
20411
20542
20412
20543
20413
20544
20414
20545
20415
20546
20416
20547
20417
20548
20418
20549
20419
20550
20420
20551
20421
20552
20422
20553
20423
20554
20424
20555
20425
20556
20426
20557
20427
20558
20428
20559
20429
20560
20430
20561
20431
20562
20432
20563
20433
20564
20434
20565
20435
20566
20436
20567
20437
20568
20438
20569
20439
20570
20440
20571
20441
20572
20442
20573
20443
20574
20444
20575
20445
20576
20446
20577
20447
20578
20448
20579
20449
20580
20450
20581
20451
20582
20452
20583
20453
20584
20454
20585
20455
20586
20456
20587
20457
20588
20458
20589
20459
20590
20460
20591
20461
20592
20462
20593
20463
20594
20464
20595
20465
20596
20466
20597
20467
20598
20468
20599
20469
20600
20470
20601
20471
20602
20472
20603
20473
20604
20474
20605
20475
20606
20476
20607
20477
20608
20478
20609
20479
20610
20480
20611
20481
20612
20482
20613
20483
20614
20484
20615
20485
20616
20486
20617
20487
20618
20619
20489
20620
27810
20490
20621
20491
20622
20492
20623
20493
20624
20494
20625
20495
20626
20496
20627
20497
20628
20498
20629
20499
20630
20500
20631
20501
20632
20502
20633
20503
20634
20504
20635
20505
20636
20506
20637
20507
20638
20508
20639
20509
20640
20510
20641
20511
20642
20512
20643
20513
20644
20514
20645
20515
20646
20516
20647
20517
20648
20518
20649
20519
20650
20520
20651
20521
20652
20522
20653
20523
20654
20524
20655
20525
20656
20526
20657
20527
20658
20528
20659
20529
20660
20530
20661
20531
20662
20532
20663
20533
20664
20534
20665
20535
20666
20536
20667
20537
20668
20538
20669
20539
20670
20540
20671
20541
20672
20542
20673
20543
20674
20544
20675
20545
20676
20546
20677
20547
20678
20548
20679
20549
20680
20550
20681
20551
20682
20552
20683
20553
20684
20554
20685
20555
20686
20556
20687
20557
20688
20558
20689
20559
20690
20560
20691
20561
20692
20562
20693
20563
20694
20564
20695
20565
20696
20566
20697
20567
20698
20568
20699
20569
20700
20570
20701
20571
20702
20572
20703
20573
20704
20574
20705
20575
20706
20576
20707
20577
20708
20578
20709
20579
20710
20580
20711
20581
20712
20582
20713
20583
20714
20584
20715
20585
20716
20586
20717
20587
20718
20588
20719
20589
20720
20590
20721
20591
20722
20592
20723
20593
20724
20594
20725
20595
20726
20596
20727
20597
20728
20598
20729
20599
20730
20600
20731
20601
20732
20602
20733
20603
20734
20604
20735
20605
20736
20606
20737
20607
20738
20608
20739
20609
20740
20610
20741
20611
20742
20612
20743
20613
20744
20614
20745
20615
20746
20616
20747
20617
20748
20618
20749
20619
20750
20751
20621
20752
27819
20622
20753
20623
20754
20624
20755
20625
20756
20626
20757
20627
20758
20628
20759
20629
20760
20630
20761
20631
20762
20632
20763
20633
20764
20634
20765
20635
20766
20636
20767
20637
20768
20638
20769
20639
20770
20640
20771
20641
20772
20642
20773
20643
20774
20644
20775
20645
20776
20646
20777
20647
20778
20648
20779
20649
20780
20650
20781
20651
20782
20652
20783
20653
20784
20654
20785
20655
20786
20656
20787
20657
20788
20658
20789
20659
20790
20660
20791
20661
20792
20662
20793
20663
20794
20664
20795
20665
20796
20666
20797
20667
20798
20668
20799
20669
20800
20670
20801
20671
20802
20672
20803
20673
20804
20674
20805
20675
20806
20676
20807
20677
20808
20678
20809
20679
20810
20680
20811
20681
20812
20682
20813
20683
20814
20684
20815
20685
20816
20686
20817
20687
20818
20688
20819
20689
20820
20690
20821
20691
20822
20692
20823
20693
20824
20694
20825
20695
20826
20696
20827
20697
20828
20698
20829
20699
20830
20700
20831
20701
20832
20702
20833
20703
20834
20704
20835
20705
20836
20706
20837
20707
20838
20708
20839
20709
20840
20710
20841
20711
20842
20712
20843
20713
20844
20714
20845
20715
20846
20716
20847
20717
20848
20718
20849
20719
20850
20720
20851
20721
20852
20722
20853
20723
20854
20724
20855
20725
20856
20726
20857
20727
20858
20728
20859
20729
20860
20730
20861
20731
20862
20732
20863
20733
20864
20734
20865
20735
20866
20736
20867
20737
20868
20738
20869
20739
20870
20740
20871
20741
20872
20742
20873
20743
20874
20744
20875
20745
20876
20746
20877
20747
20878
20748
20879
20749
20880
20750
20881
20751
20882
20883
20753
20884
27828
20754
20885
20755
20886
20756
20887
20757
20888
20758
20889
20759
20890
20760
20891
20761
20892
20762
20893
20763
20894
20764
20895
20765
20896
20766
20897
20767
20898
20768
20899
20769
20900
20770
20901
20771
20902
20772
20903
20773
20904
20774
20905
20775
20906
20776
20907
20777
20908
20778
20909
20779
20910
20780
20911
20781
20912
20782
20913
20783
20914
20784
20915
20785
20916
20786
20917
20787
20918
20788
20919
20789
20920
20790
20921
20791
20922
20792
20923
20793
20924
20794
20925
20795
20926
20796
20927
20797
20928
20798
20929
20799
20930
20800
20931
20801
20932
20802
20933
20803
20934
20804
20935
20805
20936
20806
20937
20807
20938
20808
20939
20809
20940
20810
20941
20811
20942
20812
20943
20813
20944
20814
20945
20815
20946
20816
20947
20817
20948
20818
20949
20819
20950
20820
20951
20821
20952
20822
20953
20823
20954
20824
20955
20825
20956
20826
20957
20827
20958
20828
20959
20829
20960
20830
20961
20831
20962
20832
20963
20833
20964
20834
20965
20835
20966
20836
20967
20837
20968
20838
20969
20839
20970
20840
20971
20841
20972
20842
20973
20843
20974
20844
20975
20845
20976
20846
20977
20847
20978
20848
20979
20849
20980
20850
20981
20851
20982
20852
20983
20853
20984
20854
20985
20855
20986
20856
20987
20857
20988
20858
20989
20859
20990
20860
20991
20861
20992
20862
20993
20863
20994
20864
20995
20865
20996
20866
20997
20867
20998
20868
20999
20869
21000
20870
21001
20871
21002
20872
21003
20873
21004
20874
21005
20875
21006
20876
21007
20877
21008
20878
21009
20879
21010
20880
21011
20881
21012
20882
21013
20883
21014
21015
20885
21016
27837
20886
21017
20887
21018
20888
21019
20889
21020
20890
21021
20891
21022
20892
21023
20893
21024
20894
21025
20895
21026
20896
21027
20897
21028
20898
21029
20899
21030
20900
21031
20901
21032
20902
21033
20903
21034
20904
21035
20905
21036
20906
21037
20907
21038
20908
21039
20909
21040
20910
21041
20911
21042
20912
21043
20913
21044
20914
21045
20915
21046
20916
21047
20917
21048
20918
21049
20919
21050
20920
21051
20921
21052
20922
21053
20923
21054
20924
21055
20925
21056
20926
21057
20927
21058
20928
21059
20929
21060
20930
21061
20931
21062
20932
21063
20933
21064
20934
21065
20935
21066
20936
21067
20937
21068
20938
21069
20939
21070
20940
21071
20941
21072
20942
21073
20943
21074
20944
21075
20945
21076
20946
21077
20947
21078
20948
21079
20949
21080
20950
21081
20951
21082
20952
21083
20953
21084
20954
21085
20955
21086
20956
21087
20957
21088
20958
21089
20959
21090
20960
21091
20961
21092
20962
21093
20963
21094
20964
21095
20965
21096
20966
21097
20967
21098
20968
21099
20969
21100
20970
21101
20971
21102
20972
21103
20973
21104
20974
21105
20975
21106
20976
21107
20977
21108
20978
21109
20979
21110
20980
21111
20981
21112
20982
21113
20983
21114
20984
21115
20985
21116
20986
21117
20987
21118
20988
21119
20989
21120
20990
21121
20991
21122
20992
21123
20993
21124
20994
21125
20995
21126
20996
21127
20997
21128
20998
21129
20999
21130
21000
21131
21001
21132
21002
21133
21003
21134
21004
21135
21005
21136
21006
21137
21007
21138
21008
21139
21009
21140
21010
21141
21011
21142
21012
21143
21013
21144
21014
21145
21015
21146
21147
21017
21148
27846
21018
21149
21019
21150
21020
21151
21021
21152
21022
21153
21023
21154
21024
21155
21025
21156
21026
21157
21027
21158
21028
21159
21029
21160
21030
21161
21031
21162
21032
21163
21033
21164
21034
21165
21035
21166
21036
21167
21037
21168
21038
21169
21039
21170
21040
21171
21041
21172
21042
21173
21043
21174
21044
21175
21045
21176
21046
21177
21047
21178
21048
21179
21049
21180
21050
21181
21051
21182
21052
21183
21053
21184
21054
21185
21055
21186
21056
21187
21057
21188
21058
21189
21059
21190
21060
21191
21061
21192
21062
21193
21063
21194
21064
21195
21065
21196
21066
21197
21067
21198
21068
21199
21069
21200
21070
21201
21071
21202
21072
21203
21073
21204
21074
21205
21075
21206
21076
21207
21077
21208
21078
21209
21079
21210
21080
21211
21081
21212
21082
21213
21083
21214
21084
21215
21085
21216
21086
21217
21087
21218
21088
21219
21089
21220
21090
21221
21091
21222
21092
21223
21093
21224
21094
21225
21095
21226
21096
21227
21097
21228
21098
21229
21099
21230
21100
21231
21101
21232
21102
21233
21103
21234
21104
21235
21105
21236
21106
21237
21107
21238
21108
21239
21109
21240
21110
21241
21111
21242
21112
21243
21113
21244
21114
21245
21115
21246
21116
21247
21117
21248
21118
21249
21119
21250
21120
21251
21121
21252
21122
21253
21123
21254
21124
21255
21125
21256
21126
21257
21127
21258
21128
21259
21129
21260
21130
21261
21131
21262
21132
21263
21133
21264
21134
21265
21135
21266
21136
21267
21137
21268
21138
21269
21139
21270
21140
21271
21141
21272
21142
21273
21143
21274
21144
21275
21145
21276
21146
21277
21147
21278
21279
21149
21280
27855
21150
21281
21151
21282
21152
21283
21153
21284
21154
21285
21155
21286
21156
21287
21157
21288
21158
21289
21159
21290
21160
21291
21161
21292
21162
21293
21163
21294
21164
21295
21165
21296
21166
21297
21167
21298
21168
21299
21169
21300
21170
21301
21171
21302
21172
21303
21173
21304
21174
21305
21175
21306
21176
21307
21177
21308
21178
21309
21179
21310
21180
21311
21181
21312
21182
21313
21183
21314
21184
21315
21185
21316
21186
21317
21187
21318
21188
21319
21189
21320
21190
21321
21191
21322
21192
21323
21193
21324
21194
21325
21195
21326
21196
21327
21197
21328
21198
21329
21199
21330
21200
21331
21201
21332
21202
21333
21203
21334
21204
21335
21205
21336
21206
21337
21207
21338
21208
21339
21209
21340
21210
21341
21211
21342
21212
21343
21213
21344
21214
21345
21215
21346
21216
21347
21217
21348
21218
21349
21219
21350
21220
21351
21221
21352
21222
21353
21223
21354
21224
21355
21225
21356
21226
21357
21227
21358
21228
21359
21229
21360
21230
21361
21231
21362
21232
21363
21233
21364
21234
21365
21235
21366
21236
21367
21237
21368
21238
21369
21239
21370
21240
21371
21241
21372
21242
21373
21243
21374
21244
21375
21245
21376
21246
21377
21247
21378
21248
21379
21249
21380
21250
21381
21251
21382
21252
21383
21253
21384
21254
21385
21255
21386
21256
21387
21257
21388
21258
21389
21259
21390
21260
21391
21261
21392
21262
21393
21263
21394
21264
21395
21265
21396
21266
21397
21267
21398
21268
21399
21269
21400
21270
21401
21271
21402
21272
21403
21273
21404
21274
21405
21275
21406
21276
21407
21277
21408
21278
21409
21279
21410
21411
21281
21412
27864
21282
21413
21283
21414
21284
21415
21285
21416
21286
21417
21287
21418
21288
21419
21289
21420
21290
21421
21291
21422
21292
21423
21293
21424
21294
21425
21295
21426
21296
21427
21297
21428
21298
21429
21299
21430
21300
21431
21301
21432
21302
21433
21303
21434
21304
21435
21305
21436
21306
21437
21307
21438
21308
21439
21309
21440
21310
21441
21311
21442
21312
21443
21313
21444
21314
21445
21315
21446
21316
21447
21317
21448
21318
21449
21319
21450
21320
21451
21321
21452
21322
21453
21323
21454
21324
21455
21325
21456
21326
21457
21327
21458
21328
21459
21329
21460
21330
21461
21331
21462
21332
21463
21333
21464
21334
21465
21335
21466
21336
21467
21337
21468
21338
21469
21339
21470
21340
21471
21341
21472
21342
21473
21343
21474
21344
21475
21345
21476
21346
21477
21347
21478
21348
21479
21349
21480
21350
21481
21351
21482
21352
21483
21353
21484
21354
21485
21355
21486
21356
21487
21357
21488
21358
21489
21359
21490
21360
21491
21361
21492
21362
21493
21363
21494
21364
21495
21365
21496
21366
21497
21367
21498
21368
21499
21369
21500
21370
21501
21371
21502
21372
21503
21373
21504
21374
21505
21375
21506
21376
21507
21377
21508
21378
21509
21379
21510
21380
21511
21381
21512
21382
21513
21383
21514
21384
21515
21385
21516
21386
21517
21387
21518
21388
21519
21389
21520
21390
21521
21391
21522
21392
21523
21393
21524
21394
21525
21395
21526
21396
21527
21397
21528
21398
21529
21399
21530
21400
21531
21401
21532
21402
21533
21403
21534
21404
21535
21405
21536
21406
21537
21407
21538
21408
21539
21409
21540
21410
21541
21411
21542
21543
21413
21544
27873
21414
21545
21415
21546
21416
21547
21417
21548
21418
21549
21419
21550
21420
21551
21421
21552
21422
21553
21423
21554
21424
21555
21425
21556
21426
21557
21427
21558
21428
21559
21429
21560
21430
21561
21431
21562
21432
21563
21433
21564
21434
21565
21435
21566
21436
21567
21437
21568
21438
21569
21439
21570
21440
21571
21441
21572
21442
21573
21443
21574
21444
21575
21445
21576
21446
21577
21447
21578
21448
21579
21449
21580
21450
21581
21451
21582
21452
21583
21453
21584
21454
21585
21455
21586
21456
21587
21457
21588
21458
21589
21459
21590
21460
21591
21461
21592
21462
21593
21463
21594
21464
21595
21465
21596
21466
21597
21467
21598
21468
21599
21469
21600
21470
21601
21471
21602
21472
21603
21473
21604
21474
21605
21475
21606
21476
21607
21477
21608
21478
21609
21479
21610
21480
21611
21481
21612
21482
21613
21483
21614
21484
21615
21485
21616
21486
21617
21487
21618
21488
21619
21489
21620
21490
21621
21491
21622
21492
21623
21493
21624
21494
21625
21495
21626
21496
21627
21497
21628
21498
21629
21499
21630
21500
21631
21501
21632
21502
21633
21503
21634
21504
21635
21505
21636
21506
21637
21507
21638
21508
21639
21509
21640
21510
21641
21511
21642
21512
21643
21513
21644
21514
21645
21515
21646
21516
21647
21517
21648
21518
21649
21519
21650
21520
21651
21521
21652
21522
21653
21523
21654
21524
21655
21525
21656
21526
21657
21527
21658
21528
21659
21529
21660
21530
21661
21531
21662
21532
21663
21533
21664
21534
21665
21535
21666
21536
21667
21537
21668
21538
21669
21539
21670
21540
21671
21541
21672
21542
21673
21543
21674
21675
21545
21676
27882
21546
21677
21547
21678
21548
21679
21549
21680
21550
21681
21551
21682
21552
21683
21553
21684
21554
21685
21555
21686
21556
21687
21557
21688
21558
21689
21559
21690
21560
21691
21561
21692
21562
21693
21563
21694
21564
21695
21565
21696
21566
21697
21567
21698
21568
21699
21569
21700
21570
21701
21571
21702
21572
21703
21573
21704
21574
21705
21575
21706
21576
21707
21577
21708
21578
21709
21579
21710
21580
21711
21581
21712
21582
21713
21583
21714
21584
21715
21585
21716
21586
21717
21587
21718
21588
21719
21589
21720
21590
21721
21591
21722
21592
21723
21593
21724
21594
21725
21595
21726
21596
21727
21597
21728
21598
21729
21599
21730
21600
21731
21601
21732
21602
21733
21603
21734
21604
21735
21605
21736
21606
21737
21607
21738
21608
21739
21609
21740
21610
21741
21611
21742
21612
21743
21613
21744
21614
21745
21615
21746
21616
21747
21617
21748
21618
21749
21619
21750
21620
21751
21621
21752
21622
21753
21623
21754
21624
21755
21625
21756
21626
21757
21627
21758
21628
21759
21629
21760
21630
21761
21631
21762
21632
21763
21633
21764
21634
21765
21635
21766
21636
21767
21637
21768
21638
21769
21639
21770
21640
21771
21641
21772
21642
21773
21643
21774
21644
21775
21645
21776
21646
21777
21647
21778
21648
21779
21649
21780
21650
21781
21651
21782
21652
21783
21653
21784
21654
21785
21655
21786
21656
21787
21657
21788
21658
21789
21659
21790
21660
21791
21661
21792
21662
21793
21663
21794
21664
21795
21665
21796
21666
21797
21667
21798
21668
21799
21669
21800
21670
21801
21671
21802
21672
21803
21673
21804
21674
21805
21675
21806
21807
21677
21808
27891
21678
21809
21679
21810
21680
21811
21681
21812
21682
21813
21683
21814
21684
21815
21685
21816
21686
21817
21687
21818
21688
21819
21689
21820
21690
21821
21691
21822
21692
21823
21693
21824
21694
21825
21695
21826
21696
21827
21697
21828
21698
21829
21699
21830
21700
21831
21701
21832
21702
21833
21703
21834
21704
21835
21705
21836
21706
21837
21707
21838
21708
21839
21709
21840
21710
21841
21711
21842
21712
21843
21713
21844
21714
21845
21715
21846
21716
21847
21717
21848
21718
21849
21719
21850
21720
21851
21721
21852
21722
21853
21723
21854
21724
21855
21725
21856
21726
21857
21727
21858
21728
21859
21729
21860
21730
21861
21731
21862
21732
21863
21733
21864
21734
21865
21735
21866
21736
21867
21737
21868
21738
21869
21739
21870
21740
21871
21741
21872
21742
21873
21743
21874
21744
21875
21745
21876
21746
21877
21747
21878
21748
21879
21749
21880
21750
21881
21751
21882
21752
21883
21753
21884
21754
21885
21755
21886
21756
21887
21757
21888
21758
21889
21759
21890
21760
21891
21761
21892
21762
21893
21763
21894
21764
21895
21765
21896
21766
21897
21767
21898
21768
21899
21769
21900
21770
21901
21771
21902
21772
21903
21773
21904
21774
21905
21775
21906
21776
21907
21777
21908
21778
21909
21779
21910
21780
21911
21781
21912
21782
21913
21783
21914
21784
21915
21785
21916
21786
21917
21787
21918
21788
21919
21789
21920
21790
21921
21791
21922
21792
21923
21793
21924
21794
21925
21795
21926
21796
21927
21797
21928
21798
21929
21799
21930
21800
21931
21801
21932
21802
21933
21803
21934
21804
21935
21805
21936
21806
21937
21807
21938
21939
21809
21940
27900
21810
21941
21811
21942
21812
21943
21813
21944
21814
21945
21815
21946
21816
21947
21817
21948
21818
21949
21819
21950
21820
21951
21821
21952
21822
21953
21823
21954
21824
21955
21825
21956
21826
21957
21827
21958
21828
21959
21829
21960
21830
21961
21831
21962
21832
21963
21833
21964
21834
21965
21835
21966
21836
21967
21837
21968
21838
21969
21839
21970
21840
21971
21841
21972
21842
21973
21843
21974
21844
21975
21845
21976
21846
21977
21847
21978
21848
21979
21849
21980
21850
21981
21851
21982
21852
21983
21853
21984
21854
21985
21855
21986
21856
21987
21857
21988
21858
21989
21859
21990
21860
21991
21861
21992
21862
21993
21863
21994
21864
21995
21865
21996
21866
21997
21867
21998
21868
21999
21869
22000
21870
22001
21871
22002
21872
22003
21873
22004
21874
22005
21875
22006
21876
22007
21877
22008
21878
22009
21879
22010
21880
22011
21881
22012
21882
22013
21883
22014
21884
22015
21885
22016
21886
22017
21887
22018
21888
22019
21889
22020
21890
22021
21891
22022
21892
22023
21893
22024
21894
22025
21895
22026
21896
22027
21897
22028
21898
22029
21899
22030
21900
22031
21901
22032
21902
22033
21903
22034
21904
22035
21905
22036
21906
22037
21907
22038
21908
22039
21909
22040
21910
22041
21911
22042
21912
22043
21913
22044
21914
22045
21915
22046
21916
22047
21917
22048
21918
22049
21919
22050
21920
22051
21921
22052
21922
22053
21923
22054
21924
22055
21925
22056
21926
22057
21927
22058
21928
22059
21929
22060
21930
22061
21931
22062
21932
22063
21933
22064
21934
22065
21935
22066
21936
22067
21937
22068
21938
22069
21939
22070
22071
21941
22072
27909
21942
22073
21943
22074
21944
22075
21945
22076
21946
22077
21947
22078
21948
22079
21949
22080
21950
22081
21951
22082
21952
22083
21953
22084
21954
22085
21955
22086
21956
22087
21957
22088
21958
22089
21959
22090
21960
22091
21961
22092
21962
22093
21963
22094
21964
22095
21965
22096
21966
22097
21967
22098
21968
22099
21969
22100
21970
22101
21971
22102
21972
22103
21973
22104
21974
22105
21975
22106
21976
22107
21977
22108
21978
22109
21979
22110
21980
22111
21981
22112
21982
22113
21983
22114
21984
22115
21985
22116
21986
22117
21987
22118
21988
22119
21989
22120
21990
22121
21991
22122
21992
22123
21993
22124
21994
22125
21995
22126
21996
22127
21997
22128
21998
22129
21999
22130
22000
22131
22001
22132
22002
22133
22003
22134
22004
22135
22005
22136
22006
22137
22007
22138
22008
22139
22009
22140
22010
22141
22011
22142
22012
22143
22013
22144
22014
22145
22015
22146
22016
22147
22017
22148
22018
22149
22019
22150
22020
22151
22021
22152
22022
22153
22023
22154
22024
22155
22025
22156
22026
22157
22027
22158
22028
22159
22029
22160
22030
22161
22031
22162
22032
22163
22033
22164
22034
22165
22035
22166
22036
22167
22037
22168
22038
22169
22039
22170
22040
22171
22041
22172
22042
22173
22043
22174
22044
22175
22045
22176
22046
22177
22047
22178
22048
22179
22049
22180
22050
22181
22051
22182
22052
22183
22053
22184
22054
22185
22055
22186
22056
22187
22057
22188
22058
22189
22059
22190
22060
22191
22061
22192
22062
22193
22063
22194
22064
22195
22065
22196
22066
22197
22067
22198
22068
22199
22069
22200
22070
22201
22071
22202
22203
22073
22204
27918
22074
22205
22075
22206
22076
22207
22077
22208
22078
22209
22079
22210
22080
22211
22081
22212
22082
22213
22083
22214
22084
22215
22085
22216
22086
22217
22087
22218
22088
22219
22089
22220
22090
22221
22091
22222
22092
22223
22093
22224
22094
22225
22095
22226
22096
22227
22097
22228
22098
22229
22099
22230
22100
22231
22101
22232
22102
22233
22103
22234
22104
22235
22105
22236
22106
22237
22107
22238
22108
22239
22109
22240
22110
22241
22111
22242
22112
22243
22113
22244
22114
22245
22115
22246
22116
22247
22117
22248
22118
22249
22119
22250
22120
22251
22121
22252
22122
22253
22123
22254
22124
22255
22125
22256
22126
22257
22127
22258
22128
22259
22129
22260
22130
22261
22131
22262
22132
22263
22133
22264
22134
22265
22135
22266
22136
22267
22137
22268
22138
22269
22139
22270
22140
22271
22141
22272
22142
22273
22143
22274
22144
22275
22145
22276
22146
22277
22147
22278
22148
22279
22149
22280
22150
22281
22151
22282
22152
22283
22153
22284
22154
22285
22155
22286
22156
22287
22157
22288
22158
22289
22159
22290
22160
22291
22161
22292
22162
22293
22163
22294
22164
22295
22165
22296
22166
22297
22167
22298
22168
22299
22169
22300
22170
22301
22171
22302
22172
22303
22173
22304
22174
22305
22175
22306
22176
22307
22177
22308
22178
22309
22179
22310
22180
22311
22181
22312
22182
22313
22183
22314
22184
22315
22185
22316
22186
22317
22187
22318
22188
22319
22189
22320
22190
22321
22191
22322
22192
22323
22193
22324
22194
22325
22195
22326
22196
22327
22197
22328
22198
22329
22199
22330
22200
22331
22201
22332
22202
22333
22203
22334
22335
22205
22336
27927
22206
22337
22207
22338
22208
22339
22209
22340
22210
22341
22211
22342
22212
22343
22213
22344
22214
22345
22215
22346
22216
22347
22217
22348
22218
22349
22219
22350
22220
22351
22221
22352
22222
22353
22223
22354
22224
22355
22225
22356
22226
22357
22227
22358
22228
22359
22229
22360
22230
22361
22231
22362
22232
22363
22233
22364
22234
22365
22235
22366
22236
22367
22237
22368
22238
22369
22239
22370
22240
22371
22241
22372
22242
22373
22243
22374
22244
22375
22245
22376
22246
22377
22247
22378
22248
22379
22249
22380
22250
22381
22251
22382
22252
22383
22253
22384
22254
22385
22255
22386
22256
22387
22257
22388
22258
22389
22259
22390
22260
22391
22261
22392
22262
22393
22263
22394
22264
22395
22265
22396
22266
22397
22267
22398
22268
22399
22269
22400
22270
22401
22271
22402
22272
22403
22273
22404
22274
22405
22275
22406
22276
22407
22277
22408
22278
22409
22279
22410
22280
22411
22281
22412
22282
22413
22283
22414
22284
22415
22285
22416
22286
22417
22287
22418
22288
22419
22289
22420
22290
22421
22291
22422
22292
22423
22293
22424
22294
22425
22295
22426
22296
22427
22297
22428
22298
22429
22299
22430
22300
22431
22301
22432
22302
22433
22303
22434
22304
22435
22305
22436
22306
22437
22307
22438
22308
22439
22309
22440
22310
22441
22311
22442
22312
22443
22313
22444
22314
22445
22315
22446
22316
22447
22317
22448
22318
22449
22319
22450
22320
22451
22321
22452
22322
22453
22323
22454
22324
22455
22325
22456
22326
22457
22327
22458
22328
22459
22329
22460
22330
22461
22331
22462
22332
22463
22333
22464
22334
22465
22335
22466
22467
22337
22468
27936
22338
22469
22339
22470
22340
22471
22341
22472
22342
22473
22343
22474
22344
22475
22345
22476
22346
22477
22347
22478
22348
22479
22349
22480
22350
22481
22351
22482
22352
22483
22353
22484
22354
22485
22355
22486
22356
22487
22357
22488
22358
22489
22359
22490
22360
22491
22361
22492
22362
22493
22363
22494
22364
22495
22365
22496
22366
22497
22367
22498
22368
22499
22369
22500
22370
22501
22371
22502
22372
22503
22373
22504
22374
22505
22375
22506
22376
22507
22377
22508
22378
22509
22379
22510
22380
22511
22381
22512
22382
22513
22383
22514
22384
22515
22385
22516
22386
22517
22387
22518
22388
22519
22389
22520
22390
22521
22391
22522
22392
22523
22393
22524
22394
22525
22395
22526
22396
22527
22397
22528
22398
22529
22399
22530
22400
22531
22401
22532
22402
22533
22403
22534
22404
22535
22405
22536
22406
22537
22407
22538
22408
22539
22409
22540
22410
22541
22411
22542
22412
22543
22413
22544
22414
22545
22415
22546
22416
22547
22417
22548
22418
22549
22419
22550
22420
22551
22421
22552
22422
22553
22423
22554
22424
22555
22425
22556
22426
22557
22427
22558
22428
22559
22429
22560
22430
22561
22431
22562
22432
22563
22433
22564
22434
22565
22435
22566
22436
22567
22437
22568
22438
22569
22439
22570
22440
22571
22441
22572
22442
22573
22443
22574
22444
22575
22445
22576
22446
22577
22447
22578
22448
22579
22449
22580
22450
22581
22451
22582
22452
22583
22453
22584
22454
22585
22455
22586
22456
22587
22457
22588
22458
22589
22459
22590
22460
22591
22461
22592
22462
22593
22463
22594
22464
22595
22465
22596
22466
22597
22467
22598
22599
22469
22600
27945
22470
22601
22471
22602
22472
22603
22473
22604
22474
22605
22475
22606
22476
22607
22477
22608
22478
22609
22479
22610
22480
22611
22481
22612
22482
22613
22483
22614
22484
22615
22485
22616
22486
22617
22487
22618
22488
22619
22489
22620
22490
22621
22491
22622
22492
22623
22493
22624
22494
22625
22495
22626
22496
22627
22497
22628
22498
22629
22499
22630
22500
22631
22501
22632
22502
22633
22503
22634
22504
22635
22505
22636
22506
22637
22507
22638
22508
22639
22509
22640
22510
22641
22511
22642
22512
22643
22513
22644
22514
22645
22515
22646
22516
22647
22517
22648
22518
22649
22519
22650
22520
22651
22521
22652
22522
22653
22523
22654
22524
22655
22525
22656
22526
22657
22527
22658
22528
22659
22529
22660
22530
22661
22531
22662
22532
22663
22533
22664
22534
22665
22535
22666
22536
22667
22537
22668
22538
22669
22539
22670
22540
22671
22541
22672
22542
22673
22543
22674
22544
22675
22545
22676
22546
22677
22547
22678
22548
22679
22549
22680
22550
22681
22551
22682
22552
22683
22553
22684
22554
22685
22555
22686
22556
22687
22557
22688
22558
22689
22559
22690
22560
22691
22561
22692
22562
22693
22563
22694
22564
22695
22565
22696
22566
22697
22567
22698
22568
22699
22569
22700
22570
22701
22571
22702
22572
22703
22573
22704
22574
22705
22575
22706
22576
22707
22577
22708
22578
22709
22579
22710
22580
22711
22581
22712
22582
22713
22583
22714
22584
22715
22585
22716
22586
22717
22587
22718
22588
22719
22589
22720
22590
22721
22591
22722
22592
22723
22593
22724
22594
22725
22595
22726
22596
22727
22597
22728
22598
22729
22599
22730
22731
22601
22732
27954
22602
22733
22603
22734
22604
22735
22605
22736
22606
22737
22607
22738
22608
22739
22609
22740
22610
22741
22611
22742
22612
22743
22613
22744
22614
22745
22615
22746
22616
22747
22617
22748
22618
22749
22619
22750
22620
22751
22621
22752
22622
22753
22623
22754
22624
22755
22625
22756
22626
22757
22627
22758
22628
22759
22629
22760
22630
22761
22631
22762
22632
22763
22633
22764
22634
22765
22635
22766
22636
22767
22637
22768
22638
22769
22639
22770
22640
22771
22641
22772
22642
22773
22643
22774
22644
22775
22645
22776
22646
22777
22647
22778
22648
22779
22649
22780
22650
22781
22651
22782
22652
22783
22653
22784
22654
22785
22655
22786
22656
22787
22657
22788
22658
22789
22659
22790
22660
22791
22661
22792
22662
22793
22663
22794
22664
22795
22665
22796
22666
22797
22667
22798
22668
22799
22669
22800
22670
22801
22671
22802
22672
22803
22673
22804
22674
22805
22675
22806
22676
22807
22677
22808
22678
22809
22679
22810
22680
22811
22681
22812
22682
22813
22683
22814
22684
22815
22685
22816
22686
22817
22687
22818
22688
22819
22689
22820
22690
22821
22691
22822
22692
22823
22693
22824
22694
22825
22695
22826
22696
22827
22697
22828
22698
22829
22699
22830
22700
22831
22701
22832
22702
22833
22703
22834
22704
22835
22705
22836
22706
22837
22707
22838
22708
22839
22709
22840
22710
22841
22711
22842
22712
22843
22713
22844
22714
22845
22715
22846
22716
22847
22717
22848
22718
22849
22719
22850
22720
22851
22721
22852
22722
22853
22723
22854
22724
22855
22725
22856
22726
22857
22727
22858
22728
22859
22729
22860
22730
22861
22731
22862
22863
22733
22864
27963
22734
22865
22735
22866
22736
22867
22737
22868
22738
22869
22739
22870
22740
22871
22741
22872
22742
22873
22743
22874
22744
22875
22745
22876
22746
22877
22747
22878
22748
22879
22749
22880
22750
22881
22751
22882
22752
22883
22753
22884
22754
22885
22755
22886
22756
22887
22757
22888
22758
22889
22759
22890
22760
22891
22761
22892
22762
22893
22763
22894
22764
22895
22765
22896
22766
22897
22767
22898
22768
22899
22769
22900
22770
22901
22771
22902
22772
22903
22773
22904
22774
22905
22775
22906
22776
22907
22777
22908
22778
22909
22779
22910
22780
22911
22781
22912
22782
22913
22783
22914
22784
22915
22785
22916
22786
22917
22787
22918
22788
22919
22789
22920
22790
22921
22791
22922
22792
22923
22793
22924
22794
22925
22795
22926
22796
22927
22797
22928
22798
22929
22799
22930
22800
22931
22801
22932
22802
22933
22803
22934
22804
22935
22805
22936
22806
22937
22807
22938
22808
22939
22809
22940
22810
22941
22811
22942
22812
22943
22813
22944
22814
22945
22815
22946
22816
22947
22817
22948
22818
22949
22819
22950
22820
22951
22821
22952
22822
22953
22823
22954
22824
22955
22825
22956
22826
22957
22827
22958
22828
22959
22829
22960
22830
22961
22831
22962
22832
22963
22833
22964
22834
22965
22835
22966
22836
22967
22837
22968
22838
22969
22839
22970
22840
22971
22841
22972
22842
22973
22843
22974
22844
22975
22845
22976
22846
22977
22847
22978
22848
22979
22849
22980
22850
22981
22851
22982
22852
22983
22853
22984
22854
22985
22855
22986
22856
22987
22857
22988
22858
22989
22859
22990
22860
22991
22861
22992
22862
22993
22863
22994
22995
22865
22996
27972
22866
22997
22867
22998
22868
22999
22869
23000
22870
23001
22871
23002
22872
23003
22873
23004
22874
23005
22875
23006
22876
23007
22877
23008
22878
23009
22879
23010
22880
23011
22881
23012
22882
23013
22883
23014
22884
23015
22885
23016
22886
23017
22887
23018
22888
23019
22889
23020
22890
23021
22891
23022
22892
23023
22893
23024
22894
23025
22895
23026
22896
23027
22897
23028
22898
23029
22899
23030
22900
23031
22901
23032
22902
23033
22903
23034
22904
23035
22905
23036
22906
23037
22907
23038
22908
23039
22909
23040
22910
23041
22911
23042
22912
23043
22913
23044
22914
23045
22915
23046
22916
23047
22917
23048
22918
23049
22919
23050
22920
23051
22921
23052
22922
23053
22923
23054
22924
23055
22925
23056
22926
23057
22927
23058
22928
23059
22929
23060
22930
23061
22931
23062
22932
23063
22933
23064
22934
23065
22935
23066
22936
23067
22937
23068
22938
23069
22939
23070
22940
23071
22941
23072
22942
23073
22943
23074
22944
23075
22945
23076
22946
23077
22947
23078
22948
23079
22949
23080
22950
23081
22951
23082
22952
23083
22953
23084
22954
23085
22955
23086
22956
23087
22957
23088
22958
23089
22959
23090
22960
23091
22961
23092
22962
23093
22963
23094
22964
23095
22965
23096
22966
23097
22967
23098
22968
23099
22969
23100
22970
23101
22971
23102
22972
23103
22973
23104
22974
23105
22975
23106
22976
23107
22977
23108
22978
23109
22979
23110
22980
23111
22981
23112
22982
23113
22983
23114
22984
23115
22985
23116
22986
23117
22987
23118
22988
23119
22989
23120
22990
23121
22991
23122
22992
23123
22993
23124
22994
23125
22995
23126
23127
22997
23128
27981
22998
23129
22999
23130
23000
23131
23001
23132
23002
23133
23003
23134
23004
23135
23005
23136
23006
23137
23007
23138
23008
23139
23009
23140
23010
23141
23011
23142
23012
23143
23013
23144
23014
23145
23015
23146
23016
23147
23017
23148
23018
23149
23019
23150
23020
23151
23021
23152
23022
23153
23023
23154
23024
23155
23025
23156
23026
23157
23027
23158
23028
23159
23029
23160
23030
23161
23031
23162
23032
23163
23033
23164
23034
23165
23035
23166
23036
23167
23037
23168
23038
23169
23039
23170
23040
23171
23041
23172
23042
23173
23043
23174
23044
23175
23045
23176
23046
23177
23047
23178
23048
23179
23049
23180
23050
23181
23051
23182
23052
23183
23053
23184
23054
23185
23055
23186
23056
23187
23057
23188
23058
23189
23059
23190
23060
23191
23061
23192
23062
23193
23063
23194
23064
23195
23065
23196
23066
23197
23067
23198
23068
23199
23069
23200
23070
23201
23071
23202
23072
23203
23073
23204
23074
23205
23075
23206
23076
23207
23077
23208
23078
23209
23079
23210
23080
23211
23081
23212
23082
23213
23083
23214
23084
23215
23085
23216
23086
23217
23087
23218
23088
23219
23089
23220
23090
23221
23091
23222
23092
23223
23093
23224
23094
23225
23095
23226
23096
23227
23097
23228
23098
23229
23099
23230
23100
23231
23101
23232
23102
23233
23103
23234
23104
23235
23105
23236
23106
23237
23107
23238
23108
23239
23109
23240
23110
23241
23111
23242
23112
23243
23113
23244
23114
23245
23115
23246
23116
23247
23117
23248
23118
23249
23119
23250
23120
23251
23121
23252
23122
23253
23123
23254
23124
23255
23125
23256
23126
23257
23127
23258
23259
23129
23260
27990
23130
23261
23131
23262
23132
23263
23133
23264
23134
23265
23135
23266
23136
23267
23137
23268
23138
23269
23139
23270
23140
23271
23141
23272
23142
23273
23143
23274
23144
23275
23145
23276
23146
23277
23147
23278
23148
23279
23149
23280
23150
23281
23151
23282
23152
23283
23153
23284
23154
23285
23155
23286
23156
23287
23157
23288
23158
23289
23159
23290
23160
23291
23161
23292
23162
23293
23163
23294
23164
23295
23165
23296
23166
23297
23167
23298
23168
23299
23169
23300
23170
23301
23171
23302
23172
23303
23173
23304
23174
23305
23175
23306
23176
23307
23177
23308
23178
23309
23179
23310
23180
23311
23181
23312
23182
23313
23183
23314
23184
23315
23185
23316
23186
23317
23187
23318
23188
23319
23189
23320
23190
23321
23191
23322
23192
23323
23193
23324
23194
23325
23195
23326
23196
23327
23197
23328
23198
23329
23199
23330
23200
23331
23201
23332
23202
23333
23203
23334
23204
23335
23205
23336
23206
23337
23207
23338
23208
23339
23209
23340
23210
23341
23211
23342
23212
23343
23213
23344
23214
23345
23215
23346
23216
23347
23217
23348
23218
23349
23219
23350
23220
23351
23221
23352
23222
23353
23223
23354
23224
23355
23225
23356
23226
23357
23227
23358
23228
23359
23229
23360
23230
23361
23231
23362
23232
23363
23233
23364
23234
23365
23235
23366
23236
23367
23237
23368
23238
23369
23239
23370
23240
23371
23241
23372
23242
23373
23243
23374
23244
23375
23245
23376
23246
23377
23247
23378
23248
23379
23249
23380
23250
23381
23251
23382
23252
23383
23253
23384
23254
23385
23255
23386
23256
23387
23257
23388
23258
23389
23259
23390
23391
23261
23392
27999
23262
23393
23263
23394
23264
23395
23265
23396
23266
23397
23267
23398
23268
23399
23269
23400
23270
23401
23271
23402
23272
23403
23273
23404
23274
23405
23275
23406
23276
23407
23277
23408
23278
23409
23279
23410
23280
23411
23281
23412
23282
23413
23283
23414
23284
23415
23285
23416
23286
23417
23287
23418
23288
23419
23289
23420
23290
23421
23291
23422
23292
23423
23293
23424
23294
23425
23295
23426
23296
23427
23297
23428
23298
23429
23299
23430
23300
23431
23301
23432
23302
23433
23303
23434
23304
23435
23305
23436
23306
23437
23307
23438
23308
23439
23309
23440
23310
23441
23311
23442
23312
23443
23313
23444
23314
23445
23315
23446
23316
23447
23317
23448
23318
23449
23319
23450
23320
23451
23321
23452
23322
23453
23323
23454
23324
23455
23325
23456
23326
23457
23327
23458
23328
23459
23329
23460
23330
23461
23331
23462
23332
23463
23333
23464
23334
23465
23335
23466
23336
23467
23337
23468
23338
23469
23339
23470
23340
23471
23341
23472
23342
23473
23343
23474
23344
23475
23345
23476
23346
23477
23347
23478
23348
23479
23349
23480
23350
23481
23351
23482
23352
23483
23353
23484
23354
23485
23355
23486
23356
23487
23357
23488
23358
23489
23359
23490
23360
23491
23361
23492
23362
23493
23363
23494
23364
23495
23365
23496
23366
23497
23367
23498
23368
23499
23369
23500
23370
23501
23371
23502
23372
23503
23373
23504
23374
23505
23375
23506
23376
23507
23377
23508
23378
23509
23379
23510
23380
23511
23381
23512
23382
23513
23383
23514
23384
23515
23385
23516
23386
23517
23387
23518
23388
23519
23389
23520
23390
23521
23391
23522
23523
23393
23524
28008
23394
23525
23395
23526
23396
23527
23397
23528
23398
23529
23399
23530
23400
23531
23401
23532
23402
23533
23403
23534
23404
23535
23405
23536
23406
23537
23407
23538
23408
23539
23409
23540
23410
23541
23411
23542
23412
23543
23413
23544
23414
23545
23415
23546
23416
23547
23417
23548
23418
23549
23419
23550
23420
23551
23421
23552
23422
23553
23423
23554
23424
23555
23425
23556
23426
23557
23427
23558
23428
23559
23429
23560
23430
23561
23431
23562
23432
23563
23433
23564
23434
23565
23435
23566
23436
23567
23437
23568
23438
23569
23439
23570
23440
23571
23441
23572
23442
23573
23443
23574
23444
23575
23445
23576
23446
23577
23447
23578
23448
23579
23449
23580
23450
23581
23451
23582
23452
23583
23453
23584
23454
23585
23455
23586
23456
23587
23457
23588
23458
23589
23459
23590
23460
23591
23461
23592
23462
23593
23463
23594
23464
23595
23465
23596
23466
23597
23467
23598
23468
23599
23469
23600
23470
23601
23471
23602
23472
23603
23473
23604
23474
23605
23475
23606
23476
23607
23477
23608
23478
23609
23479
23610
23480
23611
23481
23612
23482
23613
23483
23614
23484
23615
23485
23616
23486
23617
23487
23618
23488
23619
23489
23620
23490
23621
23491
23622
23492
23623
23493
23624
23494
23625
23495
23626
23496
23627
23497
23628
23498
23629
23499
23630
23500
23631
23501
23632
23502
23633
23503
23634
23504
23635
23505
23636
23506
23637
23507
23638
23508
23639
23509
23640
23510
23641
23511
23642
23512
23643
23513
23644
23514
23645
23515
23646
23516
23647
23517
23648
23518
23649
23519
23650
23520
23651
23521
23652
23522
23653
23523
23654
23655
23525
23656
28017
23526
23657
23527
23658
23528
23659
23529
23660
23530
23661
23531
23662
23532
23663
23533
23664
23534
23665
23535
23666
23536
23667
23537
23668
23538
23669
23539
23670
23540
23671
23541
23672
23542
23673
23543
23674
23544
23675
23545
23676
23546
23677
23547
23678
23548
23679
23549
23680
23550
23681
23551
23682
23552
23683
23553
23684
23554
23685
23555
23686
23556
23687
23557
23688
23558
23689
23559
23690
23560
23691
23561
23692
23562
23693
23563
23694
23564
23695
23565
23696
23566
23697
23567
23698
23568
23699
23569
23700
23570
23701
23571
23702
23572
23703
23573
23704
23574
23705
23575
23706
23576
23707
23577
23708
23578
23709
23579
23710
23580
23711
23581
23712
23582
23713
23583
23714
23584
23715
23585
23716
23586
23717
23587
23718
23588
23719
23589
23720
23590
23721
23591
23722
23592
23723
23593
23724
23594
23725
23595
23726
23596
23727
23597
23728
23598
23729
23599
23730
23600
23731
23601
23732
23602
23733
23603
23734
23604
23735
23605
23736
23606
23737
23607
23738
23608
23739
23609
23740
23610
23741
23611
23742
23612
23743
23613
23744
23614
23745
23615
23746
23616
23747
23617
23748
23618
23749
23619
23750
23620
23751
23621
23752
23622
23753
23623
23754
23624
23755
23625
23756
23626
23757
23627
23758
23628
23759
23629
23760
23630
23761
23631
23762
23632
23763
23633
23764
23634
23765
23635
23766
23636
23767
23637
23768
23638
23769
23639
23770
23640
23771
23641
23772
23642
23773
23643
23774
23644
23775
23645
23776
23646
23777
23647
23778
23648
23779
23649
23780
23650
23781
23651
23782
23652
23783
23653
23784
23654
23785
23655
23786
23787
23657
23788
28026
23658
23789
23659
23790
23660
23791
23661
23792
23662
23793
23663
23794
23664
23795
23665
23796
23666
23797
23667
23798
23668
23799
23669
23800
23670
23801
23671
23802
23672
23803
23673
23804
23674
23805
23675
23806
23676
23807
23677
23808
23678
23809
23679
23810
23680
23811
23681
23812
23682
23813
23683
23814
23684
23815
23685
23816
23686
23817
23687
23818
23688
23819
23689
23820
23690
23821
23691
23822
23692
23823
23693
23824
23694
23825
23695
23826
23696
23827
23697
23828
23698
23829
23699
23830
23700
23831
23701
23832
23702
23833
23703
23834
23704
23835
23705
23836
23706
23837
23707
23838
23708
23839
23709
23840
23710
23841
23711
23842
23712
23843
23713
23844
23714
23845
23715
23846
23716
23847
23717
23848
23718
23849
23719
23850
23720
23851
23721
23852
23722
23853
23723
23854
23724
23855
23725
23856
23726
23857
23727
23858
23728
23859
23729
23860
23730
23861
23731
23862
23732
23863
23733
23864
23734
23865
23735
23866
23736
23867
23737
23868
23738
23869
23739
23870
23740
23871
23741
23872
23742
23873
23743
23874
23744
23875
23745
23876
23746
23877
23747
23878
23748
23879
23749
23880
23750
23881
23751
23882
23752
23883
23753
23884
23754
23885
23755
23886
23756
23887
23757
23888
23758
23889
23759
23890
23760
23891
23761
23892
23762
23893
23763
23894
23764
23895
23765
23896
23766
23897
23767
23898
23768
23899
23769
23900
23770
23901
23771
23902
23772
23903
23773
23904
23774
23905
23775
23906
23776
23907
23777
23908
23778
23909
23779
23910
23780
23911
23781
23912
23782
23913
23783
23914
23784
23915
23785
23916
23786
23917
23787
23918
23919
23789
23920
28035
23790
23921
23791
23922
23792
23923
23793
23924
23794
23925
23795
23926
23796
23927
23797
23928
23798
23929
23799
23930
23800
23931
23801
23932
23802
23933
23803
23934
23804
23935
23805
23936
23806
23937
23807
23938
23808
23939
23809
23940
23810
23941
23811
23942
23812
23943
23813
23944
23814
23945
23815
23946
23816
23947
23817
23948
23818
23949
23819
23950
23820
23951
23821
23952
23822
23953
23823
23954
23824
23955
23825
23956
23826
23957
23827
23958
23828
23959
23829
23960
23830
23961
23831
23962
23832
23963
23833
23964
23834
23965
23835
23966
23836
23967
23837
23968
23838
23969
23839
23970
23840
23971
23841
23972
23842
23973
23843
23974
23844
23975
23845
23976
23846
23977
23847
23978
23848
23979
23849
23980
23850
23981
23851
23982
23852
23983
23853
23984
23854
23985
23855
23986
23856
23987
23857
23988
23858
23989
23859
23990
23860
23991
23861
23992
23862
23993
23863
23994
23864
23995
23865
23996
23866
23997
23867
23998
23868
23999
23869
24000
23870
24001
23871
24002
23872
24003
23873
24004
23874
24005
23875
24006
23876
24007
23877
24008
23878
24009
23879
24010
23880
24011
23881
24012
23882
24013
23883
24014
23884
24015
23885
24016
23886
24017
23887
24018
23888
24019
23889
24020
23890
24021
23891
24022
23892
24023
23893
24024
23894
24025
23895
24026
23896
24027
23897
24028
23898
24029
23899
24030
23900
24031
23901
24032
23902
24033
23903
24034
23904
24035
23905
24036
23906
24037
23907
24038
23908
24039
23909
24040
23910
24041
23911
24042
23912
24043
23913
24044
23914
24045
23915
24046
23916
24047
23917
24048
23918
24049
23919
24050
24051
23921
24052
28044
23922
24053
23923
24054
23924
24055
23925
24056
23926
24057
23927
24058
23928
24059
23929
24060
23930
24061
23931
24062
23932
24063
23933
24064
23934
24065
23935
24066
23936
24067
23937
24068
23938
24069
23939
24070
23940
24071
23941
24072
23942
24073
23943
24074
23944
24075
23945
24076
23946
24077
23947
24078
23948
24079
23949
24080
23950
24081
23951
24082
23952
24083
23953
24084
23954
24085
23955
24086
23956
24087
23957
24088
23958
24089
23959
24090
23960
24091
23961
24092
23962
24093
23963
24094
23964
24095
23965
24096
23966
24097
23967
24098
23968
24099
23969
24100
23970
24101
23971
24102
23972
24103
23973
24104
23974
24105
23975
24106
23976
24107
23977
24108
23978
24109
23979
24110
23980
24111
23981
24112
23982
24113
23983
24114
23984
24115
23985
24116
23986
24117
23987
24118
23988
24119
23989
24120
23990
24121
23991
24122
23992
24123
23993
24124
23994
24125
23995
24126
23996
24127
23997
24128
23998
24129
23999
24130
24000
24131
24001
24132
24002
24133
24003
24134
24004
24135
24005
24136
24006
24137
24007
24138
24008
24139
24009
24140
24010
24141
24011
24142
24012
24143
24013
24144
24014
24145
24015
24146
24016
24147
24017
24148
24018
24149
24019
24150
24020
24151
24021
24152
24022
24153
24023
24154
24024
24155
24025
24156
24026
24157
24027
24158
24028
24159
24029
24160
24030
24161
24031
24162
24032
24163
24033
24164
24034
24165
24035
24166
24036
24167
24037
24168
24038
24169
24039
24170
24040
24171
24041
24172
24042
24173
24043
24174
24044
24175
24045
24176
24046
24177
24047
24178
24048
24179
24049
24180
24050
24181
24051
24182
24183
24053
24184
28053
24054
24185
24055
24186
24056
24187
24057
24188
24058
24189
24059
24190
24060
24191
24061
24192
24062
24193
24063
24194
24064
24195
24065
24196
24066
24197
24067
24198
24068
24199
24069
24200
24070
24201
24071
24202
24072
24203
24073
24204
24074
24205
24075
24206
24076
24207
24077
24208
24078
24209
24079
24210
24080
24211
24081
24212
24082
24213
24083
24214
24084
24215
24085
24216
24086
24217
24087
24218
24088
24219
24089
24220
24090
24221
24091
24222
24092
24223
24093
24224
24094
24225
24095
24226
24096
24227
24097
24228
24098
24229
24099
24230
24100
24231
24101
24232
24102
24233
24103
24234
24104
24235
24105
24236
24106
24237
24107
24238
24108
24239
24109
24240
24110
24241
24111
24242
24112
24243
24113
24244
24114
24245
24115
24246
24116
24247
24117
24248
24118
24249
24119
24250
24120
24251
24121
24252
24122
24253
24123
24254
24124
24255
24125
24256
24126
24257
24127
24258
24128
24259
24129
24260
24130
24261
24131
24262
24132
24263
24133
24264
24134
24265
24135
24266
24136
24267
24137
24268
24138
24269
24139
24270
24140
24271
24141
24272
24142
24273
24143
24274
24144
24275
24145
24276
24146
24277
24147
24278
24148
24279
24149
24280
24150
24281
24151
24282
24152
24283
24153
24284
24154
24285
24155
24286
24156
24287
24157
24288
24158
24289
24159
24290
24160
24291
24161
24292
24162
24293
24163
24294
24164
24295
24165
24296
24166
24297
24167
24298
24168
24299
24169
24300
24170
24301
24171
24302
24172
24303
24173
24304
24174
24305
24175
24306
24176
24307
24177
24308
24178
24309
24179
24310
24180
24311
24181
24312
24182
24313
24183
24314
24315
24185
24316
28062
24186
24317
24187
24318
24188
24319
24189
24320
24190
24321
24191
24322
24192
24323
24193
24324
24194
24325
24195
24326
24196
24327
24197
24328
24198
24329
24199
24330
24200
24331
24201
24332
24202
24333
24203
24334
24204
24335
24205
24336
24206
24337
24207
24338
24208
24339
24209
24340
24210
24341
24211
24342
24212
24343
24213
24344
24214
24345
24215
24346
24216
24347
24217
24348
24218
24349
24219
24350
24220
24351
24221
24352
24222
24353
24223
24354
24224
24355
24225
24356
24226
24357
24227
24358
24228
24359
24229
24360
24230
24361
24231
24362
24232
24363
24233
24364
24234
24365
24235
24366
24236
24367
24237
24368
24238
24369
24239
24370
24240
24371
24241
24372
24242
24373
24243
24374
24244
24375
24245
24376
24246
24377
24247
24378
24248
24379
24249
24380
24250
24381
24251
24382
24252
24383
24253
24384
24254
24385
24255
24386
24256
24387
24257
24388
24258
24389
24259
24390
24260
24391
24261
24392
24262
24393
24263
24394
24264
24395
24265
24396
24266
24397
24267
24398
24268
24399
24269
24400
24270
24401
24271
24402
24272
24403
24273
24404
24274
24405
24275
24406
24276
24407
24277
24408
24278
24409
24279
24410
24280
24411
24281
24412
24282
24413
24283
24414
24284
24415
24285
24416
24286
24417
24287
24418
24288
24419
24289
24420
24290
24421
24291
24422
24292
24423
24293
24424
24294
24425
24295
24426
24296
24427
24297
24428
24298
24429
24299
24430
24300
24431
24301
24432
24302
24433
24303
24434
24304
24435
24305
24436
24306
24437
24307
24438
24308
24439
24309
24440
24310
24441
24311
24442
24312
24443
24313
24444
24314
24445
24315
24446
24447
24317
24448
28071
24318
24449
24319
24450
24320
24451
24321
24452
24322
24453
24323
24454
24324
24455
24325
24456
24326
24457
24327
24458
24328
24459
24329
24460
24330
24461
24331
24462
24332
24463
24333
24464
24334
24465
24335
24466
24336
24467
24337
24468
24338
24469
24339
24470
24340
24471
24341
24472
24342
24473
24343
24474
24344
24475
24345
24476
24346
24477
24347
24478
24348
24479
24349
24480
24350
24481
24351
24482
24352
24483
24353
24484
24354
24485
24355
24486
24356
24487
24357
24488
24358
24489
24359
24490
24360
24491
24361
24492
24362
24493
24363
24494
24364
24495
24365
24496
24366
24497
24367
24498
24368
24499
24369
24500
24370
24501
24371
24502
24372
24503
24373
24504
24374
24505
24375
24506
24376
24507
24377
24508
24378
24509
24379
24510
24380
24511
24381
24512
24382
24513
24383
24514
24384
24515
24385
24516
24386
24517
24387
24518
24388
24519
24389
24520
24390
24521
24391
24522
24392
24523
24393
24524
24394
24525
24395
24526
24396
24527
24397
24528
24398
24529
24399
24530
24400
24531
24401
24532
24402
24533
24403
24534
24404
24535
24405
24536
24406
24537
24407
24538
24408
24539
24409
24540
24410
24541
24411
24542
24412
24543
24413
24544
24414
24545
24415
24546
24416
24547
24417
24548
24418
24549
24419
24550
24420
24551
24421
24552
24422
24553
24423
24554
24424
24555
24425
24556
24426
24557
24427
24558
24428
24559
24429
24560
24430
24561
24431
24562
24432
24563
24433
24564
24434
24565
24435
24566
24436
24567
24437
24568
24438
24569
24439
24570
24440
24571
24441
24572
24442
24573
24443
24574
24444
24575
24445
24576
24446
24577
24447
24578
24579
24449
24580
28080
24450
24581
24451
24582
24452
24583
24453
24584
24454
24585
24455
24586
24456
24587
24457
24588
24458
24589
24459
24590
24460
24591
24461
24592
24462
24593
24463
24594
24464
24595
24465
24596
24466
24597
24467
24598
24468
24599
24469
24600
24470
24601
24471
24602
24472
24603
24473
24604
24474
24605
24475
24606
24476
24607
24477
24608
24478
24609
24479
24610
24480
24611
24481
24612
24482
24613
24483
24614
24484
24615
24485
24616
24486
24617
24487
24618
24488
24619
24489
24620
24490
24621
24491
24622
24492
24623
24493
24624
24494
24625
24495
24626
24496
24627
24497
24628
24498
24629
24499
24630
24500
24631
24501
24632
24502
24633
24503
24634
24504
24635
24505
24636
24506
24637
24507
24638
24508
24639
24509
24640
24510
24641
24511
24642
24512
24643
24513
24644
24514
24645
24515
24646
24516
24647
24517
24648
24518
24649
24519
24650
24520
24651
24521
24652
24522
24653
24523
24654
24524
24655
24525
24656
24526
24657
24527
24658
24528
24659
24529
24660
24530
24661
24531
24662
24532
24663
24533
24664
24534
24665
24535
24666
24536
24667
24537
24668
24538
24669
24539
24670
24540
24671
24541
24672
24542
24673
24543
24674
24544
24675
24545
24676
24546
24677
24547
24678
24548
24679
24549
24680
24550
24681
24551
24682
24552
24683
24553
24684
24554
24685
24555
24686
24556
24687
24557
24688
24558
24689
24559
24690
24560
24691
24561
24692
24562
24693
24563
24694
24564
24695
24565
24696
24566
24697
24567
24698
24568
24699
24569
24700
24570
24701
24571
24702
24572
24703
24573
24704
24574
24705
24575
24706
24576
24707
24577
24708
24578
24709
24579
24710
24711
24581
24712
28089
24582
24713
24583
24714
24584
24715
24585
24716
24586
24717
24587
24718
24588
24719
24589
24720
24590
24721
24591
24722
24592
24723
24593
24724
24594
24725
24595
24726
24596
24727
24597
24728
24598
24729
24599
24730
24600
24731
24601
24732
24602
24733
24603
24734
24604
24735
24605
24736
24606
24737
24607
24738
24608
24739
24609
24740
24610
24741
24611
24742
24612
24743
24613
24744
24614
24745
24615
24746
24616
24747
24617
24748
24618
24749
24619
24750
24620
24751
24621
24752
24622
24753
24623
24754
24624
24755
24625
24756
24626
24757
24627
24758
24628
24759
24629
24760
24630
24761
24631
24762
24632
24763
24633
24764
24634
24765
24635
24766
24636
24767
24637
24768
24638
24769
24639
24770
24640
24771
24641
24772
24642
24773
24643
24774
24644
24775
24645
24776
24646
24777
24647
24778
24648
24779
24649
24780
24650
24781
24651
24782
24652
24783
24653
24784
24654
24785
24655
24786
24656
24787
24657
24788
24658
24789
24659
24790
24660
24791
24661
24792
24662
24793
24663
24794
24664
24795
24665
24796
24666
24797
24667
24798
24668
24799
24669
24800
24670
24801
24671
24802
24672
24803
24673
24804
24674
24805
24675
24806
24676
24807
24677
24808
24678
24809
24679
24810
24680
24811
24681
24812
24682
24813
24683
24814
24684
24815
24685
24816
24686
24817
24687
24818
24688
24819
24689
24820
24690
24821
24691
24822
24692
24823
24693
24824
24694
24825
24695
24826
24696
24827
24697
24828
24698
24829
24699
24830
24700
24831
24701
24832
24702
24833
24703
24834
24704
24835
24705
24836
24706
24837
24707
24838
24708
24839
24709
24840
24710
24841
24711
24842
24843
24713
24844
28098
24714
24845
24715
24846
24716
24847
24717
24848
24718
24849
24719
24850
24720
24851
24721
24852
24722
24853
24723
24854
24724
24855
24725
24856
24726
24857
24727
24858
24728
24859
24729
24860
24730
24861
24731
24862
24732
24863
24733
24864
24734
24865
24735
24866
24736
24867
24737
24868
24738
24869
24739
24870
24740
24871
24741
24872
24742
24873
24743
24874
24744
24875
24745
24876
24746
24877
24747
24878
24748
24879
24749
24880
24750
24881
24751
24882
24752
24883
24753
24884
24754
24885
24755
24886
24756
24887
24757
24888
24758
24889
24759
24890
24760
24891
24761
24892
24762
24893
24763
24894
24764
24895
24765
24896
24766
24897
24767
24898
24768
24899
24769
24900
24770
24901
24771
24902
24772
24903
24773
24904
24774
24905
24775
24906
24776
24907
24777
24908
24778
24909
24779
24910
24780
24911
24781
24912
24782
24913
24783
24914
24784
24915
24785
24916
24786
24917
24787
24918
24788
24919
24789
24920
24790
24921
24791
24922
24792
24923
24793
24924
24794
24925
24795
24926
24796
24927
24797
24928
24798
24929
24799
24930
24800
24931
24801
24932
24802
24933
24803
24934
24804
24935
24805
24936
24806
24937
24807
24938
24808
24939
24809
24940
24810
24941
24811
24942
24812
24943
24813
24944
24814
24945
24815
24946
24816
24947
24817
24948
24818
24949
24819
24950
24820
24951
24821
24952
24822
24953
24823
24954
24824
24955
24825
24956
24826
24957
24827
24958
24828
24959
24829
24960
24830
24961
24831
24962
24832
24963
24833
24964
24834
24965
24835
24966
24836
24967
24837
24968
24838
24969
24839
24970
24840
24971
24841
24972
24842
24973
24843
24974
24975
24845
24976
28107
24846
24977
24847
24978
24848
24979
24849
24980
24850
24981
24851
24982
24852
24983
24853
24984
24854
24985
24855
24986
24856
24987
24857
24988
24858
24989
24859
24990
24860
24991
24861
24992
24862
24993
24863
24994
24864
24995
24865
24996
24866
24997
24867
24998
24868
24999
24869
25000
24870
25001
24871
25002
24872
25003
24873
25004
24874
25005
24875
25006
24876
25007
24877
25008
24878
25009
24879
25010
24880
25011
24881
25012
24882
25013
24883
25014
24884
25015
24885
25016
24886
25017
24887
25018
24888
25019
24889
25020
24890
25021
24891
25022
24892
25023
24893
25024
24894
25025
24895
25026
24896
25027
24897
25028
24898
25029
24899
25030
24900
25031
24901
25032
24902
25033
24903
25034
24904
25035
24905
25036
24906
25037
24907
25038
24908
25039
24909
25040
24910
25041
24911
25042
24912
25043
24913
25044
24914
25045
24915
25046
24916
25047
24917
25048
24918
25049
24919
25050
24920
25051
24921
25052
24922
25053
24923
25054
24924
25055
24925
25056
24926
25057
24927
25058
24928
25059
24929
25060
24930
25061
24931
25062
24932
25063
24933
25064
24934
25065
24935
25066
24936
25067
24937
25068
24938
25069
24939
25070
24940
25071
24941
25072
24942
25073
24943
25074
24944
25075
24945
25076
24946
25077
24947
25078
24948
25079
24949
25080
24950
25081
24951
25082
24952
25083
24953
25084
24954
25085
24955
25086
24956
25087
24957
25088
24958
25089
24959
25090
24960
25091
24961
25092
24962
25093
24963
25094
24964
25095
24965
25096
24966
25097
24967
25098
24968
25099
24969
25100
24970
25101
24971
25102
24972
25103
24973
25104
24974
25105
24975
25106
25107
24977
25108
28116
24978
25109
24979
25110
24980
25111
24981
25112
24982
25113
24983
25114
24984
25115
24985
25116
24986
25117
24987
25118
24988
25119
24989
25120
24990
25121
24991
25122
24992
25123
24993
25124
24994
25125
24995
25126
24996
25127
24997
25128
24998
25129
24999
25130
25000
25131
25001
25132
25002
25133
25003
25134
25004
25135
25005
25136
25006
25137
25007
25138
25008
25139
25009
25140
25010
25141
25011
25142
25012
25143
25013
25144
25014
25145
25015
25146
25016
25147
25017
25148
25018
25149
25019
25150
25020
25151
25021
25152
25022
25153
25023
25154
25024
25155
25025
25156
25026
25157
25027
25158
25028
25159
25029
25160
25030
25161
25031
25162
25032
25163
25033
25164
25034
25165
25035
25166
25036
25167
25037
25168
25038
25169
25039
25170
25040
25171
25041
25172
25042
25173
25043
25174
25044
25175
25045
25176
25046
25177
25047
25178
25048
25179
25049
25180
25050
25181
25051
25182
25052
25183
25053
25184
25054
25185
25055
25186
25056
25187
25057
25188
25058
25189
25059
25190
25060
25191
25061
25192
25062
25193
25063
25194
25064
25195
25065
25196
25066
25197
25067
25198
25068
25199
25069
25200
25070
25201
25071
25202
25072
25203
25073
25204
25074
25205
25075
25206
25076
25207
25077
25208
25078
25209
25079
25210
25080
25211
25081
25212
25082
25213
25083
25214
25084
25215
25085
25216
25086
25217
25087
25218
25088
25219
25089
25220
25090
25221
25091
25222
25092
25223
25093
25224
25094
25225
25095
25226
25096
25227
25097
25228
25098
25229
25099
25230
25100
25231
25101
25232
25102
25233
25103
25234
25104
25235
25105
25236
25106
25237
25107
25238
25239
25109
25240
28125
25110
25241
25111
25242
25112
25243
25113
25244
25114
25245
25115
25246
25116
25247
25117
25248
25118
25249
25119
25250
25120
25251
25121
25252
25122
25253
25123
25254
25124
25255
25125
25256
25126
25257
25127
25258
25128
25259
25129
25260
25130
25261
25131
25262
25132
25263
25133
25264
25134
25265
25135
25266
25136
25267
25137
25268
25138
25269
25139
25270
25140
25271
25141
25272
25142
25273
25143
25274
25144
25275
25145
25276
25146
25277
25147
25278
25148
25279
25149
25280
25150
25281
25151
25282
25152
25283
25153
25284
25154
25285
25155
25286
25156
25287
25157
25288
25158
25289
25159
25290
25160
25291
25161
25292
25162
25293
25163
25294
25164
25295
25165
25296
25166
25297
25167
25298
25168
25299
25169
25300
25170
25301
25171
25302
25172
25303
25173
25304
25174
25305
25175
25306
25176
25307
25177
25308
25178
25309
25179
25310
25180
25311
25181
25312
25182
25313
25183
25314
25184
25315
25185
25316
25186
25317
25187
25318
25188
25319
25189
25320
25190
25321
25191
25322
25192
25323
25193
25324
25194
25325
25195
25326
25196
25327
25197
25328
25198
25329
25199
25330
25200
25331
25201
25332
25202
25333
25203
25334
25204
25335
25205
25336
25206
25337
25207
25338
25208
25339
25209
25340
25210
25341
25211
25342
25212
25343
25213
25344
25214
25345
25215
25346
25216
25347
25217
25348
25218
25349
25219
25350
25220
25351
25221
25352
25222
25353
25223
25354
25224
25355
25225
25356
25226
25357
25227
25358
25228
25359
25229
25360
25230
25361
25231
25362
25232
25363
25233
25364
25234
25365
25235
25366
25236
25367
25237
25368
25238
25369
25239
25370
25371
25241
25372
28134
25242
25373
25243
25374
25244
25375
25245
25376
25246
25377
25247
25378
25248
25379
25249
25380
25250
25381
25251
25382
25252
25383
25253
25384
25254
25385
25255
25386
25256
25387
25257
25388
25258
25389
25259
25390
25260
25391
25261
25392
25262
25393
25263
25394
25264
25395
25265
25396
25266
25397
25267
25398
25268
25399
25269
25400
25270
25401
25271
25402
25272
25403
25273
25404
25274
25405
25275
25406
25276
25407
25277
25408
25278
25409
25279
25410
25280
25411
25281
25412
25282
25413
25283
25414
25284
25415
25285
25416
25286
25417
25287
25418
25288
25419
25289
25420
25290
25421
25291
25422
25292
25423
25293
25424
25294
25425
25295
25426
25296
25427
25297
25428
25298
25429
25299
25430
25300
25431
25301
25432
25302
25433
25303
25434
25304
25435
25305
25436
25306
25437
25307
25438
25308
25439
25309
25440
25310
25441
25311
25442
25312
25443
25313
25444
25314
25445
25315
25446
25316
25447
25317
25448
25318
25449
25319
25450
25320
25451
25321
25452
25322
25453
25323
25454
25324
25455
25325
25456
25326
25457
25327
25458
25328
25459
25329
25460
25330
25461
25331
25462
25332
25463
25333
25464
25334
25465
25335
25466
25336
25467
25337
25468
25338
25469
25339
25470
25340
25471
25341
25472
25342
25473
25343
25474
25344
25475
25345
25476
25346
25477
25347
25478
25348
25479
25349
25480
25350
25481
25351
25482
25352
25483
25353
25484
25354
25485
25355
25486
25356
25487
25357
25488
25358
25489
25359
25490
25360
25491
25361
25492
25362
25493
25363
25494
25364
25495
25365
25496
25366
25497
25367
25498
25368
25499
25369
25500
25370
25501
25371
25502
25503
25373
25504
28143
25374
25505
25375
25506
25376
25507
25377
25508
25378
25509
25379
25510
25380
25511
25381
25512
25382
25513
25383
25514
25384
25515
25385
25516
25386
25517
25387
25518
25388
25519
25389
25520
25390
25521
25391
25522
25392
25523
25393
25524
25394
25525
25395
25526
25396
25527
25397
25528
25398
25529
25399
25530
25400
25531
25401
25532
25402
25533
25403
25534
25404
25535
25405
25536
25406
25537
25407
25538
25408
25539
25409
25540
25410
25541
25411
25542
25412
25543
25413
25544
25414
25545
25415
25546
25416
25547
25417
25548
25418
25549
25419
25550
25420
25551
25421
25552
25422
25553
25423
25554
25424
25555
25425
25556
25426
25557
25427
25558
25428
25559
25429
25560
25430
25561
25431
25562
25432
25563
25433
25564
25434
25565
25435
25566
25436
25567
25437
25568
25438
25569
25439
25570
25440
25571
25441
25572
25442
25573
25443
25574
25444
25575
25445
25576
25446
25577
25447
25578
25448
25579
25449
25580
25450
25581
25451
25582
25452
25583
25453
25584
25454
25585
25455
25586
25456
25587
25457
25588
25458
25589
25459
25590
25460
25591
25461
25592
25462
25593
25463
25594
25464
25595
25465
25596
25466
25597
25467
25598
25468
25599
25469
25600
25470
25601
25471
25602
25472
25603
25473
25604
25474
25605
25475
25606
25476
25607
25477
25608
25478
25609
25479
25610
25480
25611
25481
25612
25482
25613
25483
25614
25484
25615
25485
25616
25486
25617
25487
25618
25488
25619
25489
25620
25490
25621
25491
25622
25492
25623
25493
25624
25494
25625
25495
25626
25496
25627
25497
25628
25498
25629
25499
25630
25500
25631
25501
25632
25502
25633
25503
25634
25635
25505
25636
28152
25506
25637
25507
25638
25508
25639
25509
25640
25510
25641
25511
25642
25512
25643
25513
25644
25514
25645
25515
25646
25516
25647
25517
25648
25518
25649
25519
25650
25520
25651
25521
25652
25522
25653
25523
25654
25524
25655
25525
25656
25526
25657
25527
25658
25528
25659
25529
25660
25530
25661
25531
25662
25532
25663
25533
25664
25534
25665
25535
25666
25536
25667
25537
25668
25538
25669
25539
25670
25540
25671
25541
25672
25542
25673
25543
25674
25544
25675
25545
25676
25546
25677
25547
25678
25548
25679
25549
25680
25550
25681
25551
25682
25552
25683
25553
25684
25554
25685
25555
25686
25556
25687
25557
25688
25558
25689
25559
25690
25560
25691
25561
25692
25562
25693
25563
25694
25564
25695
25565
25696
25566
25697
25567
25698
25568
25699
25569
25700
25570
25701
25571
25702
25572
25703
25573
25704
25574
25705
25575
25706
25576
25707
25577
25708
25578
25709
25579
25710
25580
25711
25581
25712
25582
25713
25583
25714
25584
25715
25585
25716
25586
25717
25587
25718
25588
25719
25589
25720
25590
25721
25591
25722
25592
25723
25593
25724
25594
25725
25595
25726
25596
25727
25597
25728
25598
25729
25599
25730
25600
25731
25601
25732
25602
25733
25603
25734
25604
25735
25605
25736
25606
25737
25607
25738
25608
25739
25609
25740
25610
25741
25611
25742
25612
25743
25613
25744
25614
25745
25615
25746
25616
25747
25617
25748
25618
25749
25619
25750
25620
25751
25621
25752
25622
25753
25623
25754
25624
25755
25625
25756
25626
25757
25627
25758
25628
25759
25629
25760
25630
25761
25631
25762
25632
25763
25633
25764
25634
25765
25635
25766
25767
25637
25768
28161
25638
25769
25639
25770
25640
25771
25641
25772
25642
25773
25643
25774
25644
25775
25645
25776
25646
25777
25647
25778
25648
25779
25649
25780
25650
25781
25651
25782
25652
25783
25653
25784
25654
25785
25655
25786
25656
25787
25657
25788
25658
25789
25659
25790
25660
25791
25661
25792
25662
25793
25663
25794
25664
25795
25665
25796
25666
25797
25667
25798
25668
25799
25669
25800
25670
25801
25671
25802
25672
25803
25673
25804
25674
25805
25675
25806
25676
25807
25677
25808
25678
25809
25679
25810
25680
25811
25681
25812
25682
25813
25683
25814
25684
25815
25685
25816
25686
25817
25687
25818
25688
25819
25689
25820
25690
25821
25691
25822
25692
25823
25693
25824
25694
25825
25695
25826
25696
25827
25697
25828
25698
25829
25699
25830
25700
25831
25701
25832
25702
25833
25703
25834
25704
25835
25705
25836
25706
25837
25707
25838
25708
25839
25709
25840
25710
25841
25711
25842
25712
25843
25713
25844
25714
25845
25715
25846
25716
25847
25717
25848
25718
25849
25719
25850
25720
25851
25721
25852
25722
25853
25723
25854
25724
25855
25725
25856
25726
25857
25727
25858
25728
25859
25729
25860
25730
25861
25731
25862
25732
25863
25733
25864
25734
25865
25735
25866
25736
25867
25737
25868
25738
25869
25739
25870
25740
25871
25741
25872
25742
25873
25743
25874
25744
25875
25745
25876
25746
25877
25747
25878
25748
25879
25749
25880
25750
25881
25751
25882
25752
25883
25753
25884
25754
25885
25755
25886
25756
25887
25757
25888
25758
25889
25759
25890
25760
25891
25761
25892
25762
25893
25763
25894
25764
25895
25765
25896
25766
25897
25767
25898
25899
25769
25900
28170
25770
25901
25771
25902
25772
25903
25773
25904
25774
25905
25775
25906
25776
25907
25777
25908
25778
25909
25779
25910
25780
25911
25781
25912
25782
25913
25783
25914
25784
25915
25785
25916
25786
25917
25787
25918
25788
25919
25789
25920
25790
25921
25791
25922
25792
25923
25793
25924
25794
25925
25795
25926
25796
25927
25797
25928
25798
25929
25799
25930
25800
25931
25801
25932
25802
25933
25803
25934
25804
25935
25805
25936
25806
25937
25807
25938
25808
25939
25809
25940
25810
25941
25811
25942
25812
25943
25813
25944
25814
25945
25815
25946
25816
25947
25817
25948
25818
25949
25819
25950
25820
25951
25821
25952
25822
25953
25823
25954
25824
25955
25825
25956
25826
25957
25827
25958
25828
25959
25829
25960
25830
25961
25831
25962
25832
25963
25833
25964
25834
25965
25835
25966
25836
25967
25837
25968
25838
25969
25839
25970
25840
25971
25841
25972
25842
25973
25843
25974
25844
25975
25845
25976
25846
25977
25847
25978
25848
25979
25849
25980
25850
25981
25851
25982
25852
25983
25853
25984
25854
25985
25855
25986
25856
25987
25857
25988
25858
25989
25859
25990
25860
25991
25861
25992
25862
25993
25863
25994
25864
25995
25865
25996
25866
25997
25867
25998
25868
25999
25869
26000
25870
26001
25871
26002
25872
26003
25873
26004
25874
26005
25875
26006
25876
26007
25877
26008
25878
26009
25879
26010
25880
26011
25881
26012
25882
26013
25883
26014
25884
26015
25885
26016
25886
26017
25887
26018
25888
26019
25889
26020
25890
26021
25891
26022
25892
26023
25893
26024
25894
26025
25895
26026
25896
26027
25897
26028
25898
26029
25899
26030
26031
25901
26032
28179
25902
26033
25903
26034
25904
26035
25905
26036
25906
26037
25907
26038
25908
26039
25909
26040
25910
26041
25911
26042
25912
26043
25913
26044
25914
26045
25915
26046
25916
26047
25917
26048
25918
26049
25919
26050
25920
26051
25921
26052
25922
26053
25923
26054
25924
26055
25925
26056
25926
26057
25927
26058
25928
26059
25929
26060
25930
26061
25931
26062
25932
26063
25933
26064
25934
26065
25935
26066
25936
26067
25937
26068
25938
26069
25939
26070
25940
26071
25941
26072
25942
26073
25943
26074
25944
26075
25945
26076
25946
26077
25947
26078
25948
26079
25949
26080
25950
26081
25951
26082
25952
26083
25953
26084
25954
26085
25955
26086
25956
26087
25957
26088
25958
26089
25959
26090
25960
26091
25961
26092
25962
26093
25963
26094
25964
26095
25965
26096
25966
26097
25967
26098
25968
26099
25969
26100
25970
26101
25971
26102
25972
26103
25973
26104
25974
26105
25975
26106
25976
26107
25977
26108
25978
26109
25979
26110
25980
26111
25981
26112
25982
26113
25983
26114
25984
26115
25985
26116
25986
26117
25987
26118
25988
26119
25989
26120
25990
26121
25991
26122
25992
26123
25993
26124
25994
26125
25995
26126
25996
26127
25997
26128
25998
26129
25999
26130
26000
26131
26001
26132
26002
26133
26003
26134
26004
26135
26005
26136
26006
26137
26007
26138
26008
26139
26009
26140
26010
26141
26011
26142
26012
26143
26013
26144
26014
26145
26015
26146
26016
26147
26017
26148
26018
26149
26019
26150
26020
26151
26021
26152
26022
26153
26023
26154
26024
26155
26025
26156
26026
26157
26027
26158
26028
26159
26029
26160
26030
26161
26031
26162
26163
26033
26164
28188
26034
26165
26035
26166
26036
26167
26037
26168
26038
26169
26039
26170
26040
26171
26041
26172
26042
26173
26043
26174
26044
26175
26045
26176
26046
26177
26047
26178
26048
26179
26049
26180
26050
26181
26051
26182
26052
26183
26053
26184
26054
26185
26055
26186
26056
26187
26057
26188
26058
26189
26059
26190
26060
26191
26061
26192
26062
26193
26063
26194
26064
26195
26065
26196
26066
26197
26067
26198
26068
26199
26069
26200
26070
26201
26071
26202
26072
26203
26073
26204
26074
26205
26075
26206
26076
26207
26077
26208
26078
26209
26079
26210
26080
26211
26081
26212
26082
26213
26083
26214
26084
26215
26085
26216
26086
26217
26087
26218
26088
26219
26089
26220
26090
26221
26091
26222
26092
26223
26093
26224
26094
26225
26095
26226
26096
26227
26097
26228
26098
26229
26099
26230
26100
26231
26101
26232
26102
26233
26103
26234
26104
26235
26105
26236
26106
26237
26107
26238
26108
26239
26109
26240
26110
26241
26111
26242
26112
26243
26113
26244
26114
26245
26115
26246
26116
26247
26117
26248
26118
26249
26119
26250
26120
26251
26121
26252
26122
26253
26123
26254
26124
26255
26125
26256
26126
26257
26127
26258
26128
26259
26129
26260
26130
26261
26131
26262
26132
26263
26133
26264
26134
26265
26135
26266
26136
26267
26137
26268
26138
26269
26139
26270
26140
26271
26141
26272
26142
26273
26143
26274
26144
26275
26145
26276
26146
26277
26147
26278
26148
26279
26149
26280
26150
26281
26151
26282
26152
26283
26153
26284
26154
26285
26155
26286
26156
26287
26157
26288
26158
26289
26159
26290
26160
26291
26161
26292
26162
26293
26163
26294
26295
26165
26296
28197
26166
26297
26167
26298
26168
26299
26169
26300
26170
26301
26171
26302
26172
26303
26173
26304
26174
26305
26175
26306
26176
26307
26177
26308
26178
26309
26179
26310
26180
26311
26181
26312
26182
26313
26183
26314
26184
26315
26185
26316
26186
26317
26187
26318
26188
26319
26189
26320
26190
26321
26191
26322
26192
26323
26193
26324
26194
26325
26195
26326
26196
26327
26197
26328
26198
26329
26199
26330
26200
26331
26201
26332
26202
26333
26203
26334
26204
26335
26205
26336
26206
26337
26207
26338
26208
26339
26209
26340
26210
26341
26211
26342
26212
26343
26213
26344
26214
26345
26215
26346
26216
26347
26217
26348
26218
26349
26219
26350
26220
26351
26221
26352
26222
26353
26223
26354
26224
26355
26225
26356
26226
26357
26227
26358
26228
26359
26229
26360
26230
26361
26231
26362
26232
26363
26233
26364
26234
26365
26235
26366
26236
26367
26237
26368
26238
26369
26239
26370
26240
26371
26241
26372
26242
26373
26243
26374
26244
26375
26245
26376
26246
26377
26247
26378
26248
26379
26249
26380
26250
26381
26251
26382
26252
26383
26253
26384
26254
26385
26255
26386
26256
26387
26257
26388
26258
26389
26259
26390
26260
26391
26261
26392
26262
26393
26263
26394
26264
26395
26265
26396
26266
26397
26267
26398
26268
26399
26269
26400
26270
26401
26271
26402
26272
26403
26273
26404
26274
26405
26275
26406
26276
26407
26277
26408
26278
26409
26279
26410
26280
26411
26281
26412
26282
26413
26283
26414
26284
26415
26285
26416
26286
26417
26287
26418
26288
26419
26289
26420
26290
26421
26291
26422
26292
26423
26293
26424
26294
26425
26295
26426
26427
26297
26428
28206
26298
26429
26299
26430
26300
26431
26301
26432
26302
26433
26303
26434
26304
26435
26305
26436
26306
26437
26307
26438
26308
26439
26309
26440
26310
26441
26311
26442
26312
26443
26313
26444
26314
26445
26315
26446
26316
26447
26317
26448
26318
26449
26319
26450
26320
26451
26321
26452
26322
26453
26323
26454
26324
26455
26325
26456
26326
26457
26327
26458
26328
26459
26329
26460
26330
26461
26331
26462
26332
26463
26333
26464
26334
26465
26335
26466
26336
26467
26337
26468
26338
26469
26339
26470
26340
26471
26341
26472
26342
26473
26343
26474
26344
26475
26345
26476
26346
26477
26347
26478
26348
26479
26349
26480
26350
26481
26351
26482
26352
26483
26353
26484
26354
26485
26355
26486
26356
26487
26357
26488
26358
26489
26359
26490
26360
26491
26361
26492
26362
26493
26363
26494
26364
26495
26365
26496
26366
26497
26367
26498
26368
26499
26369
26500
26370
26501
26371
26502
26372
26503
26373
26504
26374
26505
26375
26506
26376
26507
26377
26508
26378
26509
26379
26510
26380
26511
26381
26512
26382
26513
26383
26514
26384
26515
26385
26516
26386
26517
26387
26518
26388
26519
26389
26520
26390
26521
26391
26522
26392
26523
26393
26524
26394
26525
26395
26526
26396
26527
26397
26528
26398
26529
26399
26530
26400
26531
26401
26532
26402
26533
26403
26534
26404
26535
26405
26536
26406
26537
26407
26538
26408
26539
26409
26540
26410
26541
26411
26542
26412
26543
26413
26544
26414
26545
26415
26546
26416
26547
26417
26548
26418
26549
26419
26550
26420
26551
26421
26552
26422
26553
26423
26554
26424
26555
26425
26556
26426
26557
26427
26558
26559
26429
26560
28215
26430
26561
26431
26562
26432
26563
26433
26564
26434
26565
26435
26566
26436
26567
26437
26568
26438
26569
26439
26570
26440
26571
26441
26572
26442
26573
26443
26574
26444
26575
26445
26576
26446
26577
26447
26578
26448
26579
26449
26580
26450
26581
26451
26582
26452
26583
26453
26584
26454
26585
26455
26586
26456
26587
26457
26588
26458
26589
26459
26590
26460
26591
26461
26592
26462
26593
26463
26594
26464
26595
26465
26596
26466
26597
26467
26598
26468
26599
26469
26600
26470
26601
26471
26602
26472
26603
26473
26604
26474
26605
26475
26606
26476
26607
26477
26608
26478
26609
26479
26610
26480
26611
26481
26612
26482
26613
26483
26614
26484
26615
26485
26616
26486
26617
26487
26618
26488
26619
26489
26620
26490
26621
26491
26622
26492
26623
26493
26624
26494
26625
26495
26626
26496
26627
26497
26628
26498
26629
26499
26630
26500
26631
26501
26632
26502
26633
26503
26634
26504
26635
26505
26636
26506
26637
26507
26638
26508
26639
26509
26640
26510
26641
26511
26642
26512
26643
26513
26644
26514
26645
26515
26646
26516
26647
26517
26648
26518
26649
26519
26650
26520
26651
26521
26652
26522
26653
26523
26654
26524
26655
26525
26656
26526
26657
26527
26658
26528
26659
26529
26660
26530
26661
26531
26662
26532
26663
26533
26664
26534
26665
26535
26666
26536
26667
26537
26668
26538
26669
26539
26670
26540
26671
26541
26672
26542
26673
26543
26674
26544
26675
26545
26676
26546
26677
26547
26678
26548
26679
26549
26680
26550
26681
26551
26682
26552
26683
26553
26684
26554
26685
26555
26686
26556
26687
26557
26688
26558
26689
26559
26690
26691
26561
26692
28224
26562
26693
26563
26694
26564
26695
26565
26696
26566
26697
26567
26698
26568
26699
26569
26700
26570
26701
26571
26702
26572
26703
26573
26704
26574
26705
26575
26706
26576
26707
26577
26708
26578
26709
26579
26710
26580
26711
26581
26712
26582
26713
26583
26714
26584
26715
26585
26716
26586
26717
26587
26718
26588
26719
26589
26720
26590
26721
26591
26722
26592
26723
26593
26724
26594
26725
26595
26726
26596
26727
26597
26728
26598
26729
26599
26730
26600
26731
26601
26732
26602
26733
26603
26734
26604
26735
26605
26736
26606
26737
26607
26738
26608
26739
26609
26740
26610
26741
26611
26742
26612
26743
26613
26744
26614
26745
26615
26746
26616
26747
26617
26748
26618
26749
26619
26750
26620
26751
26621
26752
26622
26753
26623
26754
26624
26755
26625
26756
26626
26757
26627
26758
26628
26759
26629
26760
26630
26761
26631
26762
26632
26763
26633
26764
26634
26765
26635
26766
26636
26767
26637
26768
26638
26769
26639
26770
26640
26771
26641
26772
26642
26773
26643
26774
26644
26775
26645
26776
26646
26777
26647
26778
26648
26779
26649
26780
26650
26781
26651
26782
26652
26783
26653
26784
26654
26785
26655
26786
26656
26787
26657
26788
26658
26789
26659
26790
26660
26791
26661
26792
26662
26793
26663
26794
26664
26795
26665
26796
26666
26797
26667
26798
26668
26799
26669
26800
26670
26801
26671
26802
26672
26803
26673
26804
26674
26805
26675
26806
26676
26807
26677
26808
26678
26809
26679
26810
26680
26811
26681
26812
26682
26813
26683
26814
26684
26815
26685
26816
26686
26817
26687
26818
26688
26819
26689
26820
26690
26821
26691
26822
26823
26693
26824
28233
26694
26825
26695
26826
26696
26827
26697
26828
26698
26829
26699
26830
26700
26831
26701
26832
26702
26833
26703
26834
26704
26835
26705
26836
26706
26837
26707
26838
26708
26839
26709
26840
26710
26841
26711
26842
26712
26843
26713
26844
26714
26845
26715
26846
26716
26847
26717
26848
26718
26849
26719
26850
26720
26851
26721
26852
26722
26853
26723
26854
26724
26855
26725
26856
26726
26857
26727
26858
26728
26859
26729
26860
26730
26861
26731
26862
26732
26863
26733
26864
26734
26865
26735
26866
26736
26867
26737
26868
26738
26869
26739
26870
26740
26871
26741
26872
26742
26873
26743
26874
26744
26875
26745
26876
26746
26877
26747
26878
26748
26879
26749
26880
26750
26881
26751
26882
26752
26883
26753
26884
26754
26885
26755
26886
26756
26887
26757
26888
26758
26889
26759
26890
26760
26891
26761
26892
26762
26893
26763
26894
26764
26895
26765
26896
26766
26897
26767
26898
26768
26899
26769
26900
26770
26901
26771
26902
26772
26903
26773
26904
26774
26905
26775
26906
26776
26907
26777
26908
26778
26909
26779
26910
26780
26911
26781
26912
26782
26913
26783
26914
26784
26915
26785
26916
26786
26917
26787
26918
26788
26919
26789
26920
26790
26921
26791
26922
26792
26923
26793
26924
26794
26925
26795
26926
26796
26927
26797
26928
26798
26929
26799
26930
26800
26931
26801
26932
26802
26933
26803
26934
26804
26935
26805
26936
26806
26937
26807
26938
26808
26939
26809
26940
26810
26941
26811
26942
26812
26943
26813
26944
26814
26945
26815
26946
26816
26947
26817
26948
26818
26949
26819
26950
26820
26951
26821
26952
26822
26953
26823
26954
26955
26825
26956
28242
26826
26957
26827
26958
26828
26959
26829
26960
26830
26961
26831
26962
26832
26963
26833
26964
26834
26965
26835
26966
26836
26967
26837
26968
26838
26969
26839
26970
26840
26971
26841
26972
26842
26973
26843
26974
26844
26975
26845
26976
26846
26977
26847
26978
26848
26979
26849
26980
26850
26981
26851
26982
26852
26983
26853
26984
26854
26985
26855
26986
26856
26987
26857
26988
26858
26989
26859
26990
26860
26991
26861
26992
26862
26993
26863
26994
26864
26995
26865
26996
26866
26997
26867
26998
26868
26999
26869
27000
26870
27001
26871
27002
26872
27003
26873
27004
26874
27005
26875
27006
26876
27007
26877
27008
26878
27009
26879
27010
26880
27011
26881
27012
26882
27013
26883
27014
26884
27015
26885
27016
26886
27017
26887
27018
26888
27019
26889
27020
26890
27021
26891
27022
26892
27023
26893
27024
26894
27025
26895
27026
26896
27027
26897
27028
26898
27029
26899
27030
26900
27031
26901
27032
26902
27033
26903
27034
26904
27035
26905
27036
26906
27037
26907
27038
26908
27039
26909
27040
26910
27041
26911
27042
26912
27043
26913
27044
26914
27045
26915
27046
26916
27047
26917
27048
26918
27049
26919
27050
26920
27051
26921
27052
26922
27053
26923
27054
26924
27055
26925
27056
26926
27057
26927
27058
26928
27059
26929
27060
26930
27061
26931
27062
26932
27063
26933
27064
26934
27065
26935
27066
26936
27067
26937
27068
26938
27069
26939
27070
26940
27071
26941
27072
26942
27073
26943
27074
26944
27075
26945
27076
26946
27077
26947
27078
26948
27079
26949
27080
26950
27081
26951
27082
26952
27083
26953
27084
26954
27085
26955
27086
27087
26957
27088
28251
26958
27089
26959
27090
26960
27091
26961
27092
26962
27093
26963
27094
26964
27095
26965
27096
26966
27097
26967
27098
26968
27099
26969
27100
26970
27101
26971
27102
26972
27103
26973
27104
26974
27105
26975
27106
26976
27107
26977
27108
26978
27109
26979
27110
26980
27111
26981
27112
26982
27113
26983
27114
26984
27115
26985
27116
26986
27117
26987
27118
26988
27119
26989
27120
26990
27121
26991
27122
26992
27123
26993
27124
26994
27125
26995
27126
26996
27127
26997
27128
26998
27129
26999
27130
27000
27131
27001
27132
27002
27133
27003
27134
27004
27135
27005
27136
27006
27137
27007
27138
27008
27139
27009
27140
27010
27141
27011
27142
27012
27143
27013
27144
27014
27145
27015
27146
27016
27147
27017
27148
27018
27149
27019
27150
27020
27151
27021
27152
27022
27153
27023
27154
27024
27155
27025
27156
27026
27157
27027
27158
27028
27159
27029
27160
27030
27161
27031
27162
27032
27163
27033
27164
27034
27165
27035
27166
27036
27167
27037
27168
27038
27169
27039
27170
27040
27171
27041
27172
27042
27173
27043
27174
27044
27175
27045
27176
27046
27177
27047
27178
27048
27179
27049
27180
27050
27181
27051
27182
27052
27183
27053
27184
27054
27185
27055
27186
27056
27187
27057
27188
27058
27189
27059
27190
27060
27191
27061
27192
27062
27193
27063
27194
27064
27195
27065
27196
27066
27197
27067
27198
27068
27199
27069
27200
27070
27201
27071
27202
27072
27203
27073
27204
27074
27205
27075
27206
27076
27207
27077
27208
27078
27209
27079
27210
27080
27211
27081
27212
27082
27213
27083
27214
27084
27215
27085
27216
27086
27217
27087
27218
27219
27089
27220
28260
27090
27221
27091
27222
27092
27223
27093
27224
27094
27225
27095
27226
27096
27227
27097
27228
27098
27229
27099
27230
27100
27231
27101
27232
27102
27233
27103
27234
27104
27235
27105
27236
27106
27237
27107
27238
27108
27239
27109
27240
27110
27241
27111
27242
27112
27243
27113
27244
27114
27245
27115
27246
27116
27247
27117
27248
27118
27249
27119
27250
27120
27251
27121
27252
27122
27253
27123
27254
27124
27255
27125
27256
27126
27257
27127
27258
27128
27259
27129
27260
27130
27261
27131
27262
27132
27263
27133
27264
27134
27265
27135
27266
27136
27267
27137
27268
27138
27269
27139
27270
27140
27271
27141
27272
27142
27273
27143
27274
27144
27275
27145
27276
27146
27277
27147
27278
27148
27279
27149
27280
27150
27281
27151
27282
27152
27283
27153
27284
27154
27285
27155
27286
27156
27287
27157
27288
27158
27289
27159
27290
27160
27291
27161
27292
27162
27293
27163
27294
27164
27295
27165
27296
27166
27297
27167
27298
27168
27299
27169
27300
27170
27301
27171
27302
27172
27303
27173
27304
27174
27305
27175
27306
27176
27307
27177
27308
27178
27309
27179
27310
27180
27311
27181
27312
27182
27313
27183
27314
27184
27315
27185
27316
27186
27317
27187
27318
27188
27319
27189
27320
27190
27321
27191
27322
27192
27323
27193
27324
27194
27325
27195
27326
27196
27327
27197
27328
27198
27329
27199
27330
27200
27331
27201
27332
27202
27333
27203
27334
27204
27335
27205
27336
27206
27337
27207
27338
27208
27339
27209
27340
27210
27341
27211
27342
27212
27343
27213
27344
27214
27345
27215
27346
27216
27347
27217
27348
27218
27349
27219
27350
27351
27221
27352
28269
27222
27353
27223
27354
27224
27355
27225
27356
27226
27357
27227
27358
27228
27359
27229
27360
27230
27361
27231
27362
27232
27363
27233
27364
27234
27365
27235
27366
27236
27367
27237
27368
27238
27369
27239
27370
27240
27371
27241
27372
27242
27373
27243
27374
27244
27375
27245
27376
27246
27377
27247
27378
27248
27379
27249
27380
27250
27381
27251
27382
27252
27383
27253
27384
27254
27385
27255
27386
27256
27387
27257
27388
27258
27389
27259
27390
27260
27391
27261
27392
27262
27393
27263
27394
27264
27395
27265
27396
27266
27397
27267
27398
27268
27399
27269
27400
27270
27401
27271
27402
27272
27403
27273
27404
27274
27405
27275
27406
27276
27407
27277
27408
27278
27409
27279
27410
27280
27411
27281
27412
27282
27413
27283
27414
27284
27415
27285
27416
27286
27417
27287
27418
27288
27419
27289
27420
27290
27421
27291
27422
27292
27423
27293
27424
27294
27425
27295
27426
27296
27427
27297
27428
27298
27429
27299
27430
27300
27431
27301
27432
27302
27433
27303
27434
27304
27435
27305
27436
27306
27437
27307
27438
27308
27439
27309
27440
27310
27441
27311
27442
27312
27443
27313
27444
27314
27445
27315
27446
27316
27447
27317
27448
27318
27449
27319
27450
27320
27451
27321
27452
27322
27453
27323
27454
27324
27455
27325
27456
27326
27457
27327
27458
27328
27459
27329
27460
27330
27461
27331
27462
27332
27463
27333
27464
27334
27465
27335
27466
27336
27467
27337
27468
27338
27469
27339
27470
27340
27471
27341
27472
27342
27473
27343
27474
27344
27475
27345
27476
27346
27477
27347
27478
27348
27479
27349
27480
27350
27481
27351
27482
27483
27353
27484
28278
27354
27485
27355
27486
27356
27487
27357
27488
27358
27489
27359
27490
27360
27491
27361
27492
27362
27493
27363
27494
27364
27495
27365
27496
27366
27497
27367
27498
27368
27499
27369
27500
27370
27501
27371
27502
27372
27503
27373
27504
27374
27505
27375
27506
27376
27507
27377
27508
27378
27509
27379
27510
27380
27511
27381
27512
27382
27513
27383
27514
27384
27515
27385
27516
27386
27517
27387
27518
27388
27519
27389
27520
27390
27521
27391
27522
27392
27523
27393
27524
27394
27525
27395
27526
27396
27527
27397
27528
27398
27529
27399
27530
27400
27531
27401
27532
27402
27533
27403
27534
27404
27535
27405
27536
27406
27537
27407
27538
27408
27539
27409
27540
27410
27541
27411
27542
27412
27543
27413
27544
27414
27545
27415
27546
27416
27547
27417
27548
27418
27549
27419
27550
27420
27551
27421
27552
27422
27553
27423
27554
27424
27555
27425
27556
27426
27557
27427
27558
27428
27559
27429
27560
27430
27561
27431
27562
27432
27563
27433
27564
27434
27565
27435
27566
27436
27567
27437
27568
27438
27569
27439
27570
27440
27571
27441
27572
27442
27573
27443
27574
27444
27575
27445
27576
27446
27577
27447
27578
27448
27579
27449
27580
27450
27581
27451
27582
27452
27583
27453
27584
27454
27585
27455
27586
27456
27587
27457
27588
27458
27589
27459
27590
27460
27591
27461
27592
27462
27593
27463
27594
27464
27595
27465
27596
27466
27597
27467
27598
27468
27599
27469
27600
27470
27601
27471
27602
27472
27603
27473
27604
27474
27605
27475
27606
27476
27607
27477
27608
27478
27609
27479
27610
27480
27611
27481
27612
27482
27613
27483
27614
27615
27485
27616
28287
27486
27617
27487
27618
27488
27619
27489
27620
27490
27621
27491
27622
27492
27623
27493
27624
27494
27625
27495
27626
27496
27627
27497
27628
27498
27629
27499
27630
27500
27631
27501
27632
27502
27633
27503
27634
27504
27635
27505
27636
27506
27637
27507
27638
27508
27639
27509
27640
27510
27641
27511
27642
27512
27643
27513
27644
27514
27645
27515
27646
27516
27647
27517
27648
27518
27649
27519
27650
27520
27651
27521
27652
27522
27653
27523
27654
27524
27655
27525
27656
27526
27657
27527
27658
27528
27659
27529
27660
27530
27661
27531
27662
27532
27663
27533
27664
27534
27665
27535
27666
27536
27667
27537
27668
27538
27669
27539
27670
27540
27671
27541
27672
27542
27673
27543
27674
27544
27675
27545
27676
27546
27677
27547
27678
27548
27679
27549
27680
27550
27681
27551
27682
27552
27683
27553
27684
27554
27685
27555
27686
27556
27687
27557
27688
27558
27689
27559
27690
27560
27691
27561
27692
27562
27693
27563
27694
27564
27695
27565
27696
27566
27697
27567
27698
27568
27699
27569
27700
27570
27701
27571
27702
27572
27703
27573
27704
27574
27705
27575
27706
27576
27707
27577
27708
27578
27709
27579
27710
27580
27711
27581
27712
27582
27713
27583
27714
27584
27715
27585
27716
27586
27717
27587
27718
27588
27719
27589
27720
27590
27721
27591
27722
27592
27723
27593
27724
27594
27725
27595
27726
27596
27727
27597
27728
27598
27729
27599
27730
27600
27731
27601
27732
27602
27733
27603
27734
27604
27735
27605
27736
27606
27737
27607
27738
27608
27739
27609
27740
27610
27741
27611
27742
27612
27743
27613
27744
27614
27745
27615
27746
27747
27617
28296
27618
27619
27620
27621
27622
27623
27624
27625
27626
27627
27628
27629
27630
27631
27632
27633
27634
27635
27636
27637
27638
27639
27640
27641
27642
27643
27644
27645
27646
27647
27648
27649
27650
27651
27652
27653
27654
27655
27656
27657
27658
27659
27660
27661
27662
27663
27664
27665
27666
27667
27668
27669
27670
27671
27672
27673
27674
27675
27676
27677
27678
27679
27680
27681
27682
27683
27684
27685
27686
27687
27688
27689
27690
27691
27692
27693
27694
27695
27696
27697
27698
27699
27700
27701
27702
27703
27704
27705
27706
27707
27708
27709
27710
27711
27712
27713
27714
27715
27716
27717
27718
27719
27720
27721
27722
27723
27724
27725
27726
27727
27728
27729
27730
27731
27732
27733
27734
27735
27736
27737
27738
27739
27740
27741
27742
27743
27744
27745
27746
27747
27749
27757
36115
27750
27758
27751
27759
27752
27760
27753
27761
27754
27762
27755
27763
27756
27764
27765
27758
27766
36124
27759
27767
27760
27768
27761
27769
27762
27770
27763
27771
27764
27772
27765
27773
27774
27767
27775
36133
27768
27776
27769
27777
27770
27778
27771
27779
27772
27780
27773
27781
27774
27782
27783
27776
27784
36142
27777
27785
27778
27786
27779
27787
27780
27788
27781
27789
27782
27790
27783
27791
27792
27785
27793
36151
27786
27794
27787
27795
27788
27796
27789
27797
27790
27798
27791
27799
27792
27800
27801
27794
27802
36160
27795
27803
27796
27804
27797
27805
27798
27806
27799
27807
27800
27808
27801
27809
27810
27803
27811
36169
27804
27812
27805
27813
27806
27814
27807
27815
27808
27816
27809
27817
27810
27818
27819
27812
27820
36178
27813
27821
27814
27822
27815
27823
27816
27824
27817
27825
27818
27826
27819
27827
27828
27821
27829
36187
27822
27830
27823
27831
27824
27832
27825
27833
27826
27834
27827
27835
27828
27836
27837
27830
27838
36196
27831
27839
27832
27840
27833
27841
27834
27842
27835
27843
27836
27844
27837
27845
27846
27839
27847
36205
27840
27848
27841
27849
27842
27850
27843
27851
27844
27852
27845
27853
27846
27854
27855
27848
27856
36214
27849
27857
27850
27858
27851
27859
27852
27860
27853
27861
27854
27862
27855
27863
27864
27857
27865
36223
27858
27866
27859
27867
27860
27868
27861
27869
27862
27870
27863
27871
27864
27872
27873
27866
27874
36232
27867
27875
27868
27876
27869
27877
27870
27878
27871
27879
27872
27880
27873
27881
27882
27875
27883
36241
27876
27884
27877
27885
27878
27886
27879
27887
27880
27888
27881
27889
27882
27890
27891
27884
27892
36250
27885
27893
27886
27894
27887
27895
27888
27896
27889
27897
27890
27898
27891
27899
27900
27893
27901
36259
27894
27902
27895
27903
27896
27904
27897
27905
27898
27906
27899
27907
27900
27908
27909
27902
27910
36268
27903
27911
27904
27912
27905
27913
27906
27914
27907
27915
27908
27916
27909
27917
27918
27911
27919
36277
27912
27920
27913
27921
27914
27922
27915
27923
27916
27924
27917
27925
27918
27926
27927
27920
27928
36286
27921
27929
27922
27930
27923
27931
27924
27932
27925
27933
27926
27934
27927
27935
27936
27929
27937
36295
27930
27938
27931
27939
27932
27940
27933
27941
27934
27942
27935
27943
27936
27944
27945
27938
27946
36304
27939
27947
27940
27948
27941
27949
27942
27950
27943
27951
27944
27952
27945
27953
27954
27947
27955
36313
27948
27956
27949
27957
27950
27958
27951
27959
27952
27960
27953
27961
27954
27962
27963
27956
27964
36322
27957
27965
27958
27966
27959
27967
27960
27968
27961
27969
27962
27970
27963
27971
27972
27965
27973
36331
27966
27974
27967
27975
27968
27976
27969
27977
27970
27978
27971
27979
27972
27980
27981
27974
27982
36340
27975
27983
27976
27984
27977
27985
27978
27986
27979
27987
27980
27988
27981
27989
27990
27983
27991
36349
27984
27992
27985
27993
27986
27994
27987
27995
27988
27996
27989
27997
27990
27998
27999
27992
28000
36358
27993
28001
27994
28002
27995
28003
27996
28004
27997
28005
27998
28006
27999
28007
28008
28001
28009
36367
28002
28010
28003
28011
28004
28012
28005
28013
28006
28014
28007
28015
28008
28016
28017
28010
28018
36376
28011
28019
28012
28020
28013
28021
28014
28022
28015
28023
28016
28024
28017
28025
28026
28019
28027
36385
28020
28028
28021
28029
28022
28030
28023
28031
28024
28032
28025
28033
28026
28034
28035
28028
28036
36394
28029
28037
28030
28038
28031
28039
28032
28040
28033
28041
28034
28042
28035
28043
28044
28037
28045
36403
28038
28046
28039
28047
28040
28048
28041
28049
28042
28050
28043
28051
28044
28052
28053
28046
28054
36412
28047
28055
28048
28056
28049
28057
28050
28058
28051
28059
28052
28060
28053
28061
28062
28055
28063
36421
28056
28064
28057
28065
28058
28066
28059
28067
28060
28068
28061
28069
28062
28070
28071
28064
28072
36430
28065
28073
28066
28074
28067
28075
28068
28076
28069
28077
28070
28078
28071
28079
28080
28073
28081
36439
28074
28082
28075
28083
28076
28084
28077
28085
28078
28086
28079
28087
28080
28088
28089
28082
28090
36448
28083
28091
28084
28092
28085
28093
28086
28094
28087
28095
28088
28096
28089
28097
28098
28091
28099
36457
28092
28100
28093
28101
28094
28102
28095
28103
28096
28104
28097
28105
28098
28106
28107
28100
28108
36466
28101
28109
28102
28110
28103
28111
28104
28112
28105
28113
28106
28114
28107
28115
28116
28109
28117
36475
28110
28118
28111
28119
28112
28120
28113
28121
28114
28122
28115
28123
28116
28124
28125
28118
28126
36484
28119
28127
28120
28128
28121
28129
28122
28130
28123
28131
28124
28132
28125
28133
28134
28127
28135
36493
28128
28136
28129
28137
28130
28138
28131
28139
28132
28140
28133
28141
28134
28142
28143
28136
28144
36502
28137
28145
28138
28146
28139
28147
28140
28148
28141
28149
28142
28150
28143
28151
28152
28145
28153
36511
28146
28154
28147
28155
28148
28156
28149
28157
28150
28158
28151
28159
28152
28160
28161
28154
28162
36520
28155
28163
28156
28164
28157
28165
28158
28166
28159
28167
28160
28168
28161
28169
28170
28163
28171
36529
28164
28172
28165
28173
28166
28174
28167
28175
28168
28176
28169
28177
28170
28178
28179
28172
28180
36538
28173
28181
28174
28182
28175
28183
28176
28184
28177
28185
28178
28186
28179
28187
28188
28181
28189
36547
28182
28190
28183
28191
28184
28192
28185
28193
28186
28194
28187
28195
28188
28196
28197
28190
28198
36556
28191
28199
28192
28200
28193
28201
28194
28202
28195
28203
28196
28204
28197
28205
28206
28199
28207
36565
28200
28208
28201
28209
28202
28210
28203
28211
28204
28212
28205
28213
28206
28214
28215
28208
28216
36574
28209
28217
28210
28218
28211
28219
28212
28220
28213
28221
28214
28222
28215
28223
28224
28217
28225
36583
28218
28226
28219
28227
28220
28228
28221
28229
28222
28230
28223
28231
28224
28232
28233
28226
28234
36592
28227
28235
28228
28236
28229
28237
28230
28238
28231
28239
28232
28240
28233
28241
28242
28235
28243
36601
28236
28244
28237
28245
28238
28246
28239
28247
28240
28248
28241
28249
28242
28250
28251
28244
28252
36610
28245
28253
28246
28254
28247
28255
28248
28256
28249
28257
28250
28258
28251
28259
28260
28253
28261
36619
28254
28262
28255
28263
28256
28264
28257
28265
28258
28266
28259
28267
28260
28268
28269
28262
28270
36628
28263
28271
28264
28272
28265
28273
28266
28274
28267
28275
28268
28276
28269
28277
28278
28271
28279
36637
28272
28280
28273
28281
28274
28282
28275
28283
28276
28284
28277
28285
28278
28286
28287
28280
28288
36646
28281
28289
28282
28290
28283
28291
28284
28292
28285
28293
28286
28294
28287
28295
28296
28289
36655
28290
28291
28292
28293
28294
28295
28296
28298
28307
36655
28299
28308
28300
28309
28301
28310
28302
28311
28303
28312
28304
28313
28305
28314
28306
28315
28316
28308
28317
36654
28309
28318
28310
28319
28311
28320
28312
28321
28313
28322
28314
28323
28315
28324
28316
28325
28326
28318
28327
36653
28319
28328
28320
28329
28321
28330
28322
28331
28323
28332
28324
28333
28325
28334
28326
28335
28336
28328
28337
36652
28329
28338
28330
28339
28331
28340
28332
28341
28333
28342
28334
28343
28335
28344
28336
28345
28346
28338
28347
36651
28339
28348
28340
28349
28341
28350
28342
28351
28343
28352
28344
28353
28345
28354
28346
28355
28356
28348
28357
36650
28349
28358
28350
28359
28351
28360
28352
28361
28353
28362
28354
28363
28355
28364
28356
28365
28366
28358
28367
36649
28359
28368
28360
28369
28361
28370
28362
28371
28363
28372
28364
28373
28365
28374
28366
28375
28376
28368
28377
36648
28369
28378
28370
28379
28371
28380
28372
28381
28373
28382
28374
28383
28375
28384
28376
28385
28386
28378
28387
36647
28379
28388
28380
28389
28381
28390
28382
28391
28383
28392
28384
28393
28385
28394
28386
28395
28396
28388
28397
28585
28389
28398
28390
28399
28391
28400
28392
28401
28393
28402
28394
28403
28395
28404
28396
28405
28406
28398
28407
28694
28399
28408
28400
28409
28401
28410
28402
28411
28403
28412
28404
28413
28405
28414
28406
28415
28416
28408
28417
28803
28409
28418
28410
28419
28411
28420
28412
28421
28413
28422
28414
28423
28415
28424
28416
28425
28426
28418
28427
28912
28419
28428
28420
28429
28421
28430
28422
28431
28423
28432
28424
28433
28425
28434
28426
28435
28436
28428
28437
29021
28429
28438
28430
28439
28431
28440
28432
28441
28433
28442
28434
28443
28435
28444
28436
28445
28446
28438
28447
29130
28439
28448
28440
28449
28441
28450
28442
28451
28443
28452
28444
28453
28445
28454
28446
28455
28456
28448
28457
29239
28449
28458
28450
28459
28451
28460
28452
28461
28453
28462
28454
28463
28455
28464
28456
28465
28466
28458
28467
29348
28459
28468
28460
28469
28461
28470
28462
28471
28463
28472
28464
28473
28465
28474
28466
28475
28476
28468
29457
28469
28470
28471
28472
28473
28474
28475
28476
28478
28586
35998
28479
28587
35999
28480
28588
36000
28481
28589
36001
28482
28590
36002
28483
28591
36003
28484
28592
36004
28485
28593
36005
28486
28594
36006
28487
28595
36007
28488
28596
36008
28489
28597
36009
28490
28598
36010
28491
28599
36011
28492
28600
36012
28493
28601
36013
28494
28602
36014
28495
28603
36015
28496
28604
36016
28497
28605
36017
28498
28606
36018
28499
28607
36019
28500
28608
36020
28501
28609
36021
28502
28610
36022
28503
28611
36023
28504
28612
36024
28505
28613
36025
28506
28614
36026
28507
28615
36027
28508
28616
36028
28509
28617
36029
28510
28618
36030
28511
28619
36031
28512
28620
36032
28513
28621
36033
28514
28622
36034
28515
28623
36035
28516
28624
36036
28517
28625
36037
28518
28626
36038
28519
28627
36039
28520
28628
36040
28521
28629
36041
28522
28630
36042
28523
28631
36043
28524
28632
36044
28525
28633
36045
28526
28634
36046
28527
28635
36047
28528
28636
36048
28529
28637
36049
28530
28638
36050
28531
28639
36051
28532
28640
36052
28533
28641
36053
28534
28642
36054
28535
28643
36055
28536
28644
36056
28537
28645
36057
28538
28646
36058
28539
28647
36059
28540
28648
36060
28541
28649
36061
28542
28650
36062
28543
28651
36063
28544
28652
36064
28545
28653
36065
28546
28654
36066
28547
28655
36067
28548
28656
36068
28549
28657
36069
28550
28658
36070
28551
28659
36071
28552
28660
36072
28553
28661
36073
28554
28662
36074
28555
28663
36075
28556
28664
36076
28557
28665
36077
28558
28666
36078
28559
28667
36079
28560
28668
36080
28561
28669
36081
28562
28670
36082
28563
28671
36083
28564
28672
36084
28565
28673
36085
28566
28674
36086
28567
28675
36087
28568
28676
36088
28569
28677
36089
28570
28678
36090
28571
28679
36091
28572
28680
36092
28573
28681
36093
28574
28682
36094
28575
28683
36095
28576
28684
36096
28577
28685
36097
28578
28686
36098
28579
28687
36099
28580
28688
36100
28581
28689
36101
28582
28690
36102
28583
28691
36103
28584
28692
36104
28585
28693
36105
28694
36106
28587
28695
28588
28696
28589
28697
28590
28698
28591
28699
28592
28700
28593
28701
28594
28702
28595
28703
28596
28704
28597
28705
28598
28706
28599
28707
28600
28708
28601
28709
28602
28710
28603
28711
28604
28712
28605
28713
28606
28714
28607
28715
28608
28716
28609
28717
28610
28718
28611
28719
28612
28720
28613
28721
28614
28722
28615
28723
28616
28724
28617
28725
28618
28726
28619
28727
28620
28728
28621
28729
28622
28730
28623
28731
28624
28732
28625
28733
28626
28734
28627
28735
28628
28736
28629
28737
28630
28738
28631
28739
28632
28740
28633
28741
28634
28742
28635
28743
28636
28744
28637
28745
28638
28746
28639
28747
28640
28748
28641
28749
28642
28750
28643
28751
28644
28752
28645
28753
28646
28754
28647
28755
28648
28756
28649
28757
28650
28758
28651
28759
28652
28760
28653
28761
28654
28762
28655
28763
28656
28764
28657
28765
28658
28766
28659
28767
28660
28768
28661
28769
28662
28770
28663
28771
28664
28772
28665
28773
28666
28774
28667
28775
28668
28776
28669
28777
28670
28778
28671
28779
28672
28780
28673
28781
28674
28782
28675
28783
28676
28784
28677
28785
28678
28786
28679
28787
28680
28788
28681
28789
28682
28790
28683
28791
28684
28792
28685
28793
28686
28794
28687
28795
28688
28796
28689
28797
28690
28798
28691
28799
28692
28800
28693
28801
28694
28802
28803
28696
28804
28697
28805
28698
28806
28699
28807
28700
28808
28701
28809
28702
28810
28703
28811
28704
28812
28705
28813
28706
28814
28707
28815
28708
28816
28709
28817
28710
28818
28711
28819
28712
28820
28713
28821
28714
28822
28715
28823
28716
28824
28717
28825
28718
28826
28719
28827
28720
28828
28721
28829
28722
28830
28723
28831
28724
28832
28725
28833
28726
28834
28727
28835
28728
28836
28729
28837
28730
28838
28731
28839
28732
28840
28733
28841
28734
28842
28735
28843
28736
28844
28737
28845
28738
28846
28739
28847
28740
28848
28741
28849
28742
28850
28743
28851
28744
28852
28745
28853
28746
28854
28747
28855
28748
28856
28749
28857
28750
28858
28751
28859
28752
28860
28753
28861
28754
28862
28755
28863
28756
28864
28757
28865
28758
28866
28759
28867
28760
28868
28761
28869
28762
28870
28763
28871
28764
28872
28765
28873
28766
28874
28767
28875
28768
28876
28769
28877
28770
28878
28771
28879
28772
28880
28773
28881
28774
28882
28775
28883
28776
28884
28777
28885
28778
28886
28779
28887
28780
28888
28781
28889
28782
28890
28783
28891
28784
28892
28785
28893
28786
28894
28787
28895
28788
28896
28789
28897
28790
28898
28791
28899
28792
28900
28793
28901
28794
28902
28795
28903
28796
28904
28797
28905
28798
28906
28799
28907
28800
28908
28801
28909
28802
28910
28803
28911
28912
28805
28913
28806
28914
28807
28915
28808
28916
28809
28917
28810
28918
28811
28919
28812
28920
28813
28921
28814
28922
28815
28923
28816
28924
28817
28925
28818
28926
28819
28927
28820
28928
28821
28929
28822
28930
28823
28931
28824
28932
28825
28933
28826
28934
28827
28935
28828
28936
28829
28937
28830
28938
28831
28939
28832
28940
28833
28941
28834
28942
28835
28943
28836
28944
28837
28945
28838
28946
28839
28947
28840
28948
28841
28949
28842
28950
28843
28951
28844
28952
28845
28953
28846
28954
28847
28955
28848
28956
28849
28957
28850
28958
28851
28959
28852
28960
28853
28961
28854
28962
28855
28963
28856
28964
28857
28965
28858
28966
28859
28967
28860
28968
28861
28969
28862
28970
28863
28971
28864
28972
28865
28973
28866
28974
28867
28975
28868
28976
28869
28977
28870
28978
28871
28979
28872
28980
28873
28981
28874
28982
28875
28983
28876
28984
28877
28985
28878
28986
28879
28987
28880
28988
28881
28989
28882
28990
28883
28991
28884
28992
28885
28993
28886
28994
28887
28995
28888
28996
28889
28997
28890
28998
28891
28999
28892
29000
28893
29001
28894
29002
28895
29003
28896
29004
28897
29005
28898
29006
28899
29007
28900
29008
28901
29009
28902
29010
28903
29011
28904
29012
28905
29013
28906
29014
28907
29015
28908
29016
28909
29017
28910
29018
28911
29019
28912
29020
29021
28914
29022
28915
29023
28916
29024
28917
29025
28918
29026
28919
29027
28920
29028
28921
29029
28922
29030
28923
29031
28924
29032
28925
29033
28926
29034
28927
29035
28928
29036
28929
29037
28930
29038
28931
29039
28932
29040
28933
29041
28934
29042
28935
29043
28936
29044
28937
29045
28938
29046
28939
29047
28940
29048
28941
29049
28942
29050
28943
29051
28944
29052
28945
29053
28946
29054
28947
29055
28948
29056
28949
29057
28950
29058
28951
29059
28952
29060
28953
29061
28954
29062
28955
29063
28956
29064
28957
29065
28958
29066
28959
29067
28960
29068
28961
29069
28962
29070
28963
29071
28964
29072
28965
29073
28966
29074
28967
29075
28968
29076
28969
29077
28970
29078
28971
29079
28972
29080
28973
29081
28974
29082
28975
29083
28976
29084
28977
29085
28978
29086
28979
29087
28980
29088
28981
29089
28982
29090
28983
29091
28984
29092
28985
29093
28986
29094
28987
29095
28988
29096
28989
29097
28990
29098
28991
29099
28992
29100
28993
29101
28994
29102
28995
29103
28996
29104
28997
29105
28998
29106
28999
29107
29000
29108
29001
29109
29002
29110
29003
29111
29004
29112
29005
29113
29006
29114
29007
29115
29008
29116
29009
29117
29010
29118
29011
29119
29012
29120
29013
29121
29014
29122
29015
29123
29016
29124
29017
29125
29018
29126
29019
29127
29020
29128
29021
29129
29130
29023
29131
29024
29132
29025
29133
29026
29134
29027
29135
29028
29136
29029
29137
29030
29138
29031
29139
29032
29140
29033
29141
29034
29142
29035
29143
29036
29144
29037
29145
29038
29146
29039
29147
29040
29148
29041
29149
29042
29150
29043
29151
29044
29152
29045
29153
29046
29154
29047
29155
29048
29156
29049
29157
29050
29158
29051
29159
29052
29160
29053
29161
29054
29162
29055
29163
29056
29164
29057
29165
29058
29166
29059
29167
29060
29168
29061
29169
29062
29170
29063
29171
29064
29172
29065
29173
29066
29174
29067
29175
29068
29176
29069
29177
29070
29178
29071
29179
29072
29180
29073
29181
29074
29182
29075
29183
29076
29184
29077
29185
29078
29186
29079
29187
29080
29188
29081
29189
29082
29190
29083
29191
29084
29192
29085
29193
29086
29194
29087
29195
29088
29196
29089
29197
29090
29198
29091
29199
29092
29200
29093
29201
29094
29202
29095
29203
29096
29204
29097
29205
29098
29206
29099
29207
29100
29208
29101
29209
29102
29210
29103
29211
29104
29212
29105
29213
29106
29214
29107
29215
29108
29216
29109
29217
29110
29218
29111
29219
29112
29220
29113
29221
29114
29222
29115
29223
29116
29224
29117
29225
29118
29226
29119
29227
29120
29228
29121
29229
29122
29230
29123
29231
29124
29232
29125
29233
29126
29234
29127
29235
29128
29236
29129
29237
29130
29238
29239
29132
29240
29133
29241
29134
29242
29135
29243
29136
29244
29137
29245
29138
29246
29139
29247
29140
29248
29141
29249
29142
29250
29143
29251
29144
29252
29145
29253
29146
29254
29147
29255
29148
29256
29149
29257
29150
29258
29151
29259
29152
29260
29153
29261
29154
29262
29155
29263
29156
29264
29157
29265
29158
29266
29159
29267
29160
29268
29161
29269
29162
29270
29163
29271
29164
29272
29165
29273
29166
29274
29167
29275
29168
29276
29169
29277
29170
29278
29171
29279
29172
29280
29173
29281
29174
29282
29175
29283
29176
29284
29177
29285
29178
29286
29179
29287
29180
29288
29181
29289
29182
29290
29183
29291
29184
29292
29185
29293
29186
29294
29187
29295
29188
29296
29189
29297
29190
29298
29191
29299
29192
29300
29193
29301
29194
29302
29195
29303
29196
29304
29197
29305
29198
29306
29199
29307
29200
29308
29201
29309
29202
29310
29203
29311
29204
29312
29205
29313
29206
29314
29207
29315
29208
29316
29209
29317
29210
29318
29211
29319
29212
29320
29213
29321
29214
29322
29215
29323
29216
29324
29217
29325
29218
29326
29219
29327
29220
29328
29221
29329
29222
29330
29223
29331
29224
29332
29225
29333
29226
29334
29227
29335
29228
29336
29229
29337
29230
29338
29231
29339
29232
29340
29233
29341
29234
29342
29235
29343
29236
29344
29237
29345
29238
29346
29239
29347
29348
29241
29349
29242
29350
29243
29351
29244
29352
29245
29353
29246
29354
29247
29355
29248
29356
29249
29357
29250
29358
29251
29359
29252
29360
29253
29361
29254
29362
29255
29363
29256
29364
29257
29365
29258
29366
29259
29367
29260
29368
29261
29369
29262
29370
29263
29371
29264
29372
29265
29373
29266
29374
29267
29375
29268
29376
29269
29377
29270
29378
29271
29379
29272
29380
29273
29381
29274
29382
29275
29383
29276
29384
29277
29385
29278
29386
29279
29387
29280
29388
29281
29389
29282
29390
29283
29391
29284
29392
29285
29393
29286
29394
29287
29395
29288
29396
29289
29397
29290
29398
29291
29399
29292
29400
29293
29401
29294
29402
29295
29403
29296
29404
29297
29405
29298
29406
29299
29407
29300
29408
29301
29409
29302
29410
29303
29411
29304
29412
29305
29413
29306
29414
29307
29415
29308
29416
29309
29417
29310
29418
29311
29419
29312
29420
29313
29421
29314
29422
29315
29423
29316
29424
29317
29425
29318
29426
29319
29427
29320
29428
29321
29429
29322
29430
29323
29431
29324
29432
29325
29433
29326
29434
29327
29435
29328
29436
29329
29437
29330
29438
29331
29439
29332
29440
29333
29441
29334
29442
29335
29443
29336
29444
29337
29445
29338
29446
29339
29447
29340
29448
29341
29449
29342
29450
29343
29451
29344
29452
29345
29453
29346
29454
29347
29455
29348
29456
29457
29350
29351
29352
29353
29354
29355
29356
29357
29358
29359
29360
29361
29362
29363
29364
29365
29366
29367
29368
29369
29370
29371
29372
29373
29374
29375
29376
29377
29378
29379
29380
29381
29382
29383
29384
29385
29386
29387
29388
29389
29390
29391
29392
29393
29394
29395
29396
29397
29398
29399
29400
29401
29402
29403
29404
29405
29406
29407
29408
29409
29410
29411
29412
29413
29414
29415
29416
29417
29418
29419
29420
29421
29422
29423
29424
29425
29426
29427
29428
29429
29430
29431
29432
29433
29434
29435
29436
29437
29438
29439
29440
29441
29442
29443
29444
29445
29446
29447
29448
29449
29450
29451
29452
29453
29454
29455
29456
29457
29459
29567
29460
29568
29461
29569
29462
29570
29463
29571
29464
29572
29465
29573
29466
29574
29467
29575
29468
29576
29469
29577
29470
29578
29471
29579
29472
29580
29473
29581
29474
29582
29475
29583
29476
29584
29477
29585
29478
29586
29479
29587
29480
29588
29481
29589
29482
29590
29483
29591
29484
29592
29485
29593
29486
29594
29487
29595
29488
29596
29489
29597
29490
29598
29491
29599
29492
29600
29493
29601
29494
29602
29495
29603
29496
29604
29497
29605
29498
29606
29499
29607
29500
29608
29501
29609
29502
29610
29503
29611
29504
29612
29505
29613
29506
29614
29507
29615
29508
29616
29509
29617
29510
29618
29511
29619
29512
29620
29513
29621
29514
29622
29515
29623
29516
29624
29517
29625
29518
29626
29519
29627
29520
29628
29521
29629
29522
29630
29523
29631
29524
29632
29525
29633
29526
29634
29527
29635
29528
29636
29529
29637
29530
29638
29531
29639
29532
29640
29533
29641
29534
29642
29535
29643
29536
29644
29537
29645
29538
29646
29539
29647
29540
29648
29541
29649
29542
29650
29543
29651
29544
29652
29545
29653
29546
29654
29547
29655
29548
29656
29549
29657
29550
29658
29551
29659
29552
29660
29553
29661
29554
29662
29555
29663
29556
29664
29557
29665
29558
29666
29559
29667
29560
29668
29561
29669
29562
29670
29563
29671
29564
29672
29565
29673
29566
29674
29675
36107
29568
29676
29569
29677
29570
29678
29571
29679
29572
29680
29573
29681
29574
29682
29575
29683
29576
29684
29577
29685
29578
29686
29579
29687
29580
29688
29581
29689
29582
29690
29583
29691
29584
29692
29585
29693
29586
29694
29587
29695
29588
29696
29589
29697
29590
29698
29591
29699
29592
29700
29593
29701
29594
29702
29595
29703
29596
29704
29597
29705
29598
29706
29599
29707
29600
29708
29601
29709
29602
29710
29603
29711
29604
29712
29605
29713
29606
29714
29607
29715
29608
29716
29609
29717
29610
29718
29611
29719
29612
29720
29613
29721
29614
29722
29615
29723
29616
29724
29617
29725
29618
29726
29619
29727
29620
29728
29621
29729
29622
29730
29623
29731
29624
29732
29625
29733
29626
29734
29627
29735
29628
29736
29629
29737
29630
29738
29631
29739
29632
29740
29633
29741
29634
29742
29635
29743
29636
29744
29637
29745
29638
29746
29639
29747
29640
29748
29641
29749
29642
29750
29643
29751
29644
29752
29645
29753
29646
29754
29647
29755
29648
29756
29649
29757
29650
29758
29651
29759
29652
29760
29653
29761
29654
29762
29655
29763
29656
29764
29657
29765
29658
29766
29659
29767
29660
29768
29661
29769
29662
29770
29663
29771
29664
29772
29665
29773
29666
29774
29667
29775
29668
29776
29669
29777
29670
29778
29671
29779
29672
29780
29673
29781
29674
29782
29675
29783
29784
36116
29677
29785
29678
29786
29679
29787
29680
29788
29681
29789
29682
29790
29683
29791
29684
29792
29685
29793
29686
29794
29687
29795
29688
29796
29689
29797
29690
29798
29691
29799
29692
29800
29693
29801
29694
29802
29695
29803
29696
29804
29697
29805
29698
29806
29699
29807
29700
29808
29701
29809
29702
29810
29703
29811
29704
29812
29705
29813
29706
29814
29707
29815
29708
29816
29709
29817
29710
29818
29711
29819
29712
29820
29713
29821
29714
29822
29715
29823
29716
29824
29717
29825
29718
29826
29719
29827
29720
29828
29721
29829
29722
29830
29723
29831
29724
29832
29725
29833
29726
29834
29727
29835
29728
29836
29729
29837
29730
29838
29731
29839
29732
29840
29733
29841
29734
29842
29735
29843
29736
29844
29737
29845
29738
29846
29739
29847
29740
29848
29741
29849
29742
29850
29743
29851
29744
29852
29745
29853
29746
29854
29747
29855
29748
29856
29749
29857
29750
29858
29751
29859
29752
29860
29753
29861
29754
29862
29755
29863
29756
29864
29757
29865
29758
29866
29759
29867
29760
29868
29761
29869
29762
29870
29763
29871
29764
29872
29765
29873
29766
29874
29767
29875
29768
29876
29769
29877
29770
29878
29771
29879
29772
29880
29773
29881
29774
29882
29775
29883
29776
29884
29777
29885
29778
29886
29779
29887
29780
29888
29781
29889
29782
29890
29783
29891
29784
29892
29893
36125
29786
29894
29787
29895
29788
29896
29789
29897
29790
29898
29791
29899
29792
29900
29793
29901
29794
29902
29795
29903
29796
29904
29797
29905
29798
29906
29799
29907
29800
29908
29801
29909
29802
29910
29803
29911
29804
29912
29805
29913
29806
29914
29807
29915
29808
29916
29809
29917
29810
29918
29811
29919
29812
29920
29813
29921
29814
29922
29815
29923
29816
29924
29817
29925
29818
29926
29819
29927
29820
29928
29821
29929
29822
29930
29823
29931
29824
29932
29825
29933
29826
29934
29827
29935
29828
29936
29829
29937
29830
29938
29831
29939
29832
29940
29833
29941
29834
29942
29835
29943
29836
29944
29837
29945
29838
29946
29839
29947
29840
29948
29841
29949
29842
29950
29843
29951
29844
29952
29845
29953
29846
29954
29847
29955
29848
29956
29849
29957
29850
29958
29851
29959
29852
29960
29853
29961
29854
29962
29855
29963
29856
29964
29857
29965
29858
29966
29859
29967
29860
29968
29861
29969
29862
29970
29863
29971
29864
29972
29865
29973
29866
29974
29867
29975
29868
29976
29869
29977
29870
29978
29871
29979
29872
29980
29873
29981
29874
29982
29875
29983
29876
29984
29877
29985
29878
29986
29879
29987
29880
29988
29881
29989
29882
29990
29883
29991
29884
29992
29885
29993
29886
29994
29887
29995
29888
29996
29889
29997
29890
29998
29891
29999
29892
30000
29893
30001
30002
36134
29895
30003
29896
30004
29897
30005
29898
30006
29899
30007
29900
30008
29901
30009
29902
30010
29903
30011
29904
30012
29905
30013
29906
30014
29907
30015
29908
30016
29909
30017
29910
30018
29911
30019
29912
30020
29913
30021
29914
30022
29915
30023
29916
30024
29917
30025
29918
30026
29919
30027
29920
30028
29921
30029
29922
30030
29923
30031
29924
30032
29925
30033
29926
30034
29927
30035
29928
30036
29929
30037
29930
30038
29931
30039
29932
30040
29933
30041
29934
30042
29935
30043
29936
30044
29937
30045
29938
30046
29939
30047
29940
30048
29941
30049
29942
30050
29943
30051
29944
30052
29945
30053
29946
30054
29947
30055
29948
30056
29949
30057
29950
30058
29951
30059
29952
30060
29953
30061
29954
30062
29955
30063
29956
30064
29957
30065
29958
30066
29959
30067
29960
30068
29961
30069
29962
30070
29963
30071
29964
30072
29965
30073
29966
30074
29967
30075
29968
30076
29969
30077
29970
30078
29971
30079
29972
30080
29973
30081
29974
30082
29975
30083
29976
30084
29977
30085
29978
30086
29979
30087
29980
30088
29981
30089
29982
30090
29983
30091
29984
30092
29985
30093
29986
30094
29987
30095
29988
30096
29989
30097
29990
30098
29991
30099
29992
30100
29993
30101
29994
30102
29995
30103
29996
30104
29997
30105
29998
30106
29999
30107
30000
30108
30001
30109
30002
30110
30111
36143
30004
30112
30005
30113
30006
30114
30007
30115
30008
30116
30009
30117
30010
30118
30011
30119
30012
30120
30013
30121
30014
30122
30015
30123
30016
30124
30017
30125
30018
30126
30019
30127
30020
30128
30021
30129
30022
30130
30023
30131
30024
30132
30025
30133
30026
30134
30027
30135
30028
30136
30029
30137
30030
30138
30031
30139
30032
30140
30033
30141
30034
30142
30035
30143
30036
30144
30037
30145
30038
30146
30039
30147
30040
30148
30041
30149
30042
30150
30043
30151
30044
30152
30045
30153
30046
30154
30047
30155
30048
30156
30049
30157
30050
30158
30051
30159
30052
30160
30053
30161
30054
30162
30055
30163
30056
30164
30057
30165
30058
30166
30059
30167
30060
30168
30061
30169
30062
30170
30063
30171
30064
30172
30065
30173
30066
30174
30067
30175
30068
30176
30069
30177
30070
30178
30071
30179
30072
30180
30073
30181
30074
30182
30075
30183
30076
30184
30077
30185
30078
30186
30079
30187
30080
30188
30081
30189
30082
30190
30083
30191
30084
30192
30085
30193
30086
30194
30087
30195
30088
30196
30089
30197
30090
30198
30091
30199
30092
30200
30093
30201
30094
30202
30095
30203
30096
30204
30097
30205
30098
30206
30099
30207
30100
30208
30101
30209
30102
30210
30103
30211
30104
30212
30105
30213
30106
30214
30107
30215
30108
30216
30109
30217
30110
30218
30111
30219
30220
36152
30113
30221
30114
30222
30115
30223
30116
30224
30117
30225
30118
30226
30119
30227
30120
30228
30121
30229
30122
30230
30123
30231
30124
30232
30125
30233
30126
30234
30127
30235
30128
30236
30129
30237
30130
30238
30131
30239
30132
30240
30133
30241
30134
30242
30135
30243
30136
30244
30137
30245
30138
30246
30139
30247
30140
30248
30141
30249
30142
30250
30143
30251
30144
30252
30145
30253
30146
30254
30147
30255
30148
30256
30149
30257
30150
30258
30151
30259
30152
30260
30153
30261
30154
30262
30155
30263
30156
30264
30157
30265
30158
30266
30159
30267
30160
30268
30161
30269
30162
30270
30163
30271
30164
30272
30165
30273
30166
30274
30167
30275
30168
30276
30169
30277
30170
30278
30171
30279
30172
30280
30173
30281
30174
30282
30175
30283
30176
30284
30177
30285
30178
30286
30179
30287
30180
30288
30181
30289
30182
30290
30183
30291
30184
30292
30185
30293
30186
30294
30187
30295
30188
30296
30189
30297
30190
30298
30191
30299
30192
30300
30193
30301
30194
30302
30195
30303
30196
30304
30197
30305
30198
30306
30199
30307
30200
30308
30201
30309
30202
30310
30203
30311
30204
30312
30205
30313
30206
30314
30207
30315
30208
30316
30209
30317
30210
30318
30211
30319
30212
30320
30213
30321
30214
30322
30215
30323
30216
30324
30217
30325
30218
30326
30219
30327
30220
30328
30329
36161
30222
30330
30223
30331
30224
30332
30225
30333
30226
30334
30227
30335
30228
30336
30229
30337
30230
30338
30231
30339
30232
30340
30233
30341
30234
30342
30235
30343
30236
30344
30237
30345
30238
30346
30239
30347
30240
30348
30241
30349
30242
30350
30243
30351
30244
30352
30245
30353
30246
30354
30247
30355
30248
30356
30249
30357
30250
30358
30251
30359
30252
30360
30253
30361
30254
30362
30255
30363
30256
30364
30257
30365
30258
30366
30259
30367
30260
30368
30261
30369
30262
30370
30263
30371
30264
30372
30265
30373
30266
30374
30267
30375
30268
30376
30269
30377
30270
30378
30271
30379
30272
30380
30273
30381
30274
30382
30275
30383
30276
30384
30277
30385
30278
30386
30279
30387
30280
30388
30281
30389
30282
30390
30283
30391
30284
30392
30285
30393
30286
30394
30287
30395
30288
30396
30289
30397
30290
30398
30291
30399
30292
30400
30293
30401
30294
30402
30295
30403
30296
30404
30297
30405
30298
30406
30299
30407
30300
30408
30301
30409
30302
30410
30303
30411
30304
30412
30305
30413
30306
30414
30307
30415
30308
30416
30309
30417
30310
30418
30311
30419
30312
30420
30313
30421
30314
30422
30315
30423
30316
30424
30317
30425
30318
30426
30319
30427
30320
30428
30321
30429
30322
30430
30323
30431
30324
30432
30325
30433
30326
30434
30327
30435
30328
30436
30329
30437
30438
36170
30331
30439
30332
30440
30333
30441
30334
30442
30335
30443
30336
30444
30337
30445
30338
30446
30339
30447
30340
30448
30341
30449
30342
30450
30343
30451
30344
30452
30345
30453
30346
30454
30347
30455
30348
30456
30349
30457
30350
30458
30351
30459
30352
30460
30353
30461
30354
30462
30355
30463
30356
30464
30357
30465
30358
30466
30359
30467
30360
30468
30361
30469
30362
30470
30363
30471
30364
30472
30365
30473
30366
30474
30367
30475
30368
30476
30369
30477
30370
30478
30371
30479
30372
30480
30373
30481
30374
30482
30375
30483
30376
30484
30377
30485
30378
30486
30379
30487
30380
30488
30381
30489
30382
30490
30383
30491
30384
30492
30385
30493
30386
30494
30387
30495
30388
30496
30389
30497
30390
30498
30391
30499
30392
30500
30393
30501
30394
30502
30395
30503
30396
30504
30397
30505
30398
30506
30399
30507
30400
30508
30401
30509
30402
30510
30403
30511
30404
30512
30405
30513
30406
30514
30407
30515
30408
30516
30409
30517
30410
30518
30411
30519
30412
30520
30413
30521
30414
30522
30415
30523
30416
30524
30417
30525
30418
30526
30419
30527
30420
30528
30421
30529
30422
30530
30423
30531
30424
30532
30425
30533
30426
30534
30427
30535
30428
30536
30429
30537
30430
30538
30431
30539
30432
30540
30433
30541
30434
30542
30435
30543
30436
30544
30437
30545
30438
30546
30547
36179
30440
30548
30441
30549
30442
30550
30443
30551
30444
30552
30445
30553
30446
30554
30447
30555
30448
30556
30449
30557
30450
30558
30451
30559
30452
30560
30453
30561
30454
30562
30455
30563
30456
30564
30457
30565
30458
30566
30459
30567
30460
30568
30461
30569
30462
30570
30463
30571
30464
30572
30465
30573
30466
30574
30467
30575
30468
30576
30469
30577
30470
30578
30471
30579
30472
30580
30473
30581
30474
30582
30475
30583
30476
30584
30477
30585
30478
30586
30479
30587
30480
30588
30481
30589
30482
30590
30483
30591
30484
30592
30485
30593
30486
30594
30487
30595
30488
30596
30489
30597
30490
30598
30491
30599
30492
30600
30493
30601
30494
30602
30495
30603
30496
30604
30497
30605
30498
30606
30499
30607
30500
30608
30501
30609
30502
30610
30503
30611
30504
30612
30505
30613
30506
30614
30507
30615
30508
30616
30509
30617
30510
30618
30511
30619
30512
30620
30513
30621
30514
30622
30515
30623
30516
30624
30517
30625
30518
30626
30519
30627
30520
30628
30521
30629
30522
30630
30523
30631
30524
30632
30525
30633
30526
30634
30527
30635
30528
30636
30529
30637
30530
30638
30531
30639
30532
30640
30533
30641
30534
30642
30535
30643
30536
30644
30537
30645
30538
30646
30539
30647
30540
30648
30541
30649
30542
30650
30543
30651
30544
30652
30545
30653
30546
30654
30547
30655
30656
36188
30549
30657
30550
30658
30551
30659
30552
30660
30553
30661
30554
30662
30555
30663
30556
30664
30557
30665
30558
30666
30559
30667
30560
30668
30561
30669
30562
30670
30563
30671
30564
30672
30565
30673
30566
30674
30567
30675
30568
30676
30569
30677
30570
30678
30571
30679
30572
30680
30573
30681
30574
30682
30575
30683
30576
30684
30577
30685
30578
30686
30579
30687
30580
30688
30581
30689
30582
30690
30583
30691
30584
30692
30585
30693
30586
30694
30587
30695
30588
30696
30589
30697
30590
30698
30591
30699
30592
30700
30593
30701
30594
30702
30595
30703
30596
30704
30597
30705
30598
30706
30599
30707
30600
30708
30601
30709
30602
30710
30603
30711
30604
30712
30605
30713
30606
30714
30607
30715
30608
30716
30609
30717
30610
30718
30611
30719
30612
30720
30613
30721
30614
30722
30615
30723
30616
30724
30617
30725
30618
30726
30619
30727
30620
30728
30621
30729
30622
30730
30623
30731
30624
30732
30625
30733
30626
30734
30627
30735
30628
30736
30629
30737
30630
30738
30631
30739
30632
30740
30633
30741
30634
30742
30635
30743
30636
30744
30637
30745
30638
30746
30639
30747
30640
30748
30641
30749
30642
30750
30643
30751
30644
30752
30645
30753
30646
30754
30647
30755
30648
30756
30649
30757
30650
30758
30651
30759
30652
30760
30653
30761
30654
30762
30655
30763
30656
30764
30765
36197
30658
30766
30659
30767
30660
30768
30661
30769
30662
30770
30663
30771
30664
30772
30665
30773
30666
30774
30667
30775
30668
30776
30669
30777
30670
30778
30671
30779
30672
30780
30673
30781
30674
30782
30675
30783
30676
30784
30677
30785
30678
30786
30679
30787
30680
30788
30681
30789
30682
30790
30683
30791
30684
30792
30685
30793
30686
30794
30687
30795
30688
30796
30689
30797
30690
30798
30691
30799
30692
30800
30693
30801
30694
30802
30695
30803
30696
30804
30697
30805
30698
30806
30699
30807
30700
30808
30701
30809
30702
30810
30703
30811
30704
30812
30705
30813
30706
30814
30707
30815
30708
30816
30709
30817
30710
30818
30711
30819
30712
30820
30713
30821
30714
30822
30715
30823
30716
30824
30717
30825
30718
30826
30719
30827
30720
30828
30721
30829
30722
30830
30723
30831
30724
30832
30725
30833
30726
30834
30727
30835
30728
30836
30729
30837
30730
30838
30731
30839
30732
30840
30733
30841
30734
30842
30735
30843
30736
30844
30737
30845
30738
30846
30739
30847
30740
30848
30741
30849
30742
30850
30743
30851
30744
30852
30745
30853
30746
30854
30747
30855
30748
30856
30749
30857
30750
30858
30751
30859
30752
30860
30753
30861
30754
30862
30755
30863
30756
30864
30757
30865
30758
30866
30759
30867
30760
30868
30761
30869
30762
30870
30763
30871
30764
30872
30765
30873
30874
36206
30767
30875
30768
30876
30769
30877
30770
30878
30771
30879
30772
30880
30773
30881
30774
30882
30775
30883
30776
30884
30777
30885
30778
30886
30779
30887
30780
30888
30781
30889
30782
30890
30783
30891
30784
30892
30785
30893
30786
30894
30787
30895
30788
30896
30789
30897
30790
30898
30791
30899
30792
30900
30793
30901
30794
30902
30795
30903
30796
30904
30797
30905
30798
30906
30799
30907
30800
30908
30801
30909
30802
30910
30803
30911
30804
30912
30805
30913
30806
30914
30807
30915
30808
30916
30809
30917
30810
30918
30811
30919
30812
30920
30813
30921
30814
30922
30815
30923
30816
30924
30817
30925
30818
30926
30819
30927
30820
30928
30821
30929
30822
30930
30823
30931
30824
30932
30825
30933
30826
30934
30827
30935
30828
30936
30829
30937
30830
30938
30831
30939
30832
30940
30833
30941
30834
30942
30835
30943
30836
30944
30837
30945
30838
30946
30839
30947
30840
30948
30841
30949
30842
30950
30843
30951
30844
30952
30845
30953
30846
30954
30847
30955
30848
30956
30849
30957
30850
30958
30851
30959
30852
30960
30853
30961
30854
30962
30855
30963
30856
30964
30857
30965
30858
30966
30859
30967
30860
30968
30861
30969
30862
30970
30863
30971
30864
30972
30865
30973
30866
30974
30867
30975
30868
30976
30869
30977
30870
30978
30871
30979
30872
30980
30873
30981
30874
30982
30983
36215
30876
30984
30877
30985
30878
30986
30879
30987
30880
30988
30881
30989
30882
30990
30883
30991
30884
30992
30885
30993
30886
30994
30887
30995
30888
30996
30889
30997
30890
30998
30891
30999
30892
31000
30893
31001
30894
31002
30895
31003
30896
31004
30897
31005
30898
31006
30899
31007
30900
31008
30901
31009
30902
31010
30903
31011
30904
31012
30905
31013
30906
31014
30907
31015
30908
31016
30909
31017
30910
31018
30911
31019
30912
31020
30913
31021
30914
31022
30915
31023
30916
31024
30917
31025
30918
31026
30919
31027
30920
31028
30921
31029
30922
31030
30923
31031
30924
31032
30925
31033
30926
31034
30927
31035
30928
31036
30929
31037
30930
31038
30931
31039
30932
31040
30933
31041
30934
31042
30935
31043
30936
31044
30937
31045
30938
31046
30939
31047
30940
31048
30941
31049
30942
31050
30943
31051
30944
31052
30945
31053
30946
31054
30947
31055
30948
31056
30949
31057
30950
31058
30951
31059
30952
31060
30953
31061
30954
31062
30955
31063
30956
31064
30957
31065
30958
31066
30959
31067
30960
31068
30961
31069
30962
31070
30963
31071
30964
31072
30965
31073
30966
31074
30967
31075
30968
31076
30969
31077
30970
31078
30971
31079
30972
31080
30973
31081
30974
31082
30975
31083
30976
31084
30977
31085
30978
31086
30979
31087
30980
31088
30981
31089
30982
31090
30983
31091
31092
36224
30985
31093
30986
31094
30987
31095
30988
31096
30989
31097
30990
31098
30991
31099
30992
31100
30993
31101
30994
31102
30995
31103
30996
31104
30997
31105
30998
31106
30999
31107
31000
31108
31001
31109
31002
31110
31003
31111
31004
31112
31005
31113
31006
31114
31007
31115
31008
31116
31009
31117
31010
31118
31011
31119
31012
31120
31013
31121
31014
31122
31015
31123
31016
31124
31017
31125
31018
31126
31019
31127
31020
31128
31021
31129
31022
31130
31023
31131
31024
31132
31025
31133
31026
31134
31027
31135
31028
31136
31029
31137
31030
31138
31031
31139
31032
31140
31033
31141
31034
31142
31035
31143
31036
31144
31037
31145
31038
31146
31039
31147
31040
31148
31041
31149
31042
31150
31043
31151
31044
31152
31045
31153
31046
31154
31047
31155
31048
31156
31049
31157
31050
31158
31051
31159
31052
31160
31053
31161
31054
31162
31055
31163
31056
31164
31057
31165
31058
31166
31059
31167
31060
31168
31061
31169
31062
31170
31063
31171
31064
31172
31065
31173
31066
31174
31067
31175
31068
31176
31069
31177
31070
31178
31071
31179
31072
31180
31073
31181
31074
31182
31075
31183
31076
31184
31077
31185
31078
31186
31079
31187
31080
31188
31081
31189
31082
31190
31083
31191
31084
31192
31085
31193
31086
31194
31087
31195
31088
31196
31089
31197
31090
31198
31091
31199
31092
31200
31201
36233
31094
31202
31095
31203
31096
31204
31097
31205
31098
31206
31099
31207
31100
31208
31101
31209
31102
31210
31103
31211
31104
31212
31105
31213
31106
31214
31107
31215
31108
31216
31109
31217
31110
31218
31111
31219
31112
31220
31113
31221
31114
31222
31115
31223
31116
31224
31117
31225
31118
31226
31119
31227
31120
31228
31121
31229
31122
31230
31123
31231
31124
31232
31125
31233
31126
31234
31127
31235
31128
31236
31129
31237
31130
31238
31131
31239
31132
31240
31133
31241
31134
31242
31135
31243
31136
31244
31137
31245
31138
31246
31139
31247
31140
31248
31141
31249
31142
31250
31143
31251
31144
31252
31145
31253
31146
31254
31147
31255
31148
31256
31149
31257
31150
31258
31151
31259
31152
31260
31153
31261
31154
31262
31155
31263
31156
31264
31157
31265
31158
31266
31159
31267
31160
31268
31161
31269
31162
31270
31163
31271
31164
31272
31165
31273
31166
31274
31167
31275
31168
31276
31169
31277
31170
31278
31171
31279
31172
31280
31173
31281
31174
31282
31175
31283
31176
31284
31177
31285
31178
31286
31179
31287
31180
31288
31181
31289
31182
31290
31183
31291
31184
31292
31185
31293
31186
31294
31187
31295
31188
31296
31189
31297
31190
31298
31191
31299
31192
31300
31193
31301
31194
31302
31195
31303
31196
31304
31197
31305
31198
31306
31199
31307
31200
31308
31201
31309
31310
36242
31203
31311
31204
31312
31205
31313
31206
31314
31207
31315
31208
31316
31209
31317
31210
31318
31211
31319
31212
31320
31213
31321
31214
31322
31215
31323
31216
31324
31217
31325
31218
31326
31219
31327
31220
31328
31221
31329
31222
31330
31223
31331
31224
31332
31225
31333
31226
31334
31227
31335
31228
31336
31229
31337
31230
31338
31231
31339
31232
31340
31233
31341
31234
31342
31235
31343
31236
31344
31237
31345
31238
31346
31239
31347
31240
31348
31241
31349
31242
31350
31243
31351
31244
31352
31245
31353
31246
31354
31247
31355
31248
31356
31249
31357
31250
31358
31251
31359
31252
31360
31253
31361
31254
31362
31255
31363
31256
31364
31257
31365
31258
31366
31259
31367
31260
31368
31261
31369
31262
31370
31263
31371
31264
31372
31265
31373
31266
31374
31267
31375
31268
31376
31269
31377
31270
31378
31271
31379
31272
31380
31273
31381
31274
31382
31275
31383
31276
31384
31277
31385
31278
31386
31279
31387
31280
31388
31281
31389
31282
31390
31283
31391
31284
31392
31285
31393
31286
31394
31287
31395
31288
31396
31289
31397
31290
31398
31291
31399
31292
31400
31293
31401
31294
31402
31295
31403
31296
31404
31297
31405
31298
31406
31299
31407
31300
31408
31301
31409
31302
31410
31303
31411
31304
31412
31305
31413
31306
31414
31307
31415
31308
31416
31309
31417
31310
31418
31419
36251
31312
31420
31313
31421
31314
31422
31315
31423
31316
31424
31317
31425
31318
31426
31319
31427
31320
31428
31321
31429
31322
31430
31323
31431
31324
31432
31325
31433
31326
31434
31327
31435
31328
31436
31329
31437
31330
31438
31331
31439
31332
31440
31333
31441
31334
31442
31335
31443
31336
31444
31337
31445
31338
31446
31339
31447
31340
31448
31341
31449
31342
31450
31343
31451
31344
31452
31345
31453
31346
31454
31347
31455
31348
31456
31349
31457
31350
31458
31351
31459
31352
31460
31353
31461
31354
31462
31355
31463
31356
31464
31357
31465
31358
31466
31359
31467
31360
31468
31361
31469
31362
31470
31363
31471
31364
31472
31365
31473
31366
31474
31367
31475
31368
31476
31369
31477
31370
31478
31371
31479
31372
31480
31373
31481
31374
31482
31375
31483
31376
31484
31377
31485
31378
31486
31379
31487
31380
31488
31381
31489
31382
31490
31383
31491
31384
31492
31385
31493
31386
31494
31387
31495
31388
31496
31389
31497
31390
31498
31391
31499
31392
31500
31393
31501
31394
31502
31395
31503
31396
31504
31397
31505
31398
31506
31399
31507
31400
31508
31401
31509
31402
31510
31403
31511
31404
31512
31405
31513
31406
31514
31407
31515
31408
31516
31409
31517
31410
31518
31411
31519
31412
31520
31413
31521
31414
31522
31415
31523
31416
31524
31417
31525
31418
31526
31419
31527
31528
36260
31421
31529
31422
31530
31423
31531
31424
31532
31425
31533
31426
31534
31427
31535
31428
31536
31429
31537
31430
31538
31431
31539
31432
31540
31433
31541
31434
31542
31435
31543
31436
31544
31437
31545
31438
31546
31439
31547
31440
31548
31441
31549
31442
31550
31443
31551
31444
31552
31445
31553
31446
31554
31447
31555
31448
31556
31449
31557
31450
31558
31451
31559
31452
31560
31453
31561
31454
31562
31455
31563
31456
31564
31457
31565
31458
31566
31459
31567
31460
31568
31461
31569
31462
31570
31463
31571
31464
31572
31465
31573
31466
31574
31467
31575
31468
31576
31469
31577
31470
31578
31471
31579
31472
31580
31473
31581
31474
31582
31475
31583
31476
31584
31477
31585
31478
31586
31479
31587
31480
31588
31481
31589
31482
31590
31483
31591
31484
31592
31485
31593
31486
31594
31487
31595
31488
31596
31489
31597
31490
31598
31491
31599
31492
31600
31493
31601
31494
31602
31495
31603
31496
31604
31497
31605
31498
31606
31499
31607
31500
31608
31501
31609
31502
31610
31503
31611
31504
31612
31505
31613
31506
31614
31507
31615
31508
31616
31509
31617
31510
31618
31511
31619
31512
31620
31513
31621
31514
31622
31515
31623
31516
31624
31517
31625
31518
31626
31519
31627
31520
31628
31521
31629
31522
31630
31523
31631
31524
31632
31525
31633
31526
31634
31527
31635
31528
31636
31637
36269
31530
31638
31531
31639
31532
31640
31533
31641
31534
31642
31535
31643
31536
31644
31537
31645
31538
31646
31539
31647
31540
31648
31541
31649
31542
31650
31543
31651
31544
31652
31545
31653
31546
31654
31547
31655
31548
31656
31549
31657
31550
31658
31551
31659
31552
31660
31553
31661
31554
31662
31555
31663
31556
31664
31557
31665
31558
31666
31559
31667
31560
31668
31561
31669
31562
31670
31563
31671
31564
31672
31565
31673
31566
31674
31567
31675
31568
31676
31569
31677
31570
31678
31571
31679
31572
31680
31573
31681
31574
31682
31575
31683
31576
31684
31577
31685
31578
31686
31579
31687
31580
31688
31581
31689
31582
31690
31583
31691
31584
31692
31585
31693
31586
31694
31587
31695
31588
31696
31589
31697
31590
31698
31591
31699
31592
31700
31593
31701
31594
31702
31595
31703
31596
31704
31597
31705
31598
31706
31599
31707
31600
31708
31601
31709
31602
31710
31603
31711
31604
31712
31605
31713
31606
31714
31607
31715
31608
31716
31609
31717
31610
31718
31611
31719
31612
31720
31613
31721
31614
31722
31615
31723
31616
31724
31617
31725
31618
31726
31619
31727
31620
31728
31621
31729
31622
31730
31623
31731
31624
31732
31625
31733
31626
31734
31627
31735
31628
31736
31629
31737
31630
31738
31631
31739
31632
31740
31633
31741
31634
31742
31635
31743
31636
31744
31637
31745
31746
36278
31639
31747
31640
31748
31641
31749
31642
31750
31643
31751
31644
31752
31645
31753
31646
31754
31647
31755
31648
31756
31649
31757
31650
31758
31651
31759
31652
31760
31653
31761
31654
31762
31655
31763
31656
31764
31657
31765
31658
31766
31659
31767
31660
31768
31661
31769
31662
31770
31663
31771
31664
31772
31665
31773
31666
31774
31667
31775
31668
31776
31669
31777
31670
31778
31671
31779
31672
31780
31673
31781
31674
31782
31675
31783
31676
31784
31677
31785
31678
31786
31679
31787
31680
31788
31681
31789
31682
31790
31683
31791
31684
31792
31685
31793
31686
31794
31687
31795
31688
31796
31689
31797
31690
31798
31691
31799
31692
31800
31693
31801
31694
31802
31695
31803
31696
31804
31697
31805
31698
31806
31699
31807
31700
31808
31701
31809
31702
31810
31703
31811
31704
31812
31705
31813
31706
31814
31707
31815
31708
31816
31709
31817
31710
31818
31711
31819
31712
31820
31713
31821
31714
31822
31715
31823
31716
31824
31717
31825
31718
31826
31719
31827
31720
31828
31721
31829
31722
31830
31723
31831
31724
31832
31725
31833
31726
31834
31727
31835
31728
31836
31729
31837
31730
31838
31731
31839
31732
31840
31733
31841
31734
31842
31735
31843
31736
31844
31737
31845
31738
31846
31739
31847
31740
31848
31741
31849
31742
31850
31743
31851
31744
31852
31745
31853
31746
31854
31855
36287
31748
31856
31749
31857
31750
31858
31751
31859
31752
31860
31753
31861
31754
31862
31755
31863
31756
31864
31757
31865
31758
31866
31759
31867
31760
31868
31761
31869
31762
31870
31763
31871
31764
31872
31765
31873
31766
31874
31767
31875
31768
31876
31769
31877
31770
31878
31771
31879
31772
31880
31773
31881
31774
31882
31775
31883
31776
31884
31777
31885
31778
31886
31779
31887
31780
31888
31781
31889
31782
31890
31783
31891
31784
31892
31785
31893
31786
31894
31787
31895
31788
31896
31789
31897
31790
31898
31791
31899
31792
31900
31793
31901
31794
31902
31795
31903
31796
31904
31797
31905
31798
31906
31799
31907
31800
31908
31801
31909
31802
31910
31803
31911
31804
31912
31805
31913
31806
31914
31807
31915
31808
31916
31809
31917
31810
31918
31811
31919
31812
31920
31813
31921
31814
31922
31815
31923
31816
31924
31817
31925
31818
31926
31819
31927
31820
31928
31821
31929
31822
31930
31823
31931
31824
31932
31825
31933
31826
31934
31827
31935
31828
31936
31829
31937
31830
31938
31831
31939
31832
31940
31833
31941
31834
31942
31835
31943
31836
31944
31837
31945
31838
31946
31839
31947
31840
31948
31841
31949
31842
31950
31843
31951
31844
31952
31845
31953
31846
31954
31847
31955
31848
31956
31849
31957
31850
31958
31851
31959
31852
31960
31853
31961
31854
31962
31855
31963
31964
36296
31857
31965
31858
31966
31859
31967
31860
31968
31861
31969
31862
31970
31863
31971
31864
31972
31865
31973
31866
31974
31867
31975
31868
31976
31869
31977
31870
31978
31871
31979
31872
31980
31873
31981
31874
31982
31875
31983
31876
31984
31877
31985
31878
31986
31879
31987
31880
31988
31881
31989
31882
31990
31883
31991
31884
31992
31885
31993
31886
31994
31887
31995
31888
31996
31889
31997
31890
31998
31891
31999
31892
32000
31893
32001
31894
32002
31895
32003
31896
32004
31897
32005
31898
32006
31899
32007
31900
32008
31901
32009
31902
32010
31903
32011
31904
32012
31905
32013
31906
32014
31907
32015
31908
32016
31909
32017
31910
32018
31911
32019
31912
32020
31913
32021
31914
32022
31915
32023
31916
32024
31917
32025
31918
32026
31919
32027
31920
32028
31921
32029
31922
32030
31923
32031
31924
32032
31925
32033
31926
32034
31927
32035
31928
32036
31929
32037
31930
32038
31931
32039
31932
32040
31933
32041
31934
32042
31935
32043
31936
32044
31937
32045
31938
32046
31939
32047
31940
32048
31941
32049
31942
32050
31943
32051
31944
32052
31945
32053
31946
32054
31947
32055
31948
32056
31949
32057
31950
32058
31951
32059
31952
32060
31953
32061
31954
32062
31955
32063
31956
32064
31957
32065
31958
32066
31959
32067
31960
32068
31961
32069
31962
32070
31963
32071
31964
32072
32073
36305
31966
32074
31967
32075
31968
32076
31969
32077
31970
32078
31971
32079
31972
32080
31973
32081
31974
32082
31975
32083
31976
32084
31977
32085
31978
32086
31979
32087
31980
32088
31981
32089
31982
32090
31983
32091
31984
32092
31985
32093
31986
32094
31987
32095
31988
32096
31989
32097
31990
32098
31991
32099
31992
32100
31993
32101
31994
32102
31995
32103
31996
32104
31997
32105
31998
32106
31999
32107
32000
32108
32001
32109
32002
32110
32003
32111
32004
32112
32005
32113
32006
32114
32007
32115
32008
32116
32009
32117
32010
32118
32011
32119
32012
32120
32013
32121
32014
32122
32015
32123
32016
32124
32017
32125
32018
32126
32019
32127
32020
32128
32021
32129
32022
32130
32023
32131
32024
32132
32025
32133
32026
32134
32027
32135
32028
32136
32029
32137
32030
32138
32031
32139
32032
32140
32033
32141
32034
32142
32035
32143
32036
32144
32037
32145
32038
32146
32039
32147
32040
32148
32041
32149
32042
32150
32043
32151
32044
32152
32045
32153
32046
32154
32047
32155
32048
32156
32049
32157
32050
32158
32051
32159
32052
32160
32053
32161
32054
32162
32055
32163
32056
32164
32057
32165
32058
32166
32059
32167
32060
32168
32061
32169
32062
32170
32063
32171
32064
32172
32065
32173
32066
32174
32067
32175
32068
32176
32069
32177
32070
32178
32071
32179
32072
32180
32073
32181
32182
36314
32075
32183
32076
32184
32077
32185
32078
32186
32079
32187
32080
32188
32081
32189
32082
32190
32083
32191
32084
32192
32085
32193
32086
32194
32087
32195
32088
32196
32089
32197
32090
32198
32091
32199
32092
32200
32093
32201
32094
32202
32095
32203
32096
32204
32097
32205
32098
32206
32099
32207
32100
32208
32101
32209
32102
32210
32103
32211
32104
32212
32105
32213
32106
32214
32107
32215
32108
32216
32109
32217
32110
32218
32111
32219
32112
32220
32113
32221
32114
32222
32115
32223
32116
32224
32117
32225
32118
32226
32119
32227
32120
32228
32121
32229
32122
32230
32123
32231
32124
32232
32125
32233
32126
32234
32127
32235
32128
32236
32129
32237
32130
32238
32131
32239
32132
32240
32133
32241
32134
32242
32135
32243
32136
32244
32137
32245
32138
32246
32139
32247
32140
32248
32141
32249
32142
32250
32143
32251
32144
32252
32145
32253
32146
32254
32147
32255
32148
32256
32149
32257
32150
32258
32151
32259
32152
32260
32153
32261
32154
32262
32155
32263
32156
32264
32157
32265
32158
32266
32159
32267
32160
32268
32161
32269
32162
32270
32163
32271
32164
32272
32165
32273
32166
32274
32167
32275
32168
32276
32169
32277
32170
32278
32171
32279
32172
32280
32173
32281
32174
32282
32175
32283
32176
32284
32177
32285
32178
32286
32179
32287
32180
32288
32181
32289
32182
32290
32291
36323
32184
32292
32185
32293
32186
32294
32187
32295
32188
32296
32189
32297
32190
32298
32191
32299
32192
32300
32193
32301
32194
32302
32195
32303
32196
32304
32197
32305
32198
32306
32199
32307
32200
32308
32201
32309
32202
32310
32203
32311
32204
32312
32205
32313
32206
32314
32207
32315
32208
32316
32209
32317
32210
32318
32211
32319
32212
32320
32213
32321
32214
32322
32215
32323
32216
32324
32217
32325
32218
32326
32219
32327
32220
32328
32221
32329
32222
32330
32223
32331
32224
32332
32225
32333
32226
32334
32227
32335
32228
32336
32229
32337
32230
32338
32231
32339
32232
32340
32233
32341
32234
32342
32235
32343
32236
32344
32237
32345
32238
32346
32239
32347
32240
32348
32241
32349
32242
32350
32243
32351
32244
32352
32245
32353
32246
32354
32247
32355
32248
32356
32249
32357
32250
32358
32251
32359
32252
32360
32253
32361
32254
32362
32255
32363
32256
32364
32257
32365
32258
32366
32259
32367
32260
32368
32261
32369
32262
32370
32263
32371
32264
32372
32265
32373
32266
32374
32267
32375
32268
32376
32269
32377
32270
32378
32271
32379
32272
32380
32273
32381
32274
32382
32275
32383
32276
32384
32277
32385
32278
32386
32279
32387
32280
32388
32281
32389
32282
32390
32283
32391
32284
32392
32285
32393
32286
32394
32287
32395
32288
32396
32289
32397
32290
32398
32291
32399
32400
36332
32293
32401
32294
32402
32295
32403
32296
32404
32297
32405
32298
32406
32299
32407
32300
32408
32301
32409
32302
32410
32303
32411
32304
32412
32305
32413
32306
32414
32307
32415
32308
32416
32309
32417
32310
32418
32311
32419
32312
32420
32313
32421
32314
32422
32315
32423
32316
32424
32317
32425
32318
32426
32319
32427
32320
32428
32321
32429
32322
32430
32323
32431
32324
32432
32325
32433
32326
32434
32327
32435
32328
32436
32329
32437
32330
32438
32331
32439
32332
32440
32333
32441
32334
32442
32335
32443
32336
32444
32337
32445
32338
32446
32339
32447
32340
32448
32341
32449
32342
32450
32343
32451
32344
32452
32345
32453
32346
32454
32347
32455
32348
32456
32349
32457
32350
32458
32351
32459
32352
32460
32353
32461
32354
32462
32355
32463
32356
32464
32357
32465
32358
32466
32359
32467
32360
32468
32361
32469
32362
32470
32363
32471
32364
32472
32365
32473
32366
32474
32367
32475
32368
32476
32369
32477
32370
32478
32371
32479
32372
32480
32373
32481
32374
32482
32375
32483
32376
32484
32377
32485
32378
32486
32379
32487
32380
32488
32381
32489
32382
32490
32383
32491
32384
32492
32385
32493
32386
32494
32387
32495
32388
32496
32389
32497
32390
32498
32391
32499
32392
32500
32393
32501
32394
32502
32395
32503
32396
32504
32397
32505
32398
32506
32399
32507
32400
32508
32509
36341
32402
32510
32403
32511
32404
32512
32405
32513
32406
32514
32407
32515
32408
32516
32409
32517
32410
32518
32411
32519
32412
32520
32413
32521
32414
32522
32415
32523
32416
32524
32417
32525
32418
32526
32419
32527
32420
32528
32421
32529
32422
32530
32423
32531
32424
32532
32425
32533
32426
32534
32427
32535
32428
32536
32429
32537
32430
32538
32431
32539
32432
32540
32433
32541
32434
32542
32435
32543
32436
32544
32437
32545
32438
32546
32439
32547
32440
32548
32441
32549
32442
32550
32443
32551
32444
32552
32445
32553
32446
32554
32447
32555
32448
32556
32449
32557
32450
32558
32451
32559
32452
32560
32453
32561
32454
32562
32455
32563
32456
32564
32457
32565
32458
32566
32459
32567
32460
32568
32461
32569
32462
32570
32463
32571
32464
32572
32465
32573
32466
32574
32467
32575
32468
32576
32469
32577
32470
32578
32471
32579
32472
32580
32473
32581
32474
32582
32475
32583
32476
32584
32477
32585
32478
32586
32479
32587
32480
32588
32481
32589
32482
32590
32483
32591
32484
32592
32485
32593
32486
32594
32487
32595
32488
32596
32489
32597
32490
32598
32491
32599
32492
32600
32493
32601
32494
32602
32495
32603
32496
32604
32497
32605
32498
32606
32499
32607
32500
32608
32501
32609
32502
32610
32503
32611
32504
32612
32505
32613
32506
32614
32507
32615
32508
32616
32509
32617
32618
36350
32511
32619
32512
32620
32513
32621
32514
32622
32515
32623
32516
32624
32517
32625
32518
32626
32519
32627
32520
32628
32521
32629
32522
32630
32523
32631
32524
32632
32525
32633
32526
32634
32527
32635
32528
32636
32529
32637
32530
32638
32531
32639
32532
32640
32533
32641
32534
32642
32535
32643
32536
32644
32537
32645
32538
32646
32539
32647
32540
32648
32541
32649
32542
32650
32543
32651
32544
32652
32545
32653
32546
32654
32547
32655
32548
32656
32549
32657
32550
32658
32551
32659
32552
32660
32553
32661
32554
32662
32555
32663
32556
32664
32557
32665
32558
32666
32559
32667
32560
32668
32561
32669
32562
32670
32563
32671
32564
32672
32565
32673
32566
32674
32567
32675
32568
32676
32569
32677
32570
32678
32571
32679
32572
32680
32573
32681
32574
32682
32575
32683
32576
32684
32577
32685
32578
32686
32579
32687
32580
32688
32581
32689
32582
32690
32583
32691
32584
32692
32585
32693
32586
32694
32587
32695
32588
32696
32589
32697
32590
32698
32591
32699
32592
32700
32593
32701
32594
32702
32595
32703
32596
32704
32597
32705
32598
32706
32599
32707
32600
32708
32601
32709
32602
32710
32603
32711
32604
32712
32605
32713
32606
32714
32607
32715
32608
32716
32609
32717
32610
32718
32611
32719
32612
32720
32613
32721
32614
32722
32615
32723
32616
32724
32617
32725
32618
32726
32727
36359
32620
32728
32621
32729
32622
32730
32623
32731
32624
32732
32625
32733
32626
32734
32627
32735
32628
32736
32629
32737
32630
32738
32631
32739
32632
32740
32633
32741
32634
32742
32635
32743
32636
32744
32637
32745
32638
32746
32639
32747
32640
32748
32641
32749
32642
32750
32643
32751
32644
32752
32645
32753
32646
32754
32647
32755
32648
32756
32649
32757
32650
32758
32651
32759
32652
32760
32653
32761
32654
32762
32655
32763
32656
32764
32657
32765
32658
32766
32659
32767
32660
32768
32661
32769
32662
32770
32663
32771
32664
32772
32665
32773
32666
32774
32667
32775
32668
32776
32669
32777
32670
32778
32671
32779
32672
32780
32673
32781
32674
32782
32675
32783
32676
32784
32677
32785
32678
32786
32679
32787
32680
32788
32681
32789
32682
32790
32683
32791
32684
32792
32685
32793
32686
32794
32687
32795
32688
32796
32689
32797
32690
32798
32691
32799
32692
32800
32693
32801
32694
32802
32695
32803
32696
32804
32697
32805
32698
32806
32699
32807
32700
32808
32701
32809
32702
32810
32703
32811
32704
32812
32705
32813
32706
32814
32707
32815
32708
32816
32709
32817
32710
32818
32711
32819
32712
32820
32713
32821
32714
32822
32715
32823
32716
32824
32717
32825
32718
32826
32719
32827
32720
32828
32721
32829
32722
32830
32723
32831
32724
32832
32725
32833
32726
32834
32727
32835
32836
36368
32729
32837
32730
32838
32731
32839
32732
32840
32733
32841
32734
32842
32735
32843
32736
32844
32737
32845
32738
32846
32739
32847
32740
32848
32741
32849
32742
32850
32743
32851
32744
32852
32745
32853
32746
32854
32747
32855
32748
32856
32749
32857
32750
32858
32751
32859
32752
32860
32753
32861
32754
32862
32755
32863
32756
32864
32757
32865
32758
32866
32759
32867
32760
32868
32761
32869
32762
32870
32763
32871
32764
32872
32765
32873
32766
32874
32767
32875
32768
32876
32769
32877
32770
32878
32771
32879
32772
32880
32773
32881
32774
32882
32775
32883
32776
32884
32777
32885
32778
32886
32779
32887
32780
32888
32781
32889
32782
32890
32783
32891
32784
32892
32785
32893
32786
32894
32787
32895
32788
32896
32789
32897
32790
32898
32791
32899
32792
32900
32793
32901
32794
32902
32795
32903
32796
32904
32797
32905
32798
32906
32799
32907
32800
32908
32801
32909
32802
32910
32803
32911
32804
32912
32805
32913
32806
32914
32807
32915
32808
32916
32809
32917
32810
32918
32811
32919
32812
32920
32813
32921
32814
32922
32815
32923
32816
32924
32817
32925
32818
32926
32819
32927
32820
32928
32821
32929
32822
32930
32823
32931
32824
32932
32825
32933
32826
32934
32827
32935
32828
32936
32829
32937
32830
32938
32831
32939
32832
32940
32833
32941
32834
32942
32835
32943
32836
32944
32945
36377
32838
32946
32839
32947
32840
32948
32841
32949
32842
32950
32843
32951
32844
32952
32845
32953
32846
32954
32847
32955
32848
32956
32849
32957
32850
32958
32851
32959
32852
32960
32853
32961
32854
32962
32855
32963
32856
32964
32857
32965
32858
32966
32859
32967
32860
32968
32861
32969
32862
32970
32863
32971
32864
32972
32865
32973
32866
32974
32867
32975
32868
32976
32869
32977
32870
32978
32871
32979
32872
32980
32873
32981
32874
32982
32875
32983
32876
32984
32877
32985
32878
32986
32879
32987
32880
32988
32881
32989
32882
32990
32883
32991
32884
32992
32885
32993
32886
32994
32887
32995
32888
32996
32889
32997
32890
32998
32891
32999
32892
33000
32893
33001
32894
33002
32895
33003
32896
33004
32897
33005
32898
33006
32899
33007
32900
33008
32901
33009
32902
33010
32903
33011
32904
33012
32905
33013
32906
33014
32907
33015
32908
33016
32909
33017
32910
33018
32911
33019
32912
33020
32913
33021
32914
33022
32915
33023
32916
33024
32917
33025
32918
33026
32919
33027
32920
33028
32921
33029
32922
33030
32923
33031
32924
33032
32925
33033
32926
33034
32927
33035
32928
33036
32929
33037
32930
33038
32931
33039
32932
33040
32933
33041
32934
33042
32935
33043
32936
33044
32937
33045
32938
33046
32939
33047
32940
33048
32941
33049
32942
33050
32943
33051
32944
33052
32945
33053
33054
36386
32947
33055
32948
33056
32949
33057
32950
33058
32951
33059
32952
33060
32953
33061
32954
33062
32955
33063
32956
33064
32957
33065
32958
33066
32959
33067
32960
33068
32961
33069
32962
33070
32963
33071
32964
33072
32965
33073
32966
33074
32967
33075
32968
33076
32969
33077
32970
33078
32971
33079
32972
33080
32973
33081
32974
33082
32975
33083
32976
33084
32977
33085
32978
33086
32979
33087
32980
33088
32981
33089
32982
33090
32983
33091
32984
33092
32985
33093
32986
33094
32987
33095
32988
33096
32989
33097
32990
33098
32991
33099
32992
33100
32993
33101
32994
33102
32995
33103
32996
33104
32997
33105
32998
33106
32999
33107
33000
33108
33001
33109
33002
33110
33003
33111
33004
33112
33005
33113
33006
33114
33007
33115
33008
33116
33009
33117
33010
33118
33011
33119
33012
33120
33013
33121
33014
33122
33015
33123
33016
33124
33017
33125
33018
33126
33019
33127
33020
33128
33021
33129
33022
33130
33023
33131
33024
33132
33025
33133
33026
33134
33027
33135
33028
33136
33029
33137
33030
33138
33031
33139
33032
33140
33033
33141
33034
33142
33035
33143
33036
33144
33037
33145
33038
33146
33039
33147
33040
33148
33041
33149
33042
33150
33043
33151
33044
33152
33045
33153
33046
33154
33047
33155
33048
33156
33049
33157
33050
33158
33051
33159
33052
33160
33053
33161
33054
33162
33163
36395
33056
33164
33057
33165
33058
33166
33059
33167
33060
33168
33061
33169
33062
33170
33063
33171
33064
33172
33065
33173
33066
33174
33067
33175
33068
33176
33069
33177
33070
33178
33071
33179
33072
33180
33073
33181
33074
33182
33075
33183
33076
33184
33077
33185
33078
33186
33079
33187
33080
33188
33081
33189
33082
33190
33083
33191
33084
33192
33085
33193
33086
33194
33087
33195
33088
33196
33089
33197
33090
33198
33091
33199
33092
33200
33093
33201
33094
33202
33095
33203
33096
33204
33097
33205
33098
33206
33099
33207
33100
33208
33101
33209
33102
33210
33103
33211
33104
33212
33105
33213
33106
33214
33107
33215
33108
33216
33109
33217
33110
33218
33111
33219
33112
33220
33113
33221
33114
33222
33115
33223
33116
33224
33117
33225
33118
33226
33119
33227
33120
33228
33121
33229
33122
33230
33123
33231
33124
33232
33125
33233
33126
33234
33127
33235
33128
33236
33129
33237
33130
33238
33131
33239
33132
33240
33133
33241
33134
33242
33135
33243
33136
33244
33137
33245
33138
33246
33139
33247
33140
33248
33141
33249
33142
33250
33143
33251
33144
33252
33145
33253
33146
33254
33147
33255
33148
33256
33149
33257
33150
33258
33151
33259
33152
33260
33153
33261
33154
33262
33155
33263
33156
33264
33157
33265
33158
33266
33159
33267
33160
33268
33161
33269
33162
33270
33163
33271
33272
36404
33165
33273
33166
33274
33167
33275
33168
33276
33169
33277
33170
33278
33171
33279
33172
33280
33173
33281
33174
33282
33175
33283
33176
33284
33177
33285
33178
33286
33179
33287
33180
33288
33181
33289
33182
33290
33183
33291
33184
33292
33185
33293
33186
33294
33187
33295
33188
33296
33189
33297
33190
33298
33191
33299
33192
33300
33193
33301
33194
33302
33195
33303
33196
33304
33197
33305
33198
33306
33199
33307
33200
33308
33201
33309
33202
33310
33203
33311
33204
33312
33205
33313
33206
33314
33207
33315
33208
33316
33209
33317
33210
33318
33211
33319
33212
33320
33213
33321
33214
33322
33215
33323
33216
33324
33217
33325
33218
33326
33219
33327
33220
33328
33221
33329
33222
33330
33223
33331
33224
33332
33225
33333
33226
33334
33227
33335
33228
33336
33229
33337
33230
33338
33231
33339
33232
33340
33233
33341
33234
33342
33235
33343
33236
33344
33237
33345
33238
33346
33239
33347
33240
33348
33241
33349
33242
33350
33243
33351
33244
33352
33245
33353
33246
33354
33247
33355
33248
33356
33249
33357
33250
33358
33251
33359
33252
33360
33253
33361
33254
33362
33255
33363
33256
33364
33257
33365
33258
33366
33259
33367
33260
33368
33261
33369
33262
33370
33263
33371
33264
33372
33265
33373
33266
33374
33267
33375
33268
33376
33269
33377
33270
33378
33271
33379
33272
33380
33381
36413
33274
33382
33275
33383
33276
33384
33277
33385
33278
33386
33279
33387
33280
33388
33281
33389
33282
33390
33283
33391
33284
33392
33285
33393
33286
33394
33287
33395
33288
33396
33289
33397
33290
33398
33291
33399
33292
33400
33293
33401
33294
33402
33295
33403
33296
33404
33297
33405
33298
33406
33299
33407
33300
33408
33301
33409
33302
33410
33303
33411
33304
33412
33305
33413
33306
33414
33307
33415
33308
33416
33309
33417
33310
33418
33311
33419
33312
33420
33313
33421
33314
33422
33315
33423
33316
33424
33317
33425
33318
33426
33319
33427
33320
33428
33321
33429
33322
33430
33323
33431
33324
33432
33325
33433
33326
33434
33327
33435
33328
33436
33329
33437
33330
33438
33331
33439
33332
33440
33333
33441
33334
33442
33335
33443
33336
33444
33337
33445
33338
33446
33339
33447
33340
33448
33341
33449
33342
33450
33343
33451
33344
33452
33345
33453
33346
33454
33347
33455
33348
33456
33349
33457
33350
33458
33351
33459
33352
33460
33353
33461
33354
33462
33355
33463
33356
33464
33357
33465
33358
33466
33359
33467
33360
33468
33361
33469
33362
33470
33363
33471
33364
33472
33365
33473
33366
33474
33367
33475
33368
33476
33369
33477
33370
33478
33371
33479
33372
33480
33373
33481
33374
33482
33375
33483
33376
33484
33377
33485
33378
33486
33379
33487
33380
33488
33381
33489
33490
36422
33383
33491
33384
33492
33385
33493
33386
33494
33387
33495
33388
33496
33389
33497
33390
33498
33391
33499
33392
33500
33393
33501
33394
33502
33395
33503
33396
33504
33397
33505
33398
33506
33399
33507
33400
33508
33401
33509
33402
33510
33403
33511
33404
33512
33405
33513
33406
33514
33407
33515
33408
33516
33409
33517
33410
33518
33411
33519
33412
33520
33413
33521
33414
33522
33415
33523
33416
33524
33417
33525
33418
33526
33419
33527
33420
33528
33421
33529
33422
33530
33423
33531
33424
33532
33425
33533
33426
33534
33427
33535
33428
33536
33429
33537
33430
33538
33431
33539
33432
33540
33433
33541
33434
33542
33435
33543
33436
33544
33437
33545
33438
33546
33439
33547
33440
33548
33441
33549
33442
33550
33443
33551
33444
33552
33445
33553
33446
33554
33447
33555
33448
33556
33449
33557
33450
33558
33451
33559
33452
33560
33453
33561
33454
33562
33455
33563
33456
33564
33457
33565
33458
33566
33459
33567
33460
33568
33461
33569
33462
33570
33463
33571
33464
33572
33465
33573
33466
33574
33467
33575
33468
33576
33469
33577
33470
33578
33471
33579
33472
33580
33473
33581
33474
33582
33475
33583
33476
33584
33477
33585
33478
33586
33479
33587
33480
33588
33481
33589
33482
33590
33483
33591
33484
33592
33485
33593
33486
33594
33487
33595
33488
33596
33489
33597
33490
33598
33599
36431
33492
33600
33493
33601
33494
33602
33495
33603
33496
33604
33497
33605
33498
33606
33499
33607
33500
33608
33501
33609
33502
33610
33503
33611
33504
33612
33505
33613
33506
33614
33507
33615
33508
33616
33509
33617
33510
33618
33511
33619
33512
33620
33513
33621
33514
33622
33515
33623
33516
33624
33517
33625
33518
33626
33519
33627
33520
33628
33521
33629
33522
33630
33523
33631
33524
33632
33525
33633
33526
33634
33527
33635
33528
33636
33529
33637
33530
33638
33531
33639
33532
33640
33533
33641
33534
33642
33535
33643
33536
33644
33537
33645
33538
33646
33539
33647
33540
33648
33541
33649
33542
33650
33543
33651
33544
33652
33545
33653
33546
33654
33547
33655
33548
33656
33549
33657
33550
33658
33551
33659
33552
33660
33553
33661
33554
33662
33555
33663
33556
33664
33557
33665
33558
33666
33559
33667
33560
33668
33561
33669
33562
33670
33563
33671
33564
33672
33565
33673
33566
33674
33567
33675
33568
33676
33569
33677
33570
33678
33571
33679
33572
33680
33573
33681
33574
33682
33575
33683
33576
33684
33577
33685
33578
33686
33579
33687
33580
33688
33581
33689
33582
33690
33583
33691
33584
33692
33585
33693
33586
33694
33587
33695
33588
33696
33589
33697
33590
33698
33591
33699
33592
33700
33593
33701
33594
33702
33595
33703
33596
33704
33597
33705
33598
33706
33599
33707
33708
36440
33601
33709
33602
33710
33603
33711
33604
33712
33605
33713
33606
33714
33607
33715
33608
33716
33609
33717
33610
33718
33611
33719
33612
33720
33613
33721
33614
33722
33615
33723
33616
33724
33617
33725
33618
33726
33619
33727
33620
33728
33621
33729
33622
33730
33623
33731
33624
33732
33625
33733
33626
33734
33627
33735
33628
33736
33629
33737
33630
33738
33631
33739
33632
33740
33633
33741
33634
33742
33635
33743
33636
33744
33637
33745
33638
33746
33639
33747
33640
33748
33641
33749
33642
33750
33643
33751
33644
33752
33645
33753
33646
33754
33647
33755
33648
33756
33649
33757
33650
33758
33651
33759
33652
33760
33653
33761
33654
33762
33655
33763
33656
33764
33657
33765
33658
33766
33659
33767
33660
33768
33661
33769
33662
33770
33663
33771
33664
33772
33665
33773
33666
33774
33667
33775
33668
33776
33669
33777
33670
33778
33671
33779
33672
33780
33673
33781
33674
33782
33675
33783
33676
33784
33677
33785
33678
33786
33679
33787
33680
33788
33681
33789
33682
33790
33683
33791
33684
33792
33685
33793
33686
33794
33687
33795
33688
33796
33689
33797
33690
33798
33691
33799
33692
33800
33693
33801
33694
33802
33695
33803
33696
33804
33697
33805
33698
33806
33699
33807
33700
33808
33701
33809
33702
33810
33703
33811
33704
33812
33705
33813
33706
33814
33707
33815
33708
33816
33817
36449
33710
33818
33711
33819
33712
33820
33713
33821
33714
33822
33715
33823
33716
33824
33717
33825
33718
33826
33719
33827
33720
33828
33721
33829
33722
33830
33723
33831
33724
33832
33725
33833
33726
33834
33727
33835
33728
33836
33729
33837
33730
33838
33731
33839
33732
33840
33733
33841
33734
33842
33735
33843
33736
33844
33737
33845
33738
33846
33739
33847
33740
33848
33741
33849
33742
33850
33743
33851
33744
33852
33745
33853
33746
33854
33747
33855
33748
33856
33749
33857
33750
33858
33751
33859
33752
33860
33753
33861
33754
33862
33755
33863
33756
33864
33757
33865
33758
33866
33759
33867
33760
33868
33761
33869
33762
33870
33763
33871
33764
33872
33765
33873
33766
33874
33767
33875
33768
33876
33769
33877
33770
33878
33771
33879
33772
33880
33773
33881
33774
33882
33775
33883
33776
33884
33777
33885
33778
33886
33779
33887
33780
33888
33781
33889
33782
33890
33783
33891
33784
33892
33785
33893
33786
33894
33787
33895
33788
33896
33789
33897
33790
33898
33791
33899
33792
33900
33793
33901
33794
33902
33795
33903
33796
33904
33797
33905
33798
33906
33799
33907
33800
33908
33801
33909
33802
33910
33803
33911
33804
33912
33805
33913
33806
33914
33807
33915
33808
33916
33809
33917
33810
33918
33811
33919
33812
33920
33813
33921
33814
33922
33815
33923
33816
33924
33817
33925
33926
36458
33819
33927
33820
33928
33821
33929
33822
33930
33823
33931
33824
33932
33825
33933
33826
33934
33827
33935
33828
33936
33829
33937
33830
33938
33831
33939
33832
33940
33833
33941
33834
33942
33835
33943
33836
33944
33837
33945
33838
33946
33839
33947
33840
33948
33841
33949
33842
33950
33843
33951
33844
33952
33845
33953
33846
33954
33847
33955
33848
33956
33849
33957
33850
33958
33851
33959
33852
33960
33853
33961
33854
33962
33855
33963
33856
33964
33857
33965
33858
33966
33859
33967
33860
33968
33861
33969
33862
33970
33863
33971
33864
33972
33865
33973
33866
33974
33867
33975
33868
33976
33869
33977
33870
33978
33871
33979
33872
33980
33873
33981
33874
33982
33875
33983
33876
33984
33877
33985
33878
33986
33879
33987
33880
33988
33881
33989
33882
33990
33883
33991
33884
33992
33885
33993
33886
33994
33887
33995
33888
33996
33889
33997
33890
33998
33891
33999
33892
34000
33893
34001
33894
34002
33895
34003
33896
34004
33897
34005
33898
34006
33899
34007
33900
34008
33901
34009
33902
34010
33903
34011
33904
34012
33905
34013
33906
34014
33907
34015
33908
34016
33909
34017
33910
34018
33911
34019
33912
34020
33913
34021
33914
34022
33915
34023
33916
34024
33917
34025
33918
34026
33919
34027
33920
34028
33921
34029
33922
34030
33923
34031
33924
34032
33925
34033
33926
34034
34035
36467
33928
34036
33929
34037
33930
34038
33931
34039
33932
34040
33933
34041
33934
34042
33935
34043
33936
34044
33937
34045
33938
34046
33939
34047
33940
34048
33941
34049
33942
34050
33943
34051
33944
34052
33945
34053
33946
34054
33947
34055
33948
34056
33949
34057
33950
34058
33951
34059
33952
34060
33953
34061
33954
34062
33955
34063
33956
34064
33957
34065
33958
34066
33959
34067
33960
34068
33961
34069
33962
34070
33963
34071
33964
34072
33965
34073
33966
34074
33967
34075
33968
34076
33969
34077
33970
34078
33971
34079
33972
34080
33973
34081
33974
34082
33975
34083
33976
34084
33977
34085
33978
34086
33979
34087
33980
34088
33981
34089
33982
34090
33983
34091
33984
34092
33985
34093
33986
34094
33987
34095
33988
34096
33989
34097
33990
34098
33991
34099
33992
34100
33993
34101
33994
34102
33995
34103
33996
34104
33997
34105
33998
34106
33999
34107
34000
34108
34001
34109
34002
34110
34003
34111
34004
34112
34005
34113
34006
34114
34007
34115
34008
34116
34009
34117
34010
34118
34011
34119
34012
34120
34013
34121
34014
34122
34015
34123
34016
34124
34017
34125
34018
34126
34019
34127
34020
34128
34021
34129
34022
34130
34023
34131
34024
34132
34025
34133
34026
34134
34027
34135
34028
34136
34029
34137
34030
34138
34031
34139
34032
34140
34033
34141
34034
34142
34035
34143
34144
36476
34037
34145
34038
34146
34039
34147
34040
34148
34041
34149
34042
34150
34043
34151
34044
34152
34045
34153
34046
34154
34047
34155
34048
34156
34049
34157
34050
34158
34051
34159
34052
34160
34053
34161
34054
34162
34055
34163
34056
34164
34057
34165
34058
34166
34059
34167
34060
34168
34061
34169
34062
34170
34063
34171
34064
34172
34065
34173
34066
34174
34067
34175
34068
34176
34069
34177
34070
34178
34071
34179
34072
34180
34073
34181
34074
34182
34075
34183
34076
34184
34077
34185
34078
34186
34079
34187
34080
34188
34081
34189
34082
34190
34083
34191
34084
34192
34085
34193
34086
34194
34087
34195
34088
34196
34089
34197
34090
34198
34091
34199
34092
34200
34093
34201
34094
34202
34095
34203
34096
34204
34097
34205
34098
34206
34099
34207
34100
34208
34101
34209
34102
34210
34103
34211
34104
34212
34105
34213
34106
34214
34107
34215
34108
34216
34109
34217
34110
34218
34111
34219
34112
34220
34113
34221
34114
34222
34115
34223
34116
34224
34117
34225
34118
34226
34119
34227
34120
34228
34121
34229
34122
34230
34123
34231
34124
34232
34125
34233
34126
34234
34127
34235
34128
34236
34129
34237
34130
34238
34131
34239
34132
34240
34133
34241
34134
34242
34135
34243
34136
34244
34137
34245
34138
34246
34139
34247
34140
34248
34141
34249
34142
34250
34143
34251
34144
34252
34253
36485
34146
34254
34147
34255
34148
34256
34149
34257
34150
34258
34151
34259
34152
34260
34153
34261
34154
34262
34155
34263
34156
34264
34157
34265
34158
34266
34159
34267
34160
34268
34161
34269
34162
34270
34163
34271
34164
34272
34165
34273
34166
34274
34167
34275
34168
34276
34169
34277
34170
34278
34171
34279
34172
34280
34173
34281
34174
34282
34175
34283
34176
34284
34177
34285
34178
34286
34179
34287
34180
34288
34181
34289
34182
34290
34183
34291
34184
34292
34185
34293
34186
34294
34187
34295
34188
34296
34189
34297
34190
34298
34191
34299
34192
34300
34193
34301
34194
34302
34195
34303
34196
34304
34197
34305
34198
34306
34199
34307
34200
34308
34201
34309
34202
34310
34203
34311
34204
34312
34205
34313
34206
34314
34207
34315
34208
34316
34209
34317
34210
34318
34211
34319
34212
34320
34213
34321
34214
34322
34215
34323
34216
34324
34217
34325
34218
34326
34219
34327
34220
34328
34221
34329
34222
34330
34223
34331
34224
34332
34225
34333
34226
34334
34227
34335
34228
34336
34229
34337
34230
34338
34231
34339
34232
34340
34233
34341
34234
34342
34235
34343
34236
34344
34237
34345
34238
34346
34239
34347
34240
34348
34241
34349
34242
34350
34243
34351
34244
34352
34245
34353
34246
34354
34247
34355
34248
34356
34249
34357
34250
34358
34251
34359
34252
34360
34253
34361
34362
36494
34255
34363
34256
34364
34257
34365
34258
34366
34259
34367
34260
34368
34261
34369
34262
34370
34263
34371
34264
34372
34265
34373
34266
34374
34267
34375
34268
34376
34269
34377
34270
34378
34271
34379
34272
34380
34273
34381
34274
34382
34275
34383
34276
34384
34277
34385
34278
34386
34279
34387
34280
34388
34281
34389
34282
34390
34283
34391
34284
34392
34285
34393
34286
34394
34287
34395
34288
34396
34289
34397
34290
34398
34291
34399
34292
34400
34293
34401
34294
34402
34295
34403
34296
34404
34297
34405
34298
34406
34299
34407
34300
34408
34301
34409
34302
34410
34303
34411
34304
34412
34305
34413
34306
34414
34307
34415
34308
34416
34309
34417
34310
34418
34311
34419
34312
34420
34313
34421
34314
34422
34315
34423
34316
34424
34317
34425
34318
34426
34319
34427
34320
34428
34321
34429
34322
34430
34323
34431
34324
34432
34325
34433
34326
34434
34327
34435
34328
34436
34329
34437
34330
34438
34331
34439
34332
34440
34333
34441
34334
34442
34335
34443
34336
34444
34337
34445
34338
34446
34339
34447
34340
34448
34341
34449
34342
34450
34343
34451
34344
34452
34345
34453
34346
34454
34347
34455
34348
34456
34349
34457
34350
34458
34351
34459
34352
34460
34353
34461
34354
34462
34355
34463
34356
34464
34357
34465
34358
34466
34359
34467
34360
34468
34361
34469
34362
34470
34471
36503
34364
34472
34365
34473
34366
34474
34367
34475
34368
34476
34369
34477
34370
34478
34371
34479
34372
34480
34373
34481
34374
34482
34375
34483
34376
34484
34377
34485
34378
34486
34379
34487
34380
34488
34381
34489
34382
34490
34383
34491
34384
34492
34385
34493
34386
34494
34387
34495
34388
34496
34389
34497
34390
34498
34391
34499
34392
34500
34393
34501
34394
34502
34395
34503
34396
34504
34397
34505
34398
34506
34399
34507
34400
34508
34401
34509
34402
34510
34403
34511
34404
34512
34405
34513
34406
34514
34407
34515
34408
34516
34409
34517
34410
34518
34411
34519
34412
34520
34413
34521
34414
34522
34415
34523
34416
34524
34417
34525
34418
34526
34419
34527
34420
34528
34421
34529
34422
34530
34423
34531
34424
34532
34425
34533
34426
34534
34427
34535
34428
34536
34429
34537
34430
34538
34431
34539
34432
34540
34433
34541
34434
34542
34435
34543
34436
34544
34437
34545
34438
34546
34439
34547
34440
34548
34441
34549
34442
34550
34443
34551
34444
34552
34445
34553
34446
34554
34447
34555
34448
34556
34449
34557
34450
34558
34451
34559
34452
34560
34453
34561
34454
34562
34455
34563
34456
34564
34457
34565
34458
34566
34459
34567
34460
34568
34461
34569
34462
34570
34463
34571
34464
34572
34465
34573
34466
34574
34467
34575
34468
34576
34469
34577
34470
34578
34471
34579
34580
36512
34473
34581
34474
34582
34475
34583
34476
34584
34477
34585
34478
34586
34479
34587
34480
34588
34481
34589
34482
34590
34483
34591
34484
34592
34485
34593
34486
34594
34487
34595
34488
34596
34489
34597
34490
34598
34491
34599
34492
34600
34493
34601
34494
34602
34495
34603
34496
34604
34497
34605
34498
34606
34499
34607
34500
34608
34501
34609
34502
34610
34503
34611
34504
34612
34505
34613
34506
34614
34507
34615
34508
34616
34509
34617
34510
34618
34511
34619
34512
34620
34513
34621
34514
34622
34515
34623
34516
34624
34517
34625
34518
34626
34519
34627
34520
34628
34521
34629
34522
34630
34523
34631
34524
34632
34525
34633
34526
34634
34527
34635
34528
34636
34529
34637
34530
34638
34531
34639
34532
34640
34533
34641
34534
34642
34535
34643
34536
34644
34537
34645
34538
34646
34539
34647
34540
34648
34541
34649
34542
34650
34543
34651
34544
34652
34545
34653
34546
34654
34547
34655
34548
34656
34549
34657
34550
34658
34551
34659
34552
34660
34553
34661
34554
34662
34555
34663
34556
34664
34557
34665
34558
34666
34559
34667
34560
34668
34561
34669
34562
34670
34563
34671
34564
34672
34565
34673
34566
34674
34567
34675
34568
34676
34569
34677
34570
34678
34571
34679
34572
34680
34573
34681
34574
34682
34575
34683
34576
34684
34577
34685
34578
34686
34579
34687
34580
34688
34689
36521
34582
34690
34583
34691
34584
34692
34585
34693
34586
34694
34587
34695
34588
34696
34589
34697
34590
34698
34591
34699
34592
34700
34593
34701
34594
34702
34595
34703
34596
34704
34597
34705
34598
34706
34599
34707
34600
34708
34601
34709
34602
34710
34603
34711
34604
34712
34605
34713
34606
34714
34607
34715
34608
34716
34609
34717
34610
34718
34611
34719
34612
34720
34613
34721
34614
34722
34615
34723
34616
34724
34617
34725
34618
34726
34619
34727
34620
34728
34621
34729
34622
34730
34623
34731
34624
34732
34625
34733
34626
34734
34627
34735
34628
34736
34629
34737
34630
34738
34631
34739
34632
34740
34633
34741
34634
34742
34635
34743
34636
34744
34637
34745
34638
34746
34639
34747
34640
34748
34641
34749
34642
34750
34643
34751
34644
34752
34645
34753
34646
34754
34647
34755
34648
34756
34649
34757
34650
34758
34651
34759
34652
34760
34653
34761
34654
34762
34655
34763
34656
34764
34657
34765
34658
34766
34659
34767
34660
34768
34661
34769
34662
34770
34663
34771
34664
34772
34665
34773
34666
34774
34667
34775
34668
34776
34669
34777
34670
34778
34671
34779
34672
34780
34673
34781
34674
34782
34675
34783
34676
34784
34677
34785
34678
34786
34679
34787
34680
34788
34681
34789
34682
34790
34683
34791
34684
34792
34685
34793
34686
34794
34687
34795
34688
34796
34689
34797
34798
36530
34691
34799
34692
34800
34693
34801
34694
34802
34695
34803
34696
34804
34697
34805
34698
34806
34699
34807
34700
34808
34701
34809
34702
34810
34703
34811
34704
34812
34705
34813
34706
34814
34707
34815
34708
34816
34709
34817
34710
34818
34711
34819
34712
34820
34713
34821
34714
34822
34715
34823
34716
34824
34717
34825
34718
34826
34719
34827
34720
34828
34721
34829
34722
34830
34723
34831
34724
34832
34725
34833
34726
34834
34727
34835
34728
34836
34729
34837
34730
34838
34731
34839
34732
34840
34733
34841
34734
34842
34735
34843
34736
34844
34737
34845
34738
34846
34739
34847
34740
34848
34741
34849
34742
34850
34743
34851
34744
34852
34745
34853
34746
34854
34747
34855
34748
34856
34749
34857
34750
34858
34751
34859
34752
34860
34753
34861
34754
34862
34755
34863
34756
34864
34757
34865
34758
34866
34759
34867
34760
34868
34761
34869
34762
34870
34763
34871
34764
34872
34765
34873
34766
34874
34767
34875
34768
34876
34769
34877
34770
34878
34771
34879
34772
34880
34773
34881
34774
34882
34775
34883
34776
34884
34777
34885
34778
34886
34779
34887
34780
34888
34781
34889
34782
34890
34783
34891
34784
34892
34785
34893
34786
34894
34787
34895
34788
34896
34789
34897
34790
34898
34791
34899
34792
34900
34793
34901
34794
34902
34795
34903
34796
34904
34797
34905
34798
34906
34907
36539
34800
34908
34801
34909
34802
34910
34803
34911
34804
34912
34805
34913
34806
34914
34807
34915
34808
34916
34809
34917
34810
34918
34811
34919
34812
34920
34813
34921
34814
34922
34815
34923
34816
34924
34817
34925
34818
34926
34819
34927
34820
34928
34821
34929
34822
34930
34823
34931
34824
34932
34825
34933
34826
34934
34827
34935
34828
34936
34829
34937
34830
34938
34831
34939
34832
34940
34833
34941
34834
34942
34835
34943
34836
34944
34837
34945
34838
34946
34839
34947
34840
34948
34841
34949
34842
34950
34843
34951
34844
34952
34845
34953
34846
34954
34847
34955
34848
34956
34849
34957
34850
34958
34851
34959
34852
34960
34853
34961
34854
34962
34855
34963
34856
34964
34857
34965
34858
34966
34859
34967
34860
34968
34861
34969
34862
34970
34863
34971
34864
34972
34865
34973
34866
34974
34867
34975
34868
34976
34869
34977
34870
34978
34871
34979
34872
34980
34873
34981
34874
34982
34875
34983
34876
34984
34877
34985
34878
34986
34879
34987
34880
34988
34881
34989
34882
34990
34883
34991
34884
34992
34885
34993
34886
34994
34887
34995
34888
34996
34889
34997
34890
34998
34891
34999
34892
35000
34893
35001
34894
35002
34895
35003
34896
35004
34897
35005
34898
35006
34899
35007
34900
35008
34901
35009
34902
35010
34903
35011
34904
35012
34905
35013
34906
35014
34907
35015
35016
36548
34909
35017
34910
35018
34911
35019
34912
35020
34913
35021
34914
35022
34915
35023
34916
35024
34917
35025
34918
35026
34919
35027
34920
35028
34921
35029
34922
35030
34923
35031
34924
35032
34925
35033
34926
35034
34927
35035
34928
35036
34929
35037
34930
35038
34931
35039
34932
35040
34933
35041
34934
35042
34935
35043
34936
35044
34937
35045
34938
35046
34939
35047
34940
35048
34941
35049
34942
35050
34943
35051
34944
35052
34945
35053
34946
35054
34947
35055
34948
35056
34949
35057
34950
35058
34951
35059
34952
35060
34953
35061
34954
35062
34955
35063
34956
35064
34957
35065
34958
35066
34959
35067
34960
35068
34961
35069
34962
35070
34963
35071
34964
35072
34965
35073
34966
35074
34967
35075
34968
35076
34969
35077
34970
35078
34971
35079
34972
35080
34973
35081
34974
35082
34975
35083
34976
35084
34977
35085
34978
35086
34979
35087
34980
35088
34981
35089
34982
35090
34983
35091
34984
35092
34985
35093
34986
35094
34987
35095
34988
35096
34989
35097
34990
35098
34991
35099
34992
35100
34993
35101
34994
35102
34995
35103
34996
35104
34997
35105
34998
35106
34999
35107
35000
35108
35001
35109
35002
35110
35003
35111
35004
35112
35005
35113
35006
35114
35007
35115
35008
35116
35009
35117
35010
35118
35011
35119
35012
35120
35013
35121
35014
35122
35015
35123
35016
35124
35125
36557
35018
35126
35019
35127
35020
35128
35021
35129
35022
35130
35023
35131
35024
35132
35025
35133
35026
35134
35027
35135
35028
35136
35029
35137
35030
35138
35031
35139
35032
35140
35033
35141
35034
35142
35035
35143
35036
35144
35037
35145
35038
35146
35039
35147
35040
35148
35041
35149
35042
35150
35043
35151
35044
35152
35045
35153
35046
35154
35047
35155
35048
35156
35049
35157
35050
35158
35051
35159
35052
35160
35053
35161
35054
35162
35055
35163
35056
35164
35057
35165
35058
35166
35059
35167
35060
35168
35061
35169
35062
35170
35063
35171
35064
35172
35065
35173
35066
35174
35067
35175
35068
35176
35069
35177
35070
35178
35071
35179
35072
35180
35073
35181
35074
35182
35075
35183
35076
35184
35077
35185
35078
35186
35079
35187
35080
35188
35081
35189
35082
35190
35083
35191
35084
35192
35085
35193
35086
35194
35087
35195
35088
35196
35089
35197
35090
35198
35091
35199
35092
35200
35093
35201
35094
35202
35095
35203
35096
35204
35097
35205
35098
35206
35099
35207
35100
35208
35101
35209
35102
35210
35103
35211
35104
35212
35105
35213
35106
35214
35107
35215
35108
35216
35109
35217
35110
35218
35111
35219
35112
35220
35113
35221
35114
35222
35115
35223
35116
35224
35117
35225
35118
35226
35119
35227
35120
35228
35121
35229
35122
35230
35123
35231
35124
35232
35125
35233
35234
36566
35127
35235
35128
35236
35129
35237
35130
35238
35131
35239
35132
35240
35133
35241
35134
35242
35135
35243
35136
35244
35137
35245
35138
35246
35139
35247
35140
35248
35141
35249
35142
35250
35143
35251
35144
35252
35145
35253
35146
35254
35147
35255
35148
35256
35149
35257
35150
35258
35151
35259
35152
35260
35153
35261
35154
35262
35155
35263
35156
35264
35157
35265
35158
35266
35159
35267
35160
35268
35161
35269
35162
35270
35163
35271
35164
35272
35165
35273
35166
35274
35167
35275
35168
35276
35169
35277
35170
35278
35171
35279
35172
35280
35173
35281
35174
35282
35175
35283
35176
35284
35177
35285
35178
35286
35179
35287
35180
35288
35181
35289
35182
35290
35183
35291
35184
35292
35185
35293
35186
35294
35187
35295
35188
35296
35189
35297
35190
35298
35191
35299
35192
35300
35193
35301
35194
35302
35195
35303
35196
35304
35197
35305
35198
35306
35199
35307
35200
35308
35201
35309
35202
35310
35203
35311
35204
35312
35205
35313
35206
35314
35207
35315
35208
35316
35209
35317
35210
35318
35211
35319
35212
35320
35213
35321
35214
35322
35215
35323
35216
35324
35217
35325
35218
35326
35219
35327
35220
35328
35221
35329
35222
35330
35223
35331
35224
35332
35225
35333
35226
35334
35227
35335
35228
35336
35229
35337
35230
35338
35231
35339
35232
35340
35233
35341
35234
35342
35343
36575
35236
35344
35237
35345
35238
35346
35239
35347
35240
35348
35241
35349
35242
35350
35243
35351
35244
35352
35245
35353
35246
35354
35247
35355
35248
35356
35249
35357
35250
35358
35251
35359
35252
35360
35253
35361
35254
35362
35255
35363
35256
35364
35257
35365
35258
35366
35259
35367
35260
35368
35261
35369
35262
35370
35263
35371
35264
35372
35265
35373
35266
35374
35267
35375
35268
35376
35269
35377
35270
35378
35271
35379
35272
35380
35273
35381
35274
35382
35275
35383
35276
35384
35277
35385
35278
35386
35279
35387
35280
35388
35281
35389
35282
35390
35283
35391
35284
35392
35285
35393
35286
35394
35287
35395
35288
35396
35289
35397
35290
35398
35291
35399
35292
35400
35293
35401
35294
35402
35295
35403
35296
35404
35297
35405
35298
35406
35299
35407
35300
35408
35301
35409
35302
35410
35303
35411
35304
35412
35305
35413
35306
35414
35307
35415
35308
35416
35309
35417
35310
35418
35311
35419
35312
35420
35313
35421
35314
35422
35315
35423
35316
35424
35317
35425
35318
35426
35319
35427
35320
35428
35321
35429
35322
35430
35323
35431
35324
35432
35325
35433
35326
35434
35327
35435
35328
35436
35329
35437
35330
35438
35331
35439
35332
35440
35333
35441
35334
35442
35335
35443
35336
35444
35337
35445
35338
35446
35339
35447
35340
35448
35341
35449
35342
35450
35343
35451
35452
36584
35345
35453
35346
35454
35347
35455
35348
35456
35349
35457
35350
35458
35351
35459
35352
35460
35353
35461
35354
35462
35355
35463
35356
35464
35357
35465
35358
35466
35359
35467
35360
35468
35361
35469
35362
35470
35363
35471
35364
35472
35365
35473
35366
35474
35367
35475
35368
35476
35369
35477
35370
35478
35371
35479
35372
35480
35373
35481
35374
35482
35375
35483
35376
35484
35377
35485
35378
35486
35379
35487
35380
35488
35381
35489
35382
35490
35383
35491
35384
35492
35385
35493
35386
35494
35387
35495
35388
35496
35389
35497
35390
35498
35391
35499
35392
35500
35393
35501
35394
35502
35395
35503
35396
35504
35397
35505
35398
35506
35399
35507
35400
35508
35401
35509
35402
35510
35403
35511
35404
35512
35405
35513
35406
35514
35407
35515
35408
35516
35409
35517
35410
35518
35411
35519
35412
35520
35413
35521
35414
35522
35415
35523
35416
35524
35417
35525
35418
35526
35419
35527
35420
35528
35421
35529
35422
35530
35423
35531
35424
35532
35425
35533
35426
35534
35427
35535
35428
35536
35429
35537
35430
35538
35431
35539
35432
35540
35433
35541
35434
35542
35435
35543
35436
35544
35437
35545
35438
35546
35439
35547
35440
35548
35441
35549
35442
35550
35443
35551
35444
35552
35445
35553
35446
35554
35447
35555
35448
35556
35449
35557
35450
35558
35451
35559
35452
35560
35561
36593
35454
35562
35455
35563
35456
35564
35457
35565
35458
35566
35459
35567
35460
35568
35461
35569
35462
35570
35463
35571
35464
35572
35465
35573
35466
35574
35467
35575
35468
35576
35469
35577
35470
35578
35471
35579
35472
35580
35473
35581
35474
35582
35475
35583
35476
35584
35477
35585
35478
35586
35479
35587
35480
35588
35481
35589
35482
35590
35483
35591
35484
35592
35485
35593
35486
35594
35487
35595
35488
35596
35489
35597
35490
35598
35491
35599
35492
35600
35493
35601
35494
35602
35495
35603
35496
35604
35497
35605
35498
35606
35499
35607
35500
35608
35501
35609
35502
35610
35503
35611
35504
35612
35505
35613
35506
35614
35507
35615
35508
35616
35509
35617
35510
35618
35511
35619
35512
35620
35513
35621
35514
35622
35515
35623
35516
35624
35517
35625
35518
35626
35519
35627
35520
35628
35521
35629
35522
35630
35523
35631
35524
35632
35525
35633
35526
35634
35527
35635
35528
35636
35529
35637
35530
35638
35531
35639
35532
35640
35533
35641
35534
35642
35535
35643
35536
35644
35537
35645
35538
35646
35539
35647
35540
35648
35541
35649
35542
35650
35543
35651
35544
35652
35545
35653
35546
35654
35547
35655
35548
35656
35549
35657
35550
35658
35551
35659
35552
35660
35553
35661
35554
35662
35555
35663
35556
35664
35557
35665
35558
35666
35559
35667
35560
35668
35561
35669
35670
36602
35563
35671
35564
35672
35565
35673
35566
35674
35567
35675
35568
35676
35569
35677
35570
35678
35571
35679
35572
35680
35573
35681
35574
35682
35575
35683
35576
35684
35577
35685
35578
35686
35579
35687
35580
35688
35581
35689
35582
35690
35583
35691
35584
35692
35585
35693
35586
35694
35587
35695
35588
35696
35589
35697
35590
35698
35591
35699
35592
35700
35593
35701
35594
35702
35595
35703
35596
35704
35597
35705
35598
35706
35599
35707
35600
35708
35601
35709
35602
35710
35603
35711
35604
35712
35605
35713
35606
35714
35607
35715
35608
35716
35609
35717
35610
35718
35611
35719
35612
35720
35613
35721
35614
35722
35615
35723
35616
35724
35617
35725
35618
35726
35619
35727
35620
35728
35621
35729
35622
35730
35623
35731
35624
35732
35625
35733
35626
35734
35627
35735
35628
35736
35629
35737
35630
35738
35631
35739
35632
35740
35633
35741
35634
35742
35635
35743
35636
35744
35637
35745
35638
35746
35639
35747
35640
35748
35641
35749
35642
35750
35643
35751
35644
35752
35645
35753
35646
35754
35647
35755
35648
35756
35649
35757
35650
35758
35651
35759
35652
35760
35653
35761
35654
35762
35655
35763
35656
35764
35657
35765
35658
35766
35659
35767
35660
35768
35661
35769
35662
35770
35663
35771
35664
35772
35665
35773
35666
35774
35667
35775
35668
35776
35669
35777
35670
35778
35779
36611
35672
35780
35673
35781
35674
35782
35675
35783
35676
35784
35677
35785
35678
35786
35679
35787
35680
35788
35681
35789
35682
35790
35683
35791
35684
35792
35685
35793
35686
35794
35687
35795
35688
35796
35689
35797
35690
35798
35691
35799
35692
35800
35693
35801
35694
35802
35695
35803
35696
35804
35697
35805
35698
35806
35699
35807
35700
35808
35701
35809
35702
35810
35703
35811
35704
35812
35705
35813
35706
35814
35707
35815
35708
35816
35709
35817
35710
35818
35711
35819
35712
35820
35713
35821
35714
35822
35715
35823
35716
35824
35717
35825
35718
35826
35719
35827
35720
35828
35721
35829
35722
35830
35723
35831
35724
35832
35725
35833
35726
35834
35727
35835
35728
35836
35729
35837
35730
35838
35731
35839
35732
35840
35733
35841
35734
35842
35735
35843
35736
35844
35737
35845
35738
35846
35739
35847
35740
35848
35741
35849
35742
35850
35743
35851
35744
35852
35745
35853
35746
35854
35747
35855
35748
35856
35749
35857
35750
35858
35751
35859
35752
35860
35753
35861
35754
35862
35755
35863
35756
35864
35757
35865
35758
35866
35759
35867
35760
35868
35761
35869
35762
35870
35763
35871
35764
35872
35765
35873
35766
35874
35767
35875
35768
35876
35769
35877
35770
35878
35771
35879
35772
35880
35773
35881
35774
35882
35775
35883
35776
35884
35777
35885
35778
35886
35779
35887
35888
36620
35781
35889
35782
35890
35783
35891
35784
35892
35785
35893
35786
35894
35787
35895
35788
35896
35789
35897
35790
35898
35791
35899
35792
35900
35793
35901
35794
35902
35795
35903
35796
35904
35797
35905
35798
35906
35799
35907
35800
35908
35801
35909
35802
35910
35803
35911
35804
35912
35805
35913
35806
35914
35807
35915
35808
35916
35809
35917
35810
35918
35811
35919
35812
35920
35813
35921
35814
35922
35815
35923
35816
35924
35817
35925
35818
35926
35819
35927
35820
35928
35821
35929
35822
35930
35823
35931
35824
35932
35825
35933
35826
35934
35827
35935
35828
35936
35829
35937
35830
35938
35831
35939
35832
35940
35833
35941
35834
35942
35835
35943
35836
35944
35837
35945
35838
35946
35839
35947
35840
35948
35841
35949
35842
35950
35843
35951
35844
35952
35845
35953
35846
35954
35847
35955
35848
35956
35849
35957
35850
35958
35851
35959
35852
35960
35853
35961
35854
35962
35855
35963
35856
35964
35857
35965
35858
35966
35859
35967
35860
35968
35861
35969
35862
35970
35863
35971
35864
35972
35865
35973
35866
35974
35867
35975
35868
35976
35869
35977
35870
35978
35871
35979
35872
35980
35873
35981
35874
35982
35875
35983
35876
35984
35877
35985
35878
35986
35879
35987
35880
35988
35881
35989
35882
35990
35883
35991
35884
35992
35885
35993
35886
35994
35887
35995
35888
35996
35997
36629
35890
35998
35891
35999
35892
36000
35893
36001
35894
36002
35895
36003
35896
36004
35897
36005
35898
36006
35899
36007
35900
36008
35901
36009
35902
36010
35903
36011
35904
36012
35905
36013
35906
36014
35907
36015
35908
36016
35909
36017
35910
36018
35911
36019
35912
36020
35913
36021
35914
36022
35915
36023
35916
36024
35917
36025
35918
36026
35919
36027
35920
36028
35921
36029
35922
36030
35923
36031
35924
36032
35925
36033
35926
36034
35927
36035
35928
36036
35929
36037
35930
36038
35931
36039
35932
36040
35933
36041
35934
36042
35935
36043
35936
36044
35937
36045
35938
36046
35939
36047
35940
36048
35941
36049
35942
36050
35943
36051
35944
36052
35945
36053
35946
36054
35947
36055
35948
36056
35949
36057
35950
36058
35951
36059
35952
36060
35953
36061
35954
36062
35955
36063
35956
36064
35957
36065
35958
36066
35959
36067
35960
36068
35961
36069
35962
36070
35963
36071
35964
36072
35965
36073
35966
36074
35967
36075
35968
36076
35969
36077
35970
36078
35971
36079
35972
36080
35973
36081
35974
36082
35975
36083
35976
36084
35977
36085
35978
36086
35979
36087
35980
36088
35981
36089
35982
36090
35983
36091
35984
36092
35985
36093
35986
36094
35987
36095
35988
36096
35989
36097
35990
36098
35991
36099
35992
36100
35993
36101
35994
36102
35995
36103
35996
36104
35997
36105
36106
36638
35999
36000
36001
36002
36003
36004
36005
36006
36007
36008
36009
36010
36011
36012
36013
36014
36015
36016
36017
36018
36019
36020
36021
36022
36023
36024
36025
36026
36027
36028
36029
36030
36031
36032
36033
36034
36035
36036
36037
36038
36039
36040
36041
36042
36043
36044
36045
36046
36047
36048
36049
36050
36051
36052
36053
36054
36055
36056
36057
36058
36059
36060
36061
36062
36063
36064
36065
36066
36067
36068
36069
36070
36071
36072
36073
36074
36075
36076
36077
36078
36079
36080
36081
36082
36083
36084
36085
36086
36087
36088
36089
36090
36091
36092
36093
36094
36095
36096
36097
36098
36099
36100
36101
36102
36103
36104
36105
36106
36647
36108
36116
36109
36117
36110
36118
36111
36119
36112
36120
36113
36121
36114
36122
36115
36123
36124
36117
36125
36118
36126
36119
36127
36120
36128
36121
36129
36122
36130
36123
36131
36124
36132
36133
36126
36134
36127
36135
36128
36136
36129
36137
36130
36138
36131
36139
36132
36140
36133
36141
36142
36135
36143
36136
36144
36137
36145
36138
36146
36139
36147
36140
36148
36141
36149
36142
36150
36151
36144
36152
36145
36153
36146
36154
36147
36155
36148
36156
36149
36157
36150
36158
36151
36159
36160
36153
36161
36154
36162
36155
36163
36156
36164
36157
36165
36158
36166
36159
36167
36160
36168
36169
36162
36170
36163
36171
36164
36172
36165
36173
36166
36174
36167
36175
36168
36176
36169
36177
36178
36171
36179
36172
36180
36173
36181
36174
36182
36175
36183
36176
36184
36177
36185
36178
36186
36187
36180
36188
36181
36189
36182
36190
36183
36191
36184
36192
36185
36193
36186
36194
36187
36195
36196
36189
36197
36190
36198
36191
36199
36192
36200
36193
36201
36194
36202
36195
36203
36196
36204
36205
36198
36206
36199
36207
36200
36208
36201
36209
36202
36210
36203
36211
36204
36212
36205
36213
36214
36207
36215
36208
36216
36209
36217
36210
36218
36211
36219
36212
36220
36213
36221
36214
36222
36223
36216
36224
36217
36225
36218
36226
36219
36227
36220
36228
36221
36229
36222
36230
36223
36231
36232
36225
36233
36226
36234
36227
36235
36228
36236
36229
36237
36230
36238
36231
36239
36232
36240
36241
36234
36242
36235
36243
36236
36244
36237
36245
36238
36246
36239
36247
36240
36248
36241
36249
36250
36243
36251
36244
36252
36245
36253
36246
36254
36247
36255
36248
36256
36249
36257
36250
36258
36259
36252
36260
36253
36261
36254
36262
36255
36263
36256
36264
36257
36265
36258
36266
36259
36267
36268
36261
36269
36262
36270
36263
36271
36264
36272
36265
36273
36266
36274
36267
36275
36268
36276
36277
36270
36278
36271
36279
36272
36280
36273
36281
36274
36282
36275
36283
36276
36284
36277
36285
36286
36279
36287
36280
36288
36281
36289
36282
36290
36283
36291
36284
36292
36285
36293
36286
36294
36295
36288
36296
36289
36297
36290
36298
36291
36299
36292
36300
36293
36301
36294
36302
36295
36303
36304
36297
36305
36298
36306
36299
36307
36300
36308
36301
36309
36302
36310
36303
36311
36304
36312
36313
36306
36314
36307
36315
36308
36316
36309
36317
36310
36318
36311
36319
36312
36320
36313
36321
36322
36315
36323
36316
36324
36317
36325
36318
36326
36319
36327
36320
36328
36321
36329
36322
36330
36331
36324
36332
36325
36333
36326
36334
36327
36335
36328
36336
36329
36337
36330
36338
36331
36339
36340
36333
36341
36334
36342
36335
36343
36336
36344
36337
36345
36338
36346
36339
36347
36340
36348
36349
36342
36350
36343
36351
36344
36352
36345
36353
36346
36354
36347
36355
36348
36356
36349
36357
36358
36351
36359
36352
36360
36353
36361
36354
36362
36355
36363
36356
36364
36357
36365
36358
36366
36367
36360
36368
36361
36369
36362
36370
36363
36371
36364
36372
36365
36373
36366
36374
36367
36375
36376
36369
36377
36370
36378
36371
36379
36372
36380
36373
36381
36374
36382
36375
36383
36376
36384
36385
36378
36386
36379
36387
36380
36388
36381
36389
36382
36390
36383
36391
36384
36392
36385
36393
36394
36387
36395
36388
36396
36389
36397
36390
36398
36391
36399
36392
36400
36393
36401
36394
36402
36403
36396
36404
36397
36405
36398
36406
36399
36407
36400
36408
36401
36409
36402
36410
36403
36411
36412
36405
36413
36406
36414
36407
36415
36408
36416
36409
36417
36410
36418
36411
36419
36412
36420
36421
36414
36422
36415
36423
36416
36424
36417
36425
36418
36426
36419
36427
36420
36428
36421
36429
36430
36423
36431
36424
36432
36425
36433
36426
36434
36427
36435
36428
36436
36429
36437
36430
36438
36439
36432
36440
36433
36441
36434
36442
36435
36443
36436
36444
36437
36445
36438
36446
36439
36447
36448
36441
36449
36442
36450
36443
36451
36444
36452
36445
36453
36446
36454
36447
36455
36448
36456
36457
36450
36458
36451
36459
36452
36460
36453
36461
36454
36462
36455
36463
36456
36464
36457
36465
36466
36459
36467
36460
36468
36461
36469
36462
36470
36463
36471
36464
36472
36465
36473
36466
36474
36475
36468
36476
36469
36477
36470
36478
36471
36479
36472
36480
36473
36481
36474
36482
36475
36483
36484
36477
36485
36478
36486
36479
36487
36480
36488
36481
36489
36482
36490
36483
36491
36484
36492
36493
36486
36494
36487
36495
36488
36496
36489
36497
36490
36498
36491
36499
36492
36500
36493
36501
36502
36495
36503
36496
36504
36497
36505
36498
36506
36499
36507
36500
36508
36501
36509
36502
36510
36511
36504
36512
36505
36513
36506
36514
36507
36515
36508
36516
36509
36517
36510
36518
36511
36519
36520
36513
36521
36514
36522
36515
36523
36516
36524
36517
36525
36518
36526
36519
36527
36520
36528
36529
36522
36530
36523
36531
36524
36532
36525
36533
36526
36534
36527
36535
36528
36536
36529
36537
36538
36531
36539
36532
36540
36533
36541
36534
36542
36535
36543
36536
36544
36537
36545
36538
36546
36547
36540
36548
36541
36549
36542
36550
36543
36551
36544
36552
36545
36553
36546
36554
36547
36555
36556
36549
36557
36550
36558
36551
36559
36552
36560
36553
36561
36554
36562
36555
36563
36556
36564
36565
36558
36566
36559
36567
36560
36568
36561
36569
36562
36570
36563
36571
36564
36572
36565
36573
36574
36567
36575
36568
36576
36569
36577
36570
36578
36571
36579
36572
36580
36573
36581
36574
36582
36583
36576
36584
36577
36585
36578
36586
36579
36587
36580
36588
36581
36589
36582
36590
36583
36591
36592
36585
36593
36586
36594
36587
36595
36588
36596
36589
36597
36590
36598
36591
36599
36592
36600
36601
36594
36602
36595
36603
36596
36604
36597
36605
36598
36606
36599
36607
36600
36608
36601
36609
36610
36603
36611
36604
36612
36605
36613
36606
36614
36607
36615
36608
36616
36609
36617
36610
36618
36619
36612
36620
36613
36621
36614
36622
36615
36623
36616
36624
36617
36625
36618
36626
36619
36627
36628
36621
36629
36622
36630
36623
36631
36624
36632
36625
36633
36626
36634
36627
36635
36628
36636
36637
36630
36638
36631
36639
36632
36640
36633
36641
36634
36642
36635
36643
36636
36644
36637
36645
36646
36639
36647
36640
36648
36641
36649
36642
36650
36643
36651
36644
36652
36645
36653
36646
36654
36655
36648
36649
36650
36651
36652
36653
36654
36655
)


// ************************************************************************* //
