/*--------------------------------*- C++ -*----------------------------------*\
| =========                 |                                                 |
| \\      /  F ield         | OpenFOAM: The Open Source CFD Toolbox           |
|  \\    /   O peration     | Version:  2212                                  |
|   \\  /    A nd           | Website:  www.openfoam.com                      |
|    \\/     M anipulation  |                                                 |
\*---------------------------------------------------------------------------*/
FoamFile
{
    version     2.0;
    format      ascii;
    arch        "LSB;label=32;scalar=64";
    note        "nPoints:74182  nCells:36656  nFaces:147059  nInternalFaces:72877";
    class       labelList;
    location    "constant/polyMesh";
    object      owner;
}
// * * * * * * * * * * * * * * * * * * * * * * * * * * * * * * * * * * * * * //


147059
(
0
0
0
1
1
1
2
2
2
3
3
3
4
4
4
5
5
5
6
6
6
7
7
7
8
8
8
9
9
9
10
10
11
11
12
12
13
13
14
14
15
15
16
16
17
17
18
18
19
19
20
20
21
21
22
22
23
23
24
24
25
25
26
26
27
27
28
28
29
29
30
30
31
31
32
32
33
33
34
34
35
35
36
36
37
37
38
38
39
39
40
40
41
41
42
42
43
43
44
44
45
45
46
46
47
47
48
48
49
49
50
50
51
51
52
52
53
53
54
54
55
55
56
56
57
57
58
58
59
59
60
60
61
61
62
62
63
63
64
64
65
65
66
66
67
67
68
68
69
69
70
70
71
71
72
72
73
73
74
74
75
75
76
76
77
77
78
78
79
79
80
80
81
81
82
82
83
83
84
84
85
85
86
86
87
87
88
88
89
89
90
90
90
91
91
91
92
92
92
93
93
93
94
94
94
95
95
95
96
96
96
97
97
97
98
98
98
99
99
99
100
100
101
101
102
102
103
103
104
104
105
105
106
106
107
107
108
108
109
109
110
110
111
111
112
112
113
113
114
114
115
115
116
116
117
117
118
118
119
119
120
120
121
121
122
122
123
123
124
124
125
125
126
126
127
127
128
128
129
129
130
130
131
131
132
132
133
133
134
134
135
135
136
136
137
137
138
138
139
139
140
140
141
141
142
142
143
143
144
144
145
145
146
146
147
147
148
148
149
149
150
150
151
151
152
152
153
153
154
154
155
155
156
156
157
157
158
158
159
159
160
160
161
161
162
162
163
163
164
164
165
165
166
166
167
167
168
168
169
169
170
171
172
173
174
175
176
177
178
179
180
180
180
181
181
181
182
182
182
183
183
183
184
184
184
185
185
185
186
186
186
187
187
187
188
188
188
189
189
189
190
190
190
191
191
191
192
192
192
193
193
193
194
194
194
195
195
195
196
196
196
197
197
197
198
198
198
199
199
199
200
200
200
201
201
201
202
202
202
203
203
203
204
204
204
205
205
205
206
206
206
207
207
207
208
208
208
209
209
209
210
210
210
211
211
211
212
212
212
213
213
213
214
214
214
215
215
215
216
216
216
217
217
217
218
218
218
219
219
219
220
220
220
221
221
221
222
222
222
223
223
223
224
224
224
225
225
225
226
226
226
227
227
227
228
228
228
229
229
229
230
230
230
231
231
231
232
232
232
233
233
233
234
234
234
235
235
235
236
236
236
237
237
237
238
238
238
239
239
239
240
240
240
241
241
241
242
242
242
243
243
243
244
244
244
245
245
245
246
246
246
247
247
247
248
248
248
249
249
249
250
250
250
251
251
251
252
252
252
253
253
253
254
254
254
255
255
255
256
256
256
257
257
257
258
258
258
259
259
259
260
260
260
261
261
261
262
262
262
263
263
263
264
264
264
265
265
265
266
266
266
267
267
267
268
268
268
269
269
269
270
270
270
271
271
271
272
272
272
273
273
273
274
274
274
275
275
275
276
276
276
277
277
277
278
278
278
279
279
279
280
280
280
281
281
281
282
282
282
283
283
283
284
284
284
285
285
285
286
286
286
287
287
287
288
288
288
289
289
289
290
290
290
291
291
291
292
292
292
293
293
293
294
294
294
295
295
295
296
296
296
297
297
297
298
298
298
299
299
299
300
300
300
301
301
301
302
302
302
303
303
303
304
304
304
305
305
305
306
306
306
307
307
307
308
308
308
309
309
309
310
310
310
311
311
312
312
313
313
314
314
315
315
316
316
317
317
318
318
319
319
320
320
321
321
322
322
323
323
324
324
325
325
326
326
327
327
328
328
329
329
330
330
331
331
332
332
333
333
334
334
335
335
336
336
337
337
338
338
339
339
340
340
341
341
342
342
343
343
344
344
345
345
346
346
347
347
348
348
349
349
350
350
351
351
352
352
353
353
354
354
355
355
356
356
357
357
358
358
359
359
360
360
361
361
362
362
363
363
364
364
365
365
366
366
367
367
368
368
369
369
370
370
371
371
372
372
373
373
374
374
375
375
376
376
377
377
378
378
379
379
380
380
381
381
382
382
383
383
384
384
385
385
386
386
387
387
388
388
389
389
390
390
391
391
392
392
393
393
394
394
395
395
396
396
397
397
398
398
399
399
400
400
401
401
402
402
403
403
404
404
405
405
406
406
407
407
408
408
409
409
410
410
411
411
412
412
413
413
414
414
415
415
416
416
417
417
418
418
419
419
420
420
421
421
422
422
423
423
424
424
425
425
426
426
427
427
428
428
429
429
430
430
431
431
432
432
433
433
434
434
435
435
436
436
437
437
438
438
439
439
440
440
441
441
442
442
443
444
444
445
445
446
446
447
447
448
448
449
449
450
450
451
451
452
452
453
453
454
454
455
455
456
456
457
457
458
458
459
459
460
460
461
461
462
462
463
463
464
464
465
465
466
466
467
467
468
468
469
469
470
470
471
471
472
472
473
473
474
474
475
475
476
476
477
477
478
478
479
479
480
480
481
481
482
482
483
483
484
484
485
485
486
486
487
487
488
488
489
489
490
490
491
491
492
492
493
493
494
494
495
495
496
496
497
497
498
498
499
499
500
500
501
501
502
502
503
503
504
504
505
505
506
506
507
507
508
508
509
509
510
510
511
511
512
512
513
513
514
514
515
515
516
516
517
517
518
518
519
519
520
520
521
521
522
522
523
523
524
524
525
525
526
526
527
527
528
528
529
529
530
530
531
531
532
532
533
533
534
534
535
535
536
536
537
537
538
538
539
539
540
540
541
541
542
542
543
543
544
544
545
545
546
546
547
547
548
548
549
549
550
550
551
551
552
552
553
553
554
554
555
555
556
556
557
557
558
558
559
559
560
560
561
561
562
562
563
563
564
564
565
565
566
566
567
567
568
568
569
569
570
570
571
571
572
572
573
573
574
574
575
576
576
577
577
578
578
579
579
580
580
581
581
582
582
583
583
584
584
585
585
586
586
587
587
588
588
589
589
590
590
591
591
592
592
593
593
594
594
595
595
596
596
597
597
598
598
599
599
600
600
601
601
602
602
603
603
604
604
605
605
606
606
607
607
608
608
609
609
610
610
611
611
612
612
613
613
614
614
615
615
616
616
617
617
618
618
619
619
620
620
621
621
622
622
623
623
624
624
625
625
626
626
627
627
628
628
629
629
630
630
631
631
632
632
633
633
634
634
635
635
636
636
637
637
638
638
639
639
640
640
641
641
642
642
643
643
644
644
645
645
646
646
647
647
648
648
649
649
650
650
651
651
652
652
653
653
654
654
655
655
656
656
657
657
658
658
659
659
660
660
661
661
662
662
663
663
664
664
665
665
666
666
667
667
668
668
669
669
670
670
671
671
672
672
673
673
674
674
675
675
676
676
677
677
678
678
679
679
680
680
681
681
682
682
683
683
684
684
685
685
686
686
687
687
688
688
689
689
690
690
691
691
692
692
693
693
694
694
695
695
696
696
697
697
698
698
699
699
700
700
701
701
702
702
703
703
704
704
705
705
706
706
707
708
708
709
709
710
710
711
711
712
712
713
713
714
714
715
715
716
716
717
717
718
718
719
719
720
720
721
721
722
722
723
723
724
724
725
725
726
726
727
727
728
728
729
729
730
730
731
731
732
732
733
733
734
734
735
735
736
736
737
737
738
738
739
739
740
740
741
741
742
742
743
743
744
744
745
745
746
746
747
747
748
748
749
749
750
750
751
751
752
752
753
753
754
754
755
755
756
756
757
757
758
758
759
759
760
760
761
761
762
762
763
763
764
764
765
765
766
766
767
767
768
768
769
769
770
770
771
771
772
772
773
773
774
774
775
775
776
776
777
777
778
778
779
779
780
780
781
781
782
782
783
783
784
784
785
785
786
786
787
787
788
788
789
789
790
790
791
791
792
792
793
793
794
794
795
795
796
796
797
797
798
798
799
799
800
800
801
801
802
802
803
803
804
804
805
805
806
806
807
807
808
808
809
809
810
810
811
811
812
812
813
813
814
814
815
815
816
816
817
817
818
818
819
819
820
820
821
821
822
822
823
823
824
824
825
825
826
826
827
827
828
828
829
829
830
830
831
831
832
832
833
833
834
834
835
835
836
836
837
837
838
838
839
840
840
841
841
842
842
843
843
844
844
845
845
846
846
847
847
848
848
849
849
850
850
851
851
852
852
853
853
854
854
855
855
856
856
857
857
858
858
859
859
860
860
861
861
862
862
863
863
864
864
865
865
866
866
867
867
868
868
869
869
870
870
871
871
872
872
873
873
874
874
875
875
876
876
877
877
878
878
879
879
880
880
881
881
882
882
883
883
884
884
885
885
886
886
887
887
888
888
889
889
890
890
891
891
892
892
893
893
894
894
895
895
896
896
897
897
898
898
899
899
900
900
901
901
902
902
903
903
904
904
905
905
906
906
907
907
908
908
909
909
910
910
911
911
912
912
913
913
914
914
915
915
916
916
917
917
918
918
919
919
920
920
921
921
922
922
923
923
924
924
925
925
926
926
927
927
928
928
929
929
930
930
931
931
932
932
933
933
934
934
935
935
936
936
937
937
938
938
939
939
940
940
941
941
942
942
943
943
944
944
945
945
946
946
947
947
948
948
949
949
950
950
951
951
952
952
953
953
954
954
955
955
956
956
957
957
958
958
959
959
960
960
961
961
962
962
963
963
964
964
965
965
966
966
967
967
968
968
969
969
970
970
971
972
972
973
973
974
974
975
975
976
976
977
977
978
978
979
979
980
980
981
981
982
982
983
983
984
984
985
985
986
986
987
987
988
988
989
989
990
990
991
991
992
992
993
993
994
994
995
995
996
996
997
997
998
998
999
999
1000
1000
1001
1001
1002
1002
1003
1003
1004
1004
1005
1005
1006
1006
1007
1007
1008
1008
1009
1009
1010
1010
1011
1011
1012
1012
1013
1013
1014
1014
1015
1015
1016
1016
1017
1017
1018
1018
1019
1019
1020
1020
1021
1021
1022
1022
1023
1023
1024
1024
1025
1025
1026
1026
1027
1027
1028
1028
1029
1029
1030
1030
1031
1031
1032
1032
1033
1033
1034
1034
1035
1035
1036
1036
1037
1037
1038
1038
1039
1039
1040
1040
1041
1041
1042
1042
1043
1043
1044
1044
1045
1045
1046
1046
1047
1047
1048
1048
1049
1049
1050
1050
1051
1051
1052
1052
1053
1053
1054
1054
1055
1055
1056
1056
1057
1057
1058
1058
1059
1059
1060
1060
1061
1061
1062
1062
1063
1063
1064
1064
1065
1065
1066
1066
1067
1067
1068
1068
1069
1069
1070
1070
1071
1071
1072
1072
1073
1073
1074
1074
1075
1075
1076
1076
1077
1077
1078
1078
1079
1079
1080
1080
1081
1081
1082
1082
1083
1083
1084
1084
1085
1085
1086
1086
1087
1087
1088
1088
1089
1089
1090
1090
1091
1091
1092
1092
1093
1093
1094
1094
1095
1095
1096
1096
1097
1097
1098
1098
1099
1099
1100
1100
1101
1101
1102
1102
1103
1104
1104
1105
1105
1106
1106
1107
1107
1108
1108
1109
1109
1110
1110
1111
1111
1112
1112
1113
1113
1114
1114
1115
1115
1116
1116
1117
1117
1118
1118
1119
1119
1120
1120
1121
1121
1122
1122
1123
1123
1124
1124
1125
1125
1126
1126
1127
1127
1128
1128
1129
1129
1130
1130
1131
1131
1132
1132
1133
1133
1134
1134
1135
1135
1136
1136
1137
1137
1138
1138
1139
1139
1140
1140
1141
1141
1142
1142
1143
1143
1144
1144
1145
1145
1146
1146
1147
1147
1148
1148
1149
1149
1150
1150
1151
1151
1152
1152
1153
1153
1154
1154
1155
1155
1156
1156
1157
1157
1158
1158
1159
1159
1160
1160
1161
1161
1162
1162
1163
1163
1164
1164
1165
1165
1166
1166
1167
1167
1168
1168
1169
1169
1170
1170
1171
1171
1172
1172
1173
1173
1174
1174
1175
1175
1176
1176
1177
1177
1178
1178
1179
1179
1180
1180
1181
1181
1182
1182
1183
1183
1184
1184
1185
1185
1186
1186
1187
1187
1188
1188
1189
1189
1190
1190
1191
1191
1192
1192
1193
1193
1194
1194
1195
1195
1196
1196
1197
1197
1198
1198
1199
1199
1200
1200
1201
1201
1202
1202
1203
1203
1204
1204
1205
1205
1206
1206
1207
1207
1208
1208
1209
1209
1210
1210
1211
1211
1212
1212
1213
1213
1214
1214
1215
1215
1216
1216
1217
1217
1218
1218
1219
1219
1220
1220
1221
1221
1222
1222
1223
1223
1224
1224
1225
1225
1226
1226
1227
1227
1228
1228
1229
1229
1230
1230
1231
1231
1232
1232
1233
1233
1234
1234
1235
1236
1236
1237
1237
1238
1238
1239
1239
1240
1240
1241
1241
1242
1242
1243
1243
1244
1244
1245
1245
1246
1246
1247
1247
1248
1248
1249
1249
1250
1250
1251
1251
1252
1252
1253
1253
1254
1254
1255
1255
1256
1256
1257
1257
1258
1258
1259
1259
1260
1260
1261
1261
1262
1262
1263
1263
1264
1264
1265
1265
1266
1266
1267
1267
1268
1268
1269
1269
1270
1270
1271
1271
1272
1272
1273
1273
1274
1274
1275
1275
1276
1276
1277
1277
1278
1278
1279
1279
1280
1280
1281
1281
1282
1282
1283
1283
1284
1284
1285
1285
1286
1286
1287
1287
1288
1288
1289
1289
1290
1290
1291
1291
1292
1292
1293
1293
1294
1294
1295
1295
1296
1296
1297
1297
1298
1298
1299
1299
1300
1300
1301
1301
1302
1302
1303
1303
1304
1304
1305
1305
1306
1306
1307
1307
1308
1308
1309
1309
1310
1310
1311
1311
1312
1312
1313
1313
1314
1314
1315
1315
1316
1316
1317
1317
1318
1318
1319
1319
1320
1320
1321
1321
1322
1322
1323
1323
1324
1324
1325
1325
1326
1326
1327
1327
1328
1328
1329
1329
1330
1330
1331
1331
1332
1332
1333
1333
1334
1334
1335
1335
1336
1336
1337
1337
1338
1338
1339
1339
1340
1340
1341
1341
1342
1342
1343
1343
1344
1344
1345
1345
1346
1346
1347
1347
1348
1348
1349
1349
1350
1350
1351
1351
1352
1352
1353
1353
1354
1354
1355
1355
1356
1356
1357
1357
1358
1358
1359
1359
1360
1360
1361
1361
1362
1362
1363
1363
1364
1364
1365
1365
1366
1366
1367
1368
1368
1368
1369
1369
1370
1370
1371
1371
1372
1372
1373
1373
1374
1374
1375
1375
1376
1376
1377
1377
1378
1378
1379
1379
1380
1380
1381
1381
1382
1382
1383
1383
1384
1384
1385
1385
1386
1386
1387
1387
1388
1388
1389
1389
1390
1390
1391
1391
1392
1392
1393
1393
1394
1394
1395
1395
1396
1396
1397
1397
1398
1398
1399
1399
1400
1400
1401
1401
1402
1402
1403
1403
1404
1404
1405
1405
1406
1406
1407
1407
1408
1408
1409
1409
1410
1410
1411
1411
1412
1412
1413
1413
1414
1414
1415
1415
1416
1416
1417
1417
1418
1418
1419
1419
1420
1420
1421
1421
1422
1422
1423
1423
1424
1424
1425
1425
1426
1426
1427
1427
1428
1428
1429
1429
1430
1430
1431
1431
1432
1432
1433
1433
1434
1434
1435
1435
1436
1436
1437
1437
1438
1438
1439
1439
1440
1440
1441
1441
1442
1442
1443
1443
1444
1444
1445
1445
1446
1446
1447
1447
1448
1448
1449
1449
1450
1450
1451
1451
1452
1452
1453
1453
1454
1454
1455
1455
1456
1456
1457
1457
1458
1458
1459
1459
1460
1460
1461
1461
1462
1462
1463
1463
1464
1464
1465
1465
1466
1466
1467
1467
1468
1468
1469
1469
1470
1470
1471
1471
1472
1472
1473
1473
1474
1474
1475
1475
1476
1476
1477
1477
1478
1478
1479
1479
1480
1480
1481
1481
1482
1482
1483
1483
1484
1484
1485
1485
1486
1486
1487
1487
1488
1488
1489
1489
1490
1490
1491
1491
1492
1492
1493
1493
1494
1494
1495
1495
1496
1496
1497
1497
1498
1498
1499
1500
1500
1500
1501
1501
1502
1502
1503
1503
1504
1504
1505
1505
1506
1506
1507
1507
1508
1508
1509
1509
1510
1510
1511
1511
1512
1512
1513
1513
1514
1514
1515
1515
1516
1516
1517
1517
1518
1518
1519
1519
1520
1520
1521
1521
1522
1522
1523
1523
1524
1524
1525
1525
1526
1526
1527
1527
1528
1528
1529
1529
1530
1530
1531
1531
1532
1532
1533
1533
1534
1534
1535
1535
1536
1536
1537
1537
1538
1538
1539
1539
1540
1540
1541
1541
1542
1542
1543
1543
1544
1544
1545
1545
1546
1546
1547
1547
1548
1548
1549
1549
1550
1550
1551
1551
1552
1552
1553
1553
1554
1554
1555
1555
1556
1556
1557
1557
1558
1558
1559
1559
1560
1560
1561
1561
1562
1562
1563
1563
1564
1564
1565
1565
1566
1566
1567
1567
1568
1568
1569
1569
1570
1570
1571
1571
1572
1572
1573
1573
1574
1574
1575
1575
1576
1576
1577
1577
1578
1578
1579
1579
1580
1580
1581
1581
1582
1582
1583
1583
1584
1584
1585
1585
1586
1586
1587
1587
1588
1588
1589
1589
1590
1590
1591
1591
1592
1592
1593
1593
1594
1594
1595
1595
1596
1596
1597
1597
1598
1598
1599
1599
1600
1600
1601
1601
1602
1602
1603
1603
1604
1604
1605
1605
1606
1606
1607
1607
1608
1608
1609
1609
1610
1610
1611
1611
1612
1612
1613
1613
1614
1614
1615
1615
1616
1616
1617
1617
1618
1618
1619
1619
1620
1620
1621
1621
1622
1622
1623
1623
1624
1624
1625
1625
1626
1626
1627
1627
1628
1628
1629
1629
1630
1630
1631
1632
1632
1632
1633
1633
1634
1634
1635
1635
1636
1636
1637
1637
1638
1638
1639
1639
1640
1640
1641
1641
1642
1642
1643
1643
1644
1644
1645
1645
1646
1646
1647
1647
1648
1648
1649
1649
1650
1650
1651
1651
1652
1652
1653
1653
1654
1654
1655
1655
1656
1656
1657
1657
1658
1658
1659
1659
1660
1660
1661
1661
1662
1662
1663
1663
1664
1664
1665
1665
1666
1666
1667
1667
1668
1668
1669
1669
1670
1670
1671
1671
1672
1672
1673
1673
1674
1674
1675
1675
1676
1676
1677
1677
1678
1678
1679
1679
1680
1680
1681
1681
1682
1682
1683
1683
1684
1684
1685
1685
1686
1686
1687
1687
1688
1688
1689
1689
1690
1690
1691
1691
1692
1692
1693
1693
1694
1694
1695
1695
1696
1696
1697
1697
1698
1698
1699
1699
1700
1700
1701
1701
1702
1702
1703
1703
1704
1704
1705
1705
1706
1706
1707
1707
1708
1708
1709
1709
1710
1710
1711
1711
1712
1712
1713
1713
1714
1714
1715
1715
1716
1716
1717
1717
1718
1718
1719
1719
1720
1720
1721
1721
1722
1722
1723
1723
1724
1724
1725
1725
1726
1726
1727
1727
1728
1728
1729
1729
1730
1730
1731
1731
1732
1732
1733
1733
1734
1734
1735
1735
1736
1736
1737
1737
1738
1738
1739
1739
1740
1740
1741
1741
1742
1742
1743
1743
1744
1744
1745
1745
1746
1746
1747
1747
1748
1748
1749
1749
1750
1750
1751
1751
1752
1752
1753
1753
1754
1754
1755
1755
1756
1756
1757
1757
1758
1758
1759
1759
1760
1760
1761
1761
1762
1762
1763
1764
1764
1764
1765
1765
1766
1766
1767
1767
1768
1768
1769
1769
1770
1770
1771
1771
1772
1772
1773
1773
1774
1774
1775
1775
1776
1776
1777
1777
1778
1778
1779
1779
1780
1780
1781
1781
1782
1782
1783
1783
1784
1784
1785
1785
1786
1786
1787
1787
1788
1788
1789
1789
1790
1790
1791
1791
1792
1792
1793
1793
1794
1794
1795
1795
1796
1796
1797
1797
1798
1798
1799
1799
1800
1800
1801
1801
1802
1802
1803
1803
1804
1804
1805
1805
1806
1806
1807
1807
1808
1808
1809
1809
1810
1810
1811
1811
1812
1812
1813
1813
1814
1814
1815
1815
1816
1816
1817
1817
1818
1818
1819
1819
1820
1820
1821
1821
1822
1822
1823
1823
1824
1824
1825
1825
1826
1826
1827
1827
1828
1828
1829
1829
1830
1830
1831
1831
1832
1832
1833
1833
1834
1834
1835
1835
1836
1836
1837
1837
1838
1838
1839
1839
1840
1840
1841
1841
1842
1842
1843
1843
1844
1844
1845
1845
1846
1846
1847
1847
1848
1848
1849
1849
1850
1850
1851
1851
1852
1852
1853
1853
1854
1854
1855
1855
1856
1856
1857
1857
1858
1858
1859
1859
1860
1860
1861
1861
1862
1862
1863
1863
1864
1864
1865
1865
1866
1866
1867
1867
1868
1868
1869
1869
1870
1870
1871
1871
1872
1872
1873
1873
1874
1874
1875
1875
1876
1876
1877
1877
1878
1878
1879
1879
1880
1880
1881
1881
1882
1882
1883
1883
1884
1884
1885
1885
1886
1886
1887
1887
1888
1888
1889
1889
1890
1890
1891
1891
1892
1892
1893
1893
1894
1894
1895
1896
1896
1896
1897
1897
1898
1898
1899
1899
1900
1900
1901
1901
1902
1902
1903
1903
1904
1904
1905
1905
1906
1906
1907
1907
1908
1908
1909
1909
1910
1910
1911
1911
1912
1912
1913
1913
1914
1914
1915
1915
1916
1916
1917
1917
1918
1918
1919
1919
1920
1920
1921
1921
1922
1922
1923
1923
1924
1924
1925
1925
1926
1926
1927
1927
1928
1928
1929
1929
1930
1930
1931
1931
1932
1932
1933
1933
1934
1934
1935
1935
1936
1936
1937
1937
1938
1938
1939
1939
1940
1940
1941
1941
1942
1942
1943
1943
1944
1944
1945
1945
1946
1946
1947
1947
1948
1948
1949
1949
1950
1950
1951
1951
1952
1952
1953
1953
1954
1954
1955
1955
1956
1956
1957
1957
1958
1958
1959
1959
1960
1960
1961
1961
1962
1962
1963
1963
1964
1964
1965
1965
1966
1966
1967
1967
1968
1968
1969
1969
1970
1970
1971
1971
1972
1972
1973
1973
1974
1974
1975
1975
1976
1976
1977
1977
1978
1978
1979
1979
1980
1980
1981
1981
1982
1982
1983
1983
1984
1984
1985
1985
1986
1986
1987
1987
1988
1988
1989
1989
1990
1990
1991
1991
1992
1992
1993
1993
1994
1994
1995
1995
1996
1996
1997
1997
1998
1998
1999
1999
2000
2000
2001
2001
2002
2002
2003
2003
2004
2004
2005
2005
2006
2006
2007
2007
2008
2008
2009
2009
2010
2010
2011
2011
2012
2012
2013
2013
2014
2014
2015
2015
2016
2016
2017
2017
2018
2018
2019
2019
2020
2020
2021
2021
2022
2022
2023
2023
2024
2024
2025
2025
2026
2026
2027
2028
2028
2028
2029
2029
2030
2030
2031
2031
2032
2032
2033
2033
2034
2034
2035
2035
2036
2036
2037
2037
2038
2038
2039
2039
2040
2040
2041
2041
2042
2042
2043
2043
2044
2044
2045
2045
2046
2046
2047
2047
2048
2048
2049
2049
2050
2050
2051
2051
2052
2052
2053
2053
2054
2054
2055
2055
2056
2056
2057
2057
2058
2058
2059
2059
2060
2060
2061
2061
2062
2062
2063
2063
2064
2064
2065
2065
2066
2066
2067
2067
2068
2068
2069
2069
2070
2070
2071
2071
2072
2072
2073
2073
2074
2074
2075
2075
2076
2076
2077
2077
2078
2078
2079
2079
2080
2080
2081
2081
2082
2082
2083
2083
2084
2084
2085
2085
2086
2086
2087
2087
2088
2088
2089
2089
2090
2090
2091
2091
2092
2092
2093
2093
2094
2094
2095
2095
2096
2096
2097
2097
2098
2098
2099
2099
2100
2100
2101
2101
2102
2102
2103
2103
2104
2104
2105
2105
2106
2106
2107
2107
2108
2108
2109
2109
2110
2110
2111
2111
2112
2112
2113
2113
2114
2114
2115
2115
2116
2116
2117
2117
2118
2118
2119
2119
2120
2120
2121
2121
2122
2122
2123
2123
2124
2124
2125
2125
2126
2126
2127
2127
2128
2128
2129
2129
2130
2130
2131
2131
2132
2132
2133
2133
2134
2134
2135
2135
2136
2136
2137
2137
2138
2138
2139
2139
2140
2140
2141
2141
2142
2142
2143
2143
2144
2144
2145
2145
2146
2146
2147
2147
2148
2148
2149
2149
2150
2150
2151
2151
2152
2152
2153
2153
2154
2154
2155
2155
2156
2156
2157
2157
2158
2158
2159
2160
2160
2160
2161
2161
2162
2162
2163
2163
2164
2164
2165
2165
2166
2166
2167
2167
2168
2168
2169
2169
2170
2170
2171
2171
2172
2172
2173
2173
2174
2174
2175
2175
2176
2176
2177
2177
2178
2178
2179
2179
2180
2180
2181
2181
2182
2182
2183
2183
2184
2184
2185
2185
2186
2186
2187
2187
2188
2188
2189
2189
2190
2190
2191
2191
2192
2192
2193
2193
2194
2194
2195
2195
2196
2196
2197
2197
2198
2198
2199
2199
2200
2200
2201
2201
2202
2202
2203
2203
2204
2204
2205
2205
2206
2206
2207
2207
2208
2208
2209
2209
2210
2210
2211
2211
2212
2212
2213
2213
2214
2214
2215
2215
2216
2216
2217
2217
2218
2218
2219
2219
2220
2220
2221
2221
2222
2222
2223
2223
2224
2224
2225
2225
2226
2226
2227
2227
2228
2228
2229
2229
2230
2230
2231
2231
2232
2232
2233
2233
2234
2234
2235
2235
2236
2236
2237
2237
2238
2238
2239
2239
2240
2240
2241
2241
2242
2242
2243
2243
2244
2244
2245
2245
2246
2246
2247
2247
2248
2248
2249
2249
2250
2250
2251
2251
2252
2252
2253
2253
2254
2254
2255
2255
2256
2256
2257
2257
2258
2258
2259
2259
2260
2260
2261
2261
2262
2262
2263
2263
2264
2264
2265
2265
2266
2266
2267
2267
2268
2268
2269
2269
2270
2270
2271
2271
2272
2272
2273
2273
2274
2274
2275
2275
2276
2276
2277
2277
2278
2278
2279
2279
2280
2280
2281
2281
2282
2282
2283
2283
2284
2284
2285
2285
2286
2286
2287
2287
2288
2288
2289
2289
2290
2290
2291
2292
2292
2292
2293
2293
2294
2294
2295
2295
2296
2296
2297
2297
2298
2298
2299
2299
2300
2300
2301
2301
2302
2302
2303
2303
2304
2304
2305
2305
2306
2306
2307
2307
2308
2308
2309
2309
2310
2310
2311
2311
2312
2312
2313
2313
2314
2314
2315
2315
2316
2316
2317
2317
2318
2318
2319
2319
2320
2320
2321
2321
2322
2322
2323
2323
2324
2324
2325
2325
2326
2326
2327
2327
2328
2328
2329
2329
2330
2330
2331
2331
2332
2332
2333
2333
2334
2334
2335
2335
2336
2336
2337
2337
2338
2338
2339
2339
2340
2340
2341
2341
2342
2342
2343
2343
2344
2344
2345
2345
2346
2346
2347
2347
2348
2348
2349
2349
2350
2350
2351
2351
2352
2352
2353
2353
2354
2354
2355
2355
2356
2356
2357
2357
2358
2358
2359
2359
2360
2360
2361
2361
2362
2362
2363
2363
2364
2364
2365
2365
2366
2366
2367
2367
2368
2368
2369
2369
2370
2370
2371
2371
2372
2372
2373
2373
2374
2374
2375
2375
2376
2376
2377
2377
2378
2378
2379
2379
2380
2380
2381
2381
2382
2382
2383
2383
2384
2384
2385
2385
2386
2386
2387
2387
2388
2388
2389
2389
2390
2390
2391
2391
2392
2392
2393
2393
2394
2394
2395
2395
2396
2396
2397
2397
2398
2398
2399
2399
2400
2400
2401
2401
2402
2402
2403
2403
2404
2404
2405
2405
2406
2406
2407
2407
2408
2408
2409
2409
2410
2410
2411
2411
2412
2412
2413
2413
2414
2414
2415
2415
2416
2416
2417
2417
2418
2418
2419
2419
2420
2420
2421
2421
2422
2422
2423
2424
2424
2424
2425
2425
2426
2426
2427
2427
2428
2428
2429
2429
2430
2430
2431
2431
2432
2432
2433
2433
2434
2434
2435
2435
2436
2436
2437
2437
2438
2438
2439
2439
2440
2440
2441
2441
2442
2442
2443
2443
2444
2444
2445
2445
2446
2446
2447
2447
2448
2448
2449
2449
2450
2450
2451
2451
2452
2452
2453
2453
2454
2454
2455
2455
2456
2456
2457
2457
2458
2458
2459
2459
2460
2460
2461
2461
2462
2462
2463
2463
2464
2464
2465
2465
2466
2466
2467
2467
2468
2468
2469
2469
2470
2470
2471
2471
2472
2472
2473
2473
2474
2474
2475
2475
2476
2476
2477
2477
2478
2478
2479
2479
2480
2480
2481
2481
2482
2482
2483
2483
2484
2484
2485
2485
2486
2486
2487
2487
2488
2488
2489
2489
2490
2490
2491
2491
2492
2492
2493
2493
2494
2494
2495
2495
2496
2496
2497
2497
2498
2498
2499
2499
2500
2500
2501
2501
2502
2502
2503
2503
2504
2504
2505
2505
2506
2506
2507
2507
2508
2508
2509
2509
2510
2510
2511
2511
2512
2512
2513
2513
2514
2514
2515
2515
2516
2516
2517
2517
2518
2518
2519
2519
2520
2520
2521
2521
2522
2522
2523
2523
2524
2524
2525
2525
2526
2526
2527
2527
2528
2528
2529
2529
2530
2530
2531
2531
2532
2532
2533
2533
2534
2534
2535
2535
2536
2536
2537
2537
2538
2538
2539
2539
2540
2540
2541
2541
2542
2542
2543
2543
2544
2544
2545
2545
2546
2546
2547
2547
2548
2548
2549
2549
2550
2550
2551
2551
2552
2552
2553
2553
2554
2554
2555
2556
2556
2556
2557
2557
2558
2558
2559
2559
2560
2560
2561
2561
2562
2562
2563
2563
2564
2564
2565
2565
2566
2566
2567
2567
2568
2568
2569
2569
2570
2570
2571
2571
2572
2572
2573
2573
2574
2574
2575
2575
2576
2576
2577
2577
2578
2578
2579
2579
2580
2580
2581
2581
2582
2582
2583
2583
2584
2584
2585
2585
2586
2586
2587
2587
2588
2588
2589
2589
2590
2590
2591
2591
2592
2592
2593
2593
2594
2594
2595
2595
2596
2596
2597
2597
2598
2598
2599
2599
2600
2600
2601
2601
2602
2602
2603
2603
2604
2604
2605
2605
2606
2606
2607
2607
2608
2608
2609
2609
2610
2610
2611
2611
2612
2612
2613
2613
2614
2614
2615
2615
2616
2616
2617
2617
2618
2618
2619
2619
2620
2620
2621
2621
2622
2622
2623
2623
2624
2624
2625
2625
2626
2626
2627
2627
2628
2628
2629
2629
2630
2630
2631
2631
2632
2632
2633
2633
2634
2634
2635
2635
2636
2636
2637
2637
2638
2638
2639
2639
2640
2640
2641
2641
2642
2642
2643
2643
2644
2644
2645
2645
2646
2646
2647
2647
2648
2648
2649
2649
2650
2650
2651
2651
2652
2652
2653
2653
2654
2654
2655
2655
2656
2656
2657
2657
2658
2658
2659
2659
2660
2660
2661
2661
2662
2662
2663
2663
2664
2664
2665
2665
2666
2666
2667
2667
2668
2668
2669
2669
2670
2670
2671
2671
2672
2672
2673
2673
2674
2674
2675
2675
2676
2676
2677
2677
2678
2678
2679
2679
2680
2680
2681
2681
2682
2682
2683
2683
2684
2684
2685
2685
2686
2686
2687
2688
2688
2688
2689
2689
2690
2690
2691
2691
2692
2692
2693
2693
2694
2694
2695
2695
2696
2696
2697
2697
2698
2698
2699
2699
2700
2700
2701
2701
2702
2702
2703
2703
2704
2704
2705
2705
2706
2706
2707
2707
2708
2708
2709
2709
2710
2710
2711
2711
2712
2712
2713
2713
2714
2714
2715
2715
2716
2716
2717
2717
2718
2718
2719
2719
2720
2720
2721
2721
2722
2722
2723
2723
2724
2724
2725
2725
2726
2726
2727
2727
2728
2728
2729
2729
2730
2730
2731
2731
2732
2732
2733
2733
2734
2734
2735
2735
2736
2736
2737
2737
2738
2738
2739
2739
2740
2740
2741
2741
2742
2742
2743
2743
2744
2744
2745
2745
2746
2746
2747
2747
2748
2748
2749
2749
2750
2750
2751
2751
2752
2752
2753
2753
2754
2754
2755
2755
2756
2756
2757
2757
2758
2758
2759
2759
2760
2760
2761
2761
2762
2762
2763
2763
2764
2764
2765
2765
2766
2766
2767
2767
2768
2768
2769
2769
2770
2770
2771
2771
2772
2772
2773
2773
2774
2774
2775
2775
2776
2776
2777
2777
2778
2778
2779
2779
2780
2780
2781
2781
2782
2782
2783
2783
2784
2784
2785
2785
2786
2786
2787
2787
2788
2788
2789
2789
2790
2790
2791
2791
2792
2792
2793
2793
2794
2794
2795
2795
2796
2796
2797
2797
2798
2798
2799
2799
2800
2800
2801
2801
2802
2802
2803
2803
2804
2804
2805
2805
2806
2806
2807
2807
2808
2808
2809
2809
2810
2810
2811
2811
2812
2812
2813
2813
2814
2814
2815
2815
2816
2816
2817
2817
2818
2818
2819
2820
2820
2820
2821
2821
2822
2822
2823
2823
2824
2824
2825
2825
2826
2826
2827
2827
2828
2828
2829
2829
2830
2830
2831
2831
2832
2832
2833
2833
2834
2834
2835
2835
2836
2836
2837
2837
2838
2838
2839
2839
2840
2840
2841
2841
2842
2842
2843
2843
2844
2844
2845
2845
2846
2846
2847
2847
2848
2848
2849
2849
2850
2850
2851
2851
2852
2852
2853
2853
2854
2854
2855
2855
2856
2856
2857
2857
2858
2858
2859
2859
2860
2860
2861
2861
2862
2862
2863
2863
2864
2864
2865
2865
2866
2866
2867
2867
2868
2868
2869
2869
2870
2870
2871
2871
2872
2872
2873
2873
2874
2874
2875
2875
2876
2876
2877
2877
2878
2878
2879
2879
2880
2880
2881
2881
2882
2882
2883
2883
2884
2884
2885
2885
2886
2886
2887
2887
2888
2888
2889
2889
2890
2890
2891
2891
2892
2892
2893
2893
2894
2894
2895
2895
2896
2896
2897
2897
2898
2898
2899
2899
2900
2900
2901
2901
2902
2902
2903
2903
2904
2904
2905
2905
2906
2906
2907
2907
2908
2908
2909
2909
2910
2910
2911
2911
2912
2912
2913
2913
2914
2914
2915
2915
2916
2916
2917
2917
2918
2918
2919
2919
2920
2920
2921
2921
2922
2922
2923
2923
2924
2924
2925
2925
2926
2926
2927
2927
2928
2928
2929
2929
2930
2930
2931
2931
2932
2932
2933
2933
2934
2934
2935
2935
2936
2936
2937
2937
2938
2938
2939
2939
2940
2940
2941
2941
2942
2942
2943
2943
2944
2944
2945
2945
2946
2946
2947
2947
2948
2948
2949
2949
2950
2950
2951
2952
2952
2952
2953
2953
2954
2954
2955
2955
2956
2956
2957
2957
2958
2958
2959
2959
2960
2960
2961
2961
2962
2962
2963
2963
2964
2964
2965
2965
2966
2966
2967
2967
2968
2968
2969
2969
2970
2970
2971
2971
2972
2972
2973
2973
2974
2974
2975
2975
2976
2976
2977
2977
2978
2978
2979
2979
2980
2980
2981
2981
2982
2982
2983
2983
2984
2984
2985
2985
2986
2986
2987
2987
2988
2988
2989
2989
2990
2990
2991
2991
2992
2992
2993
2993
2994
2994
2995
2995
2996
2996
2997
2997
2998
2998
2999
2999
3000
3000
3001
3001
3002
3002
3003
3003
3004
3004
3005
3005
3006
3006
3007
3007
3008
3008
3009
3009
3010
3010
3011
3011
3012
3012
3013
3013
3014
3014
3015
3015
3016
3016
3017
3017
3018
3018
3019
3019
3020
3020
3021
3021
3022
3022
3023
3023
3024
3024
3025
3025
3026
3026
3027
3027
3028
3028
3029
3029
3030
3030
3031
3031
3032
3032
3033
3033
3034
3034
3035
3035
3036
3036
3037
3037
3038
3038
3039
3039
3040
3040
3041
3041
3042
3042
3043
3043
3044
3044
3045
3045
3046
3046
3047
3047
3048
3048
3049
3049
3050
3050
3051
3051
3052
3052
3053
3053
3054
3054
3055
3055
3056
3056
3057
3057
3058
3058
3059
3059
3060
3060
3061
3061
3062
3062
3063
3063
3064
3064
3065
3065
3066
3066
3067
3067
3068
3068
3069
3069
3070
3070
3071
3071
3072
3072
3073
3073
3074
3074
3075
3075
3076
3076
3077
3077
3078
3078
3079
3079
3080
3080
3081
3081
3082
3082
3083
3084
3084
3084
3085
3085
3086
3086
3087
3087
3088
3088
3089
3089
3090
3090
3091
3091
3092
3092
3093
3093
3094
3094
3095
3095
3096
3096
3097
3097
3098
3098
3099
3099
3100
3100
3101
3101
3102
3102
3103
3103
3104
3104
3105
3105
3106
3106
3107
3107
3108
3108
3109
3109
3110
3110
3111
3111
3112
3112
3113
3113
3114
3114
3115
3115
3116
3116
3117
3117
3118
3118
3119
3119
3120
3120
3121
3121
3122
3122
3123
3123
3124
3124
3125
3125
3126
3126
3127
3127
3128
3128
3129
3129
3130
3130
3131
3131
3132
3132
3133
3133
3134
3134
3135
3135
3136
3136
3137
3137
3138
3138
3139
3139
3140
3140
3141
3141
3142
3142
3143
3143
3144
3144
3145
3145
3146
3146
3147
3147
3148
3148
3149
3149
3150
3150
3151
3151
3152
3152
3153
3153
3154
3154
3155
3155
3156
3156
3157
3157
3158
3158
3159
3159
3160
3160
3161
3161
3162
3162
3163
3163
3164
3164
3165
3165
3166
3166
3167
3167
3168
3168
3169
3169
3170
3170
3171
3171
3172
3172
3173
3173
3174
3174
3175
3175
3176
3176
3177
3177
3178
3178
3179
3179
3180
3180
3181
3181
3182
3182
3183
3183
3184
3184
3185
3185
3186
3186
3187
3187
3188
3188
3189
3189
3190
3190
3191
3191
3192
3192
3193
3193
3194
3194
3195
3195
3196
3196
3197
3197
3198
3198
3199
3199
3200
3200
3201
3201
3202
3202
3203
3203
3204
3204
3205
3205
3206
3206
3207
3207
3208
3208
3209
3209
3210
3210
3211
3211
3212
3212
3213
3213
3214
3214
3215
3216
3216
3216
3217
3217
3218
3218
3219
3219
3220
3220
3221
3221
3222
3222
3223
3223
3224
3224
3225
3225
3226
3226
3227
3227
3228
3228
3229
3229
3230
3230
3231
3231
3232
3232
3233
3233
3234
3234
3235
3235
3236
3236
3237
3237
3238
3238
3239
3239
3240
3240
3241
3241
3242
3242
3243
3243
3244
3244
3245
3245
3246
3246
3247
3247
3248
3248
3249
3249
3250
3250
3251
3251
3252
3252
3253
3253
3254
3254
3255
3255
3256
3256
3257
3257
3258
3258
3259
3259
3260
3260
3261
3261
3262
3262
3263
3263
3264
3264
3265
3265
3266
3266
3267
3267
3268
3268
3269
3269
3270
3270
3271
3271
3272
3272
3273
3273
3274
3274
3275
3275
3276
3276
3277
3277
3278
3278
3279
3279
3280
3280
3281
3281
3282
3282
3283
3283
3284
3284
3285
3285
3286
3286
3287
3287
3288
3288
3289
3289
3290
3290
3291
3291
3292
3292
3293
3293
3294
3294
3295
3295
3296
3296
3297
3297
3298
3298
3299
3299
3300
3300
3301
3301
3302
3302
3303
3303
3304
3304
3305
3305
3306
3306
3307
3307
3308
3308
3309
3309
3310
3310
3311
3311
3312
3312
3313
3313
3314
3314
3315
3315
3316
3316
3317
3317
3318
3318
3319
3319
3320
3320
3321
3321
3322
3322
3323
3323
3324
3324
3325
3325
3326
3326
3327
3327
3328
3328
3329
3329
3330
3330
3331
3331
3332
3332
3333
3333
3334
3334
3335
3335
3336
3336
3337
3337
3338
3338
3339
3339
3340
3340
3341
3341
3342
3342
3343
3343
3344
3344
3345
3345
3346
3346
3347
3348
3348
3348
3349
3349
3350
3350
3351
3351
3352
3352
3353
3353
3354
3354
3355
3355
3356
3356
3357
3357
3358
3358
3359
3359
3360
3360
3361
3361
3362
3362
3363
3363
3364
3364
3365
3365
3366
3366
3367
3367
3368
3368
3369
3369
3370
3370
3371
3371
3372
3372
3373
3373
3374
3374
3375
3375
3376
3376
3377
3377
3378
3378
3379
3379
3380
3380
3381
3381
3382
3382
3383
3383
3384
3384
3385
3385
3386
3386
3387
3387
3388
3388
3389
3389
3390
3390
3391
3391
3392
3392
3393
3393
3394
3394
3395
3395
3396
3396
3397
3397
3398
3398
3399
3399
3400
3400
3401
3401
3402
3402
3403
3403
3404
3404
3405
3405
3406
3406
3407
3407
3408
3408
3409
3409
3410
3410
3411
3411
3412
3412
3413
3413
3414
3414
3415
3415
3416
3416
3417
3417
3418
3418
3419
3419
3420
3420
3421
3421
3422
3422
3423
3423
3424
3424
3425
3425
3426
3426
3427
3427
3428
3428
3429
3429
3430
3430
3431
3431
3432
3432
3433
3433
3434
3434
3435
3435
3436
3436
3437
3437
3438
3438
3439
3439
3440
3440
3441
3441
3442
3442
3443
3443
3444
3444
3445
3445
3446
3446
3447
3447
3448
3448
3449
3449
3450
3450
3451
3451
3452
3452
3453
3453
3454
3454
3455
3455
3456
3456
3457
3457
3458
3458
3459
3459
3460
3460
3461
3461
3462
3462
3463
3463
3464
3464
3465
3465
3466
3466
3467
3467
3468
3468
3469
3469
3470
3470
3471
3471
3472
3472
3473
3473
3474
3474
3475
3475
3476
3476
3477
3477
3478
3478
3479
3480
3480
3480
3481
3481
3482
3482
3483
3483
3484
3484
3485
3485
3486
3486
3487
3487
3488
3488
3489
3489
3490
3490
3491
3491
3492
3492
3493
3493
3494
3494
3495
3495
3496
3496
3497
3497
3498
3498
3499
3499
3500
3500
3501
3501
3502
3502
3503
3503
3504
3504
3505
3505
3506
3506
3507
3507
3508
3508
3509
3509
3510
3510
3511
3511
3512
3512
3513
3513
3514
3514
3515
3515
3516
3516
3517
3517
3518
3518
3519
3519
3520
3520
3521
3521
3522
3522
3523
3523
3524
3524
3525
3525
3526
3526
3527
3527
3528
3528
3529
3529
3530
3530
3531
3531
3532
3532
3533
3533
3534
3534
3535
3535
3536
3536
3537
3537
3538
3538
3539
3539
3540
3540
3541
3541
3542
3542
3543
3543
3544
3544
3545
3545
3546
3546
3547
3547
3548
3548
3549
3549
3550
3550
3551
3551
3552
3552
3553
3553
3554
3554
3555
3555
3556
3556
3557
3557
3558
3558
3559
3559
3560
3560
3561
3561
3562
3562
3563
3563
3564
3564
3565
3565
3566
3566
3567
3567
3568
3568
3569
3569
3570
3570
3571
3571
3572
3572
3573
3573
3574
3574
3575
3575
3576
3576
3577
3577
3578
3578
3579
3579
3580
3580
3581
3581
3582
3582
3583
3583
3584
3584
3585
3585
3586
3586
3587
3587
3588
3588
3589
3589
3590
3590
3591
3591
3592
3592
3593
3593
3594
3594
3595
3595
3596
3596
3597
3597
3598
3598
3599
3599
3600
3600
3601
3601
3602
3602
3603
3603
3604
3604
3605
3605
3606
3606
3607
3607
3608
3608
3609
3609
3610
3610
3611
3612
3612
3612
3613
3613
3614
3614
3615
3615
3616
3616
3617
3617
3618
3618
3619
3619
3620
3620
3621
3621
3622
3622
3623
3623
3624
3624
3625
3625
3626
3626
3627
3627
3628
3628
3629
3629
3630
3630
3631
3631
3632
3632
3633
3633
3634
3634
3635
3635
3636
3636
3637
3637
3638
3638
3639
3639
3640
3640
3641
3641
3642
3642
3643
3643
3644
3644
3645
3645
3646
3646
3647
3647
3648
3648
3649
3649
3650
3650
3651
3651
3652
3652
3653
3653
3654
3654
3655
3655
3656
3656
3657
3657
3658
3658
3659
3659
3660
3660
3661
3661
3662
3662
3663
3663
3664
3664
3665
3665
3666
3666
3667
3667
3668
3668
3669
3669
3670
3670
3671
3671
3672
3672
3673
3673
3674
3674
3675
3675
3676
3676
3677
3677
3678
3678
3679
3679
3680
3680
3681
3681
3682
3682
3683
3683
3684
3684
3685
3685
3686
3686
3687
3687
3688
3688
3689
3689
3690
3690
3691
3691
3692
3692
3693
3693
3694
3694
3695
3695
3696
3696
3697
3697
3698
3698
3699
3699
3700
3700
3701
3701
3702
3702
3703
3703
3704
3704
3705
3705
3706
3706
3707
3707
3708
3708
3709
3709
3710
3710
3711
3711
3712
3712
3713
3713
3714
3714
3715
3715
3716
3716
3717
3717
3718
3718
3719
3719
3720
3720
3721
3721
3722
3722
3723
3723
3724
3724
3725
3725
3726
3726
3727
3727
3728
3728
3729
3729
3730
3730
3731
3731
3732
3732
3733
3733
3734
3734
3735
3735
3736
3736
3737
3737
3738
3738
3739
3739
3740
3740
3741
3741
3742
3742
3743
3744
3744
3744
3745
3745
3746
3746
3747
3747
3748
3748
3749
3749
3750
3750
3751
3751
3752
3752
3753
3753
3754
3754
3755
3755
3756
3756
3757
3757
3758
3758
3759
3759
3760
3760
3761
3761
3762
3762
3763
3763
3764
3764
3765
3765
3766
3766
3767
3767
3768
3768
3769
3769
3770
3770
3771
3771
3772
3772
3773
3773
3774
3774
3775
3775
3776
3776
3777
3777
3778
3778
3779
3779
3780
3780
3781
3781
3782
3782
3783
3783
3784
3784
3785
3785
3786
3786
3787
3787
3788
3788
3789
3789
3790
3790
3791
3791
3792
3792
3793
3793
3794
3794
3795
3795
3796
3796
3797
3797
3798
3798
3799
3799
3800
3800
3801
3801
3802
3802
3803
3803
3804
3804
3805
3805
3806
3806
3807
3807
3808
3808
3809
3809
3810
3810
3811
3811
3812
3812
3813
3813
3814
3814
3815
3815
3816
3816
3817
3817
3818
3818
3819
3819
3820
3820
3821
3821
3822
3822
3823
3823
3824
3824
3825
3825
3826
3826
3827
3827
3828
3828
3829
3829
3830
3830
3831
3831
3832
3832
3833
3833
3834
3834
3835
3835
3836
3836
3837
3837
3838
3838
3839
3839
3840
3840
3841
3841
3842
3842
3843
3843
3844
3844
3845
3845
3846
3846
3847
3847
3848
3848
3849
3849
3850
3850
3851
3851
3852
3852
3853
3853
3854
3854
3855
3855
3856
3856
3857
3857
3858
3858
3859
3859
3860
3860
3861
3861
3862
3862
3863
3863
3864
3864
3865
3865
3866
3866
3867
3867
3868
3868
3869
3869
3870
3870
3871
3871
3872
3872
3873
3873
3874
3874
3875
3876
3876
3876
3877
3877
3878
3878
3879
3879
3880
3880
3881
3881
3882
3882
3883
3883
3884
3884
3885
3885
3886
3886
3887
3887
3888
3888
3889
3889
3890
3890
3891
3891
3892
3892
3893
3893
3894
3894
3895
3895
3896
3896
3897
3897
3898
3898
3899
3899
3900
3900
3901
3901
3902
3902
3903
3903
3904
3904
3905
3905
3906
3906
3907
3907
3908
3908
3909
3909
3910
3910
3911
3911
3912
3912
3913
3913
3914
3914
3915
3915
3916
3916
3917
3917
3918
3918
3919
3919
3920
3920
3921
3921
3922
3922
3923
3923
3924
3924
3925
3925
3926
3926
3927
3927
3928
3928
3929
3929
3930
3930
3931
3931
3932
3932
3933
3933
3934
3934
3935
3935
3936
3936
3937
3937
3938
3938
3939
3939
3940
3940
3941
3941
3942
3942
3943
3943
3944
3944
3945
3945
3946
3946
3947
3947
3948
3948
3949
3949
3950
3950
3951
3951
3952
3952
3953
3953
3954
3954
3955
3955
3956
3956
3957
3957
3958
3958
3959
3959
3960
3960
3961
3961
3962
3962
3963
3963
3964
3964
3965
3965
3966
3966
3967
3967
3968
3968
3969
3969
3970
3970
3971
3971
3972
3972
3973
3973
3974
3974
3975
3975
3976
3976
3977
3977
3978
3978
3979
3979
3980
3980
3981
3981
3982
3982
3983
3983
3984
3984
3985
3985
3986
3986
3987
3987
3988
3988
3989
3989
3990
3990
3991
3991
3992
3992
3993
3993
3994
3994
3995
3995
3996
3996
3997
3997
3998
3998
3999
3999
4000
4000
4001
4001
4002
4002
4003
4003
4004
4004
4005
4005
4006
4006
4007
4008
4008
4008
4009
4009
4010
4010
4011
4011
4012
4012
4013
4013
4014
4014
4015
4015
4016
4016
4017
4017
4018
4018
4019
4019
4020
4020
4021
4021
4022
4022
4023
4023
4024
4024
4025
4025
4026
4026
4027
4027
4028
4028
4029
4029
4030
4030
4031
4031
4032
4032
4033
4033
4034
4034
4035
4035
4036
4036
4037
4037
4038
4038
4039
4039
4040
4040
4041
4041
4042
4042
4043
4043
4044
4044
4045
4045
4046
4046
4047
4047
4048
4048
4049
4049
4050
4050
4051
4051
4052
4052
4053
4053
4054
4054
4055
4055
4056
4056
4057
4057
4058
4058
4059
4059
4060
4060
4061
4061
4062
4062
4063
4063
4064
4064
4065
4065
4066
4066
4067
4067
4068
4068
4069
4069
4070
4070
4071
4071
4072
4072
4073
4073
4074
4074
4075
4075
4076
4076
4077
4077
4078
4078
4079
4079
4080
4080
4081
4081
4082
4082
4083
4083
4084
4084
4085
4085
4086
4086
4087
4087
4088
4088
4089
4089
4090
4090
4091
4091
4092
4092
4093
4093
4094
4094
4095
4095
4096
4096
4097
4097
4098
4098
4099
4099
4100
4100
4101
4101
4102
4102
4103
4103
4104
4104
4105
4105
4106
4106
4107
4107
4108
4108
4109
4109
4110
4110
4111
4111
4112
4112
4113
4113
4114
4114
4115
4115
4116
4116
4117
4117
4118
4118
4119
4119
4120
4120
4121
4121
4122
4122
4123
4123
4124
4124
4125
4125
4126
4126
4127
4127
4128
4128
4129
4129
4130
4130
4131
4131
4132
4132
4133
4133
4134
4134
4135
4135
4136
4136
4137
4137
4138
4138
4139
4140
4140
4140
4141
4141
4142
4142
4143
4143
4144
4144
4145
4145
4146
4146
4147
4147
4148
4148
4149
4149
4150
4150
4151
4151
4152
4152
4153
4153
4154
4154
4155
4155
4156
4156
4157
4157
4158
4158
4159
4159
4160
4160
4161
4161
4162
4162
4163
4163
4164
4164
4165
4165
4166
4166
4167
4167
4168
4168
4169
4169
4170
4170
4171
4171
4172
4172
4173
4173
4174
4174
4175
4175
4176
4176
4177
4177
4178
4178
4179
4179
4180
4180
4181
4181
4182
4182
4183
4183
4184
4184
4185
4185
4186
4186
4187
4187
4188
4188
4189
4189
4190
4190
4191
4191
4192
4192
4193
4193
4194
4194
4195
4195
4196
4196
4197
4197
4198
4198
4199
4199
4200
4200
4201
4201
4202
4202
4203
4203
4204
4204
4205
4205
4206
4206
4207
4207
4208
4208
4209
4209
4210
4210
4211
4211
4212
4212
4213
4213
4214
4214
4215
4215
4216
4216
4217
4217
4218
4218
4219
4219
4220
4220
4221
4221
4222
4222
4223
4223
4224
4224
4225
4225
4226
4226
4227
4227
4228
4228
4229
4229
4230
4230
4231
4231
4232
4232
4233
4233
4234
4234
4235
4235
4236
4236
4237
4237
4238
4238
4239
4239
4240
4240
4241
4241
4242
4242
4243
4243
4244
4244
4245
4245
4246
4246
4247
4247
4248
4248
4249
4249
4250
4250
4251
4251
4252
4252
4253
4253
4254
4254
4255
4255
4256
4256
4257
4257
4258
4258
4259
4259
4260
4260
4261
4261
4262
4262
4263
4263
4264
4264
4265
4265
4266
4266
4267
4267
4268
4268
4269
4269
4270
4270
4271
4272
4272
4272
4273
4273
4274
4274
4275
4275
4276
4276
4277
4277
4278
4278
4279
4279
4280
4280
4281
4281
4282
4282
4283
4283
4284
4284
4285
4285
4286
4286
4287
4287
4288
4288
4289
4289
4290
4290
4291
4291
4292
4292
4293
4293
4294
4294
4295
4295
4296
4296
4297
4297
4298
4298
4299
4299
4300
4300
4301
4301
4302
4302
4303
4303
4304
4304
4305
4305
4306
4306
4307
4307
4308
4308
4309
4309
4310
4310
4311
4311
4312
4312
4313
4313
4314
4314
4315
4315
4316
4316
4317
4317
4318
4318
4319
4319
4320
4320
4321
4321
4322
4322
4323
4323
4324
4324
4325
4325
4326
4326
4327
4327
4328
4328
4329
4329
4330
4330
4331
4331
4332
4332
4333
4333
4334
4334
4335
4335
4336
4336
4337
4337
4338
4338
4339
4339
4340
4340
4341
4341
4342
4342
4343
4343
4344
4344
4345
4345
4346
4346
4347
4347
4348
4348
4349
4349
4350
4350
4351
4351
4352
4352
4353
4353
4354
4354
4355
4355
4356
4356
4357
4357
4358
4358
4359
4359
4360
4360
4361
4361
4362
4362
4363
4363
4364
4364
4365
4365
4366
4366
4367
4367
4368
4368
4369
4369
4370
4370
4371
4371
4372
4372
4373
4373
4374
4374
4375
4375
4376
4376
4377
4377
4378
4378
4379
4379
4380
4380
4381
4381
4382
4382
4383
4383
4384
4384
4385
4385
4386
4386
4387
4387
4388
4388
4389
4389
4390
4390
4391
4391
4392
4392
4393
4393
4394
4394
4395
4395
4396
4396
4397
4397
4398
4398
4399
4399
4400
4400
4401
4401
4402
4402
4403
4404
4404
4404
4405
4405
4406
4406
4407
4407
4408
4408
4409
4409
4410
4410
4411
4411
4412
4412
4413
4413
4414
4414
4415
4415
4416
4416
4417
4417
4418
4418
4419
4419
4420
4420
4421
4421
4422
4422
4423
4423
4424
4424
4425
4425
4426
4426
4427
4427
4428
4428
4429
4429
4430
4430
4431
4431
4432
4432
4433
4433
4434
4434
4435
4435
4436
4436
4437
4437
4438
4438
4439
4439
4440
4440
4441
4441
4442
4442
4443
4443
4444
4444
4445
4445
4446
4446
4447
4447
4448
4448
4449
4449
4450
4450
4451
4451
4452
4452
4453
4453
4454
4454
4455
4455
4456
4456
4457
4457
4458
4458
4459
4459
4460
4460
4461
4461
4462
4462
4463
4463
4464
4464
4465
4465
4466
4466
4467
4467
4468
4468
4469
4469
4470
4470
4471
4471
4472
4472
4473
4473
4474
4474
4475
4475
4476
4476
4477
4477
4478
4478
4479
4479
4480
4480
4481
4481
4482
4482
4483
4483
4484
4484
4485
4485
4486
4486
4487
4487
4488
4488
4489
4489
4490
4490
4491
4491
4492
4492
4493
4493
4494
4494
4495
4495
4496
4496
4497
4497
4498
4498
4499
4499
4500
4500
4501
4501
4502
4502
4503
4503
4504
4504
4505
4505
4506
4506
4507
4507
4508
4508
4509
4509
4510
4510
4511
4511
4512
4512
4513
4513
4514
4514
4515
4515
4516
4516
4517
4517
4518
4518
4519
4519
4520
4520
4521
4521
4522
4522
4523
4523
4524
4524
4525
4525
4526
4526
4527
4527
4528
4528
4529
4529
4530
4530
4531
4531
4532
4532
4533
4533
4534
4534
4535
4536
4536
4536
4537
4537
4538
4538
4539
4539
4540
4540
4541
4541
4542
4542
4543
4543
4544
4544
4545
4545
4546
4546
4547
4547
4548
4548
4549
4549
4550
4550
4551
4551
4552
4552
4553
4553
4554
4554
4555
4555
4556
4556
4557
4557
4558
4558
4559
4559
4560
4560
4561
4561
4562
4562
4563
4563
4564
4564
4565
4565
4566
4566
4567
4567
4568
4568
4569
4569
4570
4570
4571
4571
4572
4572
4573
4573
4574
4574
4575
4575
4576
4576
4577
4577
4578
4578
4579
4579
4580
4580
4581
4581
4582
4582
4583
4583
4584
4584
4585
4585
4586
4586
4587
4587
4588
4588
4589
4589
4590
4590
4591
4591
4592
4592
4593
4593
4594
4594
4595
4595
4596
4596
4597
4597
4598
4598
4599
4599
4600
4600
4601
4601
4602
4602
4603
4603
4604
4604
4605
4605
4606
4606
4607
4607
4608
4608
4609
4609
4610
4610
4611
4611
4612
4612
4613
4613
4614
4614
4615
4615
4616
4616
4617
4617
4618
4618
4619
4619
4620
4620
4621
4621
4622
4622
4623
4623
4624
4624
4625
4625
4626
4626
4627
4627
4628
4628
4629
4629
4630
4630
4631
4631
4632
4632
4633
4633
4634
4634
4635
4635
4636
4636
4637
4637
4638
4638
4639
4639
4640
4640
4641
4641
4642
4642
4643
4643
4644
4644
4645
4645
4646
4646
4647
4647
4648
4648
4649
4649
4650
4650
4651
4651
4652
4652
4653
4653
4654
4654
4655
4655
4656
4656
4657
4657
4658
4658
4659
4659
4660
4660
4661
4661
4662
4662
4663
4663
4664
4664
4665
4665
4666
4666
4667
4668
4668
4668
4669
4669
4670
4670
4671
4671
4672
4672
4673
4673
4674
4674
4675
4675
4676
4676
4677
4677
4678
4678
4679
4679
4680
4680
4681
4681
4682
4682
4683
4683
4684
4684
4685
4685
4686
4686
4687
4687
4688
4688
4689
4689
4690
4690
4691
4691
4692
4692
4693
4693
4694
4694
4695
4695
4696
4696
4697
4697
4698
4698
4699
4699
4700
4700
4701
4701
4702
4702
4703
4703
4704
4704
4705
4705
4706
4706
4707
4707
4708
4708
4709
4709
4710
4710
4711
4711
4712
4712
4713
4713
4714
4714
4715
4715
4716
4716
4717
4717
4718
4718
4719
4719
4720
4720
4721
4721
4722
4722
4723
4723
4724
4724
4725
4725
4726
4726
4727
4727
4728
4728
4729
4729
4730
4730
4731
4731
4732
4732
4733
4733
4734
4734
4735
4735
4736
4736
4737
4737
4738
4738
4739
4739
4740
4740
4741
4741
4742
4742
4743
4743
4744
4744
4745
4745
4746
4746
4747
4747
4748
4748
4749
4749
4750
4750
4751
4751
4752
4752
4753
4753
4754
4754
4755
4755
4756
4756
4757
4757
4758
4758
4759
4759
4760
4760
4761
4761
4762
4762
4763
4763
4764
4764
4765
4765
4766
4766
4767
4767
4768
4768
4769
4769
4770
4770
4771
4771
4772
4772
4773
4773
4774
4774
4775
4775
4776
4776
4777
4777
4778
4778
4779
4779
4780
4780
4781
4781
4782
4782
4783
4783
4784
4784
4785
4785
4786
4786
4787
4787
4788
4788
4789
4789
4790
4790
4791
4791
4792
4792
4793
4793
4794
4794
4795
4795
4796
4796
4797
4797
4798
4798
4799
4800
4800
4800
4801
4801
4802
4802
4803
4803
4804
4804
4805
4805
4806
4806
4807
4807
4808
4808
4809
4809
4810
4810
4811
4811
4812
4812
4813
4813
4814
4814
4815
4815
4816
4816
4817
4817
4818
4818
4819
4819
4820
4820
4821
4821
4822
4822
4823
4823
4824
4824
4825
4825
4826
4826
4827
4827
4828
4828
4829
4829
4830
4830
4831
4831
4832
4832
4833
4833
4834
4834
4835
4835
4836
4836
4837
4837
4838
4838
4839
4839
4840
4840
4841
4841
4842
4842
4843
4843
4844
4844
4845
4845
4846
4846
4847
4847
4848
4848
4849
4849
4850
4850
4851
4851
4852
4852
4853
4853
4854
4854
4855
4855
4856
4856
4857
4857
4858
4858
4859
4859
4860
4860
4861
4861
4862
4862
4863
4863
4864
4864
4865
4865
4866
4866
4867
4867
4868
4868
4869
4869
4870
4870
4871
4871
4872
4872
4873
4873
4874
4874
4875
4875
4876
4876
4877
4877
4878
4878
4879
4879
4880
4880
4881
4881
4882
4882
4883
4883
4884
4884
4885
4885
4886
4886
4887
4887
4888
4888
4889
4889
4890
4890
4891
4891
4892
4892
4893
4893
4894
4894
4895
4895
4896
4896
4897
4897
4898
4898
4899
4899
4900
4900
4901
4901
4902
4902
4903
4903
4904
4904
4905
4905
4906
4906
4907
4907
4908
4908
4909
4909
4910
4910
4911
4911
4912
4912
4913
4913
4914
4914
4915
4915
4916
4916
4917
4917
4918
4918
4919
4919
4920
4920
4921
4921
4922
4922
4923
4923
4924
4924
4925
4925
4926
4926
4927
4927
4928
4928
4929
4929
4930
4930
4931
4932
4932
4932
4933
4933
4934
4934
4935
4935
4936
4936
4937
4937
4938
4938
4939
4939
4940
4940
4941
4941
4942
4942
4943
4943
4944
4944
4945
4945
4946
4946
4947
4947
4948
4948
4949
4949
4950
4950
4951
4951
4952
4952
4953
4953
4954
4954
4955
4955
4956
4956
4957
4957
4958
4958
4959
4959
4960
4960
4961
4961
4962
4962
4963
4963
4964
4964
4965
4965
4966
4966
4967
4967
4968
4968
4969
4969
4970
4970
4971
4971
4972
4972
4973
4973
4974
4974
4975
4975
4976
4976
4977
4977
4978
4978
4979
4979
4980
4980
4981
4981
4982
4982
4983
4983
4984
4984
4985
4985
4986
4986
4987
4987
4988
4988
4989
4989
4990
4990
4991
4991
4992
4992
4993
4993
4994
4994
4995
4995
4996
4996
4997
4997
4998
4998
4999
4999
5000
5000
5001
5001
5002
5002
5003
5003
5004
5004
5005
5005
5006
5006
5007
5007
5008
5008
5009
5009
5010
5010
5011
5011
5012
5012
5013
5013
5014
5014
5015
5015
5016
5016
5017
5017
5018
5018
5019
5019
5020
5020
5021
5021
5022
5022
5023
5023
5024
5024
5025
5025
5026
5026
5027
5027
5028
5028
5029
5029
5030
5030
5031
5031
5032
5032
5033
5033
5034
5034
5035
5035
5036
5036
5037
5037
5038
5038
5039
5039
5040
5040
5041
5041
5042
5042
5043
5043
5044
5044
5045
5045
5046
5046
5047
5047
5048
5048
5049
5049
5050
5050
5051
5051
5052
5052
5053
5053
5054
5054
5055
5055
5056
5056
5057
5057
5058
5058
5059
5059
5060
5060
5061
5061
5062
5062
5063
5064
5064
5064
5065
5065
5066
5066
5067
5067
5068
5068
5069
5069
5070
5070
5071
5071
5072
5072
5073
5073
5074
5074
5075
5075
5076
5076
5077
5077
5078
5078
5079
5079
5080
5080
5081
5081
5082
5082
5083
5083
5084
5084
5085
5085
5086
5086
5087
5087
5088
5088
5089
5089
5090
5090
5091
5091
5092
5092
5093
5093
5094
5094
5095
5095
5096
5096
5097
5097
5098
5098
5099
5099
5100
5100
5101
5101
5102
5102
5103
5103
5104
5104
5105
5105
5106
5106
5107
5107
5108
5108
5109
5109
5110
5110
5111
5111
5112
5112
5113
5113
5114
5114
5115
5115
5116
5116
5117
5117
5118
5118
5119
5119
5120
5120
5121
5121
5122
5122
5123
5123
5124
5124
5125
5125
5126
5126
5127
5127
5128
5128
5129
5129
5130
5130
5131
5131
5132
5132
5133
5133
5134
5134
5135
5135
5136
5136
5137
5137
5138
5138
5139
5139
5140
5140
5141
5141
5142
5142
5143
5143
5144
5144
5145
5145
5146
5146
5147
5147
5148
5148
5149
5149
5150
5150
5151
5151
5152
5152
5153
5153
5154
5154
5155
5155
5156
5156
5157
5157
5158
5158
5159
5159
5160
5160
5161
5161
5162
5162
5163
5163
5164
5164
5165
5165
5166
5166
5167
5167
5168
5168
5169
5169
5170
5170
5171
5171
5172
5172
5173
5173
5174
5174
5175
5175
5176
5176
5177
5177
5178
5178
5179
5179
5180
5180
5181
5181
5182
5182
5183
5183
5184
5184
5185
5185
5186
5186
5187
5187
5188
5188
5189
5189
5190
5190
5191
5191
5192
5192
5193
5193
5194
5194
5195
5196
5196
5196
5197
5197
5198
5198
5199
5199
5200
5200
5201
5201
5202
5202
5203
5203
5204
5204
5205
5205
5206
5206
5207
5207
5208
5208
5209
5209
5210
5210
5211
5211
5212
5212
5213
5213
5214
5214
5215
5215
5216
5216
5217
5217
5218
5218
5219
5219
5220
5220
5221
5221
5222
5222
5223
5223
5224
5224
5225
5225
5226
5226
5227
5227
5228
5228
5229
5229
5230
5230
5231
5231
5232
5232
5233
5233
5234
5234
5235
5235
5236
5236
5237
5237
5238
5238
5239
5239
5240
5240
5241
5241
5242
5242
5243
5243
5244
5244
5245
5245
5246
5246
5247
5247
5248
5248
5249
5249
5250
5250
5251
5251
5252
5252
5253
5253
5254
5254
5255
5255
5256
5256
5257
5257
5258
5258
5259
5259
5260
5260
5261
5261
5262
5262
5263
5263
5264
5264
5265
5265
5266
5266
5267
5267
5268
5268
5269
5269
5270
5270
5271
5271
5272
5272
5273
5273
5274
5274
5275
5275
5276
5276
5277
5277
5278
5278
5279
5279
5280
5280
5281
5281
5282
5282
5283
5283
5284
5284
5285
5285
5286
5286
5287
5287
5288
5288
5289
5289
5290
5290
5291
5291
5292
5292
5293
5293
5294
5294
5295
5295
5296
5296
5297
5297
5298
5298
5299
5299
5300
5300
5301
5301
5302
5302
5303
5303
5304
5304
5305
5305
5306
5306
5307
5307
5308
5308
5309
5309
5310
5310
5311
5311
5312
5312
5313
5313
5314
5314
5315
5315
5316
5316
5317
5317
5318
5318
5319
5319
5320
5320
5321
5321
5322
5322
5323
5323
5324
5324
5325
5325
5326
5326
5327
5328
5328
5328
5329
5329
5330
5330
5331
5331
5332
5332
5333
5333
5334
5334
5335
5335
5336
5336
5337
5337
5338
5338
5339
5339
5340
5340
5341
5341
5342
5342
5343
5343
5344
5344
5345
5345
5346
5346
5347
5347
5348
5348
5349
5349
5350
5350
5351
5351
5352
5352
5353
5353
5354
5354
5355
5355
5356
5356
5357
5357
5358
5358
5359
5359
5360
5360
5361
5361
5362
5362
5363
5363
5364
5364
5365
5365
5366
5366
5367
5367
5368
5368
5369
5369
5370
5370
5371
5371
5372
5372
5373
5373
5374
5374
5375
5375
5376
5376
5377
5377
5378
5378
5379
5379
5380
5380
5381
5381
5382
5382
5383
5383
5384
5384
5385
5385
5386
5386
5387
5387
5388
5388
5389
5389
5390
5390
5391
5391
5392
5392
5393
5393
5394
5394
5395
5395
5396
5396
5397
5397
5398
5398
5399
5399
5400
5400
5401
5401
5402
5402
5403
5403
5404
5404
5405
5405
5406
5406
5407
5407
5408
5408
5409
5409
5410
5410
5411
5411
5412
5412
5413
5413
5414
5414
5415
5415
5416
5416
5417
5417
5418
5418
5419
5419
5420
5420
5421
5421
5422
5422
5423
5423
5424
5424
5425
5425
5426
5426
5427
5427
5428
5428
5429
5429
5430
5430
5431
5431
5432
5432
5433
5433
5434
5434
5435
5435
5436
5436
5437
5437
5438
5438
5439
5439
5440
5440
5441
5441
5442
5442
5443
5443
5444
5444
5445
5445
5446
5446
5447
5447
5448
5448
5449
5449
5450
5450
5451
5451
5452
5452
5453
5453
5454
5454
5455
5455
5456
5456
5457
5457
5458
5458
5459
5460
5460
5460
5461
5461
5462
5462
5463
5463
5464
5464
5465
5465
5466
5466
5467
5467
5468
5468
5469
5469
5470
5470
5471
5471
5472
5472
5473
5473
5474
5474
5475
5475
5476
5476
5477
5477
5478
5478
5479
5479
5480
5480
5481
5481
5482
5482
5483
5483
5484
5484
5485
5485
5486
5486
5487
5487
5488
5488
5489
5489
5490
5490
5491
5491
5492
5492
5493
5493
5494
5494
5495
5495
5496
5496
5497
5497
5498
5498
5499
5499
5500
5500
5501
5501
5502
5502
5503
5503
5504
5504
5505
5505
5506
5506
5507
5507
5508
5508
5509
5509
5510
5510
5511
5511
5512
5512
5513
5513
5514
5514
5515
5515
5516
5516
5517
5517
5518
5518
5519
5519
5520
5520
5521
5521
5522
5522
5523
5523
5524
5524
5525
5525
5526
5526
5527
5527
5528
5528
5529
5529
5530
5530
5531
5531
5532
5532
5533
5533
5534
5534
5535
5535
5536
5536
5537
5537
5538
5538
5539
5539
5540
5540
5541
5541
5542
5542
5543
5543
5544
5544
5545
5545
5546
5546
5547
5547
5548
5548
5549
5549
5550
5550
5551
5551
5552
5552
5553
5553
5554
5554
5555
5555
5556
5556
5557
5557
5558
5558
5559
5559
5560
5560
5561
5561
5562
5562
5563
5563
5564
5564
5565
5565
5566
5566
5567
5567
5568
5568
5569
5569
5570
5570
5571
5571
5572
5572
5573
5573
5574
5574
5575
5575
5576
5576
5577
5577
5578
5578
5579
5579
5580
5580
5581
5581
5582
5582
5583
5583
5584
5584
5585
5585
5586
5586
5587
5587
5588
5588
5589
5589
5590
5590
5591
5592
5592
5592
5593
5593
5594
5594
5595
5595
5596
5596
5597
5597
5598
5598
5599
5599
5600
5600
5601
5601
5602
5602
5603
5603
5604
5604
5605
5605
5606
5606
5607
5607
5608
5608
5609
5609
5610
5610
5611
5611
5612
5612
5613
5613
5614
5614
5615
5615
5616
5616
5617
5617
5618
5618
5619
5619
5620
5620
5621
5621
5622
5622
5623
5623
5624
5624
5625
5625
5626
5626
5627
5627
5628
5628
5629
5629
5630
5630
5631
5631
5632
5632
5633
5633
5634
5634
5635
5635
5636
5636
5637
5637
5638
5638
5639
5639
5640
5640
5641
5641
5642
5642
5643
5643
5644
5644
5645
5645
5646
5646
5647
5647
5648
5648
5649
5649
5650
5650
5651
5651
5652
5652
5653
5653
5654
5654
5655
5655
5656
5656
5657
5657
5658
5658
5659
5659
5660
5660
5661
5661
5662
5662
5663
5663
5664
5664
5665
5665
5666
5666
5667
5667
5668
5668
5669
5669
5670
5670
5671
5671
5672
5672
5673
5673
5674
5674
5675
5675
5676
5676
5677
5677
5678
5678
5679
5679
5680
5680
5681
5681
5682
5682
5683
5683
5684
5684
5685
5685
5686
5686
5687
5687
5688
5688
5689
5689
5690
5690
5691
5691
5692
5692
5693
5693
5694
5694
5695
5695
5696
5696
5697
5697
5698
5698
5699
5699
5700
5700
5701
5701
5702
5702
5703
5703
5704
5704
5705
5705
5706
5706
5707
5707
5708
5708
5709
5709
5710
5710
5711
5711
5712
5712
5713
5713
5714
5714
5715
5715
5716
5716
5717
5717
5718
5718
5719
5719
5720
5720
5721
5721
5722
5722
5723
5724
5724
5724
5725
5725
5726
5726
5727
5727
5728
5728
5729
5729
5730
5730
5731
5731
5732
5732
5733
5733
5734
5734
5735
5735
5736
5736
5737
5737
5738
5738
5739
5739
5740
5740
5741
5741
5742
5742
5743
5743
5744
5744
5745
5745
5746
5746
5747
5747
5748
5748
5749
5749
5750
5750
5751
5751
5752
5752
5753
5753
5754
5754
5755
5755
5756
5756
5757
5757
5758
5758
5759
5759
5760
5760
5761
5761
5762
5762
5763
5763
5764
5764
5765
5765
5766
5766
5767
5767
5768
5768
5769
5769
5770
5770
5771
5771
5772
5772
5773
5773
5774
5774
5775
5775
5776
5776
5777
5777
5778
5778
5779
5779
5780
5780
5781
5781
5782
5782
5783
5783
5784
5784
5785
5785
5786
5786
5787
5787
5788
5788
5789
5789
5790
5790
5791
5791
5792
5792
5793
5793
5794
5794
5795
5795
5796
5796
5797
5797
5798
5798
5799
5799
5800
5800
5801
5801
5802
5802
5803
5803
5804
5804
5805
5805
5806
5806
5807
5807
5808
5808
5809
5809
5810
5810
5811
5811
5812
5812
5813
5813
5814
5814
5815
5815
5816
5816
5817
5817
5818
5818
5819
5819
5820
5820
5821
5821
5822
5822
5823
5823
5824
5824
5825
5825
5826
5826
5827
5827
5828
5828
5829
5829
5830
5830
5831
5831
5832
5832
5833
5833
5834
5834
5835
5835
5836
5836
5837
5837
5838
5838
5839
5839
5840
5840
5841
5841
5842
5842
5843
5843
5844
5844
5845
5845
5846
5846
5847
5847
5848
5848
5849
5849
5850
5850
5851
5851
5852
5852
5853
5853
5854
5854
5855
5856
5856
5856
5857
5857
5858
5858
5859
5859
5860
5860
5861
5861
5862
5862
5863
5863
5864
5864
5865
5865
5866
5866
5867
5867
5868
5868
5869
5869
5870
5870
5871
5871
5872
5872
5873
5873
5874
5874
5875
5875
5876
5876
5877
5877
5878
5878
5879
5879
5880
5880
5881
5881
5882
5882
5883
5883
5884
5884
5885
5885
5886
5886
5887
5887
5888
5888
5889
5889
5890
5890
5891
5891
5892
5892
5893
5893
5894
5894
5895
5895
5896
5896
5897
5897
5898
5898
5899
5899
5900
5900
5901
5901
5902
5902
5903
5903
5904
5904
5905
5905
5906
5906
5907
5907
5908
5908
5909
5909
5910
5910
5911
5911
5912
5912
5913
5913
5914
5914
5915
5915
5916
5916
5917
5917
5918
5918
5919
5919
5920
5920
5921
5921
5922
5922
5923
5923
5924
5924
5925
5925
5926
5926
5927
5927
5928
5928
5929
5929
5930
5930
5931
5931
5932
5932
5933
5933
5934
5934
5935
5935
5936
5936
5937
5937
5938
5938
5939
5939
5940
5940
5941
5941
5942
5942
5943
5943
5944
5944
5945
5945
5946
5946
5947
5947
5948
5948
5949
5949
5950
5950
5951
5951
5952
5952
5953
5953
5954
5954
5955
5955
5956
5956
5957
5957
5958
5958
5959
5959
5960
5960
5961
5961
5962
5962
5963
5963
5964
5964
5965
5965
5966
5966
5967
5967
5968
5968
5969
5969
5970
5970
5971
5971
5972
5972
5973
5973
5974
5974
5975
5975
5976
5976
5977
5977
5978
5978
5979
5979
5980
5980
5981
5981
5982
5982
5983
5983
5984
5984
5985
5985
5986
5986
5987
5988
5988
5988
5989
5989
5990
5990
5991
5991
5992
5992
5993
5993
5994
5994
5995
5995
5996
5996
5997
5997
5998
5998
5999
5999
6000
6000
6001
6001
6002
6002
6003
6003
6004
6004
6005
6005
6006
6006
6007
6007
6008
6008
6009
6009
6010
6010
6011
6011
6012
6012
6013
6013
6014
6014
6015
6015
6016
6016
6017
6017
6018
6018
6019
6019
6020
6020
6021
6021
6022
6022
6023
6023
6024
6024
6025
6025
6026
6026
6027
6027
6028
6028
6029
6029
6030
6030
6031
6031
6032
6032
6033
6033
6034
6034
6035
6035
6036
6036
6037
6037
6038
6038
6039
6039
6040
6040
6041
6041
6042
6042
6043
6043
6044
6044
6045
6045
6046
6046
6047
6047
6048
6048
6049
6049
6050
6050
6051
6051
6052
6052
6053
6053
6054
6054
6055
6055
6056
6056
6057
6057
6058
6058
6059
6059
6060
6060
6061
6061
6062
6062
6063
6063
6064
6064
6065
6065
6066
6066
6067
6067
6068
6068
6069
6069
6070
6070
6071
6071
6072
6072
6073
6073
6074
6074
6075
6075
6076
6076
6077
6077
6078
6078
6079
6079
6080
6080
6081
6081
6082
6082
6083
6083
6084
6084
6085
6085
6086
6086
6087
6087
6088
6088
6089
6089
6090
6090
6091
6091
6092
6092
6093
6093
6094
6094
6095
6095
6096
6096
6097
6097
6098
6098
6099
6099
6100
6100
6101
6101
6102
6102
6103
6103
6104
6104
6105
6105
6106
6106
6107
6107
6108
6108
6109
6109
6110
6110
6111
6111
6112
6112
6113
6113
6114
6114
6115
6115
6116
6116
6117
6117
6118
6118
6119
6120
6120
6120
6121
6121
6122
6122
6123
6123
6124
6124
6125
6125
6126
6126
6127
6127
6128
6128
6129
6129
6130
6130
6131
6131
6132
6132
6133
6133
6134
6134
6135
6135
6136
6136
6137
6137
6138
6138
6139
6139
6140
6140
6141
6141
6142
6142
6143
6143
6144
6144
6145
6145
6146
6146
6147
6147
6148
6148
6149
6149
6150
6150
6151
6151
6152
6152
6153
6153
6154
6154
6155
6155
6156
6156
6157
6157
6158
6158
6159
6159
6160
6160
6161
6161
6162
6162
6163
6163
6164
6164
6165
6165
6166
6166
6167
6167
6168
6168
6169
6169
6170
6170
6171
6171
6172
6172
6173
6173
6174
6174
6175
6175
6176
6176
6177
6177
6178
6178
6179
6179
6180
6180
6181
6181
6182
6182
6183
6183
6184
6184
6185
6185
6186
6186
6187
6187
6188
6188
6189
6189
6190
6190
6191
6191
6192
6192
6193
6193
6194
6194
6195
6195
6196
6196
6197
6197
6198
6198
6199
6199
6200
6200
6201
6201
6202
6202
6203
6203
6204
6204
6205
6205
6206
6206
6207
6207
6208
6208
6209
6209
6210
6210
6211
6211
6212
6212
6213
6213
6214
6214
6215
6215
6216
6216
6217
6217
6218
6218
6219
6219
6220
6220
6221
6221
6222
6222
6223
6223
6224
6224
6225
6225
6226
6226
6227
6227
6228
6228
6229
6229
6230
6230
6231
6231
6232
6232
6233
6233
6234
6234
6235
6235
6236
6236
6237
6237
6238
6238
6239
6239
6240
6240
6241
6241
6242
6242
6243
6243
6244
6244
6245
6245
6246
6246
6247
6247
6248
6248
6249
6249
6250
6250
6251
6252
6252
6252
6253
6253
6254
6254
6255
6255
6256
6256
6257
6257
6258
6258
6259
6259
6260
6260
6261
6261
6262
6262
6263
6263
6264
6264
6265
6265
6266
6266
6267
6267
6268
6268
6269
6269
6270
6270
6271
6271
6272
6272
6273
6273
6274
6274
6275
6275
6276
6276
6277
6277
6278
6278
6279
6279
6280
6280
6281
6281
6282
6282
6283
6283
6284
6284
6285
6285
6286
6286
6287
6287
6288
6288
6289
6289
6290
6290
6291
6291
6292
6292
6293
6293
6294
6294
6295
6295
6296
6296
6297
6297
6298
6298
6299
6299
6300
6300
6301
6301
6302
6302
6303
6303
6304
6304
6305
6305
6306
6306
6307
6307
6308
6308
6309
6309
6310
6310
6311
6311
6312
6312
6313
6313
6314
6314
6315
6315
6316
6316
6317
6317
6318
6318
6319
6319
6320
6320
6321
6321
6322
6322
6323
6323
6324
6324
6325
6325
6326
6326
6327
6327
6328
6328
6329
6329
6330
6330
6331
6331
6332
6332
6333
6333
6334
6334
6335
6335
6336
6336
6337
6337
6338
6338
6339
6339
6340
6340
6341
6341
6342
6342
6343
6343
6344
6344
6345
6345
6346
6346
6347
6347
6348
6348
6349
6349
6350
6350
6351
6351
6352
6352
6353
6353
6354
6354
6355
6355
6356
6356
6357
6357
6358
6358
6359
6359
6360
6360
6361
6361
6362
6362
6363
6363
6364
6364
6365
6365
6366
6366
6367
6367
6368
6368
6369
6369
6370
6370
6371
6371
6372
6372
6373
6373
6374
6374
6375
6375
6376
6376
6377
6377
6378
6378
6379
6379
6380
6380
6381
6381
6382
6382
6383
6384
6384
6384
6385
6385
6386
6386
6387
6387
6388
6388
6389
6389
6390
6390
6391
6391
6392
6392
6393
6393
6394
6394
6395
6395
6396
6396
6397
6397
6398
6398
6399
6399
6400
6400
6401
6401
6402
6402
6403
6403
6404
6404
6405
6405
6406
6406
6407
6407
6408
6408
6409
6409
6410
6410
6411
6411
6412
6412
6413
6413
6414
6414
6415
6415
6416
6416
6417
6417
6418
6418
6419
6419
6420
6420
6421
6421
6422
6422
6423
6423
6424
6424
6425
6425
6426
6426
6427
6427
6428
6428
6429
6429
6430
6430
6431
6431
6432
6432
6433
6433
6434
6434
6435
6435
6436
6436
6437
6437
6438
6438
6439
6439
6440
6440
6441
6441
6442
6442
6443
6443
6444
6444
6445
6445
6446
6446
6447
6447
6448
6448
6449
6449
6450
6450
6451
6451
6452
6452
6453
6453
6454
6454
6455
6455
6456
6456
6457
6457
6458
6458
6459
6459
6460
6460
6461
6461
6462
6462
6463
6463
6464
6464
6465
6465
6466
6466
6467
6467
6468
6468
6469
6469
6470
6470
6471
6471
6472
6472
6473
6473
6474
6474
6475
6475
6476
6476
6477
6477
6478
6478
6479
6479
6480
6480
6481
6481
6482
6482
6483
6483
6484
6484
6485
6485
6486
6486
6487
6487
6488
6488
6489
6489
6490
6490
6491
6491
6492
6492
6493
6493
6494
6494
6495
6495
6496
6496
6497
6497
6498
6498
6499
6499
6500
6500
6501
6501
6502
6502
6503
6503
6504
6504
6505
6505
6506
6506
6507
6507
6508
6508
6509
6509
6510
6510
6511
6511
6512
6512
6513
6513
6514
6514
6515
6516
6516
6516
6517
6517
6518
6518
6519
6519
6520
6520
6521
6521
6522
6522
6523
6523
6524
6524
6525
6525
6526
6526
6527
6527
6528
6528
6529
6529
6530
6530
6531
6531
6532
6532
6533
6533
6534
6534
6535
6535
6536
6536
6537
6537
6538
6538
6539
6539
6540
6540
6541
6541
6542
6542
6543
6543
6544
6544
6545
6545
6546
6546
6547
6547
6548
6548
6549
6549
6550
6550
6551
6551
6552
6552
6553
6553
6554
6554
6555
6555
6556
6556
6557
6557
6558
6558
6559
6559
6560
6560
6561
6561
6562
6562
6563
6563
6564
6564
6565
6565
6566
6566
6567
6567
6568
6568
6569
6569
6570
6570
6571
6571
6572
6572
6573
6573
6574
6574
6575
6575
6576
6576
6577
6577
6578
6578
6579
6579
6580
6580
6581
6581
6582
6582
6583
6583
6584
6584
6585
6585
6586
6586
6587
6587
6588
6588
6589
6589
6590
6590
6591
6591
6592
6592
6593
6593
6594
6594
6595
6595
6596
6596
6597
6597
6598
6598
6599
6599
6600
6600
6601
6601
6602
6602
6603
6603
6604
6604
6605
6605
6606
6606
6607
6607
6608
6608
6609
6609
6610
6610
6611
6611
6612
6612
6613
6613
6614
6614
6615
6615
6616
6616
6617
6617
6618
6618
6619
6619
6620
6620
6621
6621
6622
6622
6623
6623
6624
6624
6625
6625
6626
6626
6627
6627
6628
6628
6629
6629
6630
6630
6631
6631
6632
6632
6633
6633
6634
6634
6635
6635
6636
6636
6637
6637
6638
6638
6639
6639
6640
6640
6641
6641
6642
6642
6643
6643
6644
6644
6645
6645
6646
6646
6647
6648
6648
6648
6649
6649
6650
6650
6651
6651
6652
6652
6653
6653
6654
6654
6655
6655
6656
6656
6657
6657
6658
6658
6659
6659
6660
6660
6661
6661
6662
6662
6663
6663
6664
6664
6665
6665
6666
6666
6667
6667
6668
6668
6669
6669
6670
6670
6671
6671
6672
6672
6673
6673
6674
6674
6675
6675
6676
6676
6677
6677
6678
6678
6679
6679
6680
6680
6681
6681
6682
6682
6683
6683
6684
6684
6685
6685
6686
6686
6687
6687
6688
6688
6689
6689
6690
6690
6691
6691
6692
6692
6693
6693
6694
6694
6695
6695
6696
6696
6697
6697
6698
6698
6699
6699
6700
6700
6701
6701
6702
6702
6703
6703
6704
6704
6705
6705
6706
6706
6707
6707
6708
6708
6709
6709
6710
6710
6711
6711
6712
6712
6713
6713
6714
6714
6715
6715
6716
6716
6717
6717
6718
6718
6719
6719
6720
6720
6721
6721
6722
6722
6723
6723
6724
6724
6725
6725
6726
6726
6727
6727
6728
6728
6729
6729
6730
6730
6731
6731
6732
6732
6733
6733
6734
6734
6735
6735
6736
6736
6737
6737
6738
6738
6739
6739
6740
6740
6741
6741
6742
6742
6743
6743
6744
6744
6745
6745
6746
6746
6747
6747
6748
6748
6749
6749
6750
6750
6751
6751
6752
6752
6753
6753
6754
6754
6755
6755
6756
6756
6757
6757
6758
6758
6759
6759
6760
6760
6761
6761
6762
6762
6763
6763
6764
6764
6765
6765
6766
6766
6767
6767
6768
6768
6769
6769
6770
6770
6771
6771
6772
6772
6773
6773
6774
6774
6775
6775
6776
6776
6777
6777
6778
6778
6779
6780
6780
6780
6781
6781
6782
6782
6783
6783
6784
6784
6785
6785
6786
6786
6787
6787
6788
6788
6789
6789
6790
6790
6791
6791
6792
6792
6793
6793
6794
6794
6795
6795
6796
6796
6797
6797
6798
6798
6799
6799
6800
6800
6801
6801
6802
6802
6803
6803
6804
6804
6805
6805
6806
6806
6807
6807
6808
6808
6809
6809
6810
6810
6811
6811
6812
6812
6813
6813
6814
6814
6815
6815
6816
6816
6817
6817
6818
6818
6819
6819
6820
6820
6821
6821
6822
6822
6823
6823
6824
6824
6825
6825
6826
6826
6827
6827
6828
6828
6829
6829
6830
6830
6831
6831
6832
6832
6833
6833
6834
6834
6835
6835
6836
6836
6837
6837
6838
6838
6839
6839
6840
6840
6841
6841
6842
6842
6843
6843
6844
6844
6845
6845
6846
6846
6847
6847
6848
6848
6849
6849
6850
6850
6851
6851
6852
6852
6853
6853
6854
6854
6855
6855
6856
6856
6857
6857
6858
6858
6859
6859
6860
6860
6861
6861
6862
6862
6863
6863
6864
6864
6865
6865
6866
6866
6867
6867
6868
6868
6869
6869
6870
6870
6871
6871
6872
6872
6873
6873
6874
6874
6875
6875
6876
6876
6877
6877
6878
6878
6879
6879
6880
6880
6881
6881
6882
6882
6883
6883
6884
6884
6885
6885
6886
6886
6887
6887
6888
6888
6889
6889
6890
6890
6891
6891
6892
6892
6893
6893
6894
6894
6895
6895
6896
6896
6897
6897
6898
6898
6899
6899
6900
6900
6901
6901
6902
6902
6903
6903
6904
6904
6905
6905
6906
6906
6907
6907
6908
6908
6909
6909
6910
6910
6911
6912
6912
6912
6913
6913
6914
6914
6915
6915
6916
6916
6917
6917
6918
6918
6919
6919
6920
6920
6921
6921
6922
6922
6923
6923
6924
6924
6925
6925
6926
6926
6927
6927
6928
6928
6929
6929
6930
6930
6931
6931
6932
6932
6933
6933
6934
6934
6935
6935
6936
6936
6937
6937
6938
6938
6939
6939
6940
6940
6941
6941
6942
6942
6943
6943
6944
6944
6945
6945
6946
6946
6947
6947
6948
6948
6949
6949
6950
6950
6951
6951
6952
6952
6953
6953
6954
6954
6955
6955
6956
6956
6957
6957
6958
6958
6959
6959
6960
6960
6961
6961
6962
6962
6963
6963
6964
6964
6965
6965
6966
6966
6967
6967
6968
6968
6969
6969
6970
6970
6971
6971
6972
6972
6973
6973
6974
6974
6975
6975
6976
6976
6977
6977
6978
6978
6979
6979
6980
6980
6981
6981
6982
6982
6983
6983
6984
6984
6985
6985
6986
6986
6987
6987
6988
6988
6989
6989
6990
6990
6991
6991
6992
6992
6993
6993
6994
6994
6995
6995
6996
6996
6997
6997
6998
6998
6999
6999
7000
7000
7001
7001
7002
7002
7003
7003
7004
7004
7005
7005
7006
7006
7007
7007
7008
7008
7009
7009
7010
7010
7011
7011
7012
7012
7013
7013
7014
7014
7015
7015
7016
7016
7017
7017
7018
7018
7019
7019
7020
7020
7021
7021
7022
7022
7023
7023
7024
7024
7025
7025
7026
7026
7027
7027
7028
7028
7029
7029
7030
7030
7031
7031
7032
7032
7033
7033
7034
7034
7035
7035
7036
7036
7037
7037
7038
7038
7039
7039
7040
7040
7041
7041
7042
7042
7043
7044
7044
7044
7045
7045
7046
7046
7047
7047
7048
7048
7049
7049
7050
7050
7051
7051
7052
7052
7053
7053
7054
7054
7055
7055
7056
7056
7057
7057
7058
7058
7059
7059
7060
7060
7061
7061
7062
7062
7063
7063
7064
7064
7065
7065
7066
7066
7067
7067
7068
7068
7069
7069
7070
7070
7071
7071
7072
7072
7073
7073
7074
7074
7075
7075
7076
7076
7077
7077
7078
7078
7079
7079
7080
7080
7081
7081
7082
7082
7083
7083
7084
7084
7085
7085
7086
7086
7087
7087
7088
7088
7089
7089
7090
7090
7091
7091
7092
7092
7093
7093
7094
7094
7095
7095
7096
7096
7097
7097
7098
7098
7099
7099
7100
7100
7101
7101
7102
7102
7103
7103
7104
7104
7105
7105
7106
7106
7107
7107
7108
7108
7109
7109
7110
7110
7111
7111
7112
7112
7113
7113
7114
7114
7115
7115
7116
7116
7117
7117
7118
7118
7119
7119
7120
7120
7121
7121
7122
7122
7123
7123
7124
7124
7125
7125
7126
7126
7127
7127
7128
7128
7129
7129
7130
7130
7131
7131
7132
7132
7133
7133
7134
7134
7135
7135
7136
7136
7137
7137
7138
7138
7139
7139
7140
7140
7141
7141
7142
7142
7143
7143
7144
7144
7145
7145
7146
7146
7147
7147
7148
7148
7149
7149
7150
7150
7151
7151
7152
7152
7153
7153
7154
7154
7155
7155
7156
7156
7157
7157
7158
7158
7159
7159
7160
7160
7161
7161
7162
7162
7163
7163
7164
7164
7165
7165
7166
7166
7167
7167
7168
7168
7169
7169
7170
7170
7171
7171
7172
7172
7173
7173
7174
7174
7175
7176
7176
7176
7177
7177
7178
7178
7179
7179
7180
7180
7181
7181
7182
7182
7183
7183
7184
7184
7185
7185
7186
7186
7187
7187
7188
7188
7189
7189
7190
7190
7191
7191
7192
7192
7193
7193
7194
7194
7195
7195
7196
7196
7197
7197
7198
7198
7199
7199
7200
7200
7201
7201
7202
7202
7203
7203
7204
7204
7205
7205
7206
7206
7207
7207
7208
7208
7209
7209
7210
7210
7211
7211
7212
7212
7213
7213
7214
7214
7215
7215
7216
7216
7217
7217
7218
7218
7219
7219
7220
7220
7221
7221
7222
7222
7223
7223
7224
7224
7225
7225
7226
7226
7227
7227
7228
7228
7229
7229
7230
7230
7231
7231
7232
7232
7233
7233
7234
7234
7235
7235
7236
7236
7237
7237
7238
7238
7239
7239
7240
7240
7241
7241
7242
7242
7243
7243
7244
7244
7245
7245
7246
7246
7247
7247
7248
7248
7249
7249
7250
7250
7251
7251
7252
7252
7253
7253
7254
7254
7255
7255
7256
7256
7257
7257
7258
7258
7259
7259
7260
7260
7261
7261
7262
7262
7263
7263
7264
7264
7265
7265
7266
7266
7267
7267
7268
7268
7269
7269
7270
7270
7271
7271
7272
7272
7273
7273
7274
7274
7275
7275
7276
7276
7277
7277
7278
7278
7279
7279
7280
7280
7281
7281
7282
7282
7283
7283
7284
7284
7285
7285
7286
7286
7287
7287
7288
7288
7289
7289
7290
7290
7291
7291
7292
7292
7293
7293
7294
7294
7295
7295
7296
7296
7297
7297
7298
7298
7299
7299
7300
7300
7301
7301
7302
7302
7303
7303
7304
7304
7305
7305
7306
7306
7307
7308
7308
7308
7309
7309
7310
7310
7311
7311
7312
7312
7313
7313
7314
7314
7315
7315
7316
7316
7317
7317
7318
7318
7319
7319
7320
7320
7321
7321
7322
7322
7323
7323
7324
7324
7325
7325
7326
7326
7327
7327
7328
7328
7329
7329
7330
7330
7331
7331
7332
7332
7333
7333
7334
7334
7335
7335
7336
7336
7337
7337
7338
7338
7339
7339
7340
7340
7341
7341
7342
7342
7343
7343
7344
7344
7345
7345
7346
7346
7347
7347
7348
7348
7349
7349
7350
7350
7351
7351
7352
7352
7353
7353
7354
7354
7355
7355
7356
7356
7357
7357
7358
7358
7359
7359
7360
7360
7361
7361
7362
7362
7363
7363
7364
7364
7365
7365
7366
7366
7367
7367
7368
7368
7369
7369
7370
7370
7371
7371
7372
7372
7373
7373
7374
7374
7375
7375
7376
7376
7377
7377
7378
7378
7379
7379
7380
7380
7381
7381
7382
7382
7383
7383
7384
7384
7385
7385
7386
7386
7387
7387
7388
7388
7389
7389
7390
7390
7391
7391
7392
7392
7393
7393
7394
7394
7395
7395
7396
7396
7397
7397
7398
7398
7399
7399
7400
7400
7401
7401
7402
7402
7403
7403
7404
7404
7405
7405
7406
7406
7407
7407
7408
7408
7409
7409
7410
7410
7411
7411
7412
7412
7413
7413
7414
7414
7415
7415
7416
7416
7417
7417
7418
7418
7419
7419
7420
7420
7421
7421
7422
7422
7423
7423
7424
7424
7425
7425
7426
7426
7427
7427
7428
7428
7429
7429
7430
7430
7431
7431
7432
7432
7433
7433
7434
7434
7435
7435
7436
7436
7437
7437
7438
7438
7439
7440
7440
7440
7441
7441
7442
7442
7443
7443
7444
7444
7445
7445
7446
7446
7447
7447
7448
7448
7449
7449
7450
7450
7451
7451
7452
7452
7453
7453
7454
7454
7455
7455
7456
7456
7457
7457
7458
7458
7459
7459
7460
7460
7461
7461
7462
7462
7463
7463
7464
7464
7465
7465
7466
7466
7467
7467
7468
7468
7469
7469
7470
7470
7471
7471
7472
7472
7473
7473
7474
7474
7475
7475
7476
7476
7477
7477
7478
7478
7479
7479
7480
7480
7481
7481
7482
7482
7483
7483
7484
7484
7485
7485
7486
7486
7487
7487
7488
7488
7489
7489
7490
7490
7491
7491
7492
7492
7493
7493
7494
7494
7495
7495
7496
7496
7497
7497
7498
7498
7499
7499
7500
7500
7501
7501
7502
7502
7503
7503
7504
7504
7505
7505
7506
7506
7507
7507
7508
7508
7509
7509
7510
7510
7511
7511
7512
7512
7513
7513
7514
7514
7515
7515
7516
7516
7517
7517
7518
7518
7519
7519
7520
7520
7521
7521
7522
7522
7523
7523
7524
7524
7525
7525
7526
7526
7527
7527
7528
7528
7529
7529
7530
7530
7531
7531
7532
7532
7533
7533
7534
7534
7535
7535
7536
7536
7537
7537
7538
7538
7539
7539
7540
7540
7541
7541
7542
7542
7543
7543
7544
7544
7545
7545
7546
7546
7547
7547
7548
7548
7549
7549
7550
7550
7551
7551
7552
7552
7553
7553
7554
7554
7555
7555
7556
7556
7557
7557
7558
7558
7559
7559
7560
7560
7561
7561
7562
7562
7563
7563
7564
7564
7565
7565
7566
7566
7567
7567
7568
7568
7569
7569
7570
7570
7571
7572
7572
7572
7573
7573
7574
7574
7575
7575
7576
7576
7577
7577
7578
7578
7579
7579
7580
7580
7581
7581
7582
7582
7583
7583
7584
7584
7585
7585
7586
7586
7587
7587
7588
7588
7589
7589
7590
7590
7591
7591
7592
7592
7593
7593
7594
7594
7595
7595
7596
7596
7597
7597
7598
7598
7599
7599
7600
7600
7601
7601
7602
7602
7603
7603
7604
7604
7605
7605
7606
7606
7607
7607
7608
7608
7609
7609
7610
7610
7611
7611
7612
7612
7613
7613
7614
7614
7615
7615
7616
7616
7617
7617
7618
7618
7619
7619
7620
7620
7621
7621
7622
7622
7623
7623
7624
7624
7625
7625
7626
7626
7627
7627
7628
7628
7629
7629
7630
7630
7631
7631
7632
7632
7633
7633
7634
7634
7635
7635
7636
7636
7637
7637
7638
7638
7639
7639
7640
7640
7641
7641
7642
7642
7643
7643
7644
7644
7645
7645
7646
7646
7647
7647
7648
7648
7649
7649
7650
7650
7651
7651
7652
7652
7653
7653
7654
7654
7655
7655
7656
7656
7657
7657
7658
7658
7659
7659
7660
7660
7661
7661
7662
7662
7663
7663
7664
7664
7665
7665
7666
7666
7667
7667
7668
7668
7669
7669
7670
7670
7671
7671
7672
7672
7673
7673
7674
7674
7675
7675
7676
7676
7677
7677
7678
7678
7679
7679
7680
7680
7681
7681
7682
7682
7683
7683
7684
7684
7685
7685
7686
7686
7687
7687
7688
7688
7689
7689
7690
7690
7691
7691
7692
7692
7693
7693
7694
7694
7695
7695
7696
7696
7697
7697
7698
7698
7699
7699
7700
7700
7701
7701
7702
7702
7703
7704
7704
7704
7705
7705
7706
7706
7707
7707
7708
7708
7709
7709
7710
7710
7711
7711
7712
7712
7713
7713
7714
7714
7715
7715
7716
7716
7717
7717
7718
7718
7719
7719
7720
7720
7721
7721
7722
7722
7723
7723
7724
7724
7725
7725
7726
7726
7727
7727
7728
7728
7729
7729
7730
7730
7731
7731
7732
7732
7733
7733
7734
7734
7735
7735
7736
7736
7737
7737
7738
7738
7739
7739
7740
7740
7741
7741
7742
7742
7743
7743
7744
7744
7745
7745
7746
7746
7747
7747
7748
7748
7749
7749
7750
7750
7751
7751
7752
7752
7753
7753
7754
7754
7755
7755
7756
7756
7757
7757
7758
7758
7759
7759
7760
7760
7761
7761
7762
7762
7763
7763
7764
7764
7765
7765
7766
7766
7767
7767
7768
7768
7769
7769
7770
7770
7771
7771
7772
7772
7773
7773
7774
7774
7775
7775
7776
7776
7777
7777
7778
7778
7779
7779
7780
7780
7781
7781
7782
7782
7783
7783
7784
7784
7785
7785
7786
7786
7787
7787
7788
7788
7789
7789
7790
7790
7791
7791
7792
7792
7793
7793
7794
7794
7795
7795
7796
7796
7797
7797
7798
7798
7799
7799
7800
7800
7801
7801
7802
7802
7803
7803
7804
7804
7805
7805
7806
7806
7807
7807
7808
7808
7809
7809
7810
7810
7811
7811
7812
7812
7813
7813
7814
7814
7815
7815
7816
7816
7817
7817
7818
7818
7819
7819
7820
7820
7821
7821
7822
7822
7823
7823
7824
7824
7825
7825
7826
7826
7827
7827
7828
7828
7829
7829
7830
7830
7831
7831
7832
7832
7833
7833
7834
7834
7835
7836
7836
7836
7837
7837
7838
7838
7839
7839
7840
7840
7841
7841
7842
7842
7843
7843
7844
7844
7845
7845
7846
7846
7847
7847
7848
7848
7849
7849
7850
7850
7851
7851
7852
7852
7853
7853
7854
7854
7855
7855
7856
7856
7857
7857
7858
7858
7859
7859
7860
7860
7861
7861
7862
7862
7863
7863
7864
7864
7865
7865
7866
7866
7867
7867
7868
7868
7869
7869
7870
7870
7871
7871
7872
7872
7873
7873
7874
7874
7875
7875
7876
7876
7877
7877
7878
7878
7879
7879
7880
7880
7881
7881
7882
7882
7883
7883
7884
7884
7885
7885
7886
7886
7887
7887
7888
7888
7889
7889
7890
7890
7891
7891
7892
7892
7893
7893
7894
7894
7895
7895
7896
7896
7897
7897
7898
7898
7899
7899
7900
7900
7901
7901
7902
7902
7903
7903
7904
7904
7905
7905
7906
7906
7907
7907
7908
7908
7909
7909
7910
7910
7911
7911
7912
7912
7913
7913
7914
7914
7915
7915
7916
7916
7917
7917
7918
7918
7919
7919
7920
7920
7921
7921
7922
7922
7923
7923
7924
7924
7925
7925
7926
7926
7927
7927
7928
7928
7929
7929
7930
7930
7931
7931
7932
7932
7933
7933
7934
7934
7935
7935
7936
7936
7937
7937
7938
7938
7939
7939
7940
7940
7941
7941
7942
7942
7943
7943
7944
7944
7945
7945
7946
7946
7947
7947
7948
7948
7949
7949
7950
7950
7951
7951
7952
7952
7953
7953
7954
7954
7955
7955
7956
7956
7957
7957
7958
7958
7959
7959
7960
7960
7961
7961
7962
7962
7963
7963
7964
7964
7965
7965
7966
7966
7967
7968
7968
7968
7969
7969
7970
7970
7971
7971
7972
7972
7973
7973
7974
7974
7975
7975
7976
7976
7977
7977
7978
7978
7979
7979
7980
7980
7981
7981
7982
7982
7983
7983
7984
7984
7985
7985
7986
7986
7987
7987
7988
7988
7989
7989
7990
7990
7991
7991
7992
7992
7993
7993
7994
7994
7995
7995
7996
7996
7997
7997
7998
7998
7999
7999
8000
8000
8001
8001
8002
8002
8003
8003
8004
8004
8005
8005
8006
8006
8007
8007
8008
8008
8009
8009
8010
8010
8011
8011
8012
8012
8013
8013
8014
8014
8015
8015
8016
8016
8017
8017
8018
8018
8019
8019
8020
8020
8021
8021
8022
8022
8023
8023
8024
8024
8025
8025
8026
8026
8027
8027
8028
8028
8029
8029
8030
8030
8031
8031
8032
8032
8033
8033
8034
8034
8035
8035
8036
8036
8037
8037
8038
8038
8039
8039
8040
8040
8041
8041
8042
8042
8043
8043
8044
8044
8045
8045
8046
8046
8047
8047
8048
8048
8049
8049
8050
8050
8051
8051
8052
8052
8053
8053
8054
8054
8055
8055
8056
8056
8057
8057
8058
8058
8059
8059
8060
8060
8061
8061
8062
8062
8063
8063
8064
8064
8065
8065
8066
8066
8067
8067
8068
8068
8069
8069
8070
8070
8071
8071
8072
8072
8073
8073
8074
8074
8075
8075
8076
8076
8077
8077
8078
8078
8079
8079
8080
8080
8081
8081
8082
8082
8083
8083
8084
8084
8085
8085
8086
8086
8087
8087
8088
8088
8089
8089
8090
8090
8091
8091
8092
8092
8093
8093
8094
8094
8095
8095
8096
8096
8097
8097
8098
8098
8099
8100
8100
8100
8101
8101
8102
8102
8103
8103
8104
8104
8105
8105
8106
8106
8107
8107
8108
8108
8109
8109
8110
8110
8111
8111
8112
8112
8113
8113
8114
8114
8115
8115
8116
8116
8117
8117
8118
8118
8119
8119
8120
8120
8121
8121
8122
8122
8123
8123
8124
8124
8125
8125
8126
8126
8127
8127
8128
8128
8129
8129
8130
8130
8131
8131
8132
8132
8133
8133
8134
8134
8135
8135
8136
8136
8137
8137
8138
8138
8139
8139
8140
8140
8141
8141
8142
8142
8143
8143
8144
8144
8145
8145
8146
8146
8147
8147
8148
8148
8149
8149
8150
8150
8151
8151
8152
8152
8153
8153
8154
8154
8155
8155
8156
8156
8157
8157
8158
8158
8159
8159
8160
8160
8161
8161
8162
8162
8163
8163
8164
8164
8165
8165
8166
8166
8167
8167
8168
8168
8169
8169
8170
8170
8171
8171
8172
8172
8173
8173
8174
8174
8175
8175
8176
8176
8177
8177
8178
8178
8179
8179
8180
8180
8181
8181
8182
8182
8183
8183
8184
8184
8185
8185
8186
8186
8187
8187
8188
8188
8189
8189
8190
8190
8191
8191
8192
8192
8193
8193
8194
8194
8195
8195
8196
8196
8197
8197
8198
8198
8199
8199
8200
8200
8201
8201
8202
8202
8203
8203
8204
8204
8205
8205
8206
8206
8207
8207
8208
8208
8209
8209
8210
8210
8211
8211
8212
8212
8213
8213
8214
8214
8215
8215
8216
8216
8217
8217
8218
8218
8219
8219
8220
8220
8221
8221
8222
8222
8223
8223
8224
8224
8225
8225
8226
8226
8227
8227
8228
8228
8229
8229
8230
8230
8231
8232
8232
8232
8233
8233
8234
8234
8235
8235
8236
8236
8237
8237
8238
8238
8239
8239
8240
8240
8241
8241
8242
8242
8243
8243
8244
8244
8245
8245
8246
8246
8247
8247
8248
8248
8249
8249
8250
8250
8251
8251
8252
8252
8253
8253
8254
8254
8255
8255
8256
8256
8257
8257
8258
8258
8259
8259
8260
8260
8261
8261
8262
8262
8263
8263
8264
8264
8265
8265
8266
8266
8267
8267
8268
8268
8269
8269
8270
8270
8271
8271
8272
8272
8273
8273
8274
8274
8275
8275
8276
8276
8277
8277
8278
8278
8279
8279
8280
8280
8281
8281
8282
8282
8283
8283
8284
8284
8285
8285
8286
8286
8287
8287
8288
8288
8289
8289
8290
8290
8291
8291
8292
8292
8293
8293
8294
8294
8295
8295
8296
8296
8297
8297
8298
8298
8299
8299
8300
8300
8301
8301
8302
8302
8303
8303
8304
8304
8305
8305
8306
8306
8307
8307
8308
8308
8309
8309
8310
8310
8311
8311
8312
8312
8313
8313
8314
8314
8315
8315
8316
8316
8317
8317
8318
8318
8319
8319
8320
8320
8321
8321
8322
8322
8323
8323
8324
8324
8325
8325
8326
8326
8327
8327
8328
8328
8329
8329
8330
8330
8331
8331
8332
8332
8333
8333
8334
8334
8335
8335
8336
8336
8337
8337
8338
8338
8339
8339
8340
8340
8341
8341
8342
8342
8343
8343
8344
8344
8345
8345
8346
8346
8347
8347
8348
8348
8349
8349
8350
8350
8351
8351
8352
8352
8353
8353
8354
8354
8355
8355
8356
8356
8357
8357
8358
8358
8359
8359
8360
8360
8361
8361
8362
8362
8363
8364
8364
8364
8365
8365
8366
8366
8367
8367
8368
8368
8369
8369
8370
8370
8371
8371
8372
8372
8373
8373
8374
8374
8375
8375
8376
8376
8377
8377
8378
8378
8379
8379
8380
8380
8381
8381
8382
8382
8383
8383
8384
8384
8385
8385
8386
8386
8387
8387
8388
8388
8389
8389
8390
8390
8391
8391
8392
8392
8393
8393
8394
8394
8395
8395
8396
8396
8397
8397
8398
8398
8399
8399
8400
8400
8401
8401
8402
8402
8403
8403
8404
8404
8405
8405
8406
8406
8407
8407
8408
8408
8409
8409
8410
8410
8411
8411
8412
8412
8413
8413
8414
8414
8415
8415
8416
8416
8417
8417
8418
8418
8419
8419
8420
8420
8421
8421
8422
8422
8423
8423
8424
8424
8425
8425
8426
8426
8427
8427
8428
8428
8429
8429
8430
8430
8431
8431
8432
8432
8433
8433
8434
8434
8435
8435
8436
8436
8437
8437
8438
8438
8439
8439
8440
8440
8441
8441
8442
8442
8443
8443
8444
8444
8445
8445
8446
8446
8447
8447
8448
8448
8449
8449
8450
8450
8451
8451
8452
8452
8453
8453
8454
8454
8455
8455
8456
8456
8457
8457
8458
8458
8459
8459
8460
8460
8461
8461
8462
8462
8463
8463
8464
8464
8465
8465
8466
8466
8467
8467
8468
8468
8469
8469
8470
8470
8471
8471
8472
8472
8473
8473
8474
8474
8475
8475
8476
8476
8477
8477
8478
8478
8479
8479
8480
8480
8481
8481
8482
8482
8483
8483
8484
8484
8485
8485
8486
8486
8487
8487
8488
8488
8489
8489
8490
8490
8491
8491
8492
8492
8493
8493
8494
8494
8495
8496
8496
8496
8497
8497
8498
8498
8499
8499
8500
8500
8501
8501
8502
8502
8503
8503
8504
8504
8505
8505
8506
8506
8507
8507
8508
8508
8509
8509
8510
8510
8511
8511
8512
8512
8513
8513
8514
8514
8515
8515
8516
8516
8517
8517
8518
8518
8519
8519
8520
8520
8521
8521
8522
8522
8523
8523
8524
8524
8525
8525
8526
8526
8527
8527
8528
8528
8529
8529
8530
8530
8531
8531
8532
8532
8533
8533
8534
8534
8535
8535
8536
8536
8537
8537
8538
8538
8539
8539
8540
8540
8541
8541
8542
8542
8543
8543
8544
8544
8545
8545
8546
8546
8547
8547
8548
8548
8549
8549
8550
8550
8551
8551
8552
8552
8553
8553
8554
8554
8555
8555
8556
8556
8557
8557
8558
8558
8559
8559
8560
8560
8561
8561
8562
8562
8563
8563
8564
8564
8565
8565
8566
8566
8567
8567
8568
8568
8569
8569
8570
8570
8571
8571
8572
8572
8573
8573
8574
8574
8575
8575
8576
8576
8577
8577
8578
8578
8579
8579
8580
8580
8581
8581
8582
8582
8583
8583
8584
8584
8585
8585
8586
8586
8587
8587
8588
8588
8589
8589
8590
8590
8591
8591
8592
8592
8593
8593
8594
8594
8595
8595
8596
8596
8597
8597
8598
8598
8599
8599
8600
8600
8601
8601
8602
8602
8603
8603
8604
8604
8605
8605
8606
8606
8607
8607
8608
8608
8609
8609
8610
8610
8611
8611
8612
8612
8613
8613
8614
8614
8615
8615
8616
8616
8617
8617
8618
8618
8619
8619
8620
8620
8621
8621
8622
8622
8623
8623
8624
8624
8625
8625
8626
8626
8627
8628
8628
8628
8629
8629
8630
8630
8631
8631
8632
8632
8633
8633
8634
8634
8635
8635
8636
8636
8637
8637
8638
8638
8639
8639
8640
8640
8641
8641
8642
8642
8643
8643
8644
8644
8645
8645
8646
8646
8647
8647
8648
8648
8649
8649
8650
8650
8651
8651
8652
8652
8653
8653
8654
8654
8655
8655
8656
8656
8657
8657
8658
8658
8659
8659
8660
8660
8661
8661
8662
8662
8663
8663
8664
8664
8665
8665
8666
8666
8667
8667
8668
8668
8669
8669
8670
8670
8671
8671
8672
8672
8673
8673
8674
8674
8675
8675
8676
8676
8677
8677
8678
8678
8679
8679
8680
8680
8681
8681
8682
8682
8683
8683
8684
8684
8685
8685
8686
8686
8687
8687
8688
8688
8689
8689
8690
8690
8691
8691
8692
8692
8693
8693
8694
8694
8695
8695
8696
8696
8697
8697
8698
8698
8699
8699
8700
8700
8701
8701
8702
8702
8703
8703
8704
8704
8705
8705
8706
8706
8707
8707
8708
8708
8709
8709
8710
8710
8711
8711
8712
8712
8713
8713
8714
8714
8715
8715
8716
8716
8717
8717
8718
8718
8719
8719
8720
8720
8721
8721
8722
8722
8723
8723
8724
8724
8725
8725
8726
8726
8727
8727
8728
8728
8729
8729
8730
8730
8731
8731
8732
8732
8733
8733
8734
8734
8735
8735
8736
8736
8737
8737
8738
8738
8739
8739
8740
8740
8741
8741
8742
8742
8743
8743
8744
8744
8745
8745
8746
8746
8747
8747
8748
8748
8749
8749
8750
8750
8751
8751
8752
8752
8753
8753
8754
8754
8755
8755
8756
8756
8757
8757
8758
8758
8759
8760
8760
8760
8761
8761
8762
8762
8763
8763
8764
8764
8765
8765
8766
8766
8767
8767
8768
8768
8769
8769
8770
8770
8771
8771
8772
8772
8773
8773
8774
8774
8775
8775
8776
8776
8777
8777
8778
8778
8779
8779
8780
8780
8781
8781
8782
8782
8783
8783
8784
8784
8785
8785
8786
8786
8787
8787
8788
8788
8789
8789
8790
8790
8791
8791
8792
8792
8793
8793
8794
8794
8795
8795
8796
8796
8797
8797
8798
8798
8799
8799
8800
8800
8801
8801
8802
8802
8803
8803
8804
8804
8805
8805
8806
8806
8807
8807
8808
8808
8809
8809
8810
8810
8811
8811
8812
8812
8813
8813
8814
8814
8815
8815
8816
8816
8817
8817
8818
8818
8819
8819
8820
8820
8821
8821
8822
8822
8823
8823
8824
8824
8825
8825
8826
8826
8827
8827
8828
8828
8829
8829
8830
8830
8831
8831
8832
8832
8833
8833
8834
8834
8835
8835
8836
8836
8837
8837
8838
8838
8839
8839
8840
8840
8841
8841
8842
8842
8843
8843
8844
8844
8845
8845
8846
8846
8847
8847
8848
8848
8849
8849
8850
8850
8851
8851
8852
8852
8853
8853
8854
8854
8855
8855
8856
8856
8857
8857
8858
8858
8859
8859
8860
8860
8861
8861
8862
8862
8863
8863
8864
8864
8865
8865
8866
8866
8867
8867
8868
8868
8869
8869
8870
8870
8871
8871
8872
8872
8873
8873
8874
8874
8875
8875
8876
8876
8877
8877
8878
8878
8879
8879
8880
8880
8881
8881
8882
8882
8883
8883
8884
8884
8885
8885
8886
8886
8887
8887
8888
8888
8889
8889
8890
8890
8891
8892
8892
8892
8893
8893
8894
8894
8895
8895
8896
8896
8897
8897
8898
8898
8899
8899
8900
8900
8901
8901
8902
8902
8903
8903
8904
8904
8905
8905
8906
8906
8907
8907
8908
8908
8909
8909
8910
8910
8911
8911
8912
8912
8913
8913
8914
8914
8915
8915
8916
8916
8917
8917
8918
8918
8919
8919
8920
8920
8921
8921
8922
8922
8923
8923
8924
8924
8925
8925
8926
8926
8927
8927
8928
8928
8929
8929
8930
8930
8931
8931
8932
8932
8933
8933
8934
8934
8935
8935
8936
8936
8937
8937
8938
8938
8939
8939
8940
8940
8941
8941
8942
8942
8943
8943
8944
8944
8945
8945
8946
8946
8947
8947
8948
8948
8949
8949
8950
8950
8951
8951
8952
8952
8953
8953
8954
8954
8955
8955
8956
8956
8957
8957
8958
8958
8959
8959
8960
8960
8961
8961
8962
8962
8963
8963
8964
8964
8965
8965
8966
8966
8967
8967
8968
8968
8969
8969
8970
8970
8971
8971
8972
8972
8973
8973
8974
8974
8975
8975
8976
8976
8977
8977
8978
8978
8979
8979
8980
8980
8981
8981
8982
8982
8983
8983
8984
8984
8985
8985
8986
8986
8987
8987
8988
8988
8989
8989
8990
8990
8991
8991
8992
8992
8993
8993
8994
8994
8995
8995
8996
8996
8997
8997
8998
8998
8999
8999
9000
9000
9001
9001
9002
9002
9003
9003
9004
9004
9005
9005
9006
9006
9007
9007
9008
9008
9009
9009
9010
9010
9011
9011
9012
9012
9013
9013
9014
9014
9015
9015
9016
9016
9017
9017
9018
9018
9019
9019
9020
9020
9021
9021
9022
9022
9023
9024
9024
9024
9025
9025
9026
9026
9027
9027
9028
9028
9029
9029
9030
9030
9031
9031
9032
9032
9033
9033
9034
9034
9035
9035
9036
9036
9037
9037
9038
9038
9039
9039
9040
9040
9041
9041
9042
9042
9043
9043
9044
9044
9045
9045
9046
9046
9047
9047
9048
9048
9049
9049
9050
9050
9051
9051
9052
9052
9053
9053
9054
9054
9055
9055
9056
9056
9057
9057
9058
9058
9059
9059
9060
9060
9061
9061
9062
9062
9063
9063
9064
9064
9065
9065
9066
9066
9067
9067
9068
9068
9069
9069
9070
9070
9071
9071
9072
9072
9073
9073
9074
9074
9075
9075
9076
9076
9077
9077
9078
9078
9079
9079
9080
9080
9081
9081
9082
9082
9083
9083
9084
9084
9085
9085
9086
9086
9087
9087
9088
9088
9089
9089
9090
9090
9091
9091
9092
9092
9093
9093
9094
9094
9095
9095
9096
9096
9097
9097
9098
9098
9099
9099
9100
9100
9101
9101
9102
9102
9103
9103
9104
9104
9105
9105
9106
9106
9107
9107
9108
9108
9109
9109
9110
9110
9111
9111
9112
9112
9113
9113
9114
9114
9115
9115
9116
9116
9117
9117
9118
9118
9119
9119
9120
9120
9121
9121
9122
9122
9123
9123
9124
9124
9125
9125
9126
9126
9127
9127
9128
9128
9129
9129
9130
9130
9131
9131
9132
9132
9133
9133
9134
9134
9135
9135
9136
9136
9137
9137
9138
9138
9139
9139
9140
9140
9141
9141
9142
9142
9143
9143
9144
9144
9145
9145
9146
9146
9147
9147
9148
9148
9149
9149
9150
9150
9151
9151
9152
9152
9153
9153
9154
9154
9155
9156
9156
9156
9157
9157
9158
9158
9159
9159
9160
9160
9161
9161
9162
9162
9163
9163
9164
9164
9165
9165
9166
9166
9167
9167
9168
9168
9169
9169
9170
9170
9171
9171
9172
9172
9173
9173
9174
9174
9175
9175
9176
9176
9177
9177
9178
9178
9179
9179
9180
9180
9181
9181
9182
9182
9183
9183
9184
9184
9185
9185
9186
9186
9187
9187
9188
9188
9189
9189
9190
9190
9191
9191
9192
9192
9193
9193
9194
9194
9195
9195
9196
9196
9197
9197
9198
9198
9199
9199
9200
9200
9201
9201
9202
9202
9203
9203
9204
9204
9205
9205
9206
9206
9207
9207
9208
9208
9209
9209
9210
9210
9211
9211
9212
9212
9213
9213
9214
9214
9215
9215
9216
9216
9217
9217
9218
9218
9219
9219
9220
9220
9221
9221
9222
9222
9223
9223
9224
9224
9225
9225
9226
9226
9227
9227
9228
9228
9229
9229
9230
9230
9231
9231
9232
9232
9233
9233
9234
9234
9235
9235
9236
9236
9237
9237
9238
9238
9239
9239
9240
9240
9241
9241
9242
9242
9243
9243
9244
9244
9245
9245
9246
9246
9247
9247
9248
9248
9249
9249
9250
9250
9251
9251
9252
9252
9253
9253
9254
9254
9255
9255
9256
9256
9257
9257
9258
9258
9259
9259
9260
9260
9261
9261
9262
9262
9263
9263
9264
9264
9265
9265
9266
9266
9267
9267
9268
9268
9269
9269
9270
9270
9271
9271
9272
9272
9273
9273
9274
9274
9275
9275
9276
9276
9277
9277
9278
9278
9279
9279
9280
9280
9281
9281
9282
9282
9283
9283
9284
9284
9285
9285
9286
9286
9287
9288
9288
9289
9290
9291
9292
9293
9294
9295
9296
9297
9298
9299
9300
9301
9302
9303
9304
9305
9306
9307
9308
9309
9310
9311
9312
9313
9314
9315
9316
9317
9318
9319
9320
9321
9322
9323
9324
9325
9326
9327
9328
9329
9330
9331
9332
9333
9334
9335
9336
9337
9338
9339
9340
9341
9342
9343
9344
9345
9346
9347
9348
9349
9350
9351
9352
9353
9354
9355
9356
9357
9358
9359
9360
9361
9362
9363
9364
9365
9366
9367
9368
9369
9370
9371
9372
9373
9374
9375
9376
9377
9378
9379
9380
9381
9382
9383
9384
9385
9386
9387
9388
9389
9390
9391
9392
9393
9394
9395
9396
9397
9398
9399
9400
9401
9402
9403
9404
9405
9406
9407
9408
9409
9410
9411
9412
9413
9414
9415
9416
9417
9418
9420
9420
9420
9421
9421
9422
9422
9423
9423
9424
9424
9425
9425
9426
9426
9427
9427
9428
9429
9429
9429
9430
9430
9431
9431
9432
9432
9433
9433
9434
9434
9435
9435
9436
9436
9437
9438
9438
9438
9439
9439
9440
9440
9441
9441
9442
9442
9443
9443
9444
9444
9445
9445
9446
9447
9447
9447
9448
9448
9449
9449
9450
9450
9451
9451
9452
9452
9453
9453
9454
9454
9455
9456
9456
9456
9457
9457
9458
9458
9459
9459
9460
9460
9461
9461
9462
9462
9463
9463
9464
9465
9465
9465
9466
9466
9467
9467
9468
9468
9469
9469
9470
9470
9471
9471
9472
9472
9473
9474
9474
9474
9475
9475
9476
9476
9477
9477
9478
9478
9479
9479
9480
9480
9481
9481
9482
9483
9483
9483
9484
9484
9485
9485
9486
9486
9487
9487
9488
9488
9489
9489
9490
9490
9491
9492
9492
9492
9493
9493
9494
9494
9495
9495
9496
9496
9497
9497
9498
9498
9499
9499
9500
9501
9501
9501
9502
9502
9503
9503
9504
9504
9505
9505
9506
9506
9507
9507
9508
9508
9509
9510
9510
9510
9511
9511
9512
9512
9513
9513
9514
9514
9515
9515
9516
9516
9517
9517
9518
9519
9519
9519
9520
9520
9521
9521
9522
9522
9523
9523
9524
9524
9525
9525
9526
9526
9527
9528
9528
9528
9529
9529
9530
9530
9531
9531
9532
9532
9533
9533
9534
9534
9535
9535
9536
9537
9537
9537
9538
9538
9539
9539
9540
9540
9541
9541
9542
9542
9543
9543
9544
9544
9545
9546
9546
9546
9547
9547
9548
9548
9549
9549
9550
9550
9551
9551
9552
9552
9553
9553
9554
9555
9555
9555
9556
9556
9557
9557
9558
9558
9559
9559
9560
9560
9561
9561
9562
9562
9563
9564
9564
9564
9565
9565
9566
9566
9567
9567
9568
9568
9569
9569
9570
9570
9571
9571
9572
9573
9573
9573
9574
9574
9575
9575
9576
9576
9577
9577
9578
9578
9579
9579
9580
9580
9581
9582
9582
9582
9583
9583
9584
9584
9585
9585
9586
9586
9587
9587
9588
9588
9589
9589
9590
9591
9591
9591
9592
9592
9593
9593
9594
9594
9595
9595
9596
9596
9597
9597
9598
9598
9599
9600
9600
9600
9601
9601
9602
9602
9603
9603
9604
9604
9605
9605
9606
9606
9607
9607
9608
9609
9609
9609
9610
9610
9611
9611
9612
9612
9613
9613
9614
9614
9615
9615
9616
9616
9617
9618
9618
9618
9619
9619
9620
9620
9621
9621
9622
9622
9623
9623
9624
9624
9625
9625
9626
9627
9627
9627
9628
9628
9629
9629
9630
9630
9631
9631
9632
9632
9633
9633
9634
9634
9635
9636
9636
9636
9637
9637
9638
9638
9639
9639
9640
9640
9641
9641
9642
9642
9643
9643
9644
9645
9645
9645
9646
9646
9647
9647
9648
9648
9649
9649
9650
9650
9651
9651
9652
9652
9653
9654
9654
9654
9655
9655
9656
9656
9657
9657
9658
9658
9659
9659
9660
9660
9661
9661
9662
9663
9663
9663
9664
9664
9665
9665
9666
9666
9667
9667
9668
9668
9669
9669
9670
9670
9671
9672
9672
9672
9673
9673
9674
9674
9675
9675
9676
9676
9677
9677
9678
9678
9679
9679
9680
9681
9681
9681
9682
9682
9683
9683
9684
9684
9685
9685
9686
9686
9687
9687
9688
9688
9689
9690
9690
9690
9691
9691
9692
9692
9693
9693
9694
9694
9695
9695
9696
9696
9697
9697
9698
9699
9699
9699
9700
9700
9701
9701
9702
9702
9703
9703
9704
9704
9705
9705
9706
9706
9707
9708
9708
9708
9709
9709
9710
9710
9711
9711
9712
9712
9713
9713
9714
9714
9715
9715
9716
9717
9717
9717
9718
9718
9719
9719
9720
9720
9721
9721
9722
9722
9723
9723
9724
9724
9725
9726
9726
9726
9727
9727
9728
9728
9729
9729
9730
9730
9731
9731
9732
9732
9733
9733
9734
9735
9735
9735
9736
9736
9737
9737
9738
9738
9739
9739
9740
9740
9741
9741
9742
9742
9743
9744
9744
9744
9745
9745
9746
9746
9747
9747
9748
9748
9749
9749
9750
9750
9751
9751
9752
9753
9753
9753
9754
9754
9755
9755
9756
9756
9757
9757
9758
9758
9759
9759
9760
9760
9761
9762
9762
9762
9763
9763
9764
9764
9765
9765
9766
9766
9767
9767
9768
9768
9769
9769
9770
9771
9771
9771
9772
9772
9773
9773
9774
9774
9775
9775
9776
9776
9777
9777
9778
9778
9779
9780
9780
9780
9781
9781
9782
9782
9783
9783
9784
9784
9785
9785
9786
9786
9787
9787
9788
9789
9789
9789
9790
9790
9791
9791
9792
9792
9793
9793
9794
9794
9795
9795
9796
9796
9797
9798
9798
9798
9799
9799
9800
9800
9801
9801
9802
9802
9803
9803
9804
9804
9805
9805
9806
9807
9807
9807
9808
9808
9809
9809
9810
9810
9811
9811
9812
9812
9813
9813
9814
9814
9815
9816
9816
9816
9817
9817
9818
9818
9819
9819
9820
9820
9821
9821
9822
9822
9823
9823
9824
9825
9825
9825
9826
9826
9827
9827
9828
9828
9829
9829
9830
9830
9831
9831
9832
9832
9833
9834
9834
9834
9835
9835
9836
9836
9837
9837
9838
9838
9839
9839
9840
9840
9841
9841
9842
9843
9843
9843
9844
9844
9845
9845
9846
9846
9847
9847
9848
9848
9849
9849
9850
9850
9851
9852
9852
9852
9853
9853
9854
9854
9855
9855
9856
9856
9857
9857
9858
9858
9859
9859
9860
9861
9861
9861
9862
9862
9863
9863
9864
9864
9865
9865
9866
9866
9867
9867
9868
9868
9869
9870
9870
9870
9871
9871
9872
9872
9873
9873
9874
9874
9875
9875
9876
9876
9877
9877
9878
9879
9879
9879
9880
9880
9881
9881
9882
9882
9883
9883
9884
9884
9885
9885
9886
9886
9887
9888
9888
9888
9889
9889
9890
9890
9891
9891
9892
9892
9893
9893
9894
9894
9895
9895
9896
9897
9897
9897
9898
9898
9899
9899
9900
9900
9901
9901
9902
9902
9903
9903
9904
9904
9905
9906
9906
9906
9907
9907
9908
9908
9909
9909
9910
9910
9911
9911
9912
9912
9913
9913
9914
9915
9915
9915
9916
9916
9917
9917
9918
9918
9919
9919
9920
9920
9921
9921
9922
9922
9923
9924
9924
9924
9925
9925
9926
9926
9927
9927
9928
9928
9929
9929
9930
9930
9931
9931
9932
9933
9933
9933
9934
9934
9935
9935
9936
9936
9937
9937
9938
9938
9939
9939
9940
9940
9941
9942
9942
9942
9943
9943
9944
9944
9945
9945
9946
9946
9947
9947
9948
9948
9949
9949
9950
9951
9951
9951
9952
9952
9953
9953
9954
9954
9955
9955
9956
9956
9957
9957
9958
9958
9959
9960
9960
9961
9962
9963
9964
9965
9966
9967
9969
9969
9969
9969
9970
9970
9970
9971
9971
9971
9972
9972
9972
9973
9973
9973
9974
9974
9974
9975
9975
9975
9976
9976
9976
9977
9977
9977
9978
9978
9979
9979
9979
9980
9980
9981
9981
9982
9982
9983
9983
9984
9984
9985
9985
9986
9986
9987
9987
9988
9989
9989
9989
9990
9990
9991
9991
9992
9992
9993
9993
9994
9994
9995
9995
9996
9996
9997
9997
9998
9999
9999
9999
10000
10000
10001
10001
10002
10002
10003
10003
10004
10004
10005
10005
10006
10006
10007
10007
10008
10009
10009
10009
10010
10010
10011
10011
10012
10012
10013
10013
10014
10014
10015
10015
10016
10016
10017
10017
10018
10019
10019
10019
10020
10020
10021
10021
10022
10022
10023
10023
10024
10024
10025
10025
10026
10026
10027
10027
10028
10029
10029
10029
10030
10030
10031
10031
10032
10032
10033
10033
10034
10034
10035
10035
10036
10036
10037
10037
10038
10039
10039
10039
10040
10040
10041
10041
10042
10042
10043
10043
10044
10044
10045
10045
10046
10046
10047
10047
10048
10049
10049
10050
10051
10052
10053
10054
10055
10056
10057
10059
10059
10059
10059
10060
10060
10060
10061
10061
10061
10062
10062
10062
10063
10063
10063
10064
10064
10064
10065
10065
10065
10066
10066
10066
10067
10067
10067
10068
10068
10069
10069
10069
10070
10070
10071
10071
10072
10072
10073
10073
10074
10074
10075
10075
10076
10076
10077
10077
10078
10079
10079
10079
10080
10080
10081
10081
10082
10082
10083
10083
10084
10084
10085
10085
10086
10086
10087
10087
10088
10089
10089
10089
10090
10090
10091
10091
10092
10092
10093
10093
10094
10094
10095
10095
10096
10096
10097
10097
10098
10099
10099
10099
10100
10100
10101
10101
10102
10102
10103
10103
10104
10104
10105
10105
10106
10106
10107
10107
10108
10109
10109
10109
10110
10110
10111
10111
10112
10112
10113
10113
10114
10114
10115
10115
10116
10116
10117
10117
10118
10119
10119
10119
10120
10120
10121
10121
10122
10122
10123
10123
10124
10124
10125
10125
10126
10126
10127
10127
10128
10129
10129
10129
10130
10130
10131
10131
10132
10132
10133
10133
10134
10134
10135
10135
10136
10136
10137
10137
10138
10139
10139
10140
10141
10142
10143
10144
10145
10146
10147
10149
10149
10149
10150
10150
10150
10151
10151
10151
10152
10152
10152
10153
10153
10153
10154
10154
10154
10155
10155
10155
10156
10156
10156
10157
10157
10157
10158
10158
10158
10159
10159
10159
10160
10160
10160
10161
10161
10161
10162
10162
10162
10163
10163
10163
10164
10164
10164
10165
10165
10165
10166
10166
10166
10167
10167
10167
10168
10168
10168
10169
10169
10169
10170
10170
10170
10171
10171
10171
10172
10172
10172
10173
10173
10173
10174
10174
10174
10175
10175
10175
10176
10176
10176
10177
10177
10177
10178
10178
10178
10179
10179
10179
10180
10180
10180
10181
10181
10181
10182
10182
10182
10183
10183
10183
10184
10184
10184
10185
10185
10185
10186
10186
10186
10187
10187
10187
10188
10188
10188
10189
10189
10189
10190
10190
10190
10191
10191
10191
10192
10192
10192
10193
10193
10193
10194
10194
10194
10195
10195
10195
10196
10196
10196
10197
10197
10197
10198
10198
10198
10199
10199
10199
10200
10200
10200
10201
10201
10201
10202
10202
10202
10203
10203
10203
10204
10204
10204
10205
10205
10205
10206
10206
10206
10207
10207
10207
10208
10208
10208
10209
10209
10209
10210
10210
10210
10211
10211
10211
10212
10212
10212
10213
10213
10213
10214
10214
10214
10215
10215
10215
10216
10216
10216
10217
10217
10217
10218
10218
10218
10219
10219
10219
10220
10220
10220
10221
10221
10221
10222
10222
10222
10223
10223
10223
10224
10224
10224
10225
10225
10225
10226
10226
10226
10227
10227
10227
10228
10228
10228
10229
10229
10229
10230
10230
10230
10231
10231
10231
10232
10232
10232
10233
10233
10233
10234
10234
10234
10235
10235
10235
10236
10236
10236
10237
10237
10237
10238
10238
10238
10239
10239
10239
10240
10240
10240
10241
10241
10241
10242
10242
10242
10243
10243
10243
10244
10244
10244
10245
10245
10245
10246
10246
10246
10247
10247
10247
10248
10248
10248
10249
10249
10249
10250
10250
10250
10251
10251
10251
10252
10252
10252
10253
10253
10253
10254
10254
10254
10255
10255
10255
10256
10256
10256
10257
10257
10258
10258
10259
10259
10260
10260
10261
10261
10262
10262
10263
10263
10264
10264
10265
10265
10266
10266
10267
10267
10268
10268
10269
10269
10270
10270
10271
10271
10272
10272
10273
10273
10274
10274
10275
10275
10276
10276
10277
10277
10278
10278
10279
10279
10280
10280
10281
10281
10282
10282
10283
10283
10284
10284
10285
10285
10286
10286
10287
10287
10288
10288
10289
10289
10290
10290
10291
10291
10292
10292
10293
10293
10294
10294
10295
10295
10296
10296
10297
10297
10298
10298
10299
10299
10300
10300
10301
10301
10302
10302
10303
10303
10304
10304
10305
10305
10306
10306
10307
10307
10308
10308
10309
10309
10310
10310
10311
10311
10312
10312
10313
10313
10314
10314
10315
10315
10316
10316
10317
10317
10318
10318
10319
10319
10320
10320
10321
10321
10322
10322
10323
10323
10324
10324
10325
10325
10326
10326
10327
10327
10328
10328
10329
10329
10330
10330
10331
10331
10332
10332
10333
10333
10334
10334
10335
10335
10336
10336
10337
10337
10338
10338
10339
10339
10340
10340
10341
10341
10342
10342
10343
10343
10344
10344
10345
10345
10346
10346
10347
10347
10348
10348
10349
10349
10350
10350
10351
10351
10352
10352
10353
10353
10354
10354
10355
10355
10356
10356
10357
10357
10358
10358
10359
10359
10360
10360
10361
10361
10362
10362
10363
10363
10364
10364
10365
10365
10366
10367
10367
10368
10368
10369
10369
10370
10370
10371
10371
10372
10372
10373
10373
10374
10374
10375
10375
10376
10376
10377
10377
10378
10378
10379
10379
10380
10380
10381
10381
10382
10382
10383
10383
10384
10384
10385
10385
10386
10386
10387
10387
10388
10388
10389
10389
10390
10390
10391
10391
10392
10392
10393
10393
10394
10394
10395
10395
10396
10396
10397
10397
10398
10398
10399
10399
10400
10400
10401
10401
10402
10402
10403
10403
10404
10404
10405
10405
10406
10406
10407
10407
10408
10408
10409
10409
10410
10410
10411
10411
10412
10412
10413
10413
10414
10414
10415
10415
10416
10416
10417
10417
10418
10418
10419
10419
10420
10420
10421
10421
10422
10422
10423
10423
10424
10424
10425
10425
10426
10426
10427
10427
10428
10428
10429
10429
10430
10430
10431
10431
10432
10432
10433
10433
10434
10434
10435
10435
10436
10436
10437
10437
10438
10438
10439
10439
10440
10440
10441
10441
10442
10442
10443
10443
10444
10444
10445
10445
10446
10446
10447
10447
10448
10448
10449
10449
10450
10450
10451
10451
10452
10452
10453
10453
10454
10454
10455
10455
10456
10456
10457
10457
10458
10458
10459
10459
10460
10460
10461
10461
10462
10462
10463
10463
10464
10464
10465
10465
10466
10466
10467
10467
10468
10468
10469
10469
10470
10470
10471
10471
10472
10472
10473
10473
10474
10474
10475
10476
10476
10477
10477
10478
10478
10479
10479
10480
10480
10481
10481
10482
10482
10483
10483
10484
10484
10485
10485
10486
10486
10487
10487
10488
10488
10489
10489
10490
10490
10491
10491
10492
10492
10493
10493
10494
10494
10495
10495
10496
10496
10497
10497
10498
10498
10499
10499
10500
10500
10501
10501
10502
10502
10503
10503
10504
10504
10505
10505
10506
10506
10507
10507
10508
10508
10509
10509
10510
10510
10511
10511
10512
10512
10513
10513
10514
10514
10515
10515
10516
10516
10517
10517
10518
10518
10519
10519
10520
10520
10521
10521
10522
10522
10523
10523
10524
10524
10525
10525
10526
10526
10527
10527
10528
10528
10529
10529
10530
10530
10531
10531
10532
10532
10533
10533
10534
10534
10535
10535
10536
10536
10537
10537
10538
10538
10539
10539
10540
10540
10541
10541
10542
10542
10543
10543
10544
10544
10545
10545
10546
10546
10547
10547
10548
10548
10549
10549
10550
10550
10551
10551
10552
10552
10553
10553
10554
10554
10555
10555
10556
10556
10557
10557
10558
10558
10559
10559
10560
10560
10561
10561
10562
10562
10563
10563
10564
10564
10565
10565
10566
10566
10567
10567
10568
10568
10569
10569
10570
10570
10571
10571
10572
10572
10573
10573
10574
10574
10575
10575
10576
10576
10577
10577
10578
10578
10579
10579
10580
10580
10581
10581
10582
10582
10583
10583
10584
10585
10585
10586
10586
10587
10587
10588
10588
10589
10589
10590
10590
10591
10591
10592
10592
10593
10593
10594
10594
10595
10595
10596
10596
10597
10597
10598
10598
10599
10599
10600
10600
10601
10601
10602
10602
10603
10603
10604
10604
10605
10605
10606
10606
10607
10607
10608
10608
10609
10609
10610
10610
10611
10611
10612
10612
10613
10613
10614
10614
10615
10615
10616
10616
10617
10617
10618
10618
10619
10619
10620
10620
10621
10621
10622
10622
10623
10623
10624
10624
10625
10625
10626
10626
10627
10627
10628
10628
10629
10629
10630
10630
10631
10631
10632
10632
10633
10633
10634
10634
10635
10635
10636
10636
10637
10637
10638
10638
10639
10639
10640
10640
10641
10641
10642
10642
10643
10643
10644
10644
10645
10645
10646
10646
10647
10647
10648
10648
10649
10649
10650
10650
10651
10651
10652
10652
10653
10653
10654
10654
10655
10655
10656
10656
10657
10657
10658
10658
10659
10659
10660
10660
10661
10661
10662
10662
10663
10663
10664
10664
10665
10665
10666
10666
10667
10667
10668
10668
10669
10669
10670
10670
10671
10671
10672
10672
10673
10673
10674
10674
10675
10675
10676
10676
10677
10677
10678
10678
10679
10679
10680
10680
10681
10681
10682
10682
10683
10683
10684
10684
10685
10685
10686
10686
10687
10687
10688
10688
10689
10689
10690
10690
10691
10691
10692
10692
10693
10694
10694
10695
10695
10696
10696
10697
10697
10698
10698
10699
10699
10700
10700
10701
10701
10702
10702
10703
10703
10704
10704
10705
10705
10706
10706
10707
10707
10708
10708
10709
10709
10710
10710
10711
10711
10712
10712
10713
10713
10714
10714
10715
10715
10716
10716
10717
10717
10718
10718
10719
10719
10720
10720
10721
10721
10722
10722
10723
10723
10724
10724
10725
10725
10726
10726
10727
10727
10728
10728
10729
10729
10730
10730
10731
10731
10732
10732
10733
10733
10734
10734
10735
10735
10736
10736
10737
10737
10738
10738
10739
10739
10740
10740
10741
10741
10742
10742
10743
10743
10744
10744
10745
10745
10746
10746
10747
10747
10748
10748
10749
10749
10750
10750
10751
10751
10752
10752
10753
10753
10754
10754
10755
10755
10756
10756
10757
10757
10758
10758
10759
10759
10760
10760
10761
10761
10762
10762
10763
10763
10764
10764
10765
10765
10766
10766
10767
10767
10768
10768
10769
10769
10770
10770
10771
10771
10772
10772
10773
10773
10774
10774
10775
10775
10776
10776
10777
10777
10778
10778
10779
10779
10780
10780
10781
10781
10782
10782
10783
10783
10784
10784
10785
10785
10786
10786
10787
10787
10788
10788
10789
10789
10790
10790
10791
10791
10792
10792
10793
10793
10794
10794
10795
10795
10796
10796
10797
10797
10798
10798
10799
10799
10800
10800
10801
10801
10802
10803
10803
10804
10804
10805
10805
10806
10806
10807
10807
10808
10808
10809
10809
10810
10810
10811
10811
10812
10812
10813
10813
10814
10814
10815
10815
10816
10816
10817
10817
10818
10818
10819
10819
10820
10820
10821
10821
10822
10822
10823
10823
10824
10824
10825
10825
10826
10826
10827
10827
10828
10828
10829
10829
10830
10830
10831
10831
10832
10832
10833
10833
10834
10834
10835
10835
10836
10836
10837
10837
10838
10838
10839
10839
10840
10840
10841
10841
10842
10842
10843
10843
10844
10844
10845
10845
10846
10846
10847
10847
10848
10848
10849
10849
10850
10850
10851
10851
10852
10852
10853
10853
10854
10854
10855
10855
10856
10856
10857
10857
10858
10858
10859
10859
10860
10860
10861
10861
10862
10862
10863
10863
10864
10864
10865
10865
10866
10866
10867
10867
10868
10868
10869
10869
10870
10870
10871
10871
10872
10872
10873
10873
10874
10874
10875
10875
10876
10876
10877
10877
10878
10878
10879
10879
10880
10880
10881
10881
10882
10882
10883
10883
10884
10884
10885
10885
10886
10886
10887
10887
10888
10888
10889
10889
10890
10890
10891
10891
10892
10892
10893
10893
10894
10894
10895
10895
10896
10896
10897
10897
10898
10898
10899
10899
10900
10900
10901
10901
10902
10902
10903
10903
10904
10904
10905
10905
10906
10906
10907
10907
10908
10908
10909
10909
10910
10910
10911
10912
10912
10913
10913
10914
10914
10915
10915
10916
10916
10917
10917
10918
10918
10919
10919
10920
10920
10921
10921
10922
10922
10923
10923
10924
10924
10925
10925
10926
10926
10927
10927
10928
10928
10929
10929
10930
10930
10931
10931
10932
10932
10933
10933
10934
10934
10935
10935
10936
10936
10937
10937
10938
10938
10939
10939
10940
10940
10941
10941
10942
10942
10943
10943
10944
10944
10945
10945
10946
10946
10947
10947
10948
10948
10949
10949
10950
10950
10951
10951
10952
10952
10953
10953
10954
10954
10955
10955
10956
10956
10957
10957
10958
10958
10959
10959
10960
10960
10961
10961
10962
10962
10963
10963
10964
10964
10965
10965
10966
10966
10967
10967
10968
10968
10969
10969
10970
10970
10971
10971
10972
10972
10973
10973
10974
10974
10975
10975
10976
10976
10977
10977
10978
10978
10979
10979
10980
10980
10981
10981
10982
10982
10983
10983
10984
10984
10985
10985
10986
10986
10987
10987
10988
10988
10989
10989
10990
10990
10991
10991
10992
10992
10993
10993
10994
10994
10995
10995
10996
10996
10997
10997
10998
10998
10999
10999
11000
11000
11001
11001
11002
11002
11003
11003
11004
11004
11005
11005
11006
11006
11007
11007
11008
11008
11009
11009
11010
11010
11011
11011
11012
11012
11013
11013
11014
11014
11015
11015
11016
11016
11017
11017
11018
11018
11019
11019
11020
11021
11021
11022
11022
11023
11023
11024
11024
11025
11025
11026
11026
11027
11027
11028
11028
11029
11029
11030
11030
11031
11031
11032
11032
11033
11033
11034
11034
11035
11035
11036
11036
11037
11037
11038
11038
11039
11039
11040
11040
11041
11041
11042
11042
11043
11043
11044
11044
11045
11045
11046
11046
11047
11047
11048
11048
11049
11049
11050
11050
11051
11051
11052
11052
11053
11053
11054
11054
11055
11055
11056
11056
11057
11057
11058
11058
11059
11059
11060
11060
11061
11061
11062
11062
11063
11063
11064
11064
11065
11065
11066
11066
11067
11067
11068
11068
11069
11069
11070
11070
11071
11071
11072
11072
11073
11073
11074
11074
11075
11075
11076
11076
11077
11077
11078
11078
11079
11079
11080
11080
11081
11081
11082
11082
11083
11083
11084
11084
11085
11085
11086
11086
11087
11087
11088
11088
11089
11089
11090
11090
11091
11091
11092
11092
11093
11093
11094
11094
11095
11095
11096
11096
11097
11097
11098
11098
11099
11099
11100
11100
11101
11101
11102
11102
11103
11103
11104
11104
11105
11105
11106
11106
11107
11107
11108
11108
11109
11109
11110
11110
11111
11111
11112
11112
11113
11113
11114
11114
11115
11115
11116
11116
11117
11117
11118
11118
11119
11119
11120
11120
11121
11121
11122
11122
11123
11123
11124
11124
11125
11125
11126
11126
11127
11127
11128
11128
11129
11130
11130
11131
11131
11132
11132
11133
11133
11134
11134
11135
11135
11136
11136
11137
11137
11138
11138
11139
11139
11140
11140
11141
11141
11142
11142
11143
11143
11144
11144
11145
11145
11146
11146
11147
11147
11148
11148
11149
11149
11150
11150
11151
11151
11152
11152
11153
11153
11154
11154
11155
11155
11156
11156
11157
11157
11158
11158
11159
11159
11160
11160
11161
11161
11162
11162
11163
11163
11164
11164
11165
11165
11166
11166
11167
11167
11168
11168
11169
11169
11170
11170
11171
11171
11172
11172
11173
11173
11174
11174
11175
11175
11176
11176
11177
11177
11178
11178
11179
11179
11180
11180
11181
11181
11182
11182
11183
11183
11184
11184
11185
11185
11186
11186
11187
11187
11188
11188
11189
11189
11190
11190
11191
11191
11192
11192
11193
11193
11194
11194
11195
11195
11196
11196
11197
11197
11198
11198
11199
11199
11200
11200
11201
11201
11202
11202
11203
11203
11204
11204
11205
11205
11206
11206
11207
11207
11208
11208
11209
11209
11210
11210
11211
11211
11212
11212
11213
11213
11214
11214
11215
11215
11216
11216
11217
11217
11218
11218
11219
11219
11220
11220
11221
11221
11222
11222
11223
11223
11224
11224
11225
11225
11226
11226
11227
11227
11228
11228
11229
11229
11230
11230
11231
11231
11232
11232
11233
11233
11234
11234
11235
11235
11236
11236
11237
11237
11238
11238
11239
11239
11240
11240
11241
11241
11242
11242
11243
11243
11244
11244
11245
11245
11246
11246
11247
11247
11248
11248
11249
11249
11250
11250
11251
11251
11252
11252
11253
11253
11254
11254
11255
11255
11256
11256
11257
11257
11258
11258
11259
11259
11260
11260
11261
11261
11262
11262
11263
11263
11264
11264
11265
11265
11266
11266
11267
11267
11268
11268
11269
11269
11270
11270
11271
11271
11272
11272
11273
11273
11274
11274
11275
11275
11276
11276
11277
11277
11278
11278
11279
11279
11280
11280
11281
11281
11282
11282
11283
11283
11284
11284
11285
11285
11286
11286
11287
11287
11288
11288
11289
11289
11290
11290
11291
11291
11292
11292
11293
11293
11294
11294
11295
11295
11296
11296
11297
11297
11298
11298
11299
11299
11300
11300
11301
11301
11302
11302
11303
11303
11304
11304
11305
11305
11306
11306
11307
11307
11308
11308
11309
11309
11310
11310
11311
11311
11312
11312
11313
11313
11314
11314
11315
11315
11316
11316
11317
11317
11318
11318
11319
11319
11320
11320
11321
11321
11322
11322
11323
11323
11324
11324
11325
11325
11326
11326
11327
11327
11328
11328
11329
11329
11330
11330
11331
11331
11332
11332
11333
11333
11334
11334
11335
11335
11336
11336
11337
11337
11338
11338
11339
11339
11340
11340
11341
11341
11342
11342
11343
11343
11344
11344
11345
11345
11346
11346
11347
11347
11348
11348
11349
11349
11350
11350
11351
11351
11352
11352
11353
11353
11354
11354
11355
11355
11356
11356
11357
11357
11358
11358
11359
11359
11360
11360
11361
11361
11362
11362
11363
11363
11364
11364
11365
11365
11366
11366
11367
11367
11368
11368
11369
11369
11370
11370
11371
11371
11372
11372
11373
11373
11374
11374
11375
11375
11376
11376
11377
11377
11378
11378
11379
11379
11380
11380
11381
11381
11382
11382
11383
11383
11384
11384
11385
11385
11386
11386
11387
11387
11388
11388
11389
11389
11390
11390
11391
11391
11392
11392
11393
11393
11394
11394
11395
11395
11396
11396
11397
11397
11398
11398
11399
11399
11400
11400
11401
11401
11402
11402
11403
11403
11404
11404
11405
11405
11406
11406
11407
11407
11408
11408
11409
11409
11410
11410
11411
11411
11412
11412
11413
11413
11414
11414
11415
11415
11416
11416
11417
11417
11418
11418
11419
11419
11420
11420
11421
11421
11422
11422
11423
11423
11424
11424
11425
11425
11426
11426
11427
11427
11428
11428
11429
11429
11430
11430
11431
11431
11432
11432
11433
11433
11434
11434
11435
11435
11436
11436
11437
11437
11438
11438
11439
11439
11440
11440
11441
11441
11442
11442
11443
11443
11444
11444
11445
11445
11446
11446
11447
11447
11448
11448
11449
11449
11450
11450
11451
11451
11452
11452
11453
11453
11454
11454
11455
11455
11456
11456
11457
11457
11458
11458
11459
11459
11460
11460
11461
11461
11462
11462
11463
11463
11464
11464
11465
11465
11466
11466
11467
11467
11468
11468
11469
11469
11470
11470
11471
11471
11472
11472
11473
11473
11474
11474
11475
11475
11476
11476
11477
11477
11478
11478
11479
11479
11480
11480
11481
11481
11482
11482
11483
11483
11484
11484
11485
11485
11486
11486
11487
11487
11488
11488
11489
11489
11490
11490
11491
11491
11492
11492
11493
11493
11494
11494
11495
11495
11496
11496
11497
11497
11498
11498
11499
11499
11500
11500
11501
11501
11502
11502
11503
11503
11504
11504
11505
11505
11506
11506
11507
11507
11508
11508
11509
11509
11510
11510
11511
11511
11512
11512
11513
11513
11514
11514
11515
11515
11516
11516
11517
11517
11518
11518
11519
11519
11520
11520
11521
11521
11522
11522
11523
11523
11524
11524
11525
11525
11526
11526
11527
11527
11528
11528
11529
11529
11530
11530
11531
11531
11532
11532
11533
11533
11534
11534
11535
11535
11536
11536
11537
11537
11538
11538
11539
11539
11540
11540
11541
11541
11542
11542
11543
11543
11544
11544
11545
11545
11546
11546
11547
11547
11548
11548
11549
11549
11550
11550
11551
11551
11552
11552
11553
11553
11554
11554
11555
11555
11556
11556
11557
11557
11558
11558
11559
11559
11560
11560
11561
11561
11562
11562
11563
11563
11564
11564
11565
11565
11566
11566
11567
11567
11568
11568
11569
11569
11570
11570
11571
11571
11572
11572
11573
11573
11574
11574
11575
11575
11576
11576
11577
11577
11578
11578
11579
11579
11580
11580
11581
11581
11582
11582
11583
11583
11584
11584
11585
11585
11586
11586
11587
11587
11588
11588
11589
11589
11590
11590
11591
11591
11592
11592
11593
11593
11594
11594
11595
11595
11596
11596
11597
11597
11598
11598
11599
11599
11600
11600
11601
11601
11602
11602
11603
11603
11604
11604
11605
11605
11606
11606
11607
11607
11608
11608
11609
11609
11610
11610
11611
11611
11612
11612
11613
11613
11614
11614
11615
11615
11616
11616
11617
11617
11618
11618
11619
11619
11620
11620
11621
11621
11622
11622
11623
11623
11624
11624
11625
11625
11626
11626
11627
11627
11628
11628
11629
11629
11630
11630
11631
11631
11632
11632
11633
11633
11634
11634
11635
11635
11636
11636
11637
11637
11638
11638
11639
11639
11640
11640
11641
11641
11642
11642
11643
11643
11644
11644
11645
11645
11646
11646
11647
11647
11648
11648
11649
11649
11650
11650
11651
11651
11652
11652
11653
11653
11654
11654
11655
11655
11656
11656
11657
11657
11658
11658
11659
11659
11660
11660
11661
11661
11662
11662
11663
11663
11664
11664
11665
11665
11666
11666
11667
11667
11668
11668
11669
11669
11670
11670
11671
11671
11672
11672
11673
11673
11674
11674
11675
11675
11676
11676
11677
11677
11678
11678
11679
11679
11680
11680
11681
11681
11682
11682
11683
11683
11684
11684
11685
11685
11686
11686
11687
11687
11688
11688
11689
11689
11690
11690
11691
11691
11692
11692
11693
11693
11694
11694
11695
11695
11696
11696
11697
11697
11698
11698
11699
11699
11700
11700
11701
11701
11702
11702
11703
11703
11704
11704
11705
11705
11706
11706
11707
11707
11708
11708
11709
11709
11710
11710
11711
11711
11712
11712
11713
11713
11714
11714
11715
11715
11716
11716
11717
11717
11718
11718
11719
11719
11720
11720
11721
11721
11722
11722
11723
11723
11724
11724
11725
11725
11726
11726
11727
11727
11728
11728
11729
11729
11730
11730
11731
11731
11732
11732
11733
11733
11734
11734
11735
11735
11736
11736
11737
11737
11738
11738
11739
11739
11740
11740
11741
11741
11742
11742
11743
11743
11744
11744
11745
11745
11746
11746
11747
11747
11748
11748
11749
11749
11750
11750
11751
11751
11752
11752
11753
11753
11754
11754
11755
11755
11756
11756
11757
11757
11758
11758
11759
11759
11760
11760
11761
11761
11762
11762
11763
11763
11764
11764
11765
11765
11766
11766
11767
11767
11768
11768
11769
11769
11770
11770
11771
11771
11772
11772
11773
11773
11774
11774
11775
11775
11776
11776
11777
11777
11778
11778
11779
11779
11780
11780
11781
11781
11782
11782
11783
11783
11784
11784
11785
11785
11786
11786
11787
11787
11788
11788
11789
11789
11790
11790
11791
11791
11792
11792
11793
11793
11794
11794
11795
11795
11796
11796
11797
11797
11798
11798
11799
11799
11800
11800
11801
11801
11802
11802
11803
11803
11804
11804
11805
11805
11806
11806
11807
11807
11808
11808
11809
11809
11810
11810
11811
11811
11812
11812
11813
11813
11814
11814
11815
11815
11816
11816
11817
11817
11818
11818
11819
11819
11820
11820
11821
11821
11822
11822
11823
11823
11824
11824
11825
11825
11826
11826
11827
11827
11828
11828
11829
11829
11830
11830
11831
11831
11832
11832
11833
11833
11834
11834
11835
11835
11836
11836
11837
11837
11838
11838
11839
11839
11840
11840
11841
11841
11842
11842
11843
11843
11844
11844
11845
11845
11846
11846
11847
11847
11848
11848
11849
11849
11850
11850
11851
11851
11852
11852
11853
11853
11854
11854
11855
11855
11856
11856
11857
11857
11858
11858
11859
11859
11860
11860
11861
11861
11862
11862
11863
11863
11864
11864
11865
11865
11866
11866
11867
11867
11868
11868
11869
11869
11870
11870
11871
11871
11872
11872
11873
11873
11874
11874
11875
11875
11876
11876
11877
11877
11878
11878
11879
11879
11880
11880
11881
11881
11882
11882
11883
11883
11884
11884
11885
11885
11886
11886
11887
11887
11888
11888
11889
11889
11890
11890
11891
11891
11892
11892
11893
11893
11894
11894
11895
11895
11896
11896
11897
11897
11898
11898
11899
11899
11900
11900
11901
11901
11902
11902
11903
11903
11904
11904
11905
11905
11906
11906
11907
11907
11908
11908
11909
11909
11910
11910
11911
11911
11912
11912
11913
11913
11914
11914
11915
11915
11916
11916
11917
11917
11918
11918
11919
11919
11920
11920
11921
11921
11922
11922
11923
11923
11924
11924
11925
11925
11926
11926
11927
11927
11928
11928
11929
11929
11930
11930
11931
11931
11932
11932
11933
11933
11934
11934
11935
11935
11936
11936
11937
11937
11938
11938
11939
11939
11940
11940
11941
11941
11942
11942
11943
11943
11944
11944
11945
11945
11946
11946
11947
11947
11948
11948
11949
11949
11950
11950
11951
11951
11952
11952
11953
11953
11954
11954
11955
11955
11956
11956
11957
11957
11958
11958
11959
11959
11960
11960
11961
11961
11962
11962
11963
11963
11964
11964
11965
11965
11966
11966
11967
11967
11968
11968
11969
11969
11970
11970
11971
11971
11972
11972
11973
11973
11974
11974
11975
11975
11976
11976
11977
11977
11978
11978
11979
11979
11980
11980
11981
11981
11982
11982
11983
11983
11984
11984
11985
11985
11986
11986
11987
11987
11988
11988
11989
11989
11990
11990
11991
11991
11992
11992
11993
11993
11994
11994
11995
11995
11996
11996
11997
11997
11998
11998
11999
11999
12000
12000
12001
12001
12002
12002
12003
12003
12004
12004
12005
12005
12006
12006
12007
12007
12008
12008
12009
12009
12010
12010
12011
12011
12012
12012
12013
12013
12014
12014
12015
12015
12016
12016
12017
12017
12018
12018
12019
12019
12020
12020
12021
12021
12022
12022
12023
12023
12024
12024
12025
12025
12026
12026
12027
12027
12028
12028
12029
12029
12030
12030
12031
12031
12032
12032
12033
12033
12034
12034
12035
12035
12036
12036
12037
12037
12038
12038
12039
12039
12040
12040
12041
12041
12042
12042
12043
12043
12044
12044
12045
12045
12046
12046
12047
12047
12048
12048
12049
12049
12050
12050
12051
12051
12052
12052
12053
12053
12054
12054
12055
12055
12056
12056
12057
12057
12058
12058
12059
12059
12060
12060
12061
12061
12062
12062
12063
12063
12064
12064
12065
12065
12066
12066
12067
12067
12068
12068
12069
12069
12070
12070
12071
12071
12072
12072
12073
12073
12074
12074
12075
12075
12076
12076
12077
12077
12078
12078
12079
12079
12080
12080
12081
12081
12082
12082
12083
12083
12084
12084
12085
12085
12086
12086
12087
12087
12088
12088
12089
12089
12090
12090
12091
12091
12092
12092
12093
12093
12094
12094
12095
12095
12096
12096
12097
12097
12098
12098
12099
12099
12100
12100
12101
12101
12102
12102
12103
12103
12104
12104
12105
12105
12106
12106
12107
12107
12108
12108
12109
12109
12110
12110
12111
12111
12112
12112
12113
12113
12114
12114
12115
12115
12116
12116
12117
12117
12118
12118
12119
12119
12120
12120
12121
12121
12122
12122
12123
12123
12124
12124
12125
12125
12126
12126
12127
12127
12128
12128
12129
12129
12130
12130
12131
12131
12132
12132
12133
12133
12134
12134
12135
12135
12136
12136
12137
12137
12138
12138
12139
12139
12140
12140
12141
12141
12142
12142
12143
12143
12144
12144
12145
12145
12146
12146
12147
12147
12148
12148
12149
12149
12150
12150
12151
12151
12152
12152
12153
12153
12154
12154
12155
12155
12156
12156
12157
12157
12158
12158
12159
12159
12160
12160
12161
12161
12162
12162
12163
12163
12164
12164
12165
12165
12166
12166
12167
12167
12168
12168
12169
12169
12170
12170
12171
12171
12172
12172
12173
12173
12174
12174
12175
12175
12176
12176
12177
12177
12178
12178
12179
12179
12180
12180
12181
12181
12182
12182
12183
12183
12184
12184
12185
12185
12186
12186
12187
12187
12188
12188
12189
12189
12190
12190
12191
12191
12192
12192
12193
12193
12194
12194
12195
12195
12196
12196
12197
12197
12198
12198
12199
12199
12200
12200
12201
12201
12202
12202
12203
12203
12204
12204
12205
12205
12206
12206
12207
12207
12208
12208
12209
12209
12210
12210
12211
12211
12212
12212
12213
12213
12214
12214
12215
12215
12216
12216
12217
12217
12218
12218
12219
12219
12220
12220
12221
12221
12222
12222
12223
12223
12224
12224
12225
12225
12226
12226
12227
12227
12228
12228
12229
12229
12230
12230
12231
12231
12232
12232
12233
12233
12234
12234
12235
12235
12236
12236
12237
12237
12238
12238
12239
12239
12240
12240
12241
12241
12242
12242
12243
12243
12244
12244
12245
12245
12246
12246
12247
12247
12248
12248
12249
12249
12250
12250
12251
12251
12252
12252
12253
12253
12254
12254
12255
12255
12256
12256
12257
12257
12258
12258
12259
12259
12260
12260
12261
12261
12262
12262
12263
12263
12264
12264
12265
12265
12266
12266
12267
12267
12268
12268
12269
12269
12270
12270
12271
12271
12272
12272
12273
12273
12274
12274
12275
12275
12276
12276
12277
12277
12278
12278
12279
12279
12280
12280
12281
12281
12282
12282
12283
12283
12284
12284
12285
12285
12286
12286
12287
12287
12288
12288
12289
12289
12290
12290
12291
12291
12292
12292
12293
12293
12294
12294
12295
12295
12296
12296
12297
12297
12298
12298
12299
12299
12300
12300
12301
12301
12302
12302
12303
12303
12304
12304
12305
12305
12306
12306
12307
12307
12308
12308
12309
12309
12310
12310
12311
12311
12312
12312
12313
12313
12314
12314
12315
12315
12316
12316
12317
12317
12318
12318
12319
12319
12320
12320
12321
12321
12322
12322
12323
12323
12324
12324
12325
12325
12326
12326
12327
12327
12328
12328
12329
12329
12330
12330
12331
12331
12332
12332
12333
12333
12334
12334
12335
12335
12336
12336
12337
12337
12338
12338
12339
12339
12340
12340
12341
12341
12342
12342
12343
12343
12344
12344
12345
12345
12346
12346
12347
12347
12348
12348
12349
12349
12350
12350
12351
12351
12352
12352
12353
12353
12354
12354
12355
12355
12356
12356
12357
12357
12358
12358
12359
12359
12360
12360
12361
12361
12362
12362
12363
12363
12364
12364
12365
12365
12366
12366
12367
12367
12368
12368
12369
12369
12370
12370
12371
12371
12372
12372
12373
12373
12374
12374
12375
12375
12376
12376
12377
12377
12378
12378
12379
12379
12380
12380
12381
12381
12382
12382
12383
12383
12384
12384
12385
12385
12386
12386
12387
12387
12388
12388
12389
12389
12390
12390
12391
12391
12392
12392
12393
12393
12394
12394
12395
12395
12396
12396
12397
12397
12398
12398
12399
12399
12400
12400
12401
12401
12402
12402
12403
12403
12404
12404
12405
12405
12406
12406
12407
12407
12408
12408
12409
12409
12410
12410
12411
12411
12412
12412
12413
12413
12414
12414
12415
12415
12416
12416
12417
12417
12418
12418
12419
12419
12420
12420
12421
12421
12422
12422
12423
12423
12424
12424
12425
12425
12426
12426
12427
12427
12428
12428
12429
12429
12430
12430
12431
12431
12432
12432
12433
12433
12434
12434
12435
12435
12436
12436
12437
12437
12438
12438
12439
12439
12440
12440
12441
12441
12442
12442
12443
12443
12444
12444
12445
12445
12446
12446
12447
12447
12448
12448
12449
12449
12450
12450
12451
12451
12452
12452
12453
12453
12454
12454
12455
12455
12456
12456
12457
12457
12458
12458
12459
12459
12460
12460
12461
12461
12462
12462
12463
12463
12464
12464
12465
12465
12466
12466
12467
12467
12468
12468
12469
12469
12470
12470
12471
12471
12472
12472
12473
12473
12474
12474
12475
12475
12476
12476
12477
12477
12478
12478
12479
12479
12480
12480
12481
12481
12482
12482
12483
12483
12484
12484
12485
12485
12486
12486
12487
12487
12488
12488
12489
12489
12490
12490
12491
12491
12492
12492
12493
12493
12494
12494
12495
12495
12496
12496
12497
12497
12498
12498
12499
12499
12500
12500
12501
12501
12502
12502
12503
12503
12504
12504
12505
12505
12506
12506
12507
12507
12508
12508
12509
12509
12510
12510
12511
12511
12512
12512
12513
12513
12514
12514
12515
12515
12516
12516
12517
12517
12518
12518
12519
12519
12520
12520
12521
12521
12522
12522
12523
12523
12524
12524
12525
12525
12526
12526
12527
12527
12528
12528
12529
12529
12530
12530
12531
12531
12532
12532
12533
12533
12534
12534
12535
12535
12536
12536
12537
12537
12538
12538
12539
12539
12540
12540
12541
12541
12542
12542
12543
12543
12544
12544
12545
12545
12546
12546
12547
12547
12548
12548
12549
12549
12550
12550
12551
12551
12552
12552
12553
12553
12554
12554
12555
12555
12556
12556
12557
12557
12558
12558
12559
12559
12560
12560
12561
12561
12562
12562
12563
12563
12564
12564
12565
12565
12566
12566
12567
12567
12568
12568
12569
12569
12570
12570
12571
12571
12572
12572
12573
12573
12574
12574
12575
12575
12576
12576
12577
12577
12578
12578
12579
12579
12580
12580
12581
12581
12582
12582
12583
12583
12584
12584
12585
12585
12586
12586
12587
12587
12588
12588
12589
12589
12590
12590
12591
12591
12592
12592
12593
12593
12594
12594
12595
12595
12596
12596
12597
12597
12598
12598
12599
12599
12600
12600
12601
12601
12602
12602
12603
12603
12604
12604
12605
12605
12606
12606
12607
12607
12608
12608
12609
12609
12610
12610
12611
12611
12612
12612
12613
12613
12614
12614
12615
12615
12616
12616
12617
12617
12618
12618
12619
12619
12620
12620
12621
12621
12622
12622
12623
12623
12624
12624
12625
12625
12626
12626
12627
12627
12628
12628
12629
12629
12630
12630
12631
12631
12632
12632
12633
12633
12634
12634
12635
12635
12636
12636
12637
12637
12638
12638
12639
12639
12640
12640
12641
12641
12642
12642
12643
12643
12644
12644
12645
12645
12646
12646
12647
12647
12648
12648
12649
12649
12650
12650
12651
12651
12652
12652
12653
12653
12654
12654
12655
12655
12656
12656
12657
12657
12658
12658
12659
12659
12660
12660
12661
12661
12662
12662
12663
12663
12664
12664
12665
12665
12666
12666
12667
12667
12668
12668
12669
12669
12670
12670
12671
12671
12672
12672
12673
12673
12674
12674
12675
12675
12676
12676
12677
12677
12678
12678
12679
12679
12680
12680
12681
12681
12682
12682
12683
12683
12684
12684
12685
12685
12686
12686
12687
12687
12688
12688
12689
12689
12690
12690
12691
12691
12692
12692
12693
12693
12694
12694
12695
12695
12696
12696
12697
12697
12698
12698
12699
12699
12700
12700
12701
12701
12702
12702
12703
12703
12704
12704
12705
12705
12706
12706
12707
12707
12708
12708
12709
12709
12710
12710
12711
12711
12712
12712
12713
12713
12714
12714
12715
12715
12716
12716
12717
12717
12718
12718
12719
12719
12720
12720
12721
12721
12722
12722
12723
12723
12724
12724
12725
12725
12726
12726
12727
12727
12728
12728
12729
12729
12730
12730
12731
12731
12732
12732
12733
12733
12734
12734
12735
12735
12736
12736
12737
12737
12738
12738
12739
12739
12740
12740
12741
12741
12742
12742
12743
12743
12744
12744
12745
12745
12746
12746
12747
12747
12748
12748
12749
12749
12750
12750
12751
12751
12752
12752
12753
12753
12754
12754
12755
12755
12756
12756
12757
12757
12758
12758
12759
12759
12760
12760
12761
12761
12762
12762
12763
12763
12764
12764
12765
12765
12766
12766
12767
12767
12768
12768
12769
12769
12770
12770
12771
12771
12772
12772
12773
12773
12774
12774
12775
12775
12776
12776
12777
12777
12778
12778
12779
12779
12780
12780
12781
12781
12782
12782
12783
12783
12784
12784
12785
12785
12786
12786
12787
12787
12788
12788
12789
12789
12790
12790
12791
12791
12792
12792
12793
12793
12794
12794
12795
12795
12796
12796
12797
12797
12798
12798
12799
12799
12800
12800
12801
12801
12802
12802
12803
12803
12804
12804
12805
12805
12806
12806
12807
12807
12808
12808
12809
12809
12810
12810
12811
12811
12812
12812
12813
12813
12814
12814
12815
12815
12816
12816
12817
12817
12818
12818
12819
12819
12820
12820
12821
12821
12822
12822
12823
12823
12824
12824
12825
12825
12826
12826
12827
12827
12828
12828
12829
12829
12830
12830
12831
12831
12832
12832
12833
12833
12834
12834
12835
12835
12836
12836
12837
12837
12838
12838
12839
12839
12840
12840
12841
12841
12842
12842
12843
12843
12844
12844
12845
12845
12846
12846
12847
12847
12848
12848
12849
12849
12850
12850
12851
12851
12852
12852
12853
12853
12854
12854
12855
12855
12856
12856
12857
12857
12858
12858
12859
12859
12860
12860
12861
12861
12862
12862
12863
12863
12864
12864
12865
12865
12866
12866
12867
12867
12868
12868
12869
12869
12870
12870
12871
12871
12872
12872
12873
12873
12874
12874
12875
12875
12876
12876
12877
12877
12878
12878
12879
12879
12880
12880
12881
12881
12882
12882
12883
12883
12884
12884
12885
12885
12886
12886
12887
12887
12888
12888
12889
12889
12890
12890
12891
12891
12892
12892
12893
12893
12894
12894
12895
12895
12896
12896
12897
12897
12898
12898
12899
12899
12900
12900
12901
12901
12902
12902
12903
12903
12904
12904
12905
12905
12906
12906
12907
12907
12908
12908
12909
12909
12910
12910
12911
12911
12912
12912
12913
12913
12914
12914
12915
12915
12916
12916
12917
12917
12918
12918
12919
12919
12920
12920
12921
12921
12922
12922
12923
12923
12924
12924
12925
12925
12926
12926
12927
12927
12928
12928
12929
12929
12930
12930
12931
12931
12932
12932
12933
12933
12934
12934
12935
12935
12936
12936
12937
12937
12938
12938
12939
12939
12940
12940
12941
12941
12942
12942
12943
12943
12944
12944
12945
12945
12946
12946
12947
12947
12948
12948
12949
12949
12950
12950
12951
12951
12952
12952
12953
12953
12954
12954
12955
12955
12956
12956
12957
12957
12958
12958
12959
12959
12960
12960
12961
12961
12962
12962
12963
12963
12964
12964
12965
12965
12966
12966
12967
12967
12968
12968
12969
12969
12970
12970
12971
12971
12972
12972
12973
12973
12974
12974
12975
12975
12976
12976
12977
12977
12978
12978
12979
12979
12980
12980
12981
12981
12982
12982
12983
12983
12984
12984
12985
12985
12986
12986
12987
12987
12988
12988
12989
12989
12990
12990
12991
12991
12992
12992
12993
12993
12994
12994
12995
12995
12996
12996
12997
12997
12998
12998
12999
12999
13000
13000
13001
13001
13002
13002
13003
13003
13004
13004
13005
13005
13006
13006
13007
13007
13008
13008
13009
13009
13010
13010
13011
13011
13012
13012
13013
13013
13014
13014
13015
13015
13016
13016
13017
13017
13018
13018
13019
13019
13020
13020
13021
13021
13022
13022
13023
13023
13024
13024
13025
13025
13026
13026
13027
13027
13028
13028
13029
13029
13030
13030
13031
13031
13032
13032
13033
13033
13034
13034
13035
13035
13036
13036
13037
13037
13038
13038
13039
13039
13040
13040
13041
13041
13042
13042
13043
13043
13044
13044
13045
13045
13046
13046
13047
13047
13048
13048
13049
13049
13050
13050
13051
13051
13052
13052
13053
13053
13054
13054
13055
13055
13056
13056
13057
13057
13058
13058
13059
13059
13060
13060
13061
13061
13062
13062
13063
13063
13064
13064
13065
13065
13066
13066
13067
13067
13068
13068
13069
13069
13070
13070
13071
13071
13072
13072
13073
13073
13074
13074
13075
13075
13076
13076
13077
13077
13078
13078
13079
13079
13080
13080
13081
13081
13082
13082
13083
13083
13084
13084
13085
13085
13086
13086
13087
13087
13088
13088
13089
13089
13090
13090
13091
13091
13092
13092
13093
13093
13094
13094
13095
13095
13096
13096
13097
13097
13098
13098
13099
13099
13100
13100
13101
13101
13102
13102
13103
13103
13104
13104
13105
13105
13106
13106
13107
13107
13108
13108
13109
13109
13110
13110
13111
13111
13112
13112
13113
13113
13114
13114
13115
13115
13116
13116
13117
13117
13118
13118
13119
13119
13120
13120
13121
13121
13122
13122
13123
13123
13124
13124
13125
13125
13126
13126
13127
13127
13128
13128
13129
13129
13130
13130
13131
13131
13132
13132
13133
13133
13134
13134
13135
13135
13136
13136
13137
13137
13138
13138
13139
13139
13140
13140
13141
13141
13142
13142
13143
13143
13144
13144
13145
13145
13146
13146
13147
13147
13148
13148
13149
13149
13150
13150
13151
13151
13152
13152
13153
13153
13154
13154
13155
13155
13156
13156
13157
13157
13158
13158
13159
13159
13160
13160
13161
13161
13162
13162
13163
13163
13164
13164
13165
13165
13166
13166
13167
13167
13168
13168
13169
13169
13170
13170
13171
13171
13172
13172
13173
13173
13174
13174
13175
13175
13176
13176
13177
13177
13178
13178
13179
13179
13180
13180
13181
13181
13182
13182
13183
13183
13184
13184
13185
13185
13186
13186
13187
13187
13188
13188
13189
13189
13190
13190
13191
13191
13192
13192
13193
13193
13194
13194
13195
13195
13196
13196
13197
13197
13198
13198
13199
13199
13200
13200
13201
13201
13202
13202
13203
13203
13204
13204
13205
13205
13206
13206
13207
13207
13208
13208
13209
13209
13210
13210
13211
13211
13212
13212
13213
13213
13214
13214
13215
13215
13216
13216
13217
13217
13218
13218
13219
13219
13220
13220
13221
13221
13222
13222
13223
13223
13224
13224
13225
13225
13226
13226
13227
13227
13228
13228
13229
13229
13230
13230
13231
13231
13232
13232
13233
13233
13234
13234
13235
13235
13236
13236
13237
13237
13238
13238
13239
13239
13240
13240
13241
13241
13242
13242
13243
13243
13244
13244
13245
13245
13246
13246
13247
13247
13248
13248
13249
13249
13250
13250
13251
13251
13252
13252
13253
13253
13254
13254
13255
13255
13256
13256
13257
13257
13258
13258
13259
13259
13260
13260
13261
13261
13262
13262
13263
13263
13264
13264
13265
13265
13266
13266
13267
13267
13268
13268
13269
13269
13270
13270
13271
13271
13272
13272
13273
13273
13274
13274
13275
13275
13276
13276
13277
13277
13278
13278
13279
13279
13280
13280
13281
13281
13282
13282
13283
13283
13284
13284
13285
13285
13286
13286
13287
13287
13288
13288
13289
13289
13290
13290
13291
13291
13292
13292
13293
13293
13294
13294
13295
13295
13296
13296
13297
13297
13298
13298
13299
13299
13300
13300
13301
13301
13302
13302
13303
13303
13304
13304
13305
13305
13306
13306
13307
13307
13308
13308
13309
13309
13310
13310
13311
13311
13312
13312
13313
13313
13314
13314
13315
13315
13316
13316
13317
13317
13318
13318
13319
13319
13320
13320
13321
13321
13322
13322
13323
13323
13324
13324
13325
13325
13326
13326
13327
13327
13328
13328
13329
13329
13330
13330
13331
13331
13332
13332
13333
13333
13334
13334
13335
13335
13336
13336
13337
13337
13338
13338
13339
13339
13340
13340
13341
13341
13342
13342
13343
13343
13344
13344
13345
13345
13346
13346
13347
13347
13348
13348
13349
13349
13350
13350
13351
13351
13352
13352
13353
13353
13354
13354
13355
13355
13356
13356
13357
13357
13358
13358
13359
13359
13360
13360
13361
13361
13362
13362
13363
13363
13364
13364
13365
13365
13366
13366
13367
13367
13368
13368
13369
13369
13370
13370
13371
13371
13372
13372
13373
13373
13374
13374
13375
13375
13376
13376
13377
13377
13378
13378
13379
13379
13380
13380
13381
13381
13382
13382
13383
13383
13384
13384
13385
13385
13386
13386
13387
13387
13388
13388
13389
13389
13390
13390
13391
13391
13392
13392
13393
13393
13394
13394
13395
13395
13396
13396
13397
13397
13398
13398
13399
13399
13400
13400
13401
13401
13402
13402
13403
13403
13404
13404
13405
13405
13406
13406
13407
13407
13408
13408
13409
13409
13410
13410
13411
13411
13412
13412
13413
13413
13414
13414
13415
13415
13416
13416
13417
13417
13418
13418
13419
13419
13420
13420
13421
13421
13422
13422
13423
13423
13424
13424
13425
13425
13426
13426
13427
13427
13428
13428
13429
13429
13430
13430
13431
13431
13432
13432
13433
13433
13434
13434
13435
13435
13436
13436
13437
13437
13438
13438
13439
13439
13440
13440
13441
13441
13442
13442
13443
13443
13444
13444
13445
13445
13446
13446
13447
13447
13448
13448
13449
13449
13450
13450
13451
13451
13452
13452
13453
13453
13454
13454
13455
13455
13456
13456
13457
13457
13458
13458
13459
13459
13460
13460
13461
13461
13462
13462
13463
13463
13464
13464
13465
13465
13466
13466
13467
13467
13468
13468
13469
13469
13470
13470
13471
13471
13472
13472
13473
13473
13474
13474
13475
13475
13476
13476
13477
13477
13478
13478
13479
13479
13480
13480
13481
13481
13482
13482
13483
13483
13484
13484
13485
13485
13486
13486
13487
13487
13488
13488
13489
13489
13490
13490
13491
13491
13492
13492
13493
13493
13494
13494
13495
13495
13496
13496
13497
13497
13498
13498
13499
13499
13500
13500
13501
13501
13502
13502
13503
13503
13504
13504
13505
13505
13506
13506
13507
13507
13508
13508
13509
13509
13510
13510
13511
13511
13512
13512
13513
13513
13514
13514
13515
13515
13516
13516
13517
13517
13518
13518
13519
13519
13520
13520
13521
13521
13522
13522
13523
13523
13524
13524
13525
13525
13526
13526
13527
13527
13528
13528
13529
13529
13530
13530
13531
13531
13532
13532
13533
13533
13534
13534
13535
13535
13536
13536
13537
13537
13538
13538
13539
13539
13540
13540
13541
13541
13542
13542
13543
13543
13544
13544
13545
13545
13546
13546
13547
13547
13548
13548
13549
13549
13550
13550
13551
13551
13552
13552
13553
13553
13554
13554
13555
13555
13556
13556
13557
13557
13558
13558
13559
13559
13560
13560
13561
13561
13562
13562
13563
13563
13564
13564
13565
13565
13566
13566
13567
13567
13568
13568
13569
13569
13570
13570
13571
13571
13572
13572
13573
13573
13574
13574
13575
13575
13576
13576
13577
13577
13578
13578
13579
13579
13580
13580
13581
13581
13582
13582
13583
13583
13584
13584
13585
13585
13586
13586
13587
13587
13588
13588
13589
13589
13590
13590
13591
13591
13592
13592
13593
13593
13594
13594
13595
13595
13596
13596
13597
13597
13598
13598
13599
13599
13600
13600
13601
13601
13602
13602
13603
13603
13604
13604
13605
13605
13606
13606
13607
13607
13608
13608
13609
13609
13610
13610
13611
13611
13612
13612
13613
13613
13614
13614
13615
13615
13616
13616
13617
13617
13618
13618
13619
13619
13620
13620
13621
13621
13622
13622
13623
13623
13624
13624
13625
13625
13626
13626
13627
13627
13628
13628
13629
13629
13630
13630
13631
13631
13632
13632
13633
13633
13634
13634
13635
13635
13636
13636
13637
13637
13638
13638
13639
13639
13640
13640
13641
13641
13642
13642
13643
13643
13644
13644
13645
13645
13646
13646
13647
13647
13648
13648
13649
13649
13650
13650
13651
13651
13652
13652
13653
13653
13654
13654
13655
13655
13656
13656
13657
13657
13658
13658
13659
13659
13660
13660
13661
13661
13662
13662
13663
13663
13664
13664
13665
13665
13666
13666
13667
13667
13668
13668
13669
13669
13670
13670
13671
13671
13672
13672
13673
13673
13674
13674
13675
13675
13676
13676
13677
13677
13678
13678
13679
13679
13680
13680
13681
13681
13682
13682
13683
13683
13684
13684
13685
13685
13686
13686
13687
13687
13688
13688
13689
13689
13690
13690
13691
13691
13692
13692
13693
13693
13694
13694
13695
13695
13696
13696
13697
13697
13698
13698
13699
13699
13700
13700
13701
13701
13702
13702
13703
13703
13704
13704
13705
13705
13706
13706
13707
13707
13708
13708
13709
13709
13710
13710
13711
13711
13712
13712
13713
13713
13714
13714
13715
13715
13716
13716
13717
13717
13718
13718
13719
13719
13720
13720
13721
13721
13722
13722
13723
13723
13724
13724
13725
13725
13726
13726
13727
13727
13728
13728
13729
13729
13730
13730
13731
13731
13732
13732
13733
13733
13734
13734
13735
13735
13736
13736
13737
13737
13738
13738
13739
13739
13740
13740
13741
13741
13742
13742
13743
13743
13744
13744
13745
13745
13746
13746
13747
13747
13748
13748
13749
13749
13750
13750
13751
13751
13752
13752
13753
13753
13754
13754
13755
13755
13756
13756
13757
13757
13758
13758
13759
13759
13760
13760
13761
13761
13762
13762
13763
13763
13764
13764
13765
13765
13766
13766
13767
13767
13768
13768
13769
13769
13770
13770
13771
13771
13772
13772
13773
13773
13774
13774
13775
13775
13776
13776
13777
13777
13778
13778
13779
13779
13780
13780
13781
13781
13782
13782
13783
13783
13784
13784
13785
13785
13786
13786
13787
13787
13788
13788
13789
13789
13790
13790
13791
13791
13792
13792
13793
13793
13794
13794
13795
13795
13796
13796
13797
13797
13798
13798
13799
13799
13800
13800
13801
13801
13802
13802
13803
13803
13804
13804
13805
13805
13806
13806
13807
13807
13808
13808
13809
13809
13810
13810
13811
13811
13812
13812
13813
13813
13814
13814
13815
13815
13816
13816
13817
13817
13818
13818
13819
13819
13820
13820
13821
13821
13822
13822
13823
13823
13824
13824
13825
13825
13826
13826
13827
13827
13828
13828
13829
13829
13830
13830
13831
13831
13832
13832
13833
13833
13834
13834
13835
13835
13836
13836
13837
13837
13838
13838
13839
13839
13840
13840
13841
13841
13842
13842
13843
13843
13844
13844
13845
13845
13846
13846
13847
13847
13848
13848
13849
13849
13850
13850
13851
13851
13852
13852
13853
13853
13854
13854
13855
13855
13856
13856
13857
13857
13858
13858
13859
13859
13860
13860
13861
13861
13862
13862
13863
13863
13864
13864
13865
13865
13866
13866
13867
13867
13868
13868
13869
13869
13870
13870
13871
13871
13872
13872
13873
13873
13874
13874
13875
13875
13876
13876
13877
13877
13878
13878
13879
13879
13880
13880
13881
13881
13882
13882
13883
13883
13884
13884
13885
13885
13886
13886
13887
13887
13888
13888
13889
13889
13890
13890
13891
13891
13892
13892
13893
13893
13894
13894
13895
13895
13896
13896
13897
13897
13898
13898
13899
13899
13900
13900
13901
13901
13902
13902
13903
13903
13904
13904
13905
13905
13906
13906
13907
13907
13908
13908
13909
13909
13910
13910
13911
13911
13912
13912
13913
13913
13914
13914
13915
13915
13916
13916
13917
13917
13918
13918
13919
13919
13920
13920
13921
13921
13922
13922
13923
13923
13924
13924
13925
13925
13926
13926
13927
13927
13928
13928
13929
13929
13930
13930
13931
13931
13932
13932
13933
13933
13934
13934
13935
13935
13936
13936
13937
13937
13938
13938
13939
13939
13940
13940
13941
13941
13942
13942
13943
13943
13944
13944
13945
13945
13946
13946
13947
13947
13948
13948
13949
13949
13950
13950
13951
13951
13952
13952
13953
13953
13954
13954
13955
13955
13956
13956
13957
13957
13958
13958
13959
13959
13960
13960
13961
13961
13962
13962
13963
13963
13964
13964
13965
13965
13966
13966
13967
13967
13968
13968
13969
13969
13970
13970
13971
13971
13972
13972
13973
13973
13974
13974
13975
13975
13976
13976
13977
13977
13978
13978
13979
13979
13980
13980
13981
13981
13982
13982
13983
13983
13984
13984
13985
13985
13986
13986
13987
13987
13988
13988
13989
13989
13990
13990
13991
13991
13992
13992
13993
13993
13994
13994
13995
13995
13996
13996
13997
13997
13998
13998
13999
13999
14000
14000
14001
14001
14002
14002
14003
14003
14004
14004
14005
14005
14006
14006
14007
14007
14008
14008
14009
14009
14010
14010
14011
14011
14012
14012
14013
14013
14014
14014
14015
14015
14016
14016
14017
14017
14018
14018
14019
14019
14020
14020
14021
14021
14022
14022
14023
14023
14024
14024
14025
14025
14026
14026
14027
14027
14028
14028
14029
14029
14030
14030
14031
14031
14032
14032
14033
14033
14034
14034
14035
14035
14036
14036
14037
14037
14038
14038
14039
14039
14040
14040
14041
14041
14042
14042
14043
14043
14044
14044
14045
14045
14046
14046
14047
14047
14048
14048
14049
14049
14050
14050
14051
14051
14052
14052
14053
14053
14054
14054
14055
14055
14056
14056
14057
14057
14058
14058
14059
14059
14060
14060
14061
14061
14062
14062
14063
14063
14064
14064
14065
14065
14066
14066
14067
14067
14068
14068
14069
14069
14070
14070
14071
14071
14072
14072
14073
14073
14074
14074
14075
14075
14076
14076
14077
14077
14078
14078
14079
14079
14080
14080
14081
14081
14082
14082
14083
14083
14084
14084
14085
14085
14086
14086
14087
14087
14088
14088
14089
14089
14090
14090
14091
14091
14092
14092
14093
14093
14094
14094
14095
14095
14096
14096
14097
14097
14098
14098
14099
14099
14100
14100
14101
14101
14102
14102
14103
14103
14104
14104
14105
14105
14106
14106
14107
14107
14108
14108
14109
14109
14110
14110
14111
14111
14112
14112
14113
14113
14114
14114
14115
14115
14116
14116
14117
14117
14118
14118
14119
14119
14120
14120
14121
14121
14122
14122
14123
14123
14124
14124
14125
14125
14126
14126
14127
14127
14128
14128
14129
14129
14130
14130
14131
14131
14132
14132
14133
14133
14134
14134
14135
14135
14136
14136
14137
14137
14138
14138
14139
14139
14140
14140
14141
14141
14142
14142
14143
14143
14144
14144
14145
14145
14146
14146
14147
14147
14148
14148
14149
14149
14150
14150
14151
14151
14152
14152
14153
14153
14154
14154
14155
14155
14156
14156
14157
14157
14158
14158
14159
14159
14160
14160
14161
14161
14162
14162
14163
14163
14164
14164
14165
14165
14166
14166
14167
14167
14168
14168
14169
14169
14170
14170
14171
14171
14172
14172
14173
14173
14174
14174
14175
14175
14176
14176
14177
14177
14178
14178
14179
14179
14180
14180
14181
14181
14182
14182
14183
14183
14184
14184
14185
14185
14186
14186
14187
14187
14188
14188
14189
14189
14190
14190
14191
14191
14192
14192
14193
14193
14194
14194
14195
14195
14196
14196
14197
14197
14198
14198
14199
14199
14200
14200
14201
14201
14202
14202
14203
14203
14204
14204
14205
14205
14206
14206
14207
14207
14208
14208
14209
14209
14210
14210
14211
14211
14212
14212
14213
14213
14214
14214
14215
14215
14216
14216
14217
14217
14218
14218
14219
14219
14220
14220
14221
14221
14222
14222
14223
14223
14224
14224
14225
14225
14226
14226
14227
14227
14228
14228
14229
14229
14230
14230
14231
14231
14232
14232
14233
14233
14234
14234
14235
14235
14236
14236
14237
14237
14238
14238
14239
14239
14240
14240
14241
14241
14242
14242
14243
14243
14244
14244
14245
14245
14246
14246
14247
14247
14248
14248
14249
14249
14250
14250
14251
14251
14252
14252
14253
14253
14254
14254
14255
14255
14256
14256
14257
14257
14258
14258
14259
14259
14260
14260
14261
14261
14262
14262
14263
14263
14264
14264
14265
14265
14266
14266
14267
14267
14268
14268
14269
14269
14270
14270
14271
14271
14272
14272
14273
14273
14274
14274
14275
14275
14276
14276
14277
14277
14278
14278
14279
14279
14280
14280
14281
14281
14282
14282
14283
14283
14284
14284
14285
14285
14286
14286
14287
14287
14288
14288
14289
14289
14290
14290
14291
14291
14292
14292
14293
14293
14294
14294
14295
14295
14296
14296
14297
14297
14298
14298
14299
14299
14300
14300
14301
14301
14302
14302
14303
14303
14304
14304
14305
14305
14306
14306
14307
14307
14308
14308
14309
14309
14310
14310
14311
14311
14312
14312
14313
14313
14314
14314
14315
14315
14316
14316
14317
14317
14318
14318
14319
14319
14320
14320
14321
14321
14322
14322
14323
14323
14324
14324
14325
14325
14326
14326
14327
14327
14328
14328
14329
14329
14330
14330
14331
14331
14332
14332
14333
14333
14334
14334
14335
14335
14336
14336
14337
14337
14338
14338
14339
14339
14340
14340
14341
14341
14342
14342
14343
14343
14344
14344
14345
14345
14346
14346
14347
14347
14348
14348
14349
14349
14350
14350
14351
14351
14352
14352
14353
14353
14354
14354
14355
14355
14356
14356
14357
14357
14358
14358
14359
14359
14360
14360
14361
14361
14362
14362
14363
14363
14364
14364
14365
14365
14366
14366
14367
14367
14368
14368
14369
14369
14370
14370
14371
14371
14372
14372
14373
14373
14374
14374
14375
14375
14376
14376
14377
14377
14378
14378
14379
14379
14380
14380
14381
14381
14382
14382
14383
14383
14384
14384
14385
14385
14386
14386
14387
14387
14388
14388
14389
14389
14390
14390
14391
14391
14392
14392
14393
14393
14394
14394
14395
14395
14396
14396
14397
14397
14398
14398
14399
14399
14400
14400
14401
14401
14402
14402
14403
14403
14404
14404
14405
14405
14406
14406
14407
14407
14408
14408
14409
14409
14410
14410
14411
14411
14412
14412
14413
14413
14414
14414
14415
14415
14416
14416
14417
14417
14418
14418
14419
14419
14420
14420
14421
14421
14422
14422
14423
14423
14424
14424
14425
14425
14426
14426
14427
14427
14428
14428
14429
14429
14430
14430
14431
14431
14432
14432
14433
14433
14434
14434
14435
14435
14436
14436
14437
14437
14438
14438
14439
14439
14440
14440
14441
14441
14442
14442
14443
14443
14444
14444
14445
14445
14446
14446
14447
14447
14448
14448
14449
14449
14450
14450
14451
14451
14452
14452
14453
14453
14454
14454
14455
14455
14456
14456
14457
14457
14458
14458
14459
14459
14460
14460
14461
14461
14462
14462
14463
14463
14464
14464
14465
14465
14466
14466
14467
14467
14468
14468
14469
14469
14470
14470
14471
14471
14472
14472
14473
14473
14474
14474
14475
14475
14476
14476
14477
14477
14478
14478
14479
14479
14480
14480
14481
14481
14482
14482
14483
14483
14484
14484
14485
14485
14486
14486
14487
14487
14488
14488
14489
14489
14490
14490
14491
14491
14492
14492
14493
14493
14494
14494
14495
14495
14496
14496
14497
14497
14498
14498
14499
14499
14500
14500
14501
14501
14502
14502
14503
14503
14504
14504
14505
14505
14506
14506
14507
14507
14508
14508
14509
14509
14510
14510
14511
14511
14512
14512
14513
14513
14514
14514
14515
14515
14516
14516
14517
14517
14518
14518
14519
14519
14520
14520
14521
14521
14522
14522
14523
14523
14524
14524
14525
14525
14526
14526
14527
14527
14528
14528
14529
14529
14530
14530
14531
14531
14532
14532
14533
14533
14534
14534
14535
14535
14536
14536
14537
14537
14538
14538
14539
14539
14540
14540
14541
14541
14542
14542
14543
14543
14544
14544
14545
14545
14546
14546
14547
14547
14548
14548
14549
14549
14550
14550
14551
14551
14552
14552
14553
14553
14554
14554
14555
14555
14556
14556
14557
14557
14558
14558
14559
14559
14560
14560
14561
14561
14562
14562
14563
14563
14564
14564
14565
14565
14566
14566
14567
14567
14568
14568
14569
14569
14570
14570
14571
14571
14572
14572
14573
14573
14574
14574
14575
14575
14576
14576
14577
14577
14578
14578
14579
14579
14580
14580
14581
14581
14582
14582
14583
14583
14584
14584
14585
14585
14586
14586
14587
14587
14588
14588
14589
14589
14590
14590
14591
14591
14592
14592
14593
14593
14594
14594
14595
14595
14596
14596
14597
14597
14598
14598
14599
14599
14600
14600
14601
14601
14602
14602
14603
14603
14604
14604
14605
14605
14606
14606
14607
14607
14608
14608
14609
14609
14610
14610
14611
14611
14612
14612
14613
14613
14614
14614
14615
14615
14616
14616
14617
14617
14618
14618
14619
14619
14620
14620
14621
14621
14622
14622
14623
14623
14624
14624
14625
14625
14626
14626
14627
14627
14628
14628
14629
14629
14630
14630
14631
14631
14632
14632
14633
14633
14634
14634
14635
14635
14636
14636
14637
14637
14638
14638
14639
14639
14640
14640
14641
14641
14642
14642
14643
14643
14644
14644
14645
14645
14646
14646
14647
14647
14648
14648
14649
14649
14650
14650
14651
14651
14652
14652
14653
14653
14654
14654
14655
14655
14656
14656
14657
14657
14658
14658
14659
14659
14660
14660
14661
14661
14662
14662
14663
14663
14664
14664
14665
14665
14666
14666
14667
14667
14668
14668
14669
14669
14670
14670
14671
14671
14672
14672
14673
14673
14674
14674
14675
14675
14676
14676
14677
14677
14678
14678
14679
14679
14680
14680
14681
14681
14682
14682
14683
14683
14684
14684
14685
14685
14686
14686
14687
14687
14688
14688
14689
14689
14690
14690
14691
14691
14692
14692
14693
14693
14694
14694
14695
14695
14696
14696
14697
14697
14698
14698
14699
14699
14700
14700
14701
14701
14702
14702
14703
14703
14704
14704
14705
14705
14706
14706
14707
14707
14708
14708
14709
14709
14710
14710
14711
14711
14712
14712
14713
14713
14714
14714
14715
14715
14716
14716
14717
14717
14718
14718
14719
14719
14720
14720
14721
14721
14722
14722
14723
14723
14724
14724
14725
14725
14726
14726
14727
14727
14728
14728
14729
14729
14730
14730
14731
14731
14732
14732
14733
14733
14734
14734
14735
14735
14736
14736
14737
14737
14738
14738
14739
14739
14740
14740
14741
14741
14742
14742
14743
14743
14744
14744
14745
14745
14746
14746
14747
14747
14748
14748
14749
14749
14750
14750
14751
14751
14752
14752
14753
14753
14754
14754
14755
14755
14756
14756
14757
14757
14758
14758
14759
14759
14760
14760
14761
14761
14762
14762
14763
14763
14764
14764
14765
14765
14766
14766
14767
14767
14768
14768
14769
14769
14770
14770
14771
14771
14772
14772
14773
14773
14774
14774
14775
14775
14776
14776
14777
14777
14778
14778
14779
14779
14780
14780
14781
14781
14782
14782
14783
14783
14784
14784
14785
14785
14786
14786
14787
14787
14788
14788
14789
14789
14790
14790
14791
14791
14792
14792
14793
14793
14794
14794
14795
14795
14796
14796
14797
14797
14798
14798
14799
14799
14800
14800
14801
14801
14802
14802
14803
14803
14804
14804
14805
14805
14806
14806
14807
14807
14808
14808
14809
14809
14810
14810
14811
14811
14812
14812
14813
14813
14814
14814
14815
14815
14816
14816
14817
14817
14818
14818
14819
14819
14820
14820
14821
14821
14822
14822
14823
14823
14824
14824
14825
14825
14826
14826
14827
14827
14828
14828
14829
14829
14830
14830
14831
14831
14832
14832
14833
14833
14834
14834
14835
14835
14836
14836
14837
14837
14838
14838
14839
14839
14840
14840
14841
14841
14842
14842
14843
14843
14844
14844
14845
14845
14846
14846
14847
14847
14848
14848
14849
14849
14850
14850
14851
14851
14852
14852
14853
14853
14854
14854
14855
14855
14856
14856
14857
14857
14858
14858
14859
14859
14860
14860
14861
14861
14862
14862
14863
14863
14864
14864
14865
14865
14866
14866
14867
14867
14868
14868
14869
14869
14870
14870
14871
14871
14872
14872
14873
14873
14874
14874
14875
14875
14876
14876
14877
14877
14878
14878
14879
14879
14880
14880
14881
14881
14882
14882
14883
14883
14884
14884
14885
14885
14886
14886
14887
14887
14888
14888
14889
14889
14890
14890
14891
14891
14892
14892
14893
14893
14894
14894
14895
14895
14896
14896
14897
14897
14898
14898
14899
14899
14900
14900
14901
14901
14902
14902
14903
14903
14904
14904
14905
14905
14906
14906
14907
14907
14908
14908
14909
14909
14910
14910
14911
14911
14912
14912
14913
14913
14914
14914
14915
14915
14916
14916
14917
14917
14918
14918
14919
14919
14920
14920
14921
14921
14922
14922
14923
14923
14924
14924
14925
14925
14926
14926
14927
14927
14928
14928
14929
14929
14930
14930
14931
14931
14932
14932
14933
14933
14934
14934
14935
14935
14936
14936
14937
14937
14938
14938
14939
14939
14940
14940
14941
14941
14942
14942
14943
14943
14944
14944
14945
14945
14946
14946
14947
14947
14948
14948
14949
14949
14950
14950
14951
14951
14952
14952
14953
14953
14954
14954
14955
14955
14956
14956
14957
14957
14958
14958
14959
14959
14960
14960
14961
14961
14962
14962
14963
14963
14964
14964
14965
14965
14966
14966
14967
14967
14968
14968
14969
14969
14970
14970
14971
14971
14972
14972
14973
14973
14974
14974
14975
14975
14976
14976
14977
14977
14978
14978
14979
14979
14980
14980
14981
14981
14982
14982
14983
14983
14984
14984
14985
14985
14986
14986
14987
14987
14988
14988
14989
14989
14990
14990
14991
14991
14992
14992
14993
14993
14994
14994
14995
14995
14996
14996
14997
14997
14998
14998
14999
14999
15000
15000
15001
15001
15002
15002
15003
15003
15004
15004
15005
15005
15006
15006
15007
15007
15008
15008
15009
15009
15010
15010
15011
15011
15012
15012
15013
15013
15014
15014
15015
15015
15016
15016
15017
15017
15018
15018
15019
15019
15020
15020
15021
15021
15022
15022
15023
15023
15024
15024
15025
15025
15026
15026
15027
15027
15028
15028
15029
15029
15030
15030
15031
15031
15032
15032
15033
15033
15034
15034
15035
15035
15036
15036
15037
15037
15038
15038
15039
15039
15040
15040
15041
15041
15042
15042
15043
15043
15044
15044
15045
15045
15046
15046
15047
15047
15048
15048
15049
15049
15050
15050
15051
15051
15052
15052
15053
15053
15054
15054
15055
15055
15056
15056
15057
15057
15058
15058
15059
15059
15060
15060
15061
15061
15062
15062
15063
15063
15064
15064
15065
15065
15066
15066
15067
15067
15068
15068
15069
15069
15070
15070
15071
15071
15072
15072
15073
15073
15074
15074
15075
15075
15076
15076
15077
15077
15078
15078
15079
15079
15080
15080
15081
15081
15082
15082
15083
15083
15084
15084
15085
15085
15086
15086
15087
15087
15088
15088
15089
15089
15090
15090
15091
15091
15092
15092
15093
15093
15094
15094
15095
15095
15096
15096
15097
15097
15098
15098
15099
15099
15100
15100
15101
15101
15102
15102
15103
15103
15104
15104
15105
15105
15106
15106
15107
15107
15108
15108
15109
15109
15110
15110
15111
15111
15112
15112
15113
15113
15114
15114
15115
15115
15116
15116
15117
15117
15118
15118
15119
15119
15120
15120
15121
15121
15122
15122
15123
15123
15124
15124
15125
15125
15126
15126
15127
15127
15128
15128
15129
15129
15130
15130
15131
15131
15132
15132
15133
15133
15134
15134
15135
15135
15136
15136
15137
15137
15138
15138
15139
15139
15140
15140
15141
15141
15142
15142
15143
15143
15144
15144
15145
15145
15146
15146
15147
15147
15148
15148
15149
15149
15150
15150
15151
15151
15152
15152
15153
15153
15154
15154
15155
15155
15156
15156
15157
15157
15158
15158
15159
15159
15160
15160
15161
15161
15162
15162
15163
15163
15164
15164
15165
15165
15166
15166
15167
15167
15168
15168
15169
15169
15170
15170
15171
15171
15172
15172
15173
15173
15174
15174
15175
15175
15176
15176
15177
15177
15178
15178
15179
15179
15180
15180
15181
15181
15182
15182
15183
15183
15184
15184
15185
15185
15186
15186
15187
15187
15188
15188
15189
15189
15190
15190
15191
15191
15192
15192
15193
15193
15194
15194
15195
15195
15196
15196
15197
15197
15198
15198
15199
15199
15200
15200
15201
15201
15202
15202
15203
15203
15204
15204
15205
15205
15206
15206
15207
15207
15208
15208
15209
15209
15210
15210
15211
15211
15212
15212
15213
15213
15214
15214
15215
15215
15216
15216
15217
15217
15218
15218
15219
15219
15220
15220
15221
15221
15222
15222
15223
15223
15224
15224
15225
15225
15226
15226
15227
15227
15228
15228
15229
15229
15230
15230
15231
15231
15232
15232
15233
15233
15234
15234
15235
15235
15236
15236
15237
15237
15238
15238
15239
15239
15240
15240
15241
15241
15242
15242
15243
15243
15244
15244
15245
15245
15246
15246
15247
15247
15248
15248
15249
15249
15250
15250
15251
15251
15252
15252
15253
15253
15254
15254
15255
15255
15256
15256
15257
15257
15258
15258
15259
15259
15260
15260
15261
15261
15262
15262
15263
15263
15264
15264
15265
15265
15266
15266
15267
15267
15268
15268
15269
15269
15270
15270
15271
15271
15272
15272
15273
15273
15274
15274
15275
15275
15276
15276
15277
15277
15278
15278
15279
15279
15280
15280
15281
15281
15282
15282
15283
15283
15284
15284
15285
15285
15286
15286
15287
15287
15288
15288
15289
15289
15290
15290
15291
15291
15292
15292
15293
15293
15294
15294
15295
15295
15296
15296
15297
15297
15298
15298
15299
15299
15300
15300
15301
15301
15302
15302
15303
15303
15304
15304
15305
15305
15306
15306
15307
15307
15308
15308
15309
15309
15310
15310
15311
15311
15312
15312
15313
15313
15314
15314
15315
15315
15316
15316
15317
15317
15318
15318
15319
15319
15320
15320
15321
15321
15322
15322
15323
15323
15324
15324
15325
15325
15326
15326
15327
15327
15328
15328
15329
15329
15330
15330
15331
15331
15332
15332
15333
15333
15334
15334
15335
15335
15336
15336
15337
15337
15338
15338
15339
15339
15340
15340
15341
15341
15342
15342
15343
15343
15344
15344
15345
15345
15346
15346
15347
15347
15348
15348
15349
15349
15350
15350
15351
15351
15352
15352
15353
15353
15354
15354
15355
15355
15356
15356
15357
15357
15358
15358
15359
15359
15360
15360
15361
15361
15362
15362
15363
15363
15364
15364
15365
15365
15366
15366
15367
15367
15368
15368
15369
15369
15370
15370
15371
15371
15372
15372
15373
15373
15374
15374
15375
15375
15376
15376
15377
15377
15378
15378
15379
15379
15380
15380
15381
15381
15382
15382
15383
15383
15384
15384
15385
15385
15386
15386
15387
15387
15388
15388
15389
15389
15390
15390
15391
15391
15392
15392
15393
15393
15394
15394
15395
15395
15396
15396
15397
15397
15398
15398
15399
15399
15400
15400
15401
15401
15402
15402
15403
15403
15404
15404
15405
15405
15406
15406
15407
15407
15408
15408
15409
15409
15410
15410
15411
15411
15412
15412
15413
15413
15414
15414
15415
15415
15416
15416
15417
15417
15418
15418
15419
15419
15420
15420
15421
15421
15422
15422
15423
15423
15424
15424
15425
15425
15426
15426
15427
15427
15428
15428
15429
15429
15430
15430
15431
15431
15432
15432
15433
15433
15434
15434
15435
15435
15436
15436
15437
15437
15438
15438
15439
15439
15440
15440
15441
15441
15442
15442
15443
15443
15444
15444
15445
15445
15446
15446
15447
15447
15448
15448
15449
15449
15450
15450
15451
15451
15452
15452
15453
15453
15454
15454
15455
15455
15456
15456
15457
15457
15458
15458
15459
15459
15460
15460
15461
15461
15462
15462
15463
15463
15464
15464
15465
15465
15466
15466
15467
15467
15468
15468
15469
15469
15470
15470
15471
15471
15472
15472
15473
15473
15474
15474
15475
15475
15476
15476
15477
15477
15478
15478
15479
15479
15480
15480
15481
15481
15482
15482
15483
15483
15484
15484
15485
15485
15486
15486
15487
15487
15488
15488
15489
15489
15490
15490
15491
15491
15492
15492
15493
15493
15494
15494
15495
15495
15496
15496
15497
15497
15498
15498
15499
15499
15500
15500
15501
15501
15502
15502
15503
15503
15504
15504
15505
15505
15506
15506
15507
15507
15508
15508
15509
15509
15510
15510
15511
15511
15512
15512
15513
15513
15514
15514
15515
15515
15516
15516
15517
15517
15518
15518
15519
15519
15520
15520
15521
15521
15522
15522
15523
15523
15524
15524
15525
15525
15526
15526
15527
15527
15528
15528
15529
15529
15530
15530
15531
15531
15532
15532
15533
15533
15534
15534
15535
15535
15536
15536
15537
15537
15538
15538
15539
15539
15540
15540
15541
15541
15542
15542
15543
15543
15544
15544
15545
15545
15546
15546
15547
15547
15548
15548
15549
15549
15550
15550
15551
15551
15552
15552
15553
15553
15554
15554
15555
15555
15556
15556
15557
15557
15558
15558
15559
15559
15560
15560
15561
15561
15562
15562
15563
15563
15564
15564
15565
15565
15566
15566
15567
15567
15568
15568
15569
15569
15570
15570
15571
15571
15572
15572
15573
15573
15574
15574
15575
15575
15576
15576
15577
15577
15578
15578
15579
15579
15580
15580
15581
15581
15582
15582
15583
15583
15584
15584
15585
15585
15586
15586
15587
15587
15588
15588
15589
15589
15590
15590
15591
15591
15592
15592
15593
15593
15594
15594
15595
15595
15596
15596
15597
15597
15598
15598
15599
15599
15600
15600
15601
15601
15602
15602
15603
15603
15604
15604
15605
15605
15606
15606
15607
15607
15608
15608
15609
15609
15610
15610
15611
15611
15612
15612
15613
15613
15614
15614
15615
15615
15616
15616
15617
15617
15618
15618
15619
15619
15620
15620
15621
15621
15622
15622
15623
15623
15624
15624
15625
15625
15626
15626
15627
15627
15628
15628
15629
15629
15630
15630
15631
15631
15632
15632
15633
15633
15634
15634
15635
15635
15636
15636
15637
15637
15638
15638
15639
15639
15640
15640
15641
15641
15642
15642
15643
15643
15644
15644
15645
15645
15646
15646
15647
15647
15648
15648
15649
15649
15650
15650
15651
15651
15652
15652
15653
15653
15654
15654
15655
15655
15656
15656
15657
15657
15658
15658
15659
15659
15660
15660
15661
15661
15662
15662
15663
15663
15664
15664
15665
15665
15666
15666
15667
15667
15668
15668
15669
15669
15670
15670
15671
15671
15672
15672
15673
15673
15674
15674
15675
15675
15676
15676
15677
15677
15678
15678
15679
15679
15680
15680
15681
15681
15682
15682
15683
15683
15684
15684
15685
15685
15686
15686
15687
15687
15688
15688
15689
15689
15690
15690
15691
15691
15692
15692
15693
15693
15694
15694
15695
15695
15696
15696
15697
15697
15698
15698
15699
15699
15700
15700
15701
15701
15702
15702
15703
15703
15704
15704
15705
15705
15706
15706
15707
15707
15708
15708
15709
15709
15710
15710
15711
15711
15712
15712
15713
15713
15714
15714
15715
15715
15716
15716
15717
15717
15718
15718
15719
15719
15720
15720
15721
15721
15722
15722
15723
15723
15724
15724
15725
15725
15726
15726
15727
15727
15728
15728
15729
15729
15730
15730
15731
15731
15732
15732
15733
15733
15734
15734
15735
15735
15736
15736
15737
15737
15738
15738
15739
15739
15740
15740
15741
15741
15742
15742
15743
15743
15744
15744
15745
15745
15746
15746
15747
15747
15748
15748
15749
15749
15750
15750
15751
15751
15752
15752
15753
15753
15754
15754
15755
15755
15756
15756
15757
15757
15758
15758
15759
15759
15760
15760
15761
15761
15762
15762
15763
15763
15764
15764
15765
15765
15766
15766
15767
15767
15768
15768
15769
15769
15770
15770
15771
15771
15772
15772
15773
15773
15774
15774
15775
15775
15776
15776
15777
15777
15778
15778
15779
15779
15780
15780
15781
15781
15782
15782
15783
15783
15784
15784
15785
15785
15786
15786
15787
15787
15788
15788
15789
15789
15790
15790
15791
15791
15792
15792
15793
15793
15794
15794
15795
15795
15796
15796
15797
15797
15798
15798
15799
15799
15800
15800
15801
15801
15802
15802
15803
15803
15804
15804
15805
15805
15806
15806
15807
15807
15808
15808
15809
15809
15810
15810
15811
15811
15812
15812
15813
15813
15814
15814
15815
15815
15816
15816
15817
15817
15818
15818
15819
15819
15820
15820
15821
15821
15822
15822
15823
15823
15824
15824
15825
15825
15826
15826
15827
15827
15828
15828
15829
15829
15830
15830
15831
15831
15832
15832
15833
15833
15834
15834
15835
15835
15836
15836
15837
15837
15838
15838
15839
15839
15840
15840
15841
15841
15842
15842
15843
15843
15844
15844
15845
15845
15846
15846
15847
15847
15848
15848
15849
15849
15850
15850
15851
15851
15852
15852
15853
15853
15854
15854
15855
15855
15856
15856
15857
15857
15858
15858
15859
15859
15860
15860
15861
15861
15862
15862
15863
15863
15864
15864
15865
15865
15866
15866
15867
15867
15868
15868
15869
15869
15870
15870
15871
15871
15872
15872
15873
15873
15874
15874
15875
15875
15876
15876
15877
15877
15878
15878
15879
15879
15880
15880
15881
15881
15882
15882
15883
15883
15884
15884
15885
15885
15886
15886
15887
15887
15888
15888
15889
15889
15890
15890
15891
15891
15892
15892
15893
15893
15894
15894
15895
15895
15896
15896
15897
15897
15898
15898
15899
15899
15900
15900
15901
15901
15902
15902
15903
15903
15904
15904
15905
15905
15906
15906
15907
15907
15908
15908
15909
15909
15910
15910
15911
15911
15912
15912
15913
15913
15914
15914
15915
15915
15916
15916
15917
15917
15918
15918
15919
15919
15920
15920
15921
15921
15922
15922
15923
15923
15924
15924
15925
15925
15926
15926
15927
15927
15928
15928
15929
15929
15930
15930
15931
15931
15932
15932
15933
15933
15934
15934
15935
15935
15936
15936
15937
15937
15938
15938
15939
15939
15940
15940
15941
15941
15942
15942
15943
15943
15944
15944
15945
15945
15946
15946
15947
15947
15948
15948
15949
15949
15950
15950
15951
15951
15952
15952
15953
15953
15954
15954
15955
15955
15956
15956
15957
15957
15958
15958
15959
15959
15960
15960
15961
15961
15962
15962
15963
15963
15964
15964
15965
15965
15966
15966
15967
15967
15968
15968
15969
15969
15970
15970
15971
15971
15972
15972
15973
15973
15974
15974
15975
15975
15976
15976
15977
15977
15978
15978
15979
15979
15980
15980
15981
15981
15982
15982
15983
15983
15984
15984
15985
15985
15986
15986
15987
15987
15988
15988
15989
15989
15990
15990
15991
15991
15992
15992
15993
15993
15994
15994
15995
15995
15996
15996
15997
15997
15998
15998
15999
15999
16000
16000
16001
16001
16002
16002
16003
16003
16004
16004
16005
16005
16006
16006
16007
16007
16008
16008
16009
16009
16010
16010
16011
16011
16012
16012
16013
16013
16014
16014
16015
16015
16016
16016
16017
16017
16018
16018
16019
16019
16020
16020
16021
16021
16022
16022
16023
16023
16024
16024
16025
16025
16026
16026
16027
16027
16028
16028
16029
16029
16030
16030
16031
16031
16032
16032
16033
16033
16034
16034
16035
16035
16036
16036
16037
16037
16038
16038
16039
16039
16040
16040
16041
16041
16042
16042
16043
16043
16044
16044
16045
16045
16046
16046
16047
16047
16048
16048
16049
16049
16050
16050
16051
16051
16052
16052
16053
16053
16054
16054
16055
16055
16056
16056
16057
16057
16058
16058
16059
16059
16060
16060
16061
16061
16062
16062
16063
16063
16064
16064
16065
16065
16066
16066
16067
16067
16068
16068
16069
16069
16070
16070
16071
16071
16072
16072
16073
16073
16074
16074
16075
16075
16076
16076
16077
16077
16078
16078
16079
16079
16080
16080
16081
16081
16082
16082
16083
16083
16084
16084
16085
16085
16086
16086
16087
16087
16088
16088
16089
16089
16090
16090
16091
16091
16092
16092
16093
16093
16094
16094
16095
16095
16096
16096
16097
16097
16098
16098
16099
16099
16100
16100
16101
16101
16102
16102
16103
16103
16104
16104
16105
16105
16106
16106
16107
16107
16108
16108
16109
16109
16110
16110
16111
16111
16112
16112
16113
16113
16114
16114
16115
16115
16116
16116
16117
16117
16118
16118
16119
16119
16120
16120
16121
16121
16122
16122
16123
16123
16124
16124
16125
16125
16126
16126
16127
16127
16128
16128
16129
16129
16130
16130
16131
16131
16132
16132
16133
16133
16134
16134
16135
16135
16136
16136
16137
16137
16138
16138
16139
16139
16140
16140
16141
16141
16142
16142
16143
16143
16144
16144
16145
16145
16146
16146
16147
16147
16148
16148
16149
16149
16150
16150
16151
16151
16152
16152
16153
16153
16154
16154
16155
16155
16156
16156
16157
16157
16158
16158
16159
16159
16160
16160
16161
16161
16162
16162
16163
16163
16164
16164
16165
16165
16166
16166
16167
16167
16168
16168
16169
16169
16170
16170
16171
16171
16172
16172
16173
16173
16174
16174
16175
16175
16176
16176
16177
16177
16178
16178
16179
16179
16180
16180
16181
16181
16182
16182
16183
16183
16184
16184
16185
16185
16186
16186
16187
16187
16188
16188
16189
16189
16190
16190
16191
16191
16192
16192
16193
16193
16194
16194
16195
16195
16196
16196
16197
16197
16198
16198
16199
16199
16200
16200
16201
16201
16202
16202
16203
16203
16204
16204
16205
16205
16206
16206
16207
16207
16208
16208
16209
16209
16210
16210
16211
16211
16212
16212
16213
16213
16214
16214
16215
16215
16216
16216
16217
16217
16218
16218
16219
16219
16220
16220
16221
16221
16222
16222
16223
16223
16224
16224
16225
16225
16226
16226
16227
16227
16228
16228
16229
16229
16230
16230
16231
16231
16232
16232
16233
16233
16234
16234
16235
16235
16236
16236
16237
16237
16238
16238
16239
16239
16240
16240
16241
16241
16242
16242
16243
16243
16244
16244
16245
16245
16246
16246
16247
16247
16248
16248
16249
16249
16250
16250
16251
16251
16252
16252
16253
16253
16254
16254
16255
16255
16256
16256
16257
16257
16258
16258
16259
16259
16260
16260
16261
16261
16262
16262
16263
16263
16264
16264
16265
16265
16266
16266
16267
16267
16268
16268
16269
16269
16270
16270
16271
16271
16272
16272
16273
16273
16274
16274
16275
16275
16276
16276
16277
16277
16278
16278
16279
16279
16280
16280
16281
16281
16282
16282
16283
16283
16284
16284
16285
16285
16286
16286
16287
16287
16288
16288
16289
16289
16290
16290
16291
16291
16292
16292
16293
16293
16294
16294
16295
16295
16296
16296
16297
16297
16298
16298
16299
16299
16300
16300
16301
16301
16302
16302
16303
16303
16304
16304
16305
16305
16306
16306
16307
16307
16308
16308
16309
16309
16310
16310
16311
16311
16312
16312
16313
16313
16314
16314
16315
16315
16316
16316
16317
16317
16318
16318
16319
16319
16320
16320
16321
16321
16322
16322
16323
16323
16324
16324
16325
16325
16326
16326
16327
16327
16328
16328
16329
16329
16330
16330
16331
16331
16332
16332
16333
16333
16334
16334
16335
16335
16336
16336
16337
16337
16338
16338
16339
16339
16340
16340
16341
16341
16342
16342
16343
16343
16344
16344
16345
16345
16346
16346
16347
16347
16348
16348
16349
16349
16350
16350
16351
16351
16352
16352
16353
16353
16354
16354
16355
16355
16356
16356
16357
16357
16358
16358
16359
16359
16360
16360
16361
16361
16362
16362
16363
16363
16364
16364
16365
16365
16366
16366
16367
16367
16368
16368
16369
16369
16370
16370
16371
16371
16372
16372
16373
16373
16374
16374
16375
16375
16376
16376
16377
16377
16378
16378
16379
16379
16380
16380
16381
16381
16382
16382
16383
16383
16384
16384
16385
16385
16386
16386
16387
16387
16388
16388
16389
16389
16390
16390
16391
16391
16392
16392
16393
16393
16394
16394
16395
16395
16396
16396
16397
16397
16398
16398
16399
16399
16400
16400
16401
16401
16402
16402
16403
16403
16404
16404
16405
16405
16406
16406
16407
16407
16408
16408
16409
16409
16410
16410
16411
16411
16412
16412
16413
16413
16414
16414
16415
16415
16416
16416
16417
16417
16418
16418
16419
16419
16420
16420
16421
16421
16422
16422
16423
16423
16424
16424
16425
16425
16426
16426
16427
16427
16428
16428
16429
16429
16430
16430
16431
16431
16432
16432
16433
16433
16434
16434
16435
16435
16436
16436
16437
16437
16438
16438
16439
16439
16440
16440
16441
16441
16442
16442
16443
16443
16444
16444
16445
16445
16446
16446
16447
16447
16448
16448
16449
16449
16450
16450
16451
16451
16452
16452
16453
16453
16454
16454
16455
16455
16456
16456
16457
16457
16458
16458
16459
16459
16460
16460
16461
16461
16462
16462
16463
16463
16464
16464
16465
16465
16466
16466
16467
16467
16468
16468
16469
16469
16470
16470
16471
16471
16472
16472
16473
16473
16474
16474
16475
16475
16476
16476
16477
16477
16478
16478
16479
16479
16480
16480
16481
16481
16482
16482
16483
16483
16484
16484
16485
16485
16486
16486
16487
16487
16488
16488
16489
16489
16490
16490
16491
16491
16492
16492
16493
16493
16494
16494
16495
16495
16496
16496
16497
16497
16498
16498
16499
16499
16500
16500
16501
16501
16502
16502
16503
16503
16504
16504
16505
16505
16506
16506
16507
16507
16508
16508
16509
16509
16510
16510
16511
16511
16512
16512
16513
16513
16514
16514
16515
16515
16516
16516
16517
16517
16518
16518
16519
16519
16520
16520
16521
16521
16522
16522
16523
16523
16524
16524
16525
16525
16526
16526
16527
16527
16528
16528
16529
16529
16530
16530
16531
16531
16532
16532
16533
16533
16534
16534
16535
16535
16536
16536
16537
16537
16538
16538
16539
16539
16540
16540
16541
16541
16542
16542
16543
16543
16544
16544
16545
16545
16546
16546
16547
16547
16548
16548
16549
16549
16550
16550
16551
16551
16552
16552
16553
16553
16554
16554
16555
16555
16556
16556
16557
16557
16558
16558
16559
16559
16560
16560
16561
16561
16562
16562
16563
16563
16564
16564
16565
16565
16566
16566
16567
16567
16568
16568
16569
16569
16570
16570
16571
16571
16572
16572
16573
16573
16574
16574
16575
16575
16576
16576
16577
16577
16578
16578
16579
16579
16580
16580
16581
16581
16582
16582
16583
16583
16584
16584
16585
16585
16586
16586
16587
16587
16588
16588
16589
16589
16590
16590
16591
16591
16592
16592
16593
16593
16594
16594
16595
16595
16596
16596
16597
16597
16598
16598
16599
16599
16600
16600
16601
16601
16602
16602
16603
16603
16604
16604
16605
16605
16606
16606
16607
16607
16608
16608
16609
16609
16610
16610
16611
16611
16612
16612
16613
16613
16614
16614
16615
16615
16616
16616
16617
16617
16618
16618
16619
16619
16620
16620
16621
16621
16622
16622
16623
16623
16624
16624
16625
16625
16626
16626
16627
16627
16628
16628
16629
16629
16630
16630
16631
16631
16632
16632
16633
16633
16634
16634
16635
16635
16636
16636
16637
16637
16638
16638
16639
16639
16640
16640
16641
16641
16642
16642
16643
16643
16644
16644
16645
16645
16646
16646
16647
16647
16648
16648
16649
16649
16650
16650
16651
16651
16652
16652
16653
16653
16654
16654
16655
16655
16656
16656
16657
16657
16658
16658
16659
16659
16660
16660
16661
16661
16662
16662
16663
16663
16664
16664
16665
16665
16666
16666
16667
16667
16668
16668
16669
16669
16670
16670
16671
16671
16672
16672
16673
16673
16674
16674
16675
16675
16676
16676
16677
16677
16678
16678
16679
16679
16680
16680
16681
16681
16682
16682
16683
16683
16684
16684
16685
16685
16686
16686
16687
16687
16688
16688
16689
16689
16690
16690
16691
16691
16692
16692
16693
16693
16694
16694
16695
16695
16696
16696
16697
16697
16698
16698
16699
16699
16700
16700
16701
16701
16702
16702
16703
16703
16704
16704
16705
16705
16706
16706
16707
16707
16708
16708
16709
16709
16710
16710
16711
16711
16712
16712
16713
16713
16714
16714
16715
16715
16716
16716
16717
16717
16718
16718
16719
16719
16720
16720
16721
16721
16722
16722
16723
16723
16724
16724
16725
16725
16726
16726
16727
16727
16728
16728
16729
16729
16730
16730
16731
16731
16732
16732
16733
16733
16734
16734
16735
16735
16736
16736
16737
16737
16738
16738
16739
16739
16740
16740
16741
16741
16742
16742
16743
16743
16744
16744
16745
16745
16746
16746
16747
16747
16748
16748
16749
16749
16750
16750
16751
16751
16752
16752
16753
16753
16754
16754
16755
16755
16756
16756
16757
16757
16758
16758
16759
16759
16760
16760
16761
16761
16762
16762
16763
16763
16764
16764
16765
16765
16766
16766
16767
16767
16768
16768
16769
16769
16770
16770
16771
16771
16772
16772
16773
16773
16774
16774
16775
16775
16776
16776
16777
16777
16778
16778
16779
16779
16780
16780
16781
16781
16782
16782
16783
16783
16784
16784
16785
16785
16786
16786
16787
16787
16788
16788
16789
16789
16790
16790
16791
16791
16792
16792
16793
16793
16794
16794
16795
16795
16796
16796
16797
16797
16798
16798
16799
16799
16800
16800
16801
16801
16802
16802
16803
16803
16804
16804
16805
16805
16806
16806
16807
16807
16808
16808
16809
16809
16810
16810
16811
16811
16812
16812
16813
16813
16814
16814
16815
16815
16816
16816
16817
16817
16818
16818
16819
16819
16820
16820
16821
16821
16822
16822
16823
16823
16824
16824
16825
16825
16826
16826
16827
16827
16828
16828
16829
16829
16830
16830
16831
16831
16832
16832
16833
16833
16834
16834
16835
16835
16836
16836
16837
16837
16838
16838
16839
16839
16840
16840
16841
16841
16842
16842
16843
16843
16844
16844
16845
16845
16846
16846
16847
16847
16848
16848
16849
16849
16850
16850
16851
16851
16852
16852
16853
16853
16854
16854
16855
16855
16856
16856
16857
16857
16858
16858
16859
16859
16860
16860
16861
16861
16862
16862
16863
16863
16864
16864
16865
16865
16866
16866
16867
16867
16868
16868
16869
16869
16870
16870
16871
16871
16872
16872
16873
16873
16874
16874
16875
16875
16876
16876
16877
16877
16878
16878
16879
16879
16880
16880
16881
16881
16882
16882
16883
16883
16884
16884
16885
16885
16886
16886
16887
16887
16888
16888
16889
16889
16890
16890
16891
16891
16892
16892
16893
16893
16894
16894
16895
16895
16896
16896
16897
16897
16898
16898
16899
16899
16900
16900
16901
16901
16902
16902
16903
16903
16904
16904
16905
16905
16906
16906
16907
16907
16908
16908
16909
16909
16910
16910
16911
16911
16912
16912
16913
16913
16914
16914
16915
16915
16916
16916
16917
16917
16918
16918
16919
16919
16920
16920
16921
16921
16922
16922
16923
16923
16924
16924
16925
16925
16926
16926
16927
16927
16928
16928
16929
16929
16930
16930
16931
16931
16932
16932
16933
16933
16934
16934
16935
16935
16936
16936
16937
16937
16938
16938
16939
16939
16940
16940
16941
16941
16942
16942
16943
16943
16944
16944
16945
16945
16946
16946
16947
16947
16948
16948
16949
16949
16950
16950
16951
16951
16952
16952
16953
16953
16954
16954
16955
16955
16956
16956
16957
16957
16958
16958
16959
16959
16960
16960
16961
16961
16962
16962
16963
16963
16964
16964
16965
16965
16966
16966
16967
16967
16968
16968
16969
16969
16970
16970
16971
16971
16972
16972
16973
16973
16974
16974
16975
16975
16976
16976
16977
16977
16978
16978
16979
16979
16980
16980
16981
16981
16982
16982
16983
16983
16984
16984
16985
16985
16986
16986
16987
16987
16988
16988
16989
16989
16990
16990
16991
16991
16992
16992
16993
16993
16994
16994
16995
16995
16996
16996
16997
16997
16998
16998
16999
16999
17000
17000
17001
17001
17002
17002
17003
17003
17004
17004
17005
17005
17006
17006
17007
17007
17008
17008
17009
17009
17010
17010
17011
17011
17012
17012
17013
17013
17014
17014
17015
17015
17016
17016
17017
17017
17018
17018
17019
17019
17020
17020
17021
17021
17022
17022
17023
17023
17024
17024
17025
17025
17026
17026
17027
17027
17028
17028
17029
17029
17030
17030
17031
17031
17032
17032
17033
17033
17034
17034
17035
17035
17036
17036
17037
17037
17038
17038
17039
17039
17040
17040
17041
17041
17042
17042
17043
17043
17044
17044
17045
17045
17046
17046
17047
17047
17048
17048
17049
17049
17050
17050
17051
17051
17052
17052
17053
17053
17054
17054
17055
17055
17056
17056
17057
17057
17058
17058
17059
17059
17060
17060
17061
17061
17062
17062
17063
17063
17064
17064
17065
17065
17066
17066
17067
17067
17068
17068
17069
17069
17070
17070
17071
17071
17072
17072
17073
17073
17074
17074
17075
17075
17076
17076
17077
17077
17078
17078
17079
17079
17080
17080
17081
17081
17082
17082
17083
17083
17084
17084
17085
17085
17086
17086
17087
17087
17088
17088
17089
17089
17090
17090
17091
17091
17092
17092
17093
17093
17094
17094
17095
17095
17096
17096
17097
17097
17098
17098
17099
17099
17100
17100
17101
17101
17102
17102
17103
17103
17104
17104
17105
17105
17106
17106
17107
17107
17108
17108
17109
17109
17110
17110
17111
17111
17112
17112
17113
17113
17114
17114
17115
17115
17116
17116
17117
17117
17118
17118
17119
17119
17120
17120
17121
17121
17122
17122
17123
17123
17124
17124
17125
17125
17126
17126
17127
17127
17128
17128
17129
17129
17130
17130
17131
17131
17132
17132
17133
17133
17134
17134
17135
17135
17136
17136
17137
17137
17138
17138
17139
17139
17140
17140
17141
17141
17142
17142
17143
17143
17144
17144
17145
17145
17146
17146
17147
17147
17148
17148
17149
17149
17150
17150
17151
17151
17152
17152
17153
17153
17154
17154
17155
17155
17156
17156
17157
17157
17158
17158
17159
17159
17160
17160
17161
17161
17162
17162
17163
17163
17164
17164
17165
17165
17166
17166
17167
17167
17168
17168
17169
17169
17170
17170
17171
17171
17172
17172
17173
17173
17174
17174
17175
17175
17176
17176
17177
17177
17178
17178
17179
17179
17180
17180
17181
17181
17182
17182
17183
17183
17184
17184
17185
17185
17186
17186
17187
17187
17188
17188
17189
17189
17190
17190
17191
17191
17192
17192
17193
17193
17194
17194
17195
17195
17196
17196
17197
17197
17198
17198
17199
17199
17200
17200
17201
17201
17202
17202
17203
17203
17204
17204
17205
17205
17206
17206
17207
17207
17208
17208
17209
17209
17210
17210
17211
17211
17212
17212
17213
17213
17214
17214
17215
17215
17216
17216
17217
17217
17218
17218
17219
17219
17220
17220
17221
17221
17222
17222
17223
17223
17224
17224
17225
17225
17226
17226
17227
17227
17228
17228
17229
17229
17230
17230
17231
17231
17232
17232
17233
17233
17234
17234
17235
17235
17236
17236
17237
17237
17238
17238
17239
17239
17240
17240
17241
17241
17242
17242
17243
17243
17244
17244
17245
17245
17246
17246
17247
17247
17248
17248
17249
17249
17250
17250
17251
17251
17252
17252
17253
17253
17254
17254
17255
17255
17256
17256
17257
17257
17258
17258
17259
17259
17260
17260
17261
17261
17262
17262
17263
17263
17264
17264
17265
17265
17266
17266
17267
17267
17268
17268
17269
17269
17270
17270
17271
17271
17272
17272
17273
17273
17274
17274
17275
17275
17276
17276
17277
17277
17278
17278
17279
17279
17280
17280
17281
17281
17282
17282
17283
17283
17284
17284
17285
17285
17286
17286
17287
17287
17288
17288
17289
17289
17290
17290
17291
17291
17292
17292
17293
17293
17294
17294
17295
17295
17296
17296
17297
17297
17298
17298
17299
17299
17300
17300
17301
17301
17302
17302
17303
17303
17304
17304
17305
17305
17306
17306
17307
17307
17308
17308
17309
17309
17310
17310
17311
17311
17312
17312
17313
17313
17314
17314
17315
17315
17316
17316
17317
17317
17318
17318
17319
17319
17320
17320
17321
17321
17322
17322
17323
17323
17324
17324
17325
17325
17326
17326
17327
17327
17328
17328
17329
17329
17330
17330
17331
17331
17332
17332
17333
17333
17334
17334
17335
17335
17336
17336
17337
17337
17338
17338
17339
17339
17340
17340
17341
17341
17342
17342
17343
17343
17344
17344
17345
17345
17346
17346
17347
17347
17348
17348
17349
17349
17350
17350
17351
17351
17352
17352
17353
17353
17354
17354
17355
17355
17356
17356
17357
17357
17358
17358
17359
17359
17360
17360
17361
17361
17362
17362
17363
17363
17364
17364
17365
17365
17366
17366
17367
17367
17368
17368
17369
17369
17370
17370
17371
17371
17372
17372
17373
17373
17374
17374
17375
17375
17376
17376
17377
17377
17378
17378
17379
17379
17380
17380
17381
17381
17382
17382
17383
17383
17384
17384
17385
17385
17386
17386
17387
17387
17388
17388
17389
17389
17390
17390
17391
17391
17392
17392
17393
17393
17394
17394
17395
17395
17396
17396
17397
17397
17398
17398
17399
17399
17400
17400
17401
17401
17402
17402
17403
17403
17404
17404
17405
17405
17406
17406
17407
17407
17408
17408
17409
17409
17410
17410
17411
17411
17412
17412
17413
17413
17414
17414
17415
17415
17416
17416
17417
17417
17418
17418
17419
17419
17420
17420
17421
17421
17422
17422
17423
17423
17424
17424
17425
17425
17426
17426
17427
17427
17428
17428
17429
17429
17430
17430
17431
17431
17432
17432
17433
17433
17434
17434
17435
17435
17436
17436
17437
17437
17438
17438
17439
17439
17440
17440
17441
17441
17442
17442
17443
17443
17444
17444
17445
17445
17446
17446
17447
17447
17448
17448
17449
17449
17450
17450
17451
17451
17452
17452
17453
17453
17454
17454
17455
17455
17456
17456
17457
17457
17458
17458
17459
17459
17460
17460
17461
17461
17462
17462
17463
17463
17464
17464
17465
17465
17466
17466
17467
17467
17468
17468
17469
17469
17470
17470
17471
17471
17472
17472
17473
17473
17474
17474
17475
17475
17476
17476
17477
17477
17478
17478
17479
17479
17480
17480
17481
17481
17482
17482
17483
17483
17484
17484
17485
17485
17486
17486
17487
17487
17488
17488
17489
17489
17490
17490
17491
17491
17492
17492
17493
17493
17494
17494
17495
17495
17496
17496
17497
17497
17498
17498
17499
17499
17500
17500
17501
17501
17502
17502
17503
17503
17504
17504
17505
17505
17506
17506
17507
17507
17508
17508
17509
17509
17510
17510
17511
17511
17512
17512
17513
17513
17514
17514
17515
17515
17516
17516
17517
17517
17518
17518
17519
17519
17520
17520
17521
17521
17522
17522
17523
17523
17524
17524
17525
17525
17526
17526
17527
17527
17528
17528
17529
17529
17530
17530
17531
17531
17532
17532
17533
17533
17534
17534
17535
17535
17536
17536
17537
17537
17538
17538
17539
17539
17540
17540
17541
17541
17542
17542
17543
17543
17544
17544
17545
17545
17546
17546
17547
17547
17548
17548
17549
17549
17550
17550
17551
17551
17552
17552
17553
17553
17554
17554
17555
17555
17556
17556
17557
17557
17558
17558
17559
17559
17560
17560
17561
17561
17562
17562
17563
17563
17564
17564
17565
17565
17566
17566
17567
17567
17568
17568
17569
17569
17570
17570
17571
17571
17572
17572
17573
17573
17574
17574
17575
17575
17576
17576
17577
17577
17578
17578
17579
17579
17580
17580
17581
17581
17582
17582
17583
17583
17584
17584
17585
17585
17586
17586
17587
17587
17588
17588
17589
17589
17590
17590
17591
17591
17592
17592
17593
17593
17594
17594
17595
17595
17596
17596
17597
17597
17598
17598
17599
17599
17600
17600
17601
17601
17602
17602
17603
17603
17604
17604
17605
17605
17606
17606
17607
17607
17608
17608
17609
17609
17610
17610
17611
17611
17612
17612
17613
17613
17614
17614
17615
17615
17616
17616
17617
17617
17618
17618
17619
17619
17620
17620
17621
17621
17622
17622
17623
17623
17624
17624
17625
17625
17626
17626
17627
17627
17628
17628
17629
17629
17630
17630
17631
17631
17632
17632
17633
17633
17634
17634
17635
17635
17636
17636
17637
17637
17638
17638
17639
17639
17640
17640
17641
17641
17642
17642
17643
17643
17644
17644
17645
17645
17646
17646
17647
17647
17648
17648
17649
17649
17650
17650
17651
17651
17652
17652
17653
17653
17654
17654
17655
17655
17656
17656
17657
17657
17658
17658
17659
17659
17660
17660
17661
17661
17662
17662
17663
17663
17664
17664
17665
17665
17666
17666
17667
17667
17668
17668
17669
17669
17670
17671
17672
17673
17674
17675
17676
17677
17678
17679
17680
17681
17682
17683
17684
17685
17686
17687
17688
17689
17690
17691
17692
17693
17694
17695
17696
17697
17698
17699
17700
17701
17702
17703
17704
17705
17706
17707
17708
17709
17710
17711
17712
17713
17714
17715
17716
17717
17718
17719
17720
17721
17722
17723
17724
17725
17726
17727
17728
17729
17730
17731
17732
17733
17734
17735
17736
17737
17738
17739
17740
17741
17742
17743
17744
17745
17746
17747
17748
17749
17750
17751
17752
17753
17754
17755
17756
17757
17758
17759
17760
17761
17762
17763
17764
17765
17766
17767
17768
17769
17770
17771
17772
17773
17774
17775
17776
17777
17778
17779
17779
17780
17780
17781
17781
17782
17782
17783
17783
17784
17784
17785
17785
17786
17786
17787
17788
17788
17789
17789
17790
17790
17791
17791
17792
17792
17793
17793
17794
17794
17795
17795
17796
17797
17797
17798
17798
17799
17799
17800
17800
17801
17801
17802
17802
17803
17803
17804
17804
17805
17806
17806
17807
17807
17808
17808
17809
17809
17810
17810
17811
17811
17812
17812
17813
17813
17814
17815
17815
17816
17816
17817
17817
17818
17818
17819
17819
17820
17820
17821
17821
17822
17822
17823
17824
17824
17825
17825
17826
17826
17827
17827
17828
17828
17829
17829
17830
17830
17831
17831
17832
17833
17833
17834
17834
17835
17835
17836
17836
17837
17837
17838
17838
17839
17839
17840
17840
17841
17842
17842
17843
17843
17844
17844
17845
17845
17846
17846
17847
17847
17848
17848
17849
17849
17850
17851
17851
17852
17852
17853
17853
17854
17854
17855
17855
17856
17856
17857
17857
17858
17858
17859
17860
17860
17861
17861
17862
17862
17863
17863
17864
17864
17865
17865
17866
17866
17867
17867
17868
17869
17869
17870
17870
17871
17871
17872
17872
17873
17873
17874
17874
17875
17875
17876
17876
17877
17878
17878
17879
17879
17880
17880
17881
17881
17882
17882
17883
17883
17884
17884
17885
17885
17886
17887
17887
17888
17888
17889
17889
17890
17890
17891
17891
17892
17892
17893
17893
17894
17894
17895
17896
17896
17897
17897
17898
17898
17899
17899
17900
17900
17901
17901
17902
17902
17903
17903
17904
17905
17905
17906
17906
17907
17907
17908
17908
17909
17909
17910
17910
17911
17911
17912
17912
17913
17914
17914
17915
17915
17916
17916
17917
17917
17918
17918
17919
17919
17920
17920
17921
17921
17922
17923
17923
17924
17924
17925
17925
17926
17926
17927
17927
17928
17928
17929
17929
17930
17930
17931
17932
17932
17933
17933
17934
17934
17935
17935
17936
17936
17937
17937
17938
17938
17939
17939
17940
17941
17941
17942
17942
17943
17943
17944
17944
17945
17945
17946
17946
17947
17947
17948
17948
17949
17950
17950
17951
17951
17952
17952
17953
17953
17954
17954
17955
17955
17956
17956
17957
17957
17958
17959
17959
17960
17960
17961
17961
17962
17962
17963
17963
17964
17964
17965
17965
17966
17966
17967
17968
17968
17969
17969
17970
17970
17971
17971
17972
17972
17973
17973
17974
17974
17975
17975
17976
17977
17977
17978
17978
17979
17979
17980
17980
17981
17981
17982
17982
17983
17983
17984
17984
17985
17986
17986
17987
17987
17988
17988
17989
17989
17990
17990
17991
17991
17992
17992
17993
17993
17994
17995
17995
17996
17996
17997
17997
17998
17998
17999
17999
18000
18000
18001
18001
18002
18002
18003
18004
18004
18005
18005
18006
18006
18007
18007
18008
18008
18009
18009
18010
18010
18011
18011
18012
18013
18013
18014
18014
18015
18015
18016
18016
18017
18017
18018
18018
18019
18019
18020
18020
18021
18022
18022
18023
18023
18024
18024
18025
18025
18026
18026
18027
18027
18028
18028
18029
18029
18030
18031
18031
18032
18032
18033
18033
18034
18034
18035
18035
18036
18036
18037
18037
18038
18038
18039
18040
18040
18041
18041
18042
18042
18043
18043
18044
18044
18045
18045
18046
18046
18047
18047
18048
18049
18049
18050
18050
18051
18051
18052
18052
18053
18053
18054
18054
18055
18055
18056
18056
18057
18058
18058
18059
18059
18060
18060
18061
18061
18062
18062
18063
18063
18064
18064
18065
18065
18066
18067
18067
18068
18068
18069
18069
18070
18070
18071
18071
18072
18072
18073
18073
18074
18074
18075
18076
18076
18077
18077
18078
18078
18079
18079
18080
18080
18081
18081
18082
18082
18083
18083
18084
18085
18085
18086
18086
18087
18087
18088
18088
18089
18089
18090
18090
18091
18091
18092
18092
18093
18094
18094
18095
18095
18096
18096
18097
18097
18098
18098
18099
18099
18100
18100
18101
18101
18102
18103
18103
18104
18104
18105
18105
18106
18106
18107
18107
18108
18108
18109
18109
18110
18110
18111
18112
18112
18113
18113
18114
18114
18115
18115
18116
18116
18117
18117
18118
18118
18119
18119
18120
18121
18121
18122
18122
18123
18123
18124
18124
18125
18125
18126
18126
18127
18127
18128
18128
18129
18130
18130
18131
18131
18132
18132
18133
18133
18134
18134
18135
18135
18136
18136
18137
18137
18138
18139
18139
18140
18140
18141
18141
18142
18142
18143
18143
18144
18144
18145
18145
18146
18146
18147
18148
18148
18149
18149
18150
18150
18151
18151
18152
18152
18153
18153
18154
18154
18155
18155
18156
18157
18157
18158
18158
18159
18159
18160
18160
18161
18161
18162
18162
18163
18163
18164
18164
18165
18166
18166
18167
18167
18168
18168
18169
18169
18170
18170
18171
18171
18172
18172
18173
18173
18174
18175
18175
18176
18176
18177
18177
18178
18178
18179
18179
18180
18180
18181
18181
18182
18182
18183
18184
18184
18185
18185
18186
18186
18187
18187
18188
18188
18189
18189
18190
18190
18191
18191
18192
18193
18193
18194
18194
18195
18195
18196
18196
18197
18197
18198
18198
18199
18199
18200
18200
18201
18202
18202
18203
18203
18204
18204
18205
18205
18206
18206
18207
18207
18208
18208
18209
18209
18210
18211
18211
18212
18212
18213
18213
18214
18214
18215
18215
18216
18216
18217
18217
18218
18218
18219
18220
18220
18221
18221
18222
18222
18223
18223
18224
18224
18225
18225
18226
18226
18227
18227
18228
18229
18229
18230
18230
18231
18231
18232
18232
18233
18233
18234
18234
18235
18235
18236
18236
18237
18238
18238
18239
18239
18240
18240
18241
18241
18242
18242
18243
18243
18244
18244
18245
18245
18246
18247
18247
18248
18248
18249
18249
18250
18250
18251
18251
18252
18252
18253
18253
18254
18254
18255
18256
18256
18257
18257
18258
18258
18259
18259
18260
18260
18261
18261
18262
18262
18263
18263
18264
18265
18265
18266
18266
18267
18267
18268
18268
18269
18269
18270
18270
18271
18271
18272
18272
18273
18274
18274
18275
18275
18276
18276
18277
18277
18278
18278
18279
18279
18280
18280
18281
18281
18282
18283
18283
18284
18284
18285
18285
18286
18286
18287
18287
18288
18288
18289
18289
18290
18290
18291
18292
18292
18293
18293
18294
18294
18295
18295
18296
18296
18297
18297
18298
18298
18299
18299
18300
18301
18301
18302
18302
18303
18303
18304
18304
18305
18305
18306
18306
18307
18307
18308
18308
18309
18310
18310
18311
18311
18312
18312
18313
18313
18314
18314
18315
18315
18316
18316
18317
18317
18318
18319
18320
18321
18322
18323
18324
18325
18326
18328
18328
18328
18329
18329
18329
18330
18330
18330
18331
18331
18331
18332
18332
18332
18333
18333
18333
18334
18334
18334
18335
18335
18335
18336
18336
18336
18337
18337
18337
18338
18338
18339
18339
18340
18340
18341
18341
18342
18342
18343
18343
18344
18344
18345
18345
18346
18346
18347
18347
18348
18348
18349
18349
18350
18350
18351
18351
18352
18352
18353
18353
18354
18354
18355
18355
18356
18356
18357
18357
18358
18358
18359
18359
18360
18360
18361
18361
18362
18362
18363
18363
18364
18364
18365
18365
18366
18366
18367
18367
18368
18368
18369
18369
18370
18370
18371
18371
18372
18372
18373
18373
18374
18374
18375
18375
18376
18376
18377
18377
18378
18378
18379
18379
18380
18380
18381
18381
18382
18382
18383
18383
18384
18384
18385
18385
18386
18386
18387
18387
18388
18388
18389
18389
18390
18390
18391
18391
18392
18392
18393
18393
18394
18394
18395
18395
18396
18396
18397
18397
18398
18398
18399
18399
18400
18400
18401
18401
18402
18402
18403
18403
18404
18404
18405
18405
18406
18406
18407
18407
18408
18408
18409
18409
18410
18410
18411
18411
18412
18412
18413
18413
18414
18414
18415
18415
18416
18416
18417
18417
18418
18418
18419
18419
18420
18420
18421
18421
18422
18422
18423
18423
18424
18424
18425
18425
18426
18426
18427
18427
18428
18428
18429
18429
18430
18430
18431
18431
18432
18432
18433
18433
18434
18434
18435
18435
18436
18436
18437
18437
18438
18438
18439
18439
18440
18440
18441
18441
18442
18442
18443
18443
18444
18444
18445
18445
18446
18446
18447
18447
18448
18448
18449
18449
18450
18450
18451
18451
18452
18452
18453
18453
18454
18454
18455
18455
18456
18456
18457
18457
18458
18458
18459
18459
18460
18460
18461
18461
18462
18462
18463
18463
18464
18464
18465
18465
18466
18466
18467
18467
18468
18468
18469
18469
18470
18470
18471
18471
18472
18472
18473
18473
18474
18474
18475
18475
18476
18476
18477
18477
18478
18478
18479
18479
18480
18480
18481
18481
18482
18482
18483
18483
18484
18484
18485
18485
18486
18486
18487
18487
18488
18488
18489
18489
18490
18490
18491
18491
18492
18492
18493
18493
18494
18494
18495
18495
18496
18496
18497
18497
18498
18499
18500
18501
18502
18503
18504
18505
18506
18507
18508
18508
18508
18509
18509
18509
18510
18510
18510
18511
18511
18511
18512
18512
18512
18513
18513
18513
18514
18514
18514
18515
18515
18515
18516
18516
18516
18517
18517
18517
18518
18518
18518
18519
18519
18519
18520
18520
18520
18521
18521
18521
18522
18522
18522
18523
18523
18523
18524
18524
18524
18525
18525
18525
18526
18526
18526
18527
18527
18527
18528
18528
18528
18529
18529
18529
18530
18530
18530
18531
18531
18531
18532
18532
18532
18533
18533
18533
18534
18534
18534
18535
18535
18535
18536
18536
18536
18537
18537
18537
18538
18538
18538
18539
18539
18539
18540
18540
18540
18541
18541
18541
18542
18542
18542
18543
18543
18543
18544
18544
18544
18545
18545
18545
18546
18546
18546
18547
18547
18547
18548
18548
18548
18549
18549
18549
18550
18550
18550
18551
18551
18551
18552
18552
18552
18553
18553
18553
18554
18554
18554
18555
18555
18555
18556
18556
18556
18557
18557
18557
18558
18558
18558
18559
18559
18559
18560
18560
18560
18561
18561
18561
18562
18562
18562
18563
18563
18563
18564
18564
18564
18565
18565
18565
18566
18566
18566
18567
18567
18567
18568
18568
18568
18569
18569
18569
18570
18570
18570
18571
18571
18571
18572
18572
18572
18573
18573
18573
18574
18574
18574
18575
18575
18575
18576
18576
18576
18577
18577
18577
18578
18578
18578
18579
18579
18579
18580
18580
18580
18581
18581
18581
18582
18582
18582
18583
18583
18583
18584
18584
18584
18585
18585
18585
18586
18586
18586
18587
18587
18587
18588
18588
18588
18589
18589
18589
18590
18590
18590
18591
18591
18591
18592
18592
18592
18593
18593
18593
18594
18594
18594
18595
18595
18595
18596
18596
18596
18597
18597
18597
18598
18598
18598
18599
18599
18599
18600
18600
18600
18601
18601
18601
18602
18602
18602
18603
18603
18603
18604
18604
18604
18605
18605
18605
18606
18606
18606
18607
18607
18607
18608
18608
18608
18609
18609
18609
18610
18610
18610
18611
18611
18611
18612
18612
18612
18613
18613
18613
18614
18614
18614
18615
18615
18615
18616
18616
18616
18617
18617
18617
18618
18618
18618
18619
18619
18619
18620
18620
18620
18621
18621
18621
18622
18622
18622
18623
18623
18623
18624
18624
18624
18625
18625
18625
18626
18626
18626
18627
18627
18627
18628
18628
18628
18629
18629
18629
18630
18630
18630
18631
18631
18631
18632
18632
18632
18633
18633
18633
18634
18634
18634
18635
18635
18635
18636
18636
18636
18637
18637
18637
18638
18638
18638
18639
18639
18640
18640
18641
18641
18642
18642
18643
18643
18644
18644
18645
18645
18646
18646
18647
18647
18648
18648
18649
18649
18650
18650
18651
18651
18652
18652
18653
18653
18654
18654
18655
18655
18656
18656
18657
18657
18658
18658
18659
18659
18660
18660
18661
18661
18662
18662
18663
18663
18664
18664
18665
18665
18666
18666
18667
18667
18668
18668
18669
18669
18670
18670
18671
18671
18672
18672
18673
18673
18674
18674
18675
18675
18676
18676
18677
18677
18678
18678
18679
18679
18680
18680
18681
18681
18682
18682
18683
18683
18684
18684
18685
18685
18686
18686
18687
18687
18688
18688
18689
18689
18690
18690
18691
18691
18692
18692
18693
18693
18694
18694
18695
18695
18696
18696
18697
18697
18698
18698
18699
18699
18700
18700
18701
18701
18702
18702
18703
18703
18704
18704
18705
18705
18706
18706
18707
18707
18708
18708
18709
18709
18710
18710
18711
18711
18712
18712
18713
18713
18714
18714
18715
18715
18716
18716
18717
18717
18718
18718
18719
18719
18720
18720
18721
18721
18722
18722
18723
18723
18724
18724
18725
18725
18726
18726
18727
18727
18728
18728
18729
18729
18730
18730
18731
18731
18732
18732
18733
18733
18734
18734
18735
18735
18736
18736
18737
18737
18738
18738
18739
18739
18740
18740
18741
18741
18742
18742
18743
18743
18744
18744
18745
18745
18746
18746
18747
18747
18748
18748
18749
18749
18750
18750
18751
18751
18752
18752
18753
18753
18754
18754
18755
18755
18756
18756
18757
18757
18758
18758
18759
18759
18760
18760
18761
18761
18762
18762
18763
18763
18764
18764
18765
18765
18766
18766
18767
18767
18768
18768
18769
18769
18770
18770
18771
18772
18772
18773
18773
18774
18774
18775
18775
18776
18776
18777
18777
18778
18778
18779
18779
18780
18780
18781
18781
18782
18782
18783
18783
18784
18784
18785
18785
18786
18786
18787
18787
18788
18788
18789
18789
18790
18790
18791
18791
18792
18792
18793
18793
18794
18794
18795
18795
18796
18796
18797
18797
18798
18798
18799
18799
18800
18800
18801
18801
18802
18802
18803
18803
18804
18804
18805
18805
18806
18806
18807
18807
18808
18808
18809
18809
18810
18810
18811
18811
18812
18812
18813
18813
18814
18814
18815
18815
18816
18816
18817
18817
18818
18818
18819
18819
18820
18820
18821
18821
18822
18822
18823
18823
18824
18824
18825
18825
18826
18826
18827
18827
18828
18828
18829
18829
18830
18830
18831
18831
18832
18832
18833
18833
18834
18834
18835
18835
18836
18836
18837
18837
18838
18838
18839
18839
18840
18840
18841
18841
18842
18842
18843
18843
18844
18844
18845
18845
18846
18846
18847
18847
18848
18848
18849
18849
18850
18850
18851
18851
18852
18852
18853
18853
18854
18854
18855
18855
18856
18856
18857
18857
18858
18858
18859
18859
18860
18860
18861
18861
18862
18862
18863
18863
18864
18864
18865
18865
18866
18866
18867
18867
18868
18868
18869
18869
18870
18870
18871
18871
18872
18872
18873
18873
18874
18874
18875
18875
18876
18876
18877
18877
18878
18878
18879
18879
18880
18880
18881
18881
18882
18882
18883
18883
18884
18884
18885
18885
18886
18886
18887
18887
18888
18888
18889
18889
18890
18890
18891
18891
18892
18892
18893
18893
18894
18894
18895
18895
18896
18896
18897
18897
18898
18898
18899
18899
18900
18900
18901
18901
18902
18902
18903
18904
18904
18905
18905
18906
18906
18907
18907
18908
18908
18909
18909
18910
18910
18911
18911
18912
18912
18913
18913
18914
18914
18915
18915
18916
18916
18917
18917
18918
18918
18919
18919
18920
18920
18921
18921
18922
18922
18923
18923
18924
18924
18925
18925
18926
18926
18927
18927
18928
18928
18929
18929
18930
18930
18931
18931
18932
18932
18933
18933
18934
18934
18935
18935
18936
18936
18937
18937
18938
18938
18939
18939
18940
18940
18941
18941
18942
18942
18943
18943
18944
18944
18945
18945
18946
18946
18947
18947
18948
18948
18949
18949
18950
18950
18951
18951
18952
18952
18953
18953
18954
18954
18955
18955
18956
18956
18957
18957
18958
18958
18959
18959
18960
18960
18961
18961
18962
18962
18963
18963
18964
18964
18965
18965
18966
18966
18967
18967
18968
18968
18969
18969
18970
18970
18971
18971
18972
18972
18973
18973
18974
18974
18975
18975
18976
18976
18977
18977
18978
18978
18979
18979
18980
18980
18981
18981
18982
18982
18983
18983
18984
18984
18985
18985
18986
18986
18987
18987
18988
18988
18989
18989
18990
18990
18991
18991
18992
18992
18993
18993
18994
18994
18995
18995
18996
18996
18997
18997
18998
18998
18999
18999
19000
19000
19001
19001
19002
19002
19003
19003
19004
19004
19005
19005
19006
19006
19007
19007
19008
19008
19009
19009
19010
19010
19011
19011
19012
19012
19013
19013
19014
19014
19015
19015
19016
19016
19017
19017
19018
19018
19019
19019
19020
19020
19021
19021
19022
19022
19023
19023
19024
19024
19025
19025
19026
19026
19027
19027
19028
19028
19029
19029
19030
19030
19031
19031
19032
19032
19033
19033
19034
19034
19035
19036
19036
19037
19037
19038
19038
19039
19039
19040
19040
19041
19041
19042
19042
19043
19043
19044
19044
19045
19045
19046
19046
19047
19047
19048
19048
19049
19049
19050
19050
19051
19051
19052
19052
19053
19053
19054
19054
19055
19055
19056
19056
19057
19057
19058
19058
19059
19059
19060
19060
19061
19061
19062
19062
19063
19063
19064
19064
19065
19065
19066
19066
19067
19067
19068
19068
19069
19069
19070
19070
19071
19071
19072
19072
19073
19073
19074
19074
19075
19075
19076
19076
19077
19077
19078
19078
19079
19079
19080
19080
19081
19081
19082
19082
19083
19083
19084
19084
19085
19085
19086
19086
19087
19087
19088
19088
19089
19089
19090
19090
19091
19091
19092
19092
19093
19093
19094
19094
19095
19095
19096
19096
19097
19097
19098
19098
19099
19099
19100
19100
19101
19101
19102
19102
19103
19103
19104
19104
19105
19105
19106
19106
19107
19107
19108
19108
19109
19109
19110
19110
19111
19111
19112
19112
19113
19113
19114
19114
19115
19115
19116
19116
19117
19117
19118
19118
19119
19119
19120
19120
19121
19121
19122
19122
19123
19123
19124
19124
19125
19125
19126
19126
19127
19127
19128
19128
19129
19129
19130
19130
19131
19131
19132
19132
19133
19133
19134
19134
19135
19135
19136
19136
19137
19137
19138
19138
19139
19139
19140
19140
19141
19141
19142
19142
19143
19143
19144
19144
19145
19145
19146
19146
19147
19147
19148
19148
19149
19149
19150
19150
19151
19151
19152
19152
19153
19153
19154
19154
19155
19155
19156
19156
19157
19157
19158
19158
19159
19159
19160
19160
19161
19161
19162
19162
19163
19163
19164
19164
19165
19165
19166
19166
19167
19168
19168
19169
19169
19170
19170
19171
19171
19172
19172
19173
19173
19174
19174
19175
19175
19176
19176
19177
19177
19178
19178
19179
19179
19180
19180
19181
19181
19182
19182
19183
19183
19184
19184
19185
19185
19186
19186
19187
19187
19188
19188
19189
19189
19190
19190
19191
19191
19192
19192
19193
19193
19194
19194
19195
19195
19196
19196
19197
19197
19198
19198
19199
19199
19200
19200
19201
19201
19202
19202
19203
19203
19204
19204
19205
19205
19206
19206
19207
19207
19208
19208
19209
19209
19210
19210
19211
19211
19212
19212
19213
19213
19214
19214
19215
19215
19216
19216
19217
19217
19218
19218
19219
19219
19220
19220
19221
19221
19222
19222
19223
19223
19224
19224
19225
19225
19226
19226
19227
19227
19228
19228
19229
19229
19230
19230
19231
19231
19232
19232
19233
19233
19234
19234
19235
19235
19236
19236
19237
19237
19238
19238
19239
19239
19240
19240
19241
19241
19242
19242
19243
19243
19244
19244
19245
19245
19246
19246
19247
19247
19248
19248
19249
19249
19250
19250
19251
19251
19252
19252
19253
19253
19254
19254
19255
19255
19256
19256
19257
19257
19258
19258
19259
19259
19260
19260
19261
19261
19262
19262
19263
19263
19264
19264
19265
19265
19266
19266
19267
19267
19268
19268
19269
19269
19270
19270
19271
19271
19272
19272
19273
19273
19274
19274
19275
19275
19276
19276
19277
19277
19278
19278
19279
19279
19280
19280
19281
19281
19282
19282
19283
19283
19284
19284
19285
19285
19286
19286
19287
19287
19288
19288
19289
19289
19290
19290
19291
19291
19292
19292
19293
19293
19294
19294
19295
19295
19296
19296
19297
19297
19298
19298
19299
19300
19300
19301
19301
19302
19302
19303
19303
19304
19304
19305
19305
19306
19306
19307
19307
19308
19308
19309
19309
19310
19310
19311
19311
19312
19312
19313
19313
19314
19314
19315
19315
19316
19316
19317
19317
19318
19318
19319
19319
19320
19320
19321
19321
19322
19322
19323
19323
19324
19324
19325
19325
19326
19326
19327
19327
19328
19328
19329
19329
19330
19330
19331
19331
19332
19332
19333
19333
19334
19334
19335
19335
19336
19336
19337
19337
19338
19338
19339
19339
19340
19340
19341
19341
19342
19342
19343
19343
19344
19344
19345
19345
19346
19346
19347
19347
19348
19348
19349
19349
19350
19350
19351
19351
19352
19352
19353
19353
19354
19354
19355
19355
19356
19356
19357
19357
19358
19358
19359
19359
19360
19360
19361
19361
19362
19362
19363
19363
19364
19364
19365
19365
19366
19366
19367
19367
19368
19368
19369
19369
19370
19370
19371
19371
19372
19372
19373
19373
19374
19374
19375
19375
19376
19376
19377
19377
19378
19378
19379
19379
19380
19380
19381
19381
19382
19382
19383
19383
19384
19384
19385
19385
19386
19386
19387
19387
19388
19388
19389
19389
19390
19390
19391
19391
19392
19392
19393
19393
19394
19394
19395
19395
19396
19396
19397
19397
19398
19398
19399
19399
19400
19400
19401
19401
19402
19402
19403
19403
19404
19404
19405
19405
19406
19406
19407
19407
19408
19408
19409
19409
19410
19410
19411
19411
19412
19412
19413
19413
19414
19414
19415
19415
19416
19416
19417
19417
19418
19418
19419
19419
19420
19420
19421
19421
19422
19422
19423
19423
19424
19424
19425
19425
19426
19426
19427
19427
19428
19428
19429
19429
19430
19430
19431
19432
19432
19433
19433
19434
19434
19435
19435
19436
19436
19437
19437
19438
19438
19439
19439
19440
19440
19441
19441
19442
19442
19443
19443
19444
19444
19445
19445
19446
19446
19447
19447
19448
19448
19449
19449
19450
19450
19451
19451
19452
19452
19453
19453
19454
19454
19455
19455
19456
19456
19457
19457
19458
19458
19459
19459
19460
19460
19461
19461
19462
19462
19463
19463
19464
19464
19465
19465
19466
19466
19467
19467
19468
19468
19469
19469
19470
19470
19471
19471
19472
19472
19473
19473
19474
19474
19475
19475
19476
19476
19477
19477
19478
19478
19479
19479
19480
19480
19481
19481
19482
19482
19483
19483
19484
19484
19485
19485
19486
19486
19487
19487
19488
19488
19489
19489
19490
19490
19491
19491
19492
19492
19493
19493
19494
19494
19495
19495
19496
19496
19497
19497
19498
19498
19499
19499
19500
19500
19501
19501
19502
19502
19503
19503
19504
19504
19505
19505
19506
19506
19507
19507
19508
19508
19509
19509
19510
19510
19511
19511
19512
19512
19513
19513
19514
19514
19515
19515
19516
19516
19517
19517
19518
19518
19519
19519
19520
19520
19521
19521
19522
19522
19523
19523
19524
19524
19525
19525
19526
19526
19527
19527
19528
19528
19529
19529
19530
19530
19531
19531
19532
19532
19533
19533
19534
19534
19535
19535
19536
19536
19537
19537
19538
19538
19539
19539
19540
19540
19541
19541
19542
19542
19543
19543
19544
19544
19545
19545
19546
19546
19547
19547
19548
19548
19549
19549
19550
19550
19551
19551
19552
19552
19553
19553
19554
19554
19555
19555
19556
19556
19557
19557
19558
19558
19559
19559
19560
19560
19561
19561
19562
19562
19563
19564
19565
19566
19567
19568
19569
19570
19571
19572
19573
19574
19575
19576
19577
19578
19579
19580
19581
19582
19583
19584
19585
19586
19587
19588
19589
19590
19591
19592
19593
19594
19595
19596
19597
19598
19599
19600
19601
19602
19603
19604
19605
19606
19607
19608
19609
19610
19611
19612
19613
19614
19615
19616
19617
19618
19619
19620
19621
19622
19623
19624
19625
19626
19627
19628
19629
19630
19631
19632
19633
19634
19635
19636
19637
19638
19639
19640
19641
19642
19643
19644
19645
19646
19647
19648
19649
19650
19651
19652
19653
19654
19655
19656
19657
19658
19659
19660
19661
19662
19663
19664
19665
19666
19667
19668
19669
19670
19671
19672
19673
19674
19675
19676
19677
19678
19679
19680
19681
19682
19683
19684
19685
19686
19687
19688
19689
19690
19691
19692
19693
19694
19696
19696
19696
19697
19697
19698
19698
19699
19699
19700
19700
19701
19701
19702
19702
19703
19703
19704
19704
19705
19705
19706
19706
19707
19707
19708
19708
19709
19709
19710
19710
19711
19711
19712
19712
19713
19713
19714
19714
19715
19715
19716
19716
19717
19717
19718
19718
19719
19719
19720
19720
19721
19721
19722
19722
19723
19723
19724
19724
19725
19725
19726
19726
19727
19727
19728
19728
19729
19729
19730
19730
19731
19731
19732
19732
19733
19733
19734
19734
19735
19735
19736
19736
19737
19737
19738
19738
19739
19739
19740
19740
19741
19741
19742
19742
19743
19743
19744
19744
19745
19745
19746
19746
19747
19747
19748
19748
19749
19749
19750
19750
19751
19751
19752
19752
19753
19753
19754
19754
19755
19755
19756
19756
19757
19757
19758
19758
19759
19759
19760
19760
19761
19761
19762
19762
19763
19763
19764
19764
19765
19765
19766
19766
19767
19767
19768
19768
19769
19769
19770
19770
19771
19771
19772
19772
19773
19773
19774
19774
19775
19775
19776
19776
19777
19777
19778
19778
19779
19779
19780
19780
19781
19781
19782
19782
19783
19783
19784
19784
19785
19785
19786
19786
19787
19787
19788
19788
19789
19789
19790
19790
19791
19791
19792
19792
19793
19793
19794
19794
19795
19795
19796
19796
19797
19797
19798
19798
19799
19799
19800
19800
19801
19801
19802
19802
19803
19803
19804
19804
19805
19805
19806
19806
19807
19807
19808
19808
19809
19809
19810
19810
19811
19811
19812
19812
19813
19813
19814
19814
19815
19815
19816
19816
19817
19817
19818
19818
19819
19819
19820
19820
19821
19821
19822
19822
19823
19823
19824
19824
19825
19825
19826
19826
19827
19828
19828
19828
19829
19829
19830
19830
19831
19831
19832
19832
19833
19833
19834
19834
19835
19835
19836
19836
19837
19837
19838
19838
19839
19839
19840
19840
19841
19841
19842
19842
19843
19843
19844
19844
19845
19845
19846
19846
19847
19847
19848
19848
19849
19849
19850
19850
19851
19851
19852
19852
19853
19853
19854
19854
19855
19855
19856
19856
19857
19857
19858
19858
19859
19859
19860
19860
19861
19861
19862
19862
19863
19863
19864
19864
19865
19865
19866
19866
19867
19867
19868
19868
19869
19869
19870
19870
19871
19871
19872
19872
19873
19873
19874
19874
19875
19875
19876
19876
19877
19877
19878
19878
19879
19879
19880
19880
19881
19881
19882
19882
19883
19883
19884
19884
19885
19885
19886
19886
19887
19887
19888
19888
19889
19889
19890
19890
19891
19891
19892
19892
19893
19893
19894
19894
19895
19895
19896
19896
19897
19897
19898
19898
19899
19899
19900
19900
19901
19901
19902
19902
19903
19903
19904
19904
19905
19905
19906
19906
19907
19907
19908
19908
19909
19909
19910
19910
19911
19911
19912
19912
19913
19913
19914
19914
19915
19915
19916
19916
19917
19917
19918
19918
19919
19919
19920
19920
19921
19921
19922
19922
19923
19923
19924
19924
19925
19925
19926
19926
19927
19927
19928
19928
19929
19929
19930
19930
19931
19931
19932
19932
19933
19933
19934
19934
19935
19935
19936
19936
19937
19937
19938
19938
19939
19939
19940
19940
19941
19941
19942
19942
19943
19943
19944
19944
19945
19945
19946
19946
19947
19947
19948
19948
19949
19949
19950
19950
19951
19951
19952
19952
19953
19953
19954
19954
19955
19955
19956
19956
19957
19957
19958
19958
19959
19960
19960
19960
19961
19961
19962
19962
19963
19963
19964
19964
19965
19965
19966
19966
19967
19967
19968
19968
19969
19969
19970
19970
19971
19971
19972
19972
19973
19973
19974
19974
19975
19975
19976
19976
19977
19977
19978
19978
19979
19979
19980
19980
19981
19981
19982
19982
19983
19983
19984
19984
19985
19985
19986
19986
19987
19987
19988
19988
19989
19989
19990
19990
19991
19991
19992
19992
19993
19993
19994
19994
19995
19995
19996
19996
19997
19997
19998
19998
19999
19999
20000
20000
20001
20001
20002
20002
20003
20003
20004
20004
20005
20005
20006
20006
20007
20007
20008
20008
20009
20009
20010
20010
20011
20011
20012
20012
20013
20013
20014
20014
20015
20015
20016
20016
20017
20017
20018
20018
20019
20019
20020
20020
20021
20021
20022
20022
20023
20023
20024
20024
20025
20025
20026
20026
20027
20027
20028
20028
20029
20029
20030
20030
20031
20031
20032
20032
20033
20033
20034
20034
20035
20035
20036
20036
20037
20037
20038
20038
20039
20039
20040
20040
20041
20041
20042
20042
20043
20043
20044
20044
20045
20045
20046
20046
20047
20047
20048
20048
20049
20049
20050
20050
20051
20051
20052
20052
20053
20053
20054
20054
20055
20055
20056
20056
20057
20057
20058
20058
20059
20059
20060
20060
20061
20061
20062
20062
20063
20063
20064
20064
20065
20065
20066
20066
20067
20067
20068
20068
20069
20069
20070
20070
20071
20071
20072
20072
20073
20073
20074
20074
20075
20075
20076
20076
20077
20077
20078
20078
20079
20079
20080
20080
20081
20081
20082
20082
20083
20083
20084
20084
20085
20085
20086
20086
20087
20087
20088
20088
20089
20089
20090
20090
20091
20092
20092
20092
20093
20093
20094
20094
20095
20095
20096
20096
20097
20097
20098
20098
20099
20099
20100
20100
20101
20101
20102
20102
20103
20103
20104
20104
20105
20105
20106
20106
20107
20107
20108
20108
20109
20109
20110
20110
20111
20111
20112
20112
20113
20113
20114
20114
20115
20115
20116
20116
20117
20117
20118
20118
20119
20119
20120
20120
20121
20121
20122
20122
20123
20123
20124
20124
20125
20125
20126
20126
20127
20127
20128
20128
20129
20129
20130
20130
20131
20131
20132
20132
20133
20133
20134
20134
20135
20135
20136
20136
20137
20137
20138
20138
20139
20139
20140
20140
20141
20141
20142
20142
20143
20143
20144
20144
20145
20145
20146
20146
20147
20147
20148
20148
20149
20149
20150
20150
20151
20151
20152
20152
20153
20153
20154
20154
20155
20155
20156
20156
20157
20157
20158
20158
20159
20159
20160
20160
20161
20161
20162
20162
20163
20163
20164
20164
20165
20165
20166
20166
20167
20167
20168
20168
20169
20169
20170
20170
20171
20171
20172
20172
20173
20173
20174
20174
20175
20175
20176
20176
20177
20177
20178
20178
20179
20179
20180
20180
20181
20181
20182
20182
20183
20183
20184
20184
20185
20185
20186
20186
20187
20187
20188
20188
20189
20189
20190
20190
20191
20191
20192
20192
20193
20193
20194
20194
20195
20195
20196
20196
20197
20197
20198
20198
20199
20199
20200
20200
20201
20201
20202
20202
20203
20203
20204
20204
20205
20205
20206
20206
20207
20207
20208
20208
20209
20209
20210
20210
20211
20211
20212
20212
20213
20213
20214
20214
20215
20215
20216
20216
20217
20217
20218
20218
20219
20219
20220
20220
20221
20221
20222
20222
20223
20224
20224
20224
20225
20225
20226
20226
20227
20227
20228
20228
20229
20229
20230
20230
20231
20231
20232
20232
20233
20233
20234
20234
20235
20235
20236
20236
20237
20237
20238
20238
20239
20239
20240
20240
20241
20241
20242
20242
20243
20243
20244
20244
20245
20245
20246
20246
20247
20247
20248
20248
20249
20249
20250
20250
20251
20251
20252
20252
20253
20253
20254
20254
20255
20255
20256
20256
20257
20257
20258
20258
20259
20259
20260
20260
20261
20261
20262
20262
20263
20263
20264
20264
20265
20265
20266
20266
20267
20267
20268
20268
20269
20269
20270
20270
20271
20271
20272
20272
20273
20273
20274
20274
20275
20275
20276
20276
20277
20277
20278
20278
20279
20279
20280
20280
20281
20281
20282
20282
20283
20283
20284
20284
20285
20285
20286
20286
20287
20287
20288
20288
20289
20289
20290
20290
20291
20291
20292
20292
20293
20293
20294
20294
20295
20295
20296
20296
20297
20297
20298
20298
20299
20299
20300
20300
20301
20301
20302
20302
20303
20303
20304
20304
20305
20305
20306
20306
20307
20307
20308
20308
20309
20309
20310
20310
20311
20311
20312
20312
20313
20313
20314
20314
20315
20315
20316
20316
20317
20317
20318
20318
20319
20319
20320
20320
20321
20321
20322
20322
20323
20323
20324
20324
20325
20325
20326
20326
20327
20327
20328
20328
20329
20329
20330
20330
20331
20331
20332
20332
20333
20333
20334
20334
20335
20335
20336
20336
20337
20337
20338
20338
20339
20339
20340
20340
20341
20341
20342
20342
20343
20343
20344
20344
20345
20345
20346
20346
20347
20347
20348
20348
20349
20349
20350
20350
20351
20351
20352
20352
20353
20353
20354
20354
20355
20356
20356
20356
20357
20357
20358
20358
20359
20359
20360
20360
20361
20361
20362
20362
20363
20363
20364
20364
20365
20365
20366
20366
20367
20367
20368
20368
20369
20369
20370
20370
20371
20371
20372
20372
20373
20373
20374
20374
20375
20375
20376
20376
20377
20377
20378
20378
20379
20379
20380
20380
20381
20381
20382
20382
20383
20383
20384
20384
20385
20385
20386
20386
20387
20387
20388
20388
20389
20389
20390
20390
20391
20391
20392
20392
20393
20393
20394
20394
20395
20395
20396
20396
20397
20397
20398
20398
20399
20399
20400
20400
20401
20401
20402
20402
20403
20403
20404
20404
20405
20405
20406
20406
20407
20407
20408
20408
20409
20409
20410
20410
20411
20411
20412
20412
20413
20413
20414
20414
20415
20415
20416
20416
20417
20417
20418
20418
20419
20419
20420
20420
20421
20421
20422
20422
20423
20423
20424
20424
20425
20425
20426
20426
20427
20427
20428
20428
20429
20429
20430
20430
20431
20431
20432
20432
20433
20433
20434
20434
20435
20435
20436
20436
20437
20437
20438
20438
20439
20439
20440
20440
20441
20441
20442
20442
20443
20443
20444
20444
20445
20445
20446
20446
20447
20447
20448
20448
20449
20449
20450
20450
20451
20451
20452
20452
20453
20453
20454
20454
20455
20455
20456
20456
20457
20457
20458
20458
20459
20459
20460
20460
20461
20461
20462
20462
20463
20463
20464
20464
20465
20465
20466
20466
20467
20467
20468
20468
20469
20469
20470
20470
20471
20471
20472
20472
20473
20473
20474
20474
20475
20475
20476
20476
20477
20477
20478
20478
20479
20479
20480
20480
20481
20481
20482
20482
20483
20483
20484
20484
20485
20485
20486
20486
20487
20488
20488
20488
20489
20489
20490
20490
20491
20491
20492
20492
20493
20493
20494
20494
20495
20495
20496
20496
20497
20497
20498
20498
20499
20499
20500
20500
20501
20501
20502
20502
20503
20503
20504
20504
20505
20505
20506
20506
20507
20507
20508
20508
20509
20509
20510
20510
20511
20511
20512
20512
20513
20513
20514
20514
20515
20515
20516
20516
20517
20517
20518
20518
20519
20519
20520
20520
20521
20521
20522
20522
20523
20523
20524
20524
20525
20525
20526
20526
20527
20527
20528
20528
20529
20529
20530
20530
20531
20531
20532
20532
20533
20533
20534
20534
20535
20535
20536
20536
20537
20537
20538
20538
20539
20539
20540
20540
20541
20541
20542
20542
20543
20543
20544
20544
20545
20545
20546
20546
20547
20547
20548
20548
20549
20549
20550
20550
20551
20551
20552
20552
20553
20553
20554
20554
20555
20555
20556
20556
20557
20557
20558
20558
20559
20559
20560
20560
20561
20561
20562
20562
20563
20563
20564
20564
20565
20565
20566
20566
20567
20567
20568
20568
20569
20569
20570
20570
20571
20571
20572
20572
20573
20573
20574
20574
20575
20575
20576
20576
20577
20577
20578
20578
20579
20579
20580
20580
20581
20581
20582
20582
20583
20583
20584
20584
20585
20585
20586
20586
20587
20587
20588
20588
20589
20589
20590
20590
20591
20591
20592
20592
20593
20593
20594
20594
20595
20595
20596
20596
20597
20597
20598
20598
20599
20599
20600
20600
20601
20601
20602
20602
20603
20603
20604
20604
20605
20605
20606
20606
20607
20607
20608
20608
20609
20609
20610
20610
20611
20611
20612
20612
20613
20613
20614
20614
20615
20615
20616
20616
20617
20617
20618
20618
20619
20620
20620
20620
20621
20621
20622
20622
20623
20623
20624
20624
20625
20625
20626
20626
20627
20627
20628
20628
20629
20629
20630
20630
20631
20631
20632
20632
20633
20633
20634
20634
20635
20635
20636
20636
20637
20637
20638
20638
20639
20639
20640
20640
20641
20641
20642
20642
20643
20643
20644
20644
20645
20645
20646
20646
20647
20647
20648
20648
20649
20649
20650
20650
20651
20651
20652
20652
20653
20653
20654
20654
20655
20655
20656
20656
20657
20657
20658
20658
20659
20659
20660
20660
20661
20661
20662
20662
20663
20663
20664
20664
20665
20665
20666
20666
20667
20667
20668
20668
20669
20669
20670
20670
20671
20671
20672
20672
20673
20673
20674
20674
20675
20675
20676
20676
20677
20677
20678
20678
20679
20679
20680
20680
20681
20681
20682
20682
20683
20683
20684
20684
20685
20685
20686
20686
20687
20687
20688
20688
20689
20689
20690
20690
20691
20691
20692
20692
20693
20693
20694
20694
20695
20695
20696
20696
20697
20697
20698
20698
20699
20699
20700
20700
20701
20701
20702
20702
20703
20703
20704
20704
20705
20705
20706
20706
20707
20707
20708
20708
20709
20709
20710
20710
20711
20711
20712
20712
20713
20713
20714
20714
20715
20715
20716
20716
20717
20717
20718
20718
20719
20719
20720
20720
20721
20721
20722
20722
20723
20723
20724
20724
20725
20725
20726
20726
20727
20727
20728
20728
20729
20729
20730
20730
20731
20731
20732
20732
20733
20733
20734
20734
20735
20735
20736
20736
20737
20737
20738
20738
20739
20739
20740
20740
20741
20741
20742
20742
20743
20743
20744
20744
20745
20745
20746
20746
20747
20747
20748
20748
20749
20749
20750
20750
20751
20752
20752
20752
20753
20753
20754
20754
20755
20755
20756
20756
20757
20757
20758
20758
20759
20759
20760
20760
20761
20761
20762
20762
20763
20763
20764
20764
20765
20765
20766
20766
20767
20767
20768
20768
20769
20769
20770
20770
20771
20771
20772
20772
20773
20773
20774
20774
20775
20775
20776
20776
20777
20777
20778
20778
20779
20779
20780
20780
20781
20781
20782
20782
20783
20783
20784
20784
20785
20785
20786
20786
20787
20787
20788
20788
20789
20789
20790
20790
20791
20791
20792
20792
20793
20793
20794
20794
20795
20795
20796
20796
20797
20797
20798
20798
20799
20799
20800
20800
20801
20801
20802
20802
20803
20803
20804
20804
20805
20805
20806
20806
20807
20807
20808
20808
20809
20809
20810
20810
20811
20811
20812
20812
20813
20813
20814
20814
20815
20815
20816
20816
20817
20817
20818
20818
20819
20819
20820
20820
20821
20821
20822
20822
20823
20823
20824
20824
20825
20825
20826
20826
20827
20827
20828
20828
20829
20829
20830
20830
20831
20831
20832
20832
20833
20833
20834
20834
20835
20835
20836
20836
20837
20837
20838
20838
20839
20839
20840
20840
20841
20841
20842
20842
20843
20843
20844
20844
20845
20845
20846
20846
20847
20847
20848
20848
20849
20849
20850
20850
20851
20851
20852
20852
20853
20853
20854
20854
20855
20855
20856
20856
20857
20857
20858
20858
20859
20859
20860
20860
20861
20861
20862
20862
20863
20863
20864
20864
20865
20865
20866
20866
20867
20867
20868
20868
20869
20869
20870
20870
20871
20871
20872
20872
20873
20873
20874
20874
20875
20875
20876
20876
20877
20877
20878
20878
20879
20879
20880
20880
20881
20881
20882
20882
20883
20884
20884
20884
20885
20885
20886
20886
20887
20887
20888
20888
20889
20889
20890
20890
20891
20891
20892
20892
20893
20893
20894
20894
20895
20895
20896
20896
20897
20897
20898
20898
20899
20899
20900
20900
20901
20901
20902
20902
20903
20903
20904
20904
20905
20905
20906
20906
20907
20907
20908
20908
20909
20909
20910
20910
20911
20911
20912
20912
20913
20913
20914
20914
20915
20915
20916
20916
20917
20917
20918
20918
20919
20919
20920
20920
20921
20921
20922
20922
20923
20923
20924
20924
20925
20925
20926
20926
20927
20927
20928
20928
20929
20929
20930
20930
20931
20931
20932
20932
20933
20933
20934
20934
20935
20935
20936
20936
20937
20937
20938
20938
20939
20939
20940
20940
20941
20941
20942
20942
20943
20943
20944
20944
20945
20945
20946
20946
20947
20947
20948
20948
20949
20949
20950
20950
20951
20951
20952
20952
20953
20953
20954
20954
20955
20955
20956
20956
20957
20957
20958
20958
20959
20959
20960
20960
20961
20961
20962
20962
20963
20963
20964
20964
20965
20965
20966
20966
20967
20967
20968
20968
20969
20969
20970
20970
20971
20971
20972
20972
20973
20973
20974
20974
20975
20975
20976
20976
20977
20977
20978
20978
20979
20979
20980
20980
20981
20981
20982
20982
20983
20983
20984
20984
20985
20985
20986
20986
20987
20987
20988
20988
20989
20989
20990
20990
20991
20991
20992
20992
20993
20993
20994
20994
20995
20995
20996
20996
20997
20997
20998
20998
20999
20999
21000
21000
21001
21001
21002
21002
21003
21003
21004
21004
21005
21005
21006
21006
21007
21007
21008
21008
21009
21009
21010
21010
21011
21011
21012
21012
21013
21013
21014
21014
21015
21016
21016
21016
21017
21017
21018
21018
21019
21019
21020
21020
21021
21021
21022
21022
21023
21023
21024
21024
21025
21025
21026
21026
21027
21027
21028
21028
21029
21029
21030
21030
21031
21031
21032
21032
21033
21033
21034
21034
21035
21035
21036
21036
21037
21037
21038
21038
21039
21039
21040
21040
21041
21041
21042
21042
21043
21043
21044
21044
21045
21045
21046
21046
21047
21047
21048
21048
21049
21049
21050
21050
21051
21051
21052
21052
21053
21053
21054
21054
21055
21055
21056
21056
21057
21057
21058
21058
21059
21059
21060
21060
21061
21061
21062
21062
21063
21063
21064
21064
21065
21065
21066
21066
21067
21067
21068
21068
21069
21069
21070
21070
21071
21071
21072
21072
21073
21073
21074
21074
21075
21075
21076
21076
21077
21077
21078
21078
21079
21079
21080
21080
21081
21081
21082
21082
21083
21083
21084
21084
21085
21085
21086
21086
21087
21087
21088
21088
21089
21089
21090
21090
21091
21091
21092
21092
21093
21093
21094
21094
21095
21095
21096
21096
21097
21097
21098
21098
21099
21099
21100
21100
21101
21101
21102
21102
21103
21103
21104
21104
21105
21105
21106
21106
21107
21107
21108
21108
21109
21109
21110
21110
21111
21111
21112
21112
21113
21113
21114
21114
21115
21115
21116
21116
21117
21117
21118
21118
21119
21119
21120
21120
21121
21121
21122
21122
21123
21123
21124
21124
21125
21125
21126
21126
21127
21127
21128
21128
21129
21129
21130
21130
21131
21131
21132
21132
21133
21133
21134
21134
21135
21135
21136
21136
21137
21137
21138
21138
21139
21139
21140
21140
21141
21141
21142
21142
21143
21143
21144
21144
21145
21145
21146
21146
21147
21148
21148
21148
21149
21149
21150
21150
21151
21151
21152
21152
21153
21153
21154
21154
21155
21155
21156
21156
21157
21157
21158
21158
21159
21159
21160
21160
21161
21161
21162
21162
21163
21163
21164
21164
21165
21165
21166
21166
21167
21167
21168
21168
21169
21169
21170
21170
21171
21171
21172
21172
21173
21173
21174
21174
21175
21175
21176
21176
21177
21177
21178
21178
21179
21179
21180
21180
21181
21181
21182
21182
21183
21183
21184
21184
21185
21185
21186
21186
21187
21187
21188
21188
21189
21189
21190
21190
21191
21191
21192
21192
21193
21193
21194
21194
21195
21195
21196
21196
21197
21197
21198
21198
21199
21199
21200
21200
21201
21201
21202
21202
21203
21203
21204
21204
21205
21205
21206
21206
21207
21207
21208
21208
21209
21209
21210
21210
21211
21211
21212
21212
21213
21213
21214
21214
21215
21215
21216
21216
21217
21217
21218
21218
21219
21219
21220
21220
21221
21221
21222
21222
21223
21223
21224
21224
21225
21225
21226
21226
21227
21227
21228
21228
21229
21229
21230
21230
21231
21231
21232
21232
21233
21233
21234
21234
21235
21235
21236
21236
21237
21237
21238
21238
21239
21239
21240
21240
21241
21241
21242
21242
21243
21243
21244
21244
21245
21245
21246
21246
21247
21247
21248
21248
21249
21249
21250
21250
21251
21251
21252
21252
21253
21253
21254
21254
21255
21255
21256
21256
21257
21257
21258
21258
21259
21259
21260
21260
21261
21261
21262
21262
21263
21263
21264
21264
21265
21265
21266
21266
21267
21267
21268
21268
21269
21269
21270
21270
21271
21271
21272
21272
21273
21273
21274
21274
21275
21275
21276
21276
21277
21277
21278
21278
21279
21280
21280
21280
21281
21281
21282
21282
21283
21283
21284
21284
21285
21285
21286
21286
21287
21287
21288
21288
21289
21289
21290
21290
21291
21291
21292
21292
21293
21293
21294
21294
21295
21295
21296
21296
21297
21297
21298
21298
21299
21299
21300
21300
21301
21301
21302
21302
21303
21303
21304
21304
21305
21305
21306
21306
21307
21307
21308
21308
21309
21309
21310
21310
21311
21311
21312
21312
21313
21313
21314
21314
21315
21315
21316
21316
21317
21317
21318
21318
21319
21319
21320
21320
21321
21321
21322
21322
21323
21323
21324
21324
21325
21325
21326
21326
21327
21327
21328
21328
21329
21329
21330
21330
21331
21331
21332
21332
21333
21333
21334
21334
21335
21335
21336
21336
21337
21337
21338
21338
21339
21339
21340
21340
21341
21341
21342
21342
21343
21343
21344
21344
21345
21345
21346
21346
21347
21347
21348
21348
21349
21349
21350
21350
21351
21351
21352
21352
21353
21353
21354
21354
21355
21355
21356
21356
21357
21357
21358
21358
21359
21359
21360
21360
21361
21361
21362
21362
21363
21363
21364
21364
21365
21365
21366
21366
21367
21367
21368
21368
21369
21369
21370
21370
21371
21371
21372
21372
21373
21373
21374
21374
21375
21375
21376
21376
21377
21377
21378
21378
21379
21379
21380
21380
21381
21381
21382
21382
21383
21383
21384
21384
21385
21385
21386
21386
21387
21387
21388
21388
21389
21389
21390
21390
21391
21391
21392
21392
21393
21393
21394
21394
21395
21395
21396
21396
21397
21397
21398
21398
21399
21399
21400
21400
21401
21401
21402
21402
21403
21403
21404
21404
21405
21405
21406
21406
21407
21407
21408
21408
21409
21409
21410
21410
21411
21412
21412
21412
21413
21413
21414
21414
21415
21415
21416
21416
21417
21417
21418
21418
21419
21419
21420
21420
21421
21421
21422
21422
21423
21423
21424
21424
21425
21425
21426
21426
21427
21427
21428
21428
21429
21429
21430
21430
21431
21431
21432
21432
21433
21433
21434
21434
21435
21435
21436
21436
21437
21437
21438
21438
21439
21439
21440
21440
21441
21441
21442
21442
21443
21443
21444
21444
21445
21445
21446
21446
21447
21447
21448
21448
21449
21449
21450
21450
21451
21451
21452
21452
21453
21453
21454
21454
21455
21455
21456
21456
21457
21457
21458
21458
21459
21459
21460
21460
21461
21461
21462
21462
21463
21463
21464
21464
21465
21465
21466
21466
21467
21467
21468
21468
21469
21469
21470
21470
21471
21471
21472
21472
21473
21473
21474
21474
21475
21475
21476
21476
21477
21477
21478
21478
21479
21479
21480
21480
21481
21481
21482
21482
21483
21483
21484
21484
21485
21485
21486
21486
21487
21487
21488
21488
21489
21489
21490
21490
21491
21491
21492
21492
21493
21493
21494
21494
21495
21495
21496
21496
21497
21497
21498
21498
21499
21499
21500
21500
21501
21501
21502
21502
21503
21503
21504
21504
21505
21505
21506
21506
21507
21507
21508
21508
21509
21509
21510
21510
21511
21511
21512
21512
21513
21513
21514
21514
21515
21515
21516
21516
21517
21517
21518
21518
21519
21519
21520
21520
21521
21521
21522
21522
21523
21523
21524
21524
21525
21525
21526
21526
21527
21527
21528
21528
21529
21529
21530
21530
21531
21531
21532
21532
21533
21533
21534
21534
21535
21535
21536
21536
21537
21537
21538
21538
21539
21539
21540
21540
21541
21541
21542
21542
21543
21544
21544
21544
21545
21545
21546
21546
21547
21547
21548
21548
21549
21549
21550
21550
21551
21551
21552
21552
21553
21553
21554
21554
21555
21555
21556
21556
21557
21557
21558
21558
21559
21559
21560
21560
21561
21561
21562
21562
21563
21563
21564
21564
21565
21565
21566
21566
21567
21567
21568
21568
21569
21569
21570
21570
21571
21571
21572
21572
21573
21573
21574
21574
21575
21575
21576
21576
21577
21577
21578
21578
21579
21579
21580
21580
21581
21581
21582
21582
21583
21583
21584
21584
21585
21585
21586
21586
21587
21587
21588
21588
21589
21589
21590
21590
21591
21591
21592
21592
21593
21593
21594
21594
21595
21595
21596
21596
21597
21597
21598
21598
21599
21599
21600
21600
21601
21601
21602
21602
21603
21603
21604
21604
21605
21605
21606
21606
21607
21607
21608
21608
21609
21609
21610
21610
21611
21611
21612
21612
21613
21613
21614
21614
21615
21615
21616
21616
21617
21617
21618
21618
21619
21619
21620
21620
21621
21621
21622
21622
21623
21623
21624
21624
21625
21625
21626
21626
21627
21627
21628
21628
21629
21629
21630
21630
21631
21631
21632
21632
21633
21633
21634
21634
21635
21635
21636
21636
21637
21637
21638
21638
21639
21639
21640
21640
21641
21641
21642
21642
21643
21643
21644
21644
21645
21645
21646
21646
21647
21647
21648
21648
21649
21649
21650
21650
21651
21651
21652
21652
21653
21653
21654
21654
21655
21655
21656
21656
21657
21657
21658
21658
21659
21659
21660
21660
21661
21661
21662
21662
21663
21663
21664
21664
21665
21665
21666
21666
21667
21667
21668
21668
21669
21669
21670
21670
21671
21671
21672
21672
21673
21673
21674
21674
21675
21676
21676
21676
21677
21677
21678
21678
21679
21679
21680
21680
21681
21681
21682
21682
21683
21683
21684
21684
21685
21685
21686
21686
21687
21687
21688
21688
21689
21689
21690
21690
21691
21691
21692
21692
21693
21693
21694
21694
21695
21695
21696
21696
21697
21697
21698
21698
21699
21699
21700
21700
21701
21701
21702
21702
21703
21703
21704
21704
21705
21705
21706
21706
21707
21707
21708
21708
21709
21709
21710
21710
21711
21711
21712
21712
21713
21713
21714
21714
21715
21715
21716
21716
21717
21717
21718
21718
21719
21719
21720
21720
21721
21721
21722
21722
21723
21723
21724
21724
21725
21725
21726
21726
21727
21727
21728
21728
21729
21729
21730
21730
21731
21731
21732
21732
21733
21733
21734
21734
21735
21735
21736
21736
21737
21737
21738
21738
21739
21739
21740
21740
21741
21741
21742
21742
21743
21743
21744
21744
21745
21745
21746
21746
21747
21747
21748
21748
21749
21749
21750
21750
21751
21751
21752
21752
21753
21753
21754
21754
21755
21755
21756
21756
21757
21757
21758
21758
21759
21759
21760
21760
21761
21761
21762
21762
21763
21763
21764
21764
21765
21765
21766
21766
21767
21767
21768
21768
21769
21769
21770
21770
21771
21771
21772
21772
21773
21773
21774
21774
21775
21775
21776
21776
21777
21777
21778
21778
21779
21779
21780
21780
21781
21781
21782
21782
21783
21783
21784
21784
21785
21785
21786
21786
21787
21787
21788
21788
21789
21789
21790
21790
21791
21791
21792
21792
21793
21793
21794
21794
21795
21795
21796
21796
21797
21797
21798
21798
21799
21799
21800
21800
21801
21801
21802
21802
21803
21803
21804
21804
21805
21805
21806
21806
21807
21808
21808
21808
21809
21809
21810
21810
21811
21811
21812
21812
21813
21813
21814
21814
21815
21815
21816
21816
21817
21817
21818
21818
21819
21819
21820
21820
21821
21821
21822
21822
21823
21823
21824
21824
21825
21825
21826
21826
21827
21827
21828
21828
21829
21829
21830
21830
21831
21831
21832
21832
21833
21833
21834
21834
21835
21835
21836
21836
21837
21837
21838
21838
21839
21839
21840
21840
21841
21841
21842
21842
21843
21843
21844
21844
21845
21845
21846
21846
21847
21847
21848
21848
21849
21849
21850
21850
21851
21851
21852
21852
21853
21853
21854
21854
21855
21855
21856
21856
21857
21857
21858
21858
21859
21859
21860
21860
21861
21861
21862
21862
21863
21863
21864
21864
21865
21865
21866
21866
21867
21867
21868
21868
21869
21869
21870
21870
21871
21871
21872
21872
21873
21873
21874
21874
21875
21875
21876
21876
21877
21877
21878
21878
21879
21879
21880
21880
21881
21881
21882
21882
21883
21883
21884
21884
21885
21885
21886
21886
21887
21887
21888
21888
21889
21889
21890
21890
21891
21891
21892
21892
21893
21893
21894
21894
21895
21895
21896
21896
21897
21897
21898
21898
21899
21899
21900
21900
21901
21901
21902
21902
21903
21903
21904
21904
21905
21905
21906
21906
21907
21907
21908
21908
21909
21909
21910
21910
21911
21911
21912
21912
21913
21913
21914
21914
21915
21915
21916
21916
21917
21917
21918
21918
21919
21919
21920
21920
21921
21921
21922
21922
21923
21923
21924
21924
21925
21925
21926
21926
21927
21927
21928
21928
21929
21929
21930
21930
21931
21931
21932
21932
21933
21933
21934
21934
21935
21935
21936
21936
21937
21937
21938
21938
21939
21940
21940
21940
21941
21941
21942
21942
21943
21943
21944
21944
21945
21945
21946
21946
21947
21947
21948
21948
21949
21949
21950
21950
21951
21951
21952
21952
21953
21953
21954
21954
21955
21955
21956
21956
21957
21957
21958
21958
21959
21959
21960
21960
21961
21961
21962
21962
21963
21963
21964
21964
21965
21965
21966
21966
21967
21967
21968
21968
21969
21969
21970
21970
21971
21971
21972
21972
21973
21973
21974
21974
21975
21975
21976
21976
21977
21977
21978
21978
21979
21979
21980
21980
21981
21981
21982
21982
21983
21983
21984
21984
21985
21985
21986
21986
21987
21987
21988
21988
21989
21989
21990
21990
21991
21991
21992
21992
21993
21993
21994
21994
21995
21995
21996
21996
21997
21997
21998
21998
21999
21999
22000
22000
22001
22001
22002
22002
22003
22003
22004
22004
22005
22005
22006
22006
22007
22007
22008
22008
22009
22009
22010
22010
22011
22011
22012
22012
22013
22013
22014
22014
22015
22015
22016
22016
22017
22017
22018
22018
22019
22019
22020
22020
22021
22021
22022
22022
22023
22023
22024
22024
22025
22025
22026
22026
22027
22027
22028
22028
22029
22029
22030
22030
22031
22031
22032
22032
22033
22033
22034
22034
22035
22035
22036
22036
22037
22037
22038
22038
22039
22039
22040
22040
22041
22041
22042
22042
22043
22043
22044
22044
22045
22045
22046
22046
22047
22047
22048
22048
22049
22049
22050
22050
22051
22051
22052
22052
22053
22053
22054
22054
22055
22055
22056
22056
22057
22057
22058
22058
22059
22059
22060
22060
22061
22061
22062
22062
22063
22063
22064
22064
22065
22065
22066
22066
22067
22067
22068
22068
22069
22069
22070
22070
22071
22072
22072
22072
22073
22073
22074
22074
22075
22075
22076
22076
22077
22077
22078
22078
22079
22079
22080
22080
22081
22081
22082
22082
22083
22083
22084
22084
22085
22085
22086
22086
22087
22087
22088
22088
22089
22089
22090
22090
22091
22091
22092
22092
22093
22093
22094
22094
22095
22095
22096
22096
22097
22097
22098
22098
22099
22099
22100
22100
22101
22101
22102
22102
22103
22103
22104
22104
22105
22105
22106
22106
22107
22107
22108
22108
22109
22109
22110
22110
22111
22111
22112
22112
22113
22113
22114
22114
22115
22115
22116
22116
22117
22117
22118
22118
22119
22119
22120
22120
22121
22121
22122
22122
22123
22123
22124
22124
22125
22125
22126
22126
22127
22127
22128
22128
22129
22129
22130
22130
22131
22131
22132
22132
22133
22133
22134
22134
22135
22135
22136
22136
22137
22137
22138
22138
22139
22139
22140
22140
22141
22141
22142
22142
22143
22143
22144
22144
22145
22145
22146
22146
22147
22147
22148
22148
22149
22149
22150
22150
22151
22151
22152
22152
22153
22153
22154
22154
22155
22155
22156
22156
22157
22157
22158
22158
22159
22159
22160
22160
22161
22161
22162
22162
22163
22163
22164
22164
22165
22165
22166
22166
22167
22167
22168
22168
22169
22169
22170
22170
22171
22171
22172
22172
22173
22173
22174
22174
22175
22175
22176
22176
22177
22177
22178
22178
22179
22179
22180
22180
22181
22181
22182
22182
22183
22183
22184
22184
22185
22185
22186
22186
22187
22187
22188
22188
22189
22189
22190
22190
22191
22191
22192
22192
22193
22193
22194
22194
22195
22195
22196
22196
22197
22197
22198
22198
22199
22199
22200
22200
22201
22201
22202
22202
22203
22204
22204
22204
22205
22205
22206
22206
22207
22207
22208
22208
22209
22209
22210
22210
22211
22211
22212
22212
22213
22213
22214
22214
22215
22215
22216
22216
22217
22217
22218
22218
22219
22219
22220
22220
22221
22221
22222
22222
22223
22223
22224
22224
22225
22225
22226
22226
22227
22227
22228
22228
22229
22229
22230
22230
22231
22231
22232
22232
22233
22233
22234
22234
22235
22235
22236
22236
22237
22237
22238
22238
22239
22239
22240
22240
22241
22241
22242
22242
22243
22243
22244
22244
22245
22245
22246
22246
22247
22247
22248
22248
22249
22249
22250
22250
22251
22251
22252
22252
22253
22253
22254
22254
22255
22255
22256
22256
22257
22257
22258
22258
22259
22259
22260
22260
22261
22261
22262
22262
22263
22263
22264
22264
22265
22265
22266
22266
22267
22267
22268
22268
22269
22269
22270
22270
22271
22271
22272
22272
22273
22273
22274
22274
22275
22275
22276
22276
22277
22277
22278
22278
22279
22279
22280
22280
22281
22281
22282
22282
22283
22283
22284
22284
22285
22285
22286
22286
22287
22287
22288
22288
22289
22289
22290
22290
22291
22291
22292
22292
22293
22293
22294
22294
22295
22295
22296
22296
22297
22297
22298
22298
22299
22299
22300
22300
22301
22301
22302
22302
22303
22303
22304
22304
22305
22305
22306
22306
22307
22307
22308
22308
22309
22309
22310
22310
22311
22311
22312
22312
22313
22313
22314
22314
22315
22315
22316
22316
22317
22317
22318
22318
22319
22319
22320
22320
22321
22321
22322
22322
22323
22323
22324
22324
22325
22325
22326
22326
22327
22327
22328
22328
22329
22329
22330
22330
22331
22331
22332
22332
22333
22333
22334
22334
22335
22336
22336
22336
22337
22337
22338
22338
22339
22339
22340
22340
22341
22341
22342
22342
22343
22343
22344
22344
22345
22345
22346
22346
22347
22347
22348
22348
22349
22349
22350
22350
22351
22351
22352
22352
22353
22353
22354
22354
22355
22355
22356
22356
22357
22357
22358
22358
22359
22359
22360
22360
22361
22361
22362
22362
22363
22363
22364
22364
22365
22365
22366
22366
22367
22367
22368
22368
22369
22369
22370
22370
22371
22371
22372
22372
22373
22373
22374
22374
22375
22375
22376
22376
22377
22377
22378
22378
22379
22379
22380
22380
22381
22381
22382
22382
22383
22383
22384
22384
22385
22385
22386
22386
22387
22387
22388
22388
22389
22389
22390
22390
22391
22391
22392
22392
22393
22393
22394
22394
22395
22395
22396
22396
22397
22397
22398
22398
22399
22399
22400
22400
22401
22401
22402
22402
22403
22403
22404
22404
22405
22405
22406
22406
22407
22407
22408
22408
22409
22409
22410
22410
22411
22411
22412
22412
22413
22413
22414
22414
22415
22415
22416
22416
22417
22417
22418
22418
22419
22419
22420
22420
22421
22421
22422
22422
22423
22423
22424
22424
22425
22425
22426
22426
22427
22427
22428
22428
22429
22429
22430
22430
22431
22431
22432
22432
22433
22433
22434
22434
22435
22435
22436
22436
22437
22437
22438
22438
22439
22439
22440
22440
22441
22441
22442
22442
22443
22443
22444
22444
22445
22445
22446
22446
22447
22447
22448
22448
22449
22449
22450
22450
22451
22451
22452
22452
22453
22453
22454
22454
22455
22455
22456
22456
22457
22457
22458
22458
22459
22459
22460
22460
22461
22461
22462
22462
22463
22463
22464
22464
22465
22465
22466
22466
22467
22468
22468
22468
22469
22469
22470
22470
22471
22471
22472
22472
22473
22473
22474
22474
22475
22475
22476
22476
22477
22477
22478
22478
22479
22479
22480
22480
22481
22481
22482
22482
22483
22483
22484
22484
22485
22485
22486
22486
22487
22487
22488
22488
22489
22489
22490
22490
22491
22491
22492
22492
22493
22493
22494
22494
22495
22495
22496
22496
22497
22497
22498
22498
22499
22499
22500
22500
22501
22501
22502
22502
22503
22503
22504
22504
22505
22505
22506
22506
22507
22507
22508
22508
22509
22509
22510
22510
22511
22511
22512
22512
22513
22513
22514
22514
22515
22515
22516
22516
22517
22517
22518
22518
22519
22519
22520
22520
22521
22521
22522
22522
22523
22523
22524
22524
22525
22525
22526
22526
22527
22527
22528
22528
22529
22529
22530
22530
22531
22531
22532
22532
22533
22533
22534
22534
22535
22535
22536
22536
22537
22537
22538
22538
22539
22539
22540
22540
22541
22541
22542
22542
22543
22543
22544
22544
22545
22545
22546
22546
22547
22547
22548
22548
22549
22549
22550
22550
22551
22551
22552
22552
22553
22553
22554
22554
22555
22555
22556
22556
22557
22557
22558
22558
22559
22559
22560
22560
22561
22561
22562
22562
22563
22563
22564
22564
22565
22565
22566
22566
22567
22567
22568
22568
22569
22569
22570
22570
22571
22571
22572
22572
22573
22573
22574
22574
22575
22575
22576
22576
22577
22577
22578
22578
22579
22579
22580
22580
22581
22581
22582
22582
22583
22583
22584
22584
22585
22585
22586
22586
22587
22587
22588
22588
22589
22589
22590
22590
22591
22591
22592
22592
22593
22593
22594
22594
22595
22595
22596
22596
22597
22597
22598
22598
22599
22600
22600
22600
22601
22601
22602
22602
22603
22603
22604
22604
22605
22605
22606
22606
22607
22607
22608
22608
22609
22609
22610
22610
22611
22611
22612
22612
22613
22613
22614
22614
22615
22615
22616
22616
22617
22617
22618
22618
22619
22619
22620
22620
22621
22621
22622
22622
22623
22623
22624
22624
22625
22625
22626
22626
22627
22627
22628
22628
22629
22629
22630
22630
22631
22631
22632
22632
22633
22633
22634
22634
22635
22635
22636
22636
22637
22637
22638
22638
22639
22639
22640
22640
22641
22641
22642
22642
22643
22643
22644
22644
22645
22645
22646
22646
22647
22647
22648
22648
22649
22649
22650
22650
22651
22651
22652
22652
22653
22653
22654
22654
22655
22655
22656
22656
22657
22657
22658
22658
22659
22659
22660
22660
22661
22661
22662
22662
22663
22663
22664
22664
22665
22665
22666
22666
22667
22667
22668
22668
22669
22669
22670
22670
22671
22671
22672
22672
22673
22673
22674
22674
22675
22675
22676
22676
22677
22677
22678
22678
22679
22679
22680
22680
22681
22681
22682
22682
22683
22683
22684
22684
22685
22685
22686
22686
22687
22687
22688
22688
22689
22689
22690
22690
22691
22691
22692
22692
22693
22693
22694
22694
22695
22695
22696
22696
22697
22697
22698
22698
22699
22699
22700
22700
22701
22701
22702
22702
22703
22703
22704
22704
22705
22705
22706
22706
22707
22707
22708
22708
22709
22709
22710
22710
22711
22711
22712
22712
22713
22713
22714
22714
22715
22715
22716
22716
22717
22717
22718
22718
22719
22719
22720
22720
22721
22721
22722
22722
22723
22723
22724
22724
22725
22725
22726
22726
22727
22727
22728
22728
22729
22729
22730
22730
22731
22732
22732
22732
22733
22733
22734
22734
22735
22735
22736
22736
22737
22737
22738
22738
22739
22739
22740
22740
22741
22741
22742
22742
22743
22743
22744
22744
22745
22745
22746
22746
22747
22747
22748
22748
22749
22749
22750
22750
22751
22751
22752
22752
22753
22753
22754
22754
22755
22755
22756
22756
22757
22757
22758
22758
22759
22759
22760
22760
22761
22761
22762
22762
22763
22763
22764
22764
22765
22765
22766
22766
22767
22767
22768
22768
22769
22769
22770
22770
22771
22771
22772
22772
22773
22773
22774
22774
22775
22775
22776
22776
22777
22777
22778
22778
22779
22779
22780
22780
22781
22781
22782
22782
22783
22783
22784
22784
22785
22785
22786
22786
22787
22787
22788
22788
22789
22789
22790
22790
22791
22791
22792
22792
22793
22793
22794
22794
22795
22795
22796
22796
22797
22797
22798
22798
22799
22799
22800
22800
22801
22801
22802
22802
22803
22803
22804
22804
22805
22805
22806
22806
22807
22807
22808
22808
22809
22809
22810
22810
22811
22811
22812
22812
22813
22813
22814
22814
22815
22815
22816
22816
22817
22817
22818
22818
22819
22819
22820
22820
22821
22821
22822
22822
22823
22823
22824
22824
22825
22825
22826
22826
22827
22827
22828
22828
22829
22829
22830
22830
22831
22831
22832
22832
22833
22833
22834
22834
22835
22835
22836
22836
22837
22837
22838
22838
22839
22839
22840
22840
22841
22841
22842
22842
22843
22843
22844
22844
22845
22845
22846
22846
22847
22847
22848
22848
22849
22849
22850
22850
22851
22851
22852
22852
22853
22853
22854
22854
22855
22855
22856
22856
22857
22857
22858
22858
22859
22859
22860
22860
22861
22861
22862
22862
22863
22864
22864
22864
22865
22865
22866
22866
22867
22867
22868
22868
22869
22869
22870
22870
22871
22871
22872
22872
22873
22873
22874
22874
22875
22875
22876
22876
22877
22877
22878
22878
22879
22879
22880
22880
22881
22881
22882
22882
22883
22883
22884
22884
22885
22885
22886
22886
22887
22887
22888
22888
22889
22889
22890
22890
22891
22891
22892
22892
22893
22893
22894
22894
22895
22895
22896
22896
22897
22897
22898
22898
22899
22899
22900
22900
22901
22901
22902
22902
22903
22903
22904
22904
22905
22905
22906
22906
22907
22907
22908
22908
22909
22909
22910
22910
22911
22911
22912
22912
22913
22913
22914
22914
22915
22915
22916
22916
22917
22917
22918
22918
22919
22919
22920
22920
22921
22921
22922
22922
22923
22923
22924
22924
22925
22925
22926
22926
22927
22927
22928
22928
22929
22929
22930
22930
22931
22931
22932
22932
22933
22933
22934
22934
22935
22935
22936
22936
22937
22937
22938
22938
22939
22939
22940
22940
22941
22941
22942
22942
22943
22943
22944
22944
22945
22945
22946
22946
22947
22947
22948
22948
22949
22949
22950
22950
22951
22951
22952
22952
22953
22953
22954
22954
22955
22955
22956
22956
22957
22957
22958
22958
22959
22959
22960
22960
22961
22961
22962
22962
22963
22963
22964
22964
22965
22965
22966
22966
22967
22967
22968
22968
22969
22969
22970
22970
22971
22971
22972
22972
22973
22973
22974
22974
22975
22975
22976
22976
22977
22977
22978
22978
22979
22979
22980
22980
22981
22981
22982
22982
22983
22983
22984
22984
22985
22985
22986
22986
22987
22987
22988
22988
22989
22989
22990
22990
22991
22991
22992
22992
22993
22993
22994
22994
22995
22996
22996
22996
22997
22997
22998
22998
22999
22999
23000
23000
23001
23001
23002
23002
23003
23003
23004
23004
23005
23005
23006
23006
23007
23007
23008
23008
23009
23009
23010
23010
23011
23011
23012
23012
23013
23013
23014
23014
23015
23015
23016
23016
23017
23017
23018
23018
23019
23019
23020
23020
23021
23021
23022
23022
23023
23023
23024
23024
23025
23025
23026
23026
23027
23027
23028
23028
23029
23029
23030
23030
23031
23031
23032
23032
23033
23033
23034
23034
23035
23035
23036
23036
23037
23037
23038
23038
23039
23039
23040
23040
23041
23041
23042
23042
23043
23043
23044
23044
23045
23045
23046
23046
23047
23047
23048
23048
23049
23049
23050
23050
23051
23051
23052
23052
23053
23053
23054
23054
23055
23055
23056
23056
23057
23057
23058
23058
23059
23059
23060
23060
23061
23061
23062
23062
23063
23063
23064
23064
23065
23065
23066
23066
23067
23067
23068
23068
23069
23069
23070
23070
23071
23071
23072
23072
23073
23073
23074
23074
23075
23075
23076
23076
23077
23077
23078
23078
23079
23079
23080
23080
23081
23081
23082
23082
23083
23083
23084
23084
23085
23085
23086
23086
23087
23087
23088
23088
23089
23089
23090
23090
23091
23091
23092
23092
23093
23093
23094
23094
23095
23095
23096
23096
23097
23097
23098
23098
23099
23099
23100
23100
23101
23101
23102
23102
23103
23103
23104
23104
23105
23105
23106
23106
23107
23107
23108
23108
23109
23109
23110
23110
23111
23111
23112
23112
23113
23113
23114
23114
23115
23115
23116
23116
23117
23117
23118
23118
23119
23119
23120
23120
23121
23121
23122
23122
23123
23123
23124
23124
23125
23125
23126
23126
23127
23128
23128
23128
23129
23129
23130
23130
23131
23131
23132
23132
23133
23133
23134
23134
23135
23135
23136
23136
23137
23137
23138
23138
23139
23139
23140
23140
23141
23141
23142
23142
23143
23143
23144
23144
23145
23145
23146
23146
23147
23147
23148
23148
23149
23149
23150
23150
23151
23151
23152
23152
23153
23153
23154
23154
23155
23155
23156
23156
23157
23157
23158
23158
23159
23159
23160
23160
23161
23161
23162
23162
23163
23163
23164
23164
23165
23165
23166
23166
23167
23167
23168
23168
23169
23169
23170
23170
23171
23171
23172
23172
23173
23173
23174
23174
23175
23175
23176
23176
23177
23177
23178
23178
23179
23179
23180
23180
23181
23181
23182
23182
23183
23183
23184
23184
23185
23185
23186
23186
23187
23187
23188
23188
23189
23189
23190
23190
23191
23191
23192
23192
23193
23193
23194
23194
23195
23195
23196
23196
23197
23197
23198
23198
23199
23199
23200
23200
23201
23201
23202
23202
23203
23203
23204
23204
23205
23205
23206
23206
23207
23207
23208
23208
23209
23209
23210
23210
23211
23211
23212
23212
23213
23213
23214
23214
23215
23215
23216
23216
23217
23217
23218
23218
23219
23219
23220
23220
23221
23221
23222
23222
23223
23223
23224
23224
23225
23225
23226
23226
23227
23227
23228
23228
23229
23229
23230
23230
23231
23231
23232
23232
23233
23233
23234
23234
23235
23235
23236
23236
23237
23237
23238
23238
23239
23239
23240
23240
23241
23241
23242
23242
23243
23243
23244
23244
23245
23245
23246
23246
23247
23247
23248
23248
23249
23249
23250
23250
23251
23251
23252
23252
23253
23253
23254
23254
23255
23255
23256
23256
23257
23257
23258
23258
23259
23260
23260
23260
23261
23261
23262
23262
23263
23263
23264
23264
23265
23265
23266
23266
23267
23267
23268
23268
23269
23269
23270
23270
23271
23271
23272
23272
23273
23273
23274
23274
23275
23275
23276
23276
23277
23277
23278
23278
23279
23279
23280
23280
23281
23281
23282
23282
23283
23283
23284
23284
23285
23285
23286
23286
23287
23287
23288
23288
23289
23289
23290
23290
23291
23291
23292
23292
23293
23293
23294
23294
23295
23295
23296
23296
23297
23297
23298
23298
23299
23299
23300
23300
23301
23301
23302
23302
23303
23303
23304
23304
23305
23305
23306
23306
23307
23307
23308
23308
23309
23309
23310
23310
23311
23311
23312
23312
23313
23313
23314
23314
23315
23315
23316
23316
23317
23317
23318
23318
23319
23319
23320
23320
23321
23321
23322
23322
23323
23323
23324
23324
23325
23325
23326
23326
23327
23327
23328
23328
23329
23329
23330
23330
23331
23331
23332
23332
23333
23333
23334
23334
23335
23335
23336
23336
23337
23337
23338
23338
23339
23339
23340
23340
23341
23341
23342
23342
23343
23343
23344
23344
23345
23345
23346
23346
23347
23347
23348
23348
23349
23349
23350
23350
23351
23351
23352
23352
23353
23353
23354
23354
23355
23355
23356
23356
23357
23357
23358
23358
23359
23359
23360
23360
23361
23361
23362
23362
23363
23363
23364
23364
23365
23365
23366
23366
23367
23367
23368
23368
23369
23369
23370
23370
23371
23371
23372
23372
23373
23373
23374
23374
23375
23375
23376
23376
23377
23377
23378
23378
23379
23379
23380
23380
23381
23381
23382
23382
23383
23383
23384
23384
23385
23385
23386
23386
23387
23387
23388
23388
23389
23389
23390
23390
23391
23392
23392
23392
23393
23393
23394
23394
23395
23395
23396
23396
23397
23397
23398
23398
23399
23399
23400
23400
23401
23401
23402
23402
23403
23403
23404
23404
23405
23405
23406
23406
23407
23407
23408
23408
23409
23409
23410
23410
23411
23411
23412
23412
23413
23413
23414
23414
23415
23415
23416
23416
23417
23417
23418
23418
23419
23419
23420
23420
23421
23421
23422
23422
23423
23423
23424
23424
23425
23425
23426
23426
23427
23427
23428
23428
23429
23429
23430
23430
23431
23431
23432
23432
23433
23433
23434
23434
23435
23435
23436
23436
23437
23437
23438
23438
23439
23439
23440
23440
23441
23441
23442
23442
23443
23443
23444
23444
23445
23445
23446
23446
23447
23447
23448
23448
23449
23449
23450
23450
23451
23451
23452
23452
23453
23453
23454
23454
23455
23455
23456
23456
23457
23457
23458
23458
23459
23459
23460
23460
23461
23461
23462
23462
23463
23463
23464
23464
23465
23465
23466
23466
23467
23467
23468
23468
23469
23469
23470
23470
23471
23471
23472
23472
23473
23473
23474
23474
23475
23475
23476
23476
23477
23477
23478
23478
23479
23479
23480
23480
23481
23481
23482
23482
23483
23483
23484
23484
23485
23485
23486
23486
23487
23487
23488
23488
23489
23489
23490
23490
23491
23491
23492
23492
23493
23493
23494
23494
23495
23495
23496
23496
23497
23497
23498
23498
23499
23499
23500
23500
23501
23501
23502
23502
23503
23503
23504
23504
23505
23505
23506
23506
23507
23507
23508
23508
23509
23509
23510
23510
23511
23511
23512
23512
23513
23513
23514
23514
23515
23515
23516
23516
23517
23517
23518
23518
23519
23519
23520
23520
23521
23521
23522
23522
23523
23524
23524
23524
23525
23525
23526
23526
23527
23527
23528
23528
23529
23529
23530
23530
23531
23531
23532
23532
23533
23533
23534
23534
23535
23535
23536
23536
23537
23537
23538
23538
23539
23539
23540
23540
23541
23541
23542
23542
23543
23543
23544
23544
23545
23545
23546
23546
23547
23547
23548
23548
23549
23549
23550
23550
23551
23551
23552
23552
23553
23553
23554
23554
23555
23555
23556
23556
23557
23557
23558
23558
23559
23559
23560
23560
23561
23561
23562
23562
23563
23563
23564
23564
23565
23565
23566
23566
23567
23567
23568
23568
23569
23569
23570
23570
23571
23571
23572
23572
23573
23573
23574
23574
23575
23575
23576
23576
23577
23577
23578
23578
23579
23579
23580
23580
23581
23581
23582
23582
23583
23583
23584
23584
23585
23585
23586
23586
23587
23587
23588
23588
23589
23589
23590
23590
23591
23591
23592
23592
23593
23593
23594
23594
23595
23595
23596
23596
23597
23597
23598
23598
23599
23599
23600
23600
23601
23601
23602
23602
23603
23603
23604
23604
23605
23605
23606
23606
23607
23607
23608
23608
23609
23609
23610
23610
23611
23611
23612
23612
23613
23613
23614
23614
23615
23615
23616
23616
23617
23617
23618
23618
23619
23619
23620
23620
23621
23621
23622
23622
23623
23623
23624
23624
23625
23625
23626
23626
23627
23627
23628
23628
23629
23629
23630
23630
23631
23631
23632
23632
23633
23633
23634
23634
23635
23635
23636
23636
23637
23637
23638
23638
23639
23639
23640
23640
23641
23641
23642
23642
23643
23643
23644
23644
23645
23645
23646
23646
23647
23647
23648
23648
23649
23649
23650
23650
23651
23651
23652
23652
23653
23653
23654
23654
23655
23656
23656
23656
23657
23657
23658
23658
23659
23659
23660
23660
23661
23661
23662
23662
23663
23663
23664
23664
23665
23665
23666
23666
23667
23667
23668
23668
23669
23669
23670
23670
23671
23671
23672
23672
23673
23673
23674
23674
23675
23675
23676
23676
23677
23677
23678
23678
23679
23679
23680
23680
23681
23681
23682
23682
23683
23683
23684
23684
23685
23685
23686
23686
23687
23687
23688
23688
23689
23689
23690
23690
23691
23691
23692
23692
23693
23693
23694
23694
23695
23695
23696
23696
23697
23697
23698
23698
23699
23699
23700
23700
23701
23701
23702
23702
23703
23703
23704
23704
23705
23705
23706
23706
23707
23707
23708
23708
23709
23709
23710
23710
23711
23711
23712
23712
23713
23713
23714
23714
23715
23715
23716
23716
23717
23717
23718
23718
23719
23719
23720
23720
23721
23721
23722
23722
23723
23723
23724
23724
23725
23725
23726
23726
23727
23727
23728
23728
23729
23729
23730
23730
23731
23731
23732
23732
23733
23733
23734
23734
23735
23735
23736
23736
23737
23737
23738
23738
23739
23739
23740
23740
23741
23741
23742
23742
23743
23743
23744
23744
23745
23745
23746
23746
23747
23747
23748
23748
23749
23749
23750
23750
23751
23751
23752
23752
23753
23753
23754
23754
23755
23755
23756
23756
23757
23757
23758
23758
23759
23759
23760
23760
23761
23761
23762
23762
23763
23763
23764
23764
23765
23765
23766
23766
23767
23767
23768
23768
23769
23769
23770
23770
23771
23771
23772
23772
23773
23773
23774
23774
23775
23775
23776
23776
23777
23777
23778
23778
23779
23779
23780
23780
23781
23781
23782
23782
23783
23783
23784
23784
23785
23785
23786
23786
23787
23788
23788
23788
23789
23789
23790
23790
23791
23791
23792
23792
23793
23793
23794
23794
23795
23795
23796
23796
23797
23797
23798
23798
23799
23799
23800
23800
23801
23801
23802
23802
23803
23803
23804
23804
23805
23805
23806
23806
23807
23807
23808
23808
23809
23809
23810
23810
23811
23811
23812
23812
23813
23813
23814
23814
23815
23815
23816
23816
23817
23817
23818
23818
23819
23819
23820
23820
23821
23821
23822
23822
23823
23823
23824
23824
23825
23825
23826
23826
23827
23827
23828
23828
23829
23829
23830
23830
23831
23831
23832
23832
23833
23833
23834
23834
23835
23835
23836
23836
23837
23837
23838
23838
23839
23839
23840
23840
23841
23841
23842
23842
23843
23843
23844
23844
23845
23845
23846
23846
23847
23847
23848
23848
23849
23849
23850
23850
23851
23851
23852
23852
23853
23853
23854
23854
23855
23855
23856
23856
23857
23857
23858
23858
23859
23859
23860
23860
23861
23861
23862
23862
23863
23863
23864
23864
23865
23865
23866
23866
23867
23867
23868
23868
23869
23869
23870
23870
23871
23871
23872
23872
23873
23873
23874
23874
23875
23875
23876
23876
23877
23877
23878
23878
23879
23879
23880
23880
23881
23881
23882
23882
23883
23883
23884
23884
23885
23885
23886
23886
23887
23887
23888
23888
23889
23889
23890
23890
23891
23891
23892
23892
23893
23893
23894
23894
23895
23895
23896
23896
23897
23897
23898
23898
23899
23899
23900
23900
23901
23901
23902
23902
23903
23903
23904
23904
23905
23905
23906
23906
23907
23907
23908
23908
23909
23909
23910
23910
23911
23911
23912
23912
23913
23913
23914
23914
23915
23915
23916
23916
23917
23917
23918
23918
23919
23920
23920
23920
23921
23921
23922
23922
23923
23923
23924
23924
23925
23925
23926
23926
23927
23927
23928
23928
23929
23929
23930
23930
23931
23931
23932
23932
23933
23933
23934
23934
23935
23935
23936
23936
23937
23937
23938
23938
23939
23939
23940
23940
23941
23941
23942
23942
23943
23943
23944
23944
23945
23945
23946
23946
23947
23947
23948
23948
23949
23949
23950
23950
23951
23951
23952
23952
23953
23953
23954
23954
23955
23955
23956
23956
23957
23957
23958
23958
23959
23959
23960
23960
23961
23961
23962
23962
23963
23963
23964
23964
23965
23965
23966
23966
23967
23967
23968
23968
23969
23969
23970
23970
23971
23971
23972
23972
23973
23973
23974
23974
23975
23975
23976
23976
23977
23977
23978
23978
23979
23979
23980
23980
23981
23981
23982
23982
23983
23983
23984
23984
23985
23985
23986
23986
23987
23987
23988
23988
23989
23989
23990
23990
23991
23991
23992
23992
23993
23993
23994
23994
23995
23995
23996
23996
23997
23997
23998
23998
23999
23999
24000
24000
24001
24001
24002
24002
24003
24003
24004
24004
24005
24005
24006
24006
24007
24007
24008
24008
24009
24009
24010
24010
24011
24011
24012
24012
24013
24013
24014
24014
24015
24015
24016
24016
24017
24017
24018
24018
24019
24019
24020
24020
24021
24021
24022
24022
24023
24023
24024
24024
24025
24025
24026
24026
24027
24027
24028
24028
24029
24029
24030
24030
24031
24031
24032
24032
24033
24033
24034
24034
24035
24035
24036
24036
24037
24037
24038
24038
24039
24039
24040
24040
24041
24041
24042
24042
24043
24043
24044
24044
24045
24045
24046
24046
24047
24047
24048
24048
24049
24049
24050
24050
24051
24052
24052
24052
24053
24053
24054
24054
24055
24055
24056
24056
24057
24057
24058
24058
24059
24059
24060
24060
24061
24061
24062
24062
24063
24063
24064
24064
24065
24065
24066
24066
24067
24067
24068
24068
24069
24069
24070
24070
24071
24071
24072
24072
24073
24073
24074
24074
24075
24075
24076
24076
24077
24077
24078
24078
24079
24079
24080
24080
24081
24081
24082
24082
24083
24083
24084
24084
24085
24085
24086
24086
24087
24087
24088
24088
24089
24089
24090
24090
24091
24091
24092
24092
24093
24093
24094
24094
24095
24095
24096
24096
24097
24097
24098
24098
24099
24099
24100
24100
24101
24101
24102
24102
24103
24103
24104
24104
24105
24105
24106
24106
24107
24107
24108
24108
24109
24109
24110
24110
24111
24111
24112
24112
24113
24113
24114
24114
24115
24115
24116
24116
24117
24117
24118
24118
24119
24119
24120
24120
24121
24121
24122
24122
24123
24123
24124
24124
24125
24125
24126
24126
24127
24127
24128
24128
24129
24129
24130
24130
24131
24131
24132
24132
24133
24133
24134
24134
24135
24135
24136
24136
24137
24137
24138
24138
24139
24139
24140
24140
24141
24141
24142
24142
24143
24143
24144
24144
24145
24145
24146
24146
24147
24147
24148
24148
24149
24149
24150
24150
24151
24151
24152
24152
24153
24153
24154
24154
24155
24155
24156
24156
24157
24157
24158
24158
24159
24159
24160
24160
24161
24161
24162
24162
24163
24163
24164
24164
24165
24165
24166
24166
24167
24167
24168
24168
24169
24169
24170
24170
24171
24171
24172
24172
24173
24173
24174
24174
24175
24175
24176
24176
24177
24177
24178
24178
24179
24179
24180
24180
24181
24181
24182
24182
24183
24184
24184
24184
24185
24185
24186
24186
24187
24187
24188
24188
24189
24189
24190
24190
24191
24191
24192
24192
24193
24193
24194
24194
24195
24195
24196
24196
24197
24197
24198
24198
24199
24199
24200
24200
24201
24201
24202
24202
24203
24203
24204
24204
24205
24205
24206
24206
24207
24207
24208
24208
24209
24209
24210
24210
24211
24211
24212
24212
24213
24213
24214
24214
24215
24215
24216
24216
24217
24217
24218
24218
24219
24219
24220
24220
24221
24221
24222
24222
24223
24223
24224
24224
24225
24225
24226
24226
24227
24227
24228
24228
24229
24229
24230
24230
24231
24231
24232
24232
24233
24233
24234
24234
24235
24235
24236
24236
24237
24237
24238
24238
24239
24239
24240
24240
24241
24241
24242
24242
24243
24243
24244
24244
24245
24245
24246
24246
24247
24247
24248
24248
24249
24249
24250
24250
24251
24251
24252
24252
24253
24253
24254
24254
24255
24255
24256
24256
24257
24257
24258
24258
24259
24259
24260
24260
24261
24261
24262
24262
24263
24263
24264
24264
24265
24265
24266
24266
24267
24267
24268
24268
24269
24269
24270
24270
24271
24271
24272
24272
24273
24273
24274
24274
24275
24275
24276
24276
24277
24277
24278
24278
24279
24279
24280
24280
24281
24281
24282
24282
24283
24283
24284
24284
24285
24285
24286
24286
24287
24287
24288
24288
24289
24289
24290
24290
24291
24291
24292
24292
24293
24293
24294
24294
24295
24295
24296
24296
24297
24297
24298
24298
24299
24299
24300
24300
24301
24301
24302
24302
24303
24303
24304
24304
24305
24305
24306
24306
24307
24307
24308
24308
24309
24309
24310
24310
24311
24311
24312
24312
24313
24313
24314
24314
24315
24316
24316
24316
24317
24317
24318
24318
24319
24319
24320
24320
24321
24321
24322
24322
24323
24323
24324
24324
24325
24325
24326
24326
24327
24327
24328
24328
24329
24329
24330
24330
24331
24331
24332
24332
24333
24333
24334
24334
24335
24335
24336
24336
24337
24337
24338
24338
24339
24339
24340
24340
24341
24341
24342
24342
24343
24343
24344
24344
24345
24345
24346
24346
24347
24347
24348
24348
24349
24349
24350
24350
24351
24351
24352
24352
24353
24353
24354
24354
24355
24355
24356
24356
24357
24357
24358
24358
24359
24359
24360
24360
24361
24361
24362
24362
24363
24363
24364
24364
24365
24365
24366
24366
24367
24367
24368
24368
24369
24369
24370
24370
24371
24371
24372
24372
24373
24373
24374
24374
24375
24375
24376
24376
24377
24377
24378
24378
24379
24379
24380
24380
24381
24381
24382
24382
24383
24383
24384
24384
24385
24385
24386
24386
24387
24387
24388
24388
24389
24389
24390
24390
24391
24391
24392
24392
24393
24393
24394
24394
24395
24395
24396
24396
24397
24397
24398
24398
24399
24399
24400
24400
24401
24401
24402
24402
24403
24403
24404
24404
24405
24405
24406
24406
24407
24407
24408
24408
24409
24409
24410
24410
24411
24411
24412
24412
24413
24413
24414
24414
24415
24415
24416
24416
24417
24417
24418
24418
24419
24419
24420
24420
24421
24421
24422
24422
24423
24423
24424
24424
24425
24425
24426
24426
24427
24427
24428
24428
24429
24429
24430
24430
24431
24431
24432
24432
24433
24433
24434
24434
24435
24435
24436
24436
24437
24437
24438
24438
24439
24439
24440
24440
24441
24441
24442
24442
24443
24443
24444
24444
24445
24445
24446
24446
24447
24448
24448
24448
24449
24449
24450
24450
24451
24451
24452
24452
24453
24453
24454
24454
24455
24455
24456
24456
24457
24457
24458
24458
24459
24459
24460
24460
24461
24461
24462
24462
24463
24463
24464
24464
24465
24465
24466
24466
24467
24467
24468
24468
24469
24469
24470
24470
24471
24471
24472
24472
24473
24473
24474
24474
24475
24475
24476
24476
24477
24477
24478
24478
24479
24479
24480
24480
24481
24481
24482
24482
24483
24483
24484
24484
24485
24485
24486
24486
24487
24487
24488
24488
24489
24489
24490
24490
24491
24491
24492
24492
24493
24493
24494
24494
24495
24495
24496
24496
24497
24497
24498
24498
24499
24499
24500
24500
24501
24501
24502
24502
24503
24503
24504
24504
24505
24505
24506
24506
24507
24507
24508
24508
24509
24509
24510
24510
24511
24511
24512
24512
24513
24513
24514
24514
24515
24515
24516
24516
24517
24517
24518
24518
24519
24519
24520
24520
24521
24521
24522
24522
24523
24523
24524
24524
24525
24525
24526
24526
24527
24527
24528
24528
24529
24529
24530
24530
24531
24531
24532
24532
24533
24533
24534
24534
24535
24535
24536
24536
24537
24537
24538
24538
24539
24539
24540
24540
24541
24541
24542
24542
24543
24543
24544
24544
24545
24545
24546
24546
24547
24547
24548
24548
24549
24549
24550
24550
24551
24551
24552
24552
24553
24553
24554
24554
24555
24555
24556
24556
24557
24557
24558
24558
24559
24559
24560
24560
24561
24561
24562
24562
24563
24563
24564
24564
24565
24565
24566
24566
24567
24567
24568
24568
24569
24569
24570
24570
24571
24571
24572
24572
24573
24573
24574
24574
24575
24575
24576
24576
24577
24577
24578
24578
24579
24580
24580
24580
24581
24581
24582
24582
24583
24583
24584
24584
24585
24585
24586
24586
24587
24587
24588
24588
24589
24589
24590
24590
24591
24591
24592
24592
24593
24593
24594
24594
24595
24595
24596
24596
24597
24597
24598
24598
24599
24599
24600
24600
24601
24601
24602
24602
24603
24603
24604
24604
24605
24605
24606
24606
24607
24607
24608
24608
24609
24609
24610
24610
24611
24611
24612
24612
24613
24613
24614
24614
24615
24615
24616
24616
24617
24617
24618
24618
24619
24619
24620
24620
24621
24621
24622
24622
24623
24623
24624
24624
24625
24625
24626
24626
24627
24627
24628
24628
24629
24629
24630
24630
24631
24631
24632
24632
24633
24633
24634
24634
24635
24635
24636
24636
24637
24637
24638
24638
24639
24639
24640
24640
24641
24641
24642
24642
24643
24643
24644
24644
24645
24645
24646
24646
24647
24647
24648
24648
24649
24649
24650
24650
24651
24651
24652
24652
24653
24653
24654
24654
24655
24655
24656
24656
24657
24657
24658
24658
24659
24659
24660
24660
24661
24661
24662
24662
24663
24663
24664
24664
24665
24665
24666
24666
24667
24667
24668
24668
24669
24669
24670
24670
24671
24671
24672
24672
24673
24673
24674
24674
24675
24675
24676
24676
24677
24677
24678
24678
24679
24679
24680
24680
24681
24681
24682
24682
24683
24683
24684
24684
24685
24685
24686
24686
24687
24687
24688
24688
24689
24689
24690
24690
24691
24691
24692
24692
24693
24693
24694
24694
24695
24695
24696
24696
24697
24697
24698
24698
24699
24699
24700
24700
24701
24701
24702
24702
24703
24703
24704
24704
24705
24705
24706
24706
24707
24707
24708
24708
24709
24709
24710
24710
24711
24712
24712
24712
24713
24713
24714
24714
24715
24715
24716
24716
24717
24717
24718
24718
24719
24719
24720
24720
24721
24721
24722
24722
24723
24723
24724
24724
24725
24725
24726
24726
24727
24727
24728
24728
24729
24729
24730
24730
24731
24731
24732
24732
24733
24733
24734
24734
24735
24735
24736
24736
24737
24737
24738
24738
24739
24739
24740
24740
24741
24741
24742
24742
24743
24743
24744
24744
24745
24745
24746
24746
24747
24747
24748
24748
24749
24749
24750
24750
24751
24751
24752
24752
24753
24753
24754
24754
24755
24755
24756
24756
24757
24757
24758
24758
24759
24759
24760
24760
24761
24761
24762
24762
24763
24763
24764
24764
24765
24765
24766
24766
24767
24767
24768
24768
24769
24769
24770
24770
24771
24771
24772
24772
24773
24773
24774
24774
24775
24775
24776
24776
24777
24777
24778
24778
24779
24779
24780
24780
24781
24781
24782
24782
24783
24783
24784
24784
24785
24785
24786
24786
24787
24787
24788
24788
24789
24789
24790
24790
24791
24791
24792
24792
24793
24793
24794
24794
24795
24795
24796
24796
24797
24797
24798
24798
24799
24799
24800
24800
24801
24801
24802
24802
24803
24803
24804
24804
24805
24805
24806
24806
24807
24807
24808
24808
24809
24809
24810
24810
24811
24811
24812
24812
24813
24813
24814
24814
24815
24815
24816
24816
24817
24817
24818
24818
24819
24819
24820
24820
24821
24821
24822
24822
24823
24823
24824
24824
24825
24825
24826
24826
24827
24827
24828
24828
24829
24829
24830
24830
24831
24831
24832
24832
24833
24833
24834
24834
24835
24835
24836
24836
24837
24837
24838
24838
24839
24839
24840
24840
24841
24841
24842
24842
24843
24844
24844
24844
24845
24845
24846
24846
24847
24847
24848
24848
24849
24849
24850
24850
24851
24851
24852
24852
24853
24853
24854
24854
24855
24855
24856
24856
24857
24857
24858
24858
24859
24859
24860
24860
24861
24861
24862
24862
24863
24863
24864
24864
24865
24865
24866
24866
24867
24867
24868
24868
24869
24869
24870
24870
24871
24871
24872
24872
24873
24873
24874
24874
24875
24875
24876
24876
24877
24877
24878
24878
24879
24879
24880
24880
24881
24881
24882
24882
24883
24883
24884
24884
24885
24885
24886
24886
24887
24887
24888
24888
24889
24889
24890
24890
24891
24891
24892
24892
24893
24893
24894
24894
24895
24895
24896
24896
24897
24897
24898
24898
24899
24899
24900
24900
24901
24901
24902
24902
24903
24903
24904
24904
24905
24905
24906
24906
24907
24907
24908
24908
24909
24909
24910
24910
24911
24911
24912
24912
24913
24913
24914
24914
24915
24915
24916
24916
24917
24917
24918
24918
24919
24919
24920
24920
24921
24921
24922
24922
24923
24923
24924
24924
24925
24925
24926
24926
24927
24927
24928
24928
24929
24929
24930
24930
24931
24931
24932
24932
24933
24933
24934
24934
24935
24935
24936
24936
24937
24937
24938
24938
24939
24939
24940
24940
24941
24941
24942
24942
24943
24943
24944
24944
24945
24945
24946
24946
24947
24947
24948
24948
24949
24949
24950
24950
24951
24951
24952
24952
24953
24953
24954
24954
24955
24955
24956
24956
24957
24957
24958
24958
24959
24959
24960
24960
24961
24961
24962
24962
24963
24963
24964
24964
24965
24965
24966
24966
24967
24967
24968
24968
24969
24969
24970
24970
24971
24971
24972
24972
24973
24973
24974
24974
24975
24976
24976
24976
24977
24977
24978
24978
24979
24979
24980
24980
24981
24981
24982
24982
24983
24983
24984
24984
24985
24985
24986
24986
24987
24987
24988
24988
24989
24989
24990
24990
24991
24991
24992
24992
24993
24993
24994
24994
24995
24995
24996
24996
24997
24997
24998
24998
24999
24999
25000
25000
25001
25001
25002
25002
25003
25003
25004
25004
25005
25005
25006
25006
25007
25007
25008
25008
25009
25009
25010
25010
25011
25011
25012
25012
25013
25013
25014
25014
25015
25015
25016
25016
25017
25017
25018
25018
25019
25019
25020
25020
25021
25021
25022
25022
25023
25023
25024
25024
25025
25025
25026
25026
25027
25027
25028
25028
25029
25029
25030
25030
25031
25031
25032
25032
25033
25033
25034
25034
25035
25035
25036
25036
25037
25037
25038
25038
25039
25039
25040
25040
25041
25041
25042
25042
25043
25043
25044
25044
25045
25045
25046
25046
25047
25047
25048
25048
25049
25049
25050
25050
25051
25051
25052
25052
25053
25053
25054
25054
25055
25055
25056
25056
25057
25057
25058
25058
25059
25059
25060
25060
25061
25061
25062
25062
25063
25063
25064
25064
25065
25065
25066
25066
25067
25067
25068
25068
25069
25069
25070
25070
25071
25071
25072
25072
25073
25073
25074
25074
25075
25075
25076
25076
25077
25077
25078
25078
25079
25079
25080
25080
25081
25081
25082
25082
25083
25083
25084
25084
25085
25085
25086
25086
25087
25087
25088
25088
25089
25089
25090
25090
25091
25091
25092
25092
25093
25093
25094
25094
25095
25095
25096
25096
25097
25097
25098
25098
25099
25099
25100
25100
25101
25101
25102
25102
25103
25103
25104
25104
25105
25105
25106
25106
25107
25108
25108
25108
25109
25109
25110
25110
25111
25111
25112
25112
25113
25113
25114
25114
25115
25115
25116
25116
25117
25117
25118
25118
25119
25119
25120
25120
25121
25121
25122
25122
25123
25123
25124
25124
25125
25125
25126
25126
25127
25127
25128
25128
25129
25129
25130
25130
25131
25131
25132
25132
25133
25133
25134
25134
25135
25135
25136
25136
25137
25137
25138
25138
25139
25139
25140
25140
25141
25141
25142
25142
25143
25143
25144
25144
25145
25145
25146
25146
25147
25147
25148
25148
25149
25149
25150
25150
25151
25151
25152
25152
25153
25153
25154
25154
25155
25155
25156
25156
25157
25157
25158
25158
25159
25159
25160
25160
25161
25161
25162
25162
25163
25163
25164
25164
25165
25165
25166
25166
25167
25167
25168
25168
25169
25169
25170
25170
25171
25171
25172
25172
25173
25173
25174
25174
25175
25175
25176
25176
25177
25177
25178
25178
25179
25179
25180
25180
25181
25181
25182
25182
25183
25183
25184
25184
25185
25185
25186
25186
25187
25187
25188
25188
25189
25189
25190
25190
25191
25191
25192
25192
25193
25193
25194
25194
25195
25195
25196
25196
25197
25197
25198
25198
25199
25199
25200
25200
25201
25201
25202
25202
25203
25203
25204
25204
25205
25205
25206
25206
25207
25207
25208
25208
25209
25209
25210
25210
25211
25211
25212
25212
25213
25213
25214
25214
25215
25215
25216
25216
25217
25217
25218
25218
25219
25219
25220
25220
25221
25221
25222
25222
25223
25223
25224
25224
25225
25225
25226
25226
25227
25227
25228
25228
25229
25229
25230
25230
25231
25231
25232
25232
25233
25233
25234
25234
25235
25235
25236
25236
25237
25237
25238
25238
25239
25240
25240
25240
25241
25241
25242
25242
25243
25243
25244
25244
25245
25245
25246
25246
25247
25247
25248
25248
25249
25249
25250
25250
25251
25251
25252
25252
25253
25253
25254
25254
25255
25255
25256
25256
25257
25257
25258
25258
25259
25259
25260
25260
25261
25261
25262
25262
25263
25263
25264
25264
25265
25265
25266
25266
25267
25267
25268
25268
25269
25269
25270
25270
25271
25271
25272
25272
25273
25273
25274
25274
25275
25275
25276
25276
25277
25277
25278
25278
25279
25279
25280
25280
25281
25281
25282
25282
25283
25283
25284
25284
25285
25285
25286
25286
25287
25287
25288
25288
25289
25289
25290
25290
25291
25291
25292
25292
25293
25293
25294
25294
25295
25295
25296
25296
25297
25297
25298
25298
25299
25299
25300
25300
25301
25301
25302
25302
25303
25303
25304
25304
25305
25305
25306
25306
25307
25307
25308
25308
25309
25309
25310
25310
25311
25311
25312
25312
25313
25313
25314
25314
25315
25315
25316
25316
25317
25317
25318
25318
25319
25319
25320
25320
25321
25321
25322
25322
25323
25323
25324
25324
25325
25325
25326
25326
25327
25327
25328
25328
25329
25329
25330
25330
25331
25331
25332
25332
25333
25333
25334
25334
25335
25335
25336
25336
25337
25337
25338
25338
25339
25339
25340
25340
25341
25341
25342
25342
25343
25343
25344
25344
25345
25345
25346
25346
25347
25347
25348
25348
25349
25349
25350
25350
25351
25351
25352
25352
25353
25353
25354
25354
25355
25355
25356
25356
25357
25357
25358
25358
25359
25359
25360
25360
25361
25361
25362
25362
25363
25363
25364
25364
25365
25365
25366
25366
25367
25367
25368
25368
25369
25369
25370
25370
25371
25372
25372
25372
25373
25373
25374
25374
25375
25375
25376
25376
25377
25377
25378
25378
25379
25379
25380
25380
25381
25381
25382
25382
25383
25383
25384
25384
25385
25385
25386
25386
25387
25387
25388
25388
25389
25389
25390
25390
25391
25391
25392
25392
25393
25393
25394
25394
25395
25395
25396
25396
25397
25397
25398
25398
25399
25399
25400
25400
25401
25401
25402
25402
25403
25403
25404
25404
25405
25405
25406
25406
25407
25407
25408
25408
25409
25409
25410
25410
25411
25411
25412
25412
25413
25413
25414
25414
25415
25415
25416
25416
25417
25417
25418
25418
25419
25419
25420
25420
25421
25421
25422
25422
25423
25423
25424
25424
25425
25425
25426
25426
25427
25427
25428
25428
25429
25429
25430
25430
25431
25431
25432
25432
25433
25433
25434
25434
25435
25435
25436
25436
25437
25437
25438
25438
25439
25439
25440
25440
25441
25441
25442
25442
25443
25443
25444
25444
25445
25445
25446
25446
25447
25447
25448
25448
25449
25449
25450
25450
25451
25451
25452
25452
25453
25453
25454
25454
25455
25455
25456
25456
25457
25457
25458
25458
25459
25459
25460
25460
25461
25461
25462
25462
25463
25463
25464
25464
25465
25465
25466
25466
25467
25467
25468
25468
25469
25469
25470
25470
25471
25471
25472
25472
25473
25473
25474
25474
25475
25475
25476
25476
25477
25477
25478
25478
25479
25479
25480
25480
25481
25481
25482
25482
25483
25483
25484
25484
25485
25485
25486
25486
25487
25487
25488
25488
25489
25489
25490
25490
25491
25491
25492
25492
25493
25493
25494
25494
25495
25495
25496
25496
25497
25497
25498
25498
25499
25499
25500
25500
25501
25501
25502
25502
25503
25504
25504
25504
25505
25505
25506
25506
25507
25507
25508
25508
25509
25509
25510
25510
25511
25511
25512
25512
25513
25513
25514
25514
25515
25515
25516
25516
25517
25517
25518
25518
25519
25519
25520
25520
25521
25521
25522
25522
25523
25523
25524
25524
25525
25525
25526
25526
25527
25527
25528
25528
25529
25529
25530
25530
25531
25531
25532
25532
25533
25533
25534
25534
25535
25535
25536
25536
25537
25537
25538
25538
25539
25539
25540
25540
25541
25541
25542
25542
25543
25543
25544
25544
25545
25545
25546
25546
25547
25547
25548
25548
25549
25549
25550
25550
25551
25551
25552
25552
25553
25553
25554
25554
25555
25555
25556
25556
25557
25557
25558
25558
25559
25559
25560
25560
25561
25561
25562
25562
25563
25563
25564
25564
25565
25565
25566
25566
25567
25567
25568
25568
25569
25569
25570
25570
25571
25571
25572
25572
25573
25573
25574
25574
25575
25575
25576
25576
25577
25577
25578
25578
25579
25579
25580
25580
25581
25581
25582
25582
25583
25583
25584
25584
25585
25585
25586
25586
25587
25587
25588
25588
25589
25589
25590
25590
25591
25591
25592
25592
25593
25593
25594
25594
25595
25595
25596
25596
25597
25597
25598
25598
25599
25599
25600
25600
25601
25601
25602
25602
25603
25603
25604
25604
25605
25605
25606
25606
25607
25607
25608
25608
25609
25609
25610
25610
25611
25611
25612
25612
25613
25613
25614
25614
25615
25615
25616
25616
25617
25617
25618
25618
25619
25619
25620
25620
25621
25621
25622
25622
25623
25623
25624
25624
25625
25625
25626
25626
25627
25627
25628
25628
25629
25629
25630
25630
25631
25631
25632
25632
25633
25633
25634
25634
25635
25636
25636
25636
25637
25637
25638
25638
25639
25639
25640
25640
25641
25641
25642
25642
25643
25643
25644
25644
25645
25645
25646
25646
25647
25647
25648
25648
25649
25649
25650
25650
25651
25651
25652
25652
25653
25653
25654
25654
25655
25655
25656
25656
25657
25657
25658
25658
25659
25659
25660
25660
25661
25661
25662
25662
25663
25663
25664
25664
25665
25665
25666
25666
25667
25667
25668
25668
25669
25669
25670
25670
25671
25671
25672
25672
25673
25673
25674
25674
25675
25675
25676
25676
25677
25677
25678
25678
25679
25679
25680
25680
25681
25681
25682
25682
25683
25683
25684
25684
25685
25685
25686
25686
25687
25687
25688
25688
25689
25689
25690
25690
25691
25691
25692
25692
25693
25693
25694
25694
25695
25695
25696
25696
25697
25697
25698
25698
25699
25699
25700
25700
25701
25701
25702
25702
25703
25703
25704
25704
25705
25705
25706
25706
25707
25707
25708
25708
25709
25709
25710
25710
25711
25711
25712
25712
25713
25713
25714
25714
25715
25715
25716
25716
25717
25717
25718
25718
25719
25719
25720
25720
25721
25721
25722
25722
25723
25723
25724
25724
25725
25725
25726
25726
25727
25727
25728
25728
25729
25729
25730
25730
25731
25731
25732
25732
25733
25733
25734
25734
25735
25735
25736
25736
25737
25737
25738
25738
25739
25739
25740
25740
25741
25741
25742
25742
25743
25743
25744
25744
25745
25745
25746
25746
25747
25747
25748
25748
25749
25749
25750
25750
25751
25751
25752
25752
25753
25753
25754
25754
25755
25755
25756
25756
25757
25757
25758
25758
25759
25759
25760
25760
25761
25761
25762
25762
25763
25763
25764
25764
25765
25765
25766
25766
25767
25768
25768
25768
25769
25769
25770
25770
25771
25771
25772
25772
25773
25773
25774
25774
25775
25775
25776
25776
25777
25777
25778
25778
25779
25779
25780
25780
25781
25781
25782
25782
25783
25783
25784
25784
25785
25785
25786
25786
25787
25787
25788
25788
25789
25789
25790
25790
25791
25791
25792
25792
25793
25793
25794
25794
25795
25795
25796
25796
25797
25797
25798
25798
25799
25799
25800
25800
25801
25801
25802
25802
25803
25803
25804
25804
25805
25805
25806
25806
25807
25807
25808
25808
25809
25809
25810
25810
25811
25811
25812
25812
25813
25813
25814
25814
25815
25815
25816
25816
25817
25817
25818
25818
25819
25819
25820
25820
25821
25821
25822
25822
25823
25823
25824
25824
25825
25825
25826
25826
25827
25827
25828
25828
25829
25829
25830
25830
25831
25831
25832
25832
25833
25833
25834
25834
25835
25835
25836
25836
25837
25837
25838
25838
25839
25839
25840
25840
25841
25841
25842
25842
25843
25843
25844
25844
25845
25845
25846
25846
25847
25847
25848
25848
25849
25849
25850
25850
25851
25851
25852
25852
25853
25853
25854
25854
25855
25855
25856
25856
25857
25857
25858
25858
25859
25859
25860
25860
25861
25861
25862
25862
25863
25863
25864
25864
25865
25865
25866
25866
25867
25867
25868
25868
25869
25869
25870
25870
25871
25871
25872
25872
25873
25873
25874
25874
25875
25875
25876
25876
25877
25877
25878
25878
25879
25879
25880
25880
25881
25881
25882
25882
25883
25883
25884
25884
25885
25885
25886
25886
25887
25887
25888
25888
25889
25889
25890
25890
25891
25891
25892
25892
25893
25893
25894
25894
25895
25895
25896
25896
25897
25897
25898
25898
25899
25900
25900
25900
25901
25901
25902
25902
25903
25903
25904
25904
25905
25905
25906
25906
25907
25907
25908
25908
25909
25909
25910
25910
25911
25911
25912
25912
25913
25913
25914
25914
25915
25915
25916
25916
25917
25917
25918
25918
25919
25919
25920
25920
25921
25921
25922
25922
25923
25923
25924
25924
25925
25925
25926
25926
25927
25927
25928
25928
25929
25929
25930
25930
25931
25931
25932
25932
25933
25933
25934
25934
25935
25935
25936
25936
25937
25937
25938
25938
25939
25939
25940
25940
25941
25941
25942
25942
25943
25943
25944
25944
25945
25945
25946
25946
25947
25947
25948
25948
25949
25949
25950
25950
25951
25951
25952
25952
25953
25953
25954
25954
25955
25955
25956
25956
25957
25957
25958
25958
25959
25959
25960
25960
25961
25961
25962
25962
25963
25963
25964
25964
25965
25965
25966
25966
25967
25967
25968
25968
25969
25969
25970
25970
25971
25971
25972
25972
25973
25973
25974
25974
25975
25975
25976
25976
25977
25977
25978
25978
25979
25979
25980
25980
25981
25981
25982
25982
25983
25983
25984
25984
25985
25985
25986
25986
25987
25987
25988
25988
25989
25989
25990
25990
25991
25991
25992
25992
25993
25993
25994
25994
25995
25995
25996
25996
25997
25997
25998
25998
25999
25999
26000
26000
26001
26001
26002
26002
26003
26003
26004
26004
26005
26005
26006
26006
26007
26007
26008
26008
26009
26009
26010
26010
26011
26011
26012
26012
26013
26013
26014
26014
26015
26015
26016
26016
26017
26017
26018
26018
26019
26019
26020
26020
26021
26021
26022
26022
26023
26023
26024
26024
26025
26025
26026
26026
26027
26027
26028
26028
26029
26029
26030
26030
26031
26032
26032
26032
26033
26033
26034
26034
26035
26035
26036
26036
26037
26037
26038
26038
26039
26039
26040
26040
26041
26041
26042
26042
26043
26043
26044
26044
26045
26045
26046
26046
26047
26047
26048
26048
26049
26049
26050
26050
26051
26051
26052
26052
26053
26053
26054
26054
26055
26055
26056
26056
26057
26057
26058
26058
26059
26059
26060
26060
26061
26061
26062
26062
26063
26063
26064
26064
26065
26065
26066
26066
26067
26067
26068
26068
26069
26069
26070
26070
26071
26071
26072
26072
26073
26073
26074
26074
26075
26075
26076
26076
26077
26077
26078
26078
26079
26079
26080
26080
26081
26081
26082
26082
26083
26083
26084
26084
26085
26085
26086
26086
26087
26087
26088
26088
26089
26089
26090
26090
26091
26091
26092
26092
26093
26093
26094
26094
26095
26095
26096
26096
26097
26097
26098
26098
26099
26099
26100
26100
26101
26101
26102
26102
26103
26103
26104
26104
26105
26105
26106
26106
26107
26107
26108
26108
26109
26109
26110
26110
26111
26111
26112
26112
26113
26113
26114
26114
26115
26115
26116
26116
26117
26117
26118
26118
26119
26119
26120
26120
26121
26121
26122
26122
26123
26123
26124
26124
26125
26125
26126
26126
26127
26127
26128
26128
26129
26129
26130
26130
26131
26131
26132
26132
26133
26133
26134
26134
26135
26135
26136
26136
26137
26137
26138
26138
26139
26139
26140
26140
26141
26141
26142
26142
26143
26143
26144
26144
26145
26145
26146
26146
26147
26147
26148
26148
26149
26149
26150
26150
26151
26151
26152
26152
26153
26153
26154
26154
26155
26155
26156
26156
26157
26157
26158
26158
26159
26159
26160
26160
26161
26161
26162
26162
26163
26164
26164
26164
26165
26165
26166
26166
26167
26167
26168
26168
26169
26169
26170
26170
26171
26171
26172
26172
26173
26173
26174
26174
26175
26175
26176
26176
26177
26177
26178
26178
26179
26179
26180
26180
26181
26181
26182
26182
26183
26183
26184
26184
26185
26185
26186
26186
26187
26187
26188
26188
26189
26189
26190
26190
26191
26191
26192
26192
26193
26193
26194
26194
26195
26195
26196
26196
26197
26197
26198
26198
26199
26199
26200
26200
26201
26201
26202
26202
26203
26203
26204
26204
26205
26205
26206
26206
26207
26207
26208
26208
26209
26209
26210
26210
26211
26211
26212
26212
26213
26213
26214
26214
26215
26215
26216
26216
26217
26217
26218
26218
26219
26219
26220
26220
26221
26221
26222
26222
26223
26223
26224
26224
26225
26225
26226
26226
26227
26227
26228
26228
26229
26229
26230
26230
26231
26231
26232
26232
26233
26233
26234
26234
26235
26235
26236
26236
26237
26237
26238
26238
26239
26239
26240
26240
26241
26241
26242
26242
26243
26243
26244
26244
26245
26245
26246
26246
26247
26247
26248
26248
26249
26249
26250
26250
26251
26251
26252
26252
26253
26253
26254
26254
26255
26255
26256
26256
26257
26257
26258
26258
26259
26259
26260
26260
26261
26261
26262
26262
26263
26263
26264
26264
26265
26265
26266
26266
26267
26267
26268
26268
26269
26269
26270
26270
26271
26271
26272
26272
26273
26273
26274
26274
26275
26275
26276
26276
26277
26277
26278
26278
26279
26279
26280
26280
26281
26281
26282
26282
26283
26283
26284
26284
26285
26285
26286
26286
26287
26287
26288
26288
26289
26289
26290
26290
26291
26291
26292
26292
26293
26293
26294
26294
26295
26296
26296
26296
26297
26297
26298
26298
26299
26299
26300
26300
26301
26301
26302
26302
26303
26303
26304
26304
26305
26305
26306
26306
26307
26307
26308
26308
26309
26309
26310
26310
26311
26311
26312
26312
26313
26313
26314
26314
26315
26315
26316
26316
26317
26317
26318
26318
26319
26319
26320
26320
26321
26321
26322
26322
26323
26323
26324
26324
26325
26325
26326
26326
26327
26327
26328
26328
26329
26329
26330
26330
26331
26331
26332
26332
26333
26333
26334
26334
26335
26335
26336
26336
26337
26337
26338
26338
26339
26339
26340
26340
26341
26341
26342
26342
26343
26343
26344
26344
26345
26345
26346
26346
26347
26347
26348
26348
26349
26349
26350
26350
26351
26351
26352
26352
26353
26353
26354
26354
26355
26355
26356
26356
26357
26357
26358
26358
26359
26359
26360
26360
26361
26361
26362
26362
26363
26363
26364
26364
26365
26365
26366
26366
26367
26367
26368
26368
26369
26369
26370
26370
26371
26371
26372
26372
26373
26373
26374
26374
26375
26375
26376
26376
26377
26377
26378
26378
26379
26379
26380
26380
26381
26381
26382
26382
26383
26383
26384
26384
26385
26385
26386
26386
26387
26387
26388
26388
26389
26389
26390
26390
26391
26391
26392
26392
26393
26393
26394
26394
26395
26395
26396
26396
26397
26397
26398
26398
26399
26399
26400
26400
26401
26401
26402
26402
26403
26403
26404
26404
26405
26405
26406
26406
26407
26407
26408
26408
26409
26409
26410
26410
26411
26411
26412
26412
26413
26413
26414
26414
26415
26415
26416
26416
26417
26417
26418
26418
26419
26419
26420
26420
26421
26421
26422
26422
26423
26423
26424
26424
26425
26425
26426
26426
26427
26428
26428
26428
26429
26429
26430
26430
26431
26431
26432
26432
26433
26433
26434
26434
26435
26435
26436
26436
26437
26437
26438
26438
26439
26439
26440
26440
26441
26441
26442
26442
26443
26443
26444
26444
26445
26445
26446
26446
26447
26447
26448
26448
26449
26449
26450
26450
26451
26451
26452
26452
26453
26453
26454
26454
26455
26455
26456
26456
26457
26457
26458
26458
26459
26459
26460
26460
26461
26461
26462
26462
26463
26463
26464
26464
26465
26465
26466
26466
26467
26467
26468
26468
26469
26469
26470
26470
26471
26471
26472
26472
26473
26473
26474
26474
26475
26475
26476
26476
26477
26477
26478
26478
26479
26479
26480
26480
26481
26481
26482
26482
26483
26483
26484
26484
26485
26485
26486
26486
26487
26487
26488
26488
26489
26489
26490
26490
26491
26491
26492
26492
26493
26493
26494
26494
26495
26495
26496
26496
26497
26497
26498
26498
26499
26499
26500
26500
26501
26501
26502
26502
26503
26503
26504
26504
26505
26505
26506
26506
26507
26507
26508
26508
26509
26509
26510
26510
26511
26511
26512
26512
26513
26513
26514
26514
26515
26515
26516
26516
26517
26517
26518
26518
26519
26519
26520
26520
26521
26521
26522
26522
26523
26523
26524
26524
26525
26525
26526
26526
26527
26527
26528
26528
26529
26529
26530
26530
26531
26531
26532
26532
26533
26533
26534
26534
26535
26535
26536
26536
26537
26537
26538
26538
26539
26539
26540
26540
26541
26541
26542
26542
26543
26543
26544
26544
26545
26545
26546
26546
26547
26547
26548
26548
26549
26549
26550
26550
26551
26551
26552
26552
26553
26553
26554
26554
26555
26555
26556
26556
26557
26557
26558
26558
26559
26560
26560
26560
26561
26561
26562
26562
26563
26563
26564
26564
26565
26565
26566
26566
26567
26567
26568
26568
26569
26569
26570
26570
26571
26571
26572
26572
26573
26573
26574
26574
26575
26575
26576
26576
26577
26577
26578
26578
26579
26579
26580
26580
26581
26581
26582
26582
26583
26583
26584
26584
26585
26585
26586
26586
26587
26587
26588
26588
26589
26589
26590
26590
26591
26591
26592
26592
26593
26593
26594
26594
26595
26595
26596
26596
26597
26597
26598
26598
26599
26599
26600
26600
26601
26601
26602
26602
26603
26603
26604
26604
26605
26605
26606
26606
26607
26607
26608
26608
26609
26609
26610
26610
26611
26611
26612
26612
26613
26613
26614
26614
26615
26615
26616
26616
26617
26617
26618
26618
26619
26619
26620
26620
26621
26621
26622
26622
26623
26623
26624
26624
26625
26625
26626
26626
26627
26627
26628
26628
26629
26629
26630
26630
26631
26631
26632
26632
26633
26633
26634
26634
26635
26635
26636
26636
26637
26637
26638
26638
26639
26639
26640
26640
26641
26641
26642
26642
26643
26643
26644
26644
26645
26645
26646
26646
26647
26647
26648
26648
26649
26649
26650
26650
26651
26651
26652
26652
26653
26653
26654
26654
26655
26655
26656
26656
26657
26657
26658
26658
26659
26659
26660
26660
26661
26661
26662
26662
26663
26663
26664
26664
26665
26665
26666
26666
26667
26667
26668
26668
26669
26669
26670
26670
26671
26671
26672
26672
26673
26673
26674
26674
26675
26675
26676
26676
26677
26677
26678
26678
26679
26679
26680
26680
26681
26681
26682
26682
26683
26683
26684
26684
26685
26685
26686
26686
26687
26687
26688
26688
26689
26689
26690
26690
26691
26692
26692
26692
26693
26693
26694
26694
26695
26695
26696
26696
26697
26697
26698
26698
26699
26699
26700
26700
26701
26701
26702
26702
26703
26703
26704
26704
26705
26705
26706
26706
26707
26707
26708
26708
26709
26709
26710
26710
26711
26711
26712
26712
26713
26713
26714
26714
26715
26715
26716
26716
26717
26717
26718
26718
26719
26719
26720
26720
26721
26721
26722
26722
26723
26723
26724
26724
26725
26725
26726
26726
26727
26727
26728
26728
26729
26729
26730
26730
26731
26731
26732
26732
26733
26733
26734
26734
26735
26735
26736
26736
26737
26737
26738
26738
26739
26739
26740
26740
26741
26741
26742
26742
26743
26743
26744
26744
26745
26745
26746
26746
26747
26747
26748
26748
26749
26749
26750
26750
26751
26751
26752
26752
26753
26753
26754
26754
26755
26755
26756
26756
26757
26757
26758
26758
26759
26759
26760
26760
26761
26761
26762
26762
26763
26763
26764
26764
26765
26765
26766
26766
26767
26767
26768
26768
26769
26769
26770
26770
26771
26771
26772
26772
26773
26773
26774
26774
26775
26775
26776
26776
26777
26777
26778
26778
26779
26779
26780
26780
26781
26781
26782
26782
26783
26783
26784
26784
26785
26785
26786
26786
26787
26787
26788
26788
26789
26789
26790
26790
26791
26791
26792
26792
26793
26793
26794
26794
26795
26795
26796
26796
26797
26797
26798
26798
26799
26799
26800
26800
26801
26801
26802
26802
26803
26803
26804
26804
26805
26805
26806
26806
26807
26807
26808
26808
26809
26809
26810
26810
26811
26811
26812
26812
26813
26813
26814
26814
26815
26815
26816
26816
26817
26817
26818
26818
26819
26819
26820
26820
26821
26821
26822
26822
26823
26824
26824
26824
26825
26825
26826
26826
26827
26827
26828
26828
26829
26829
26830
26830
26831
26831
26832
26832
26833
26833
26834
26834
26835
26835
26836
26836
26837
26837
26838
26838
26839
26839
26840
26840
26841
26841
26842
26842
26843
26843
26844
26844
26845
26845
26846
26846
26847
26847
26848
26848
26849
26849
26850
26850
26851
26851
26852
26852
26853
26853
26854
26854
26855
26855
26856
26856
26857
26857
26858
26858
26859
26859
26860
26860
26861
26861
26862
26862
26863
26863
26864
26864
26865
26865
26866
26866
26867
26867
26868
26868
26869
26869
26870
26870
26871
26871
26872
26872
26873
26873
26874
26874
26875
26875
26876
26876
26877
26877
26878
26878
26879
26879
26880
26880
26881
26881
26882
26882
26883
26883
26884
26884
26885
26885
26886
26886
26887
26887
26888
26888
26889
26889
26890
26890
26891
26891
26892
26892
26893
26893
26894
26894
26895
26895
26896
26896
26897
26897
26898
26898
26899
26899
26900
26900
26901
26901
26902
26902
26903
26903
26904
26904
26905
26905
26906
26906
26907
26907
26908
26908
26909
26909
26910
26910
26911
26911
26912
26912
26913
26913
26914
26914
26915
26915
26916
26916
26917
26917
26918
26918
26919
26919
26920
26920
26921
26921
26922
26922
26923
26923
26924
26924
26925
26925
26926
26926
26927
26927
26928
26928
26929
26929
26930
26930
26931
26931
26932
26932
26933
26933
26934
26934
26935
26935
26936
26936
26937
26937
26938
26938
26939
26939
26940
26940
26941
26941
26942
26942
26943
26943
26944
26944
26945
26945
26946
26946
26947
26947
26948
26948
26949
26949
26950
26950
26951
26951
26952
26952
26953
26953
26954
26954
26955
26956
26956
26956
26957
26957
26958
26958
26959
26959
26960
26960
26961
26961
26962
26962
26963
26963
26964
26964
26965
26965
26966
26966
26967
26967
26968
26968
26969
26969
26970
26970
26971
26971
26972
26972
26973
26973
26974
26974
26975
26975
26976
26976
26977
26977
26978
26978
26979
26979
26980
26980
26981
26981
26982
26982
26983
26983
26984
26984
26985
26985
26986
26986
26987
26987
26988
26988
26989
26989
26990
26990
26991
26991
26992
26992
26993
26993
26994
26994
26995
26995
26996
26996
26997
26997
26998
26998
26999
26999
27000
27000
27001
27001
27002
27002
27003
27003
27004
27004
27005
27005
27006
27006
27007
27007
27008
27008
27009
27009
27010
27010
27011
27011
27012
27012
27013
27013
27014
27014
27015
27015
27016
27016
27017
27017
27018
27018
27019
27019
27020
27020
27021
27021
27022
27022
27023
27023
27024
27024
27025
27025
27026
27026
27027
27027
27028
27028
27029
27029
27030
27030
27031
27031
27032
27032
27033
27033
27034
27034
27035
27035
27036
27036
27037
27037
27038
27038
27039
27039
27040
27040
27041
27041
27042
27042
27043
27043
27044
27044
27045
27045
27046
27046
27047
27047
27048
27048
27049
27049
27050
27050
27051
27051
27052
27052
27053
27053
27054
27054
27055
27055
27056
27056
27057
27057
27058
27058
27059
27059
27060
27060
27061
27061
27062
27062
27063
27063
27064
27064
27065
27065
27066
27066
27067
27067
27068
27068
27069
27069
27070
27070
27071
27071
27072
27072
27073
27073
27074
27074
27075
27075
27076
27076
27077
27077
27078
27078
27079
27079
27080
27080
27081
27081
27082
27082
27083
27083
27084
27084
27085
27085
27086
27086
27087
27088
27088
27088
27089
27089
27090
27090
27091
27091
27092
27092
27093
27093
27094
27094
27095
27095
27096
27096
27097
27097
27098
27098
27099
27099
27100
27100
27101
27101
27102
27102
27103
27103
27104
27104
27105
27105
27106
27106
27107
27107
27108
27108
27109
27109
27110
27110
27111
27111
27112
27112
27113
27113
27114
27114
27115
27115
27116
27116
27117
27117
27118
27118
27119
27119
27120
27120
27121
27121
27122
27122
27123
27123
27124
27124
27125
27125
27126
27126
27127
27127
27128
27128
27129
27129
27130
27130
27131
27131
27132
27132
27133
27133
27134
27134
27135
27135
27136
27136
27137
27137
27138
27138
27139
27139
27140
27140
27141
27141
27142
27142
27143
27143
27144
27144
27145
27145
27146
27146
27147
27147
27148
27148
27149
27149
27150
27150
27151
27151
27152
27152
27153
27153
27154
27154
27155
27155
27156
27156
27157
27157
27158
27158
27159
27159
27160
27160
27161
27161
27162
27162
27163
27163
27164
27164
27165
27165
27166
27166
27167
27167
27168
27168
27169
27169
27170
27170
27171
27171
27172
27172
27173
27173
27174
27174
27175
27175
27176
27176
27177
27177
27178
27178
27179
27179
27180
27180
27181
27181
27182
27182
27183
27183
27184
27184
27185
27185
27186
27186
27187
27187
27188
27188
27189
27189
27190
27190
27191
27191
27192
27192
27193
27193
27194
27194
27195
27195
27196
27196
27197
27197
27198
27198
27199
27199
27200
27200
27201
27201
27202
27202
27203
27203
27204
27204
27205
27205
27206
27206
27207
27207
27208
27208
27209
27209
27210
27210
27211
27211
27212
27212
27213
27213
27214
27214
27215
27215
27216
27216
27217
27217
27218
27218
27219
27220
27220
27220
27221
27221
27222
27222
27223
27223
27224
27224
27225
27225
27226
27226
27227
27227
27228
27228
27229
27229
27230
27230
27231
27231
27232
27232
27233
27233
27234
27234
27235
27235
27236
27236
27237
27237
27238
27238
27239
27239
27240
27240
27241
27241
27242
27242
27243
27243
27244
27244
27245
27245
27246
27246
27247
27247
27248
27248
27249
27249
27250
27250
27251
27251
27252
27252
27253
27253
27254
27254
27255
27255
27256
27256
27257
27257
27258
27258
27259
27259
27260
27260
27261
27261
27262
27262
27263
27263
27264
27264
27265
27265
27266
27266
27267
27267
27268
27268
27269
27269
27270
27270
27271
27271
27272
27272
27273
27273
27274
27274
27275
27275
27276
27276
27277
27277
27278
27278
27279
27279
27280
27280
27281
27281
27282
27282
27283
27283
27284
27284
27285
27285
27286
27286
27287
27287
27288
27288
27289
27289
27290
27290
27291
27291
27292
27292
27293
27293
27294
27294
27295
27295
27296
27296
27297
27297
27298
27298
27299
27299
27300
27300
27301
27301
27302
27302
27303
27303
27304
27304
27305
27305
27306
27306
27307
27307
27308
27308
27309
27309
27310
27310
27311
27311
27312
27312
27313
27313
27314
27314
27315
27315
27316
27316
27317
27317
27318
27318
27319
27319
27320
27320
27321
27321
27322
27322
27323
27323
27324
27324
27325
27325
27326
27326
27327
27327
27328
27328
27329
27329
27330
27330
27331
27331
27332
27332
27333
27333
27334
27334
27335
27335
27336
27336
27337
27337
27338
27338
27339
27339
27340
27340
27341
27341
27342
27342
27343
27343
27344
27344
27345
27345
27346
27346
27347
27347
27348
27348
27349
27349
27350
27350
27351
27352
27352
27352
27353
27353
27354
27354
27355
27355
27356
27356
27357
27357
27358
27358
27359
27359
27360
27360
27361
27361
27362
27362
27363
27363
27364
27364
27365
27365
27366
27366
27367
27367
27368
27368
27369
27369
27370
27370
27371
27371
27372
27372
27373
27373
27374
27374
27375
27375
27376
27376
27377
27377
27378
27378
27379
27379
27380
27380
27381
27381
27382
27382
27383
27383
27384
27384
27385
27385
27386
27386
27387
27387
27388
27388
27389
27389
27390
27390
27391
27391
27392
27392
27393
27393
27394
27394
27395
27395
27396
27396
27397
27397
27398
27398
27399
27399
27400
27400
27401
27401
27402
27402
27403
27403
27404
27404
27405
27405
27406
27406
27407
27407
27408
27408
27409
27409
27410
27410
27411
27411
27412
27412
27413
27413
27414
27414
27415
27415
27416
27416
27417
27417
27418
27418
27419
27419
27420
27420
27421
27421
27422
27422
27423
27423
27424
27424
27425
27425
27426
27426
27427
27427
27428
27428
27429
27429
27430
27430
27431
27431
27432
27432
27433
27433
27434
27434
27435
27435
27436
27436
27437
27437
27438
27438
27439
27439
27440
27440
27441
27441
27442
27442
27443
27443
27444
27444
27445
27445
27446
27446
27447
27447
27448
27448
27449
27449
27450
27450
27451
27451
27452
27452
27453
27453
27454
27454
27455
27455
27456
27456
27457
27457
27458
27458
27459
27459
27460
27460
27461
27461
27462
27462
27463
27463
27464
27464
27465
27465
27466
27466
27467
27467
27468
27468
27469
27469
27470
27470
27471
27471
27472
27472
27473
27473
27474
27474
27475
27475
27476
27476
27477
27477
27478
27478
27479
27479
27480
27480
27481
27481
27482
27482
27483
27484
27484
27484
27485
27485
27486
27486
27487
27487
27488
27488
27489
27489
27490
27490
27491
27491
27492
27492
27493
27493
27494
27494
27495
27495
27496
27496
27497
27497
27498
27498
27499
27499
27500
27500
27501
27501
27502
27502
27503
27503
27504
27504
27505
27505
27506
27506
27507
27507
27508
27508
27509
27509
27510
27510
27511
27511
27512
27512
27513
27513
27514
27514
27515
27515
27516
27516
27517
27517
27518
27518
27519
27519
27520
27520
27521
27521
27522
27522
27523
27523
27524
27524
27525
27525
27526
27526
27527
27527
27528
27528
27529
27529
27530
27530
27531
27531
27532
27532
27533
27533
27534
27534
27535
27535
27536
27536
27537
27537
27538
27538
27539
27539
27540
27540
27541
27541
27542
27542
27543
27543
27544
27544
27545
27545
27546
27546
27547
27547
27548
27548
27549
27549
27550
27550
27551
27551
27552
27552
27553
27553
27554
27554
27555
27555
27556
27556
27557
27557
27558
27558
27559
27559
27560
27560
27561
27561
27562
27562
27563
27563
27564
27564
27565
27565
27566
27566
27567
27567
27568
27568
27569
27569
27570
27570
27571
27571
27572
27572
27573
27573
27574
27574
27575
27575
27576
27576
27577
27577
27578
27578
27579
27579
27580
27580
27581
27581
27582
27582
27583
27583
27584
27584
27585
27585
27586
27586
27587
27587
27588
27588
27589
27589
27590
27590
27591
27591
27592
27592
27593
27593
27594
27594
27595
27595
27596
27596
27597
27597
27598
27598
27599
27599
27600
27600
27601
27601
27602
27602
27603
27603
27604
27604
27605
27605
27606
27606
27607
27607
27608
27608
27609
27609
27610
27610
27611
27611
27612
27612
27613
27613
27614
27614
27615
27616
27616
27617
27618
27619
27620
27621
27622
27623
27624
27625
27626
27627
27628
27629
27630
27631
27632
27633
27634
27635
27636
27637
27638
27639
27640
27641
27642
27643
27644
27645
27646
27647
27648
27649
27650
27651
27652
27653
27654
27655
27656
27657
27658
27659
27660
27661
27662
27663
27664
27665
27666
27667
27668
27669
27670
27671
27672
27673
27674
27675
27676
27677
27678
27679
27680
27681
27682
27683
27684
27685
27686
27687
27688
27689
27690
27691
27692
27693
27694
27695
27696
27697
27698
27699
27700
27701
27702
27703
27704
27705
27706
27707
27708
27709
27710
27711
27712
27713
27714
27715
27716
27717
27718
27719
27720
27721
27722
27723
27724
27725
27726
27727
27728
27729
27730
27731
27732
27733
27734
27735
27736
27737
27738
27739
27740
27741
27742
27743
27744
27745
27746
27748
27748
27748
27749
27749
27750
27750
27751
27751
27752
27752
27753
27753
27754
27754
27755
27755
27756
27757
27757
27757
27758
27758
27759
27759
27760
27760
27761
27761
27762
27762
27763
27763
27764
27764
27765
27766
27766
27766
27767
27767
27768
27768
27769
27769
27770
27770
27771
27771
27772
27772
27773
27773
27774
27775
27775
27775
27776
27776
27777
27777
27778
27778
27779
27779
27780
27780
27781
27781
27782
27782
27783
27784
27784
27784
27785
27785
27786
27786
27787
27787
27788
27788
27789
27789
27790
27790
27791
27791
27792
27793
27793
27793
27794
27794
27795
27795
27796
27796
27797
27797
27798
27798
27799
27799
27800
27800
27801
27802
27802
27802
27803
27803
27804
27804
27805
27805
27806
27806
27807
27807
27808
27808
27809
27809
27810
27811
27811
27811
27812
27812
27813
27813
27814
27814
27815
27815
27816
27816
27817
27817
27818
27818
27819
27820
27820
27820
27821
27821
27822
27822
27823
27823
27824
27824
27825
27825
27826
27826
27827
27827
27828
27829
27829
27829
27830
27830
27831
27831
27832
27832
27833
27833
27834
27834
27835
27835
27836
27836
27837
27838
27838
27838
27839
27839
27840
27840
27841
27841
27842
27842
27843
27843
27844
27844
27845
27845
27846
27847
27847
27847
27848
27848
27849
27849
27850
27850
27851
27851
27852
27852
27853
27853
27854
27854
27855
27856
27856
27856
27857
27857
27858
27858
27859
27859
27860
27860
27861
27861
27862
27862
27863
27863
27864
27865
27865
27865
27866
27866
27867
27867
27868
27868
27869
27869
27870
27870
27871
27871
27872
27872
27873
27874
27874
27874
27875
27875
27876
27876
27877
27877
27878
27878
27879
27879
27880
27880
27881
27881
27882
27883
27883
27883
27884
27884
27885
27885
27886
27886
27887
27887
27888
27888
27889
27889
27890
27890
27891
27892
27892
27892
27893
27893
27894
27894
27895
27895
27896
27896
27897
27897
27898
27898
27899
27899
27900
27901
27901
27901
27902
27902
27903
27903
27904
27904
27905
27905
27906
27906
27907
27907
27908
27908
27909
27910
27910
27910
27911
27911
27912
27912
27913
27913
27914
27914
27915
27915
27916
27916
27917
27917
27918
27919
27919
27919
27920
27920
27921
27921
27922
27922
27923
27923
27924
27924
27925
27925
27926
27926
27927
27928
27928
27928
27929
27929
27930
27930
27931
27931
27932
27932
27933
27933
27934
27934
27935
27935
27936
27937
27937
27937
27938
27938
27939
27939
27940
27940
27941
27941
27942
27942
27943
27943
27944
27944
27945
27946
27946
27946
27947
27947
27948
27948
27949
27949
27950
27950
27951
27951
27952
27952
27953
27953
27954
27955
27955
27955
27956
27956
27957
27957
27958
27958
27959
27959
27960
27960
27961
27961
27962
27962
27963
27964
27964
27964
27965
27965
27966
27966
27967
27967
27968
27968
27969
27969
27970
27970
27971
27971
27972
27973
27973
27973
27974
27974
27975
27975
27976
27976
27977
27977
27978
27978
27979
27979
27980
27980
27981
27982
27982
27982
27983
27983
27984
27984
27985
27985
27986
27986
27987
27987
27988
27988
27989
27989
27990
27991
27991
27991
27992
27992
27993
27993
27994
27994
27995
27995
27996
27996
27997
27997
27998
27998
27999
28000
28000
28000
28001
28001
28002
28002
28003
28003
28004
28004
28005
28005
28006
28006
28007
28007
28008
28009
28009
28009
28010
28010
28011
28011
28012
28012
28013
28013
28014
28014
28015
28015
28016
28016
28017
28018
28018
28018
28019
28019
28020
28020
28021
28021
28022
28022
28023
28023
28024
28024
28025
28025
28026
28027
28027
28027
28028
28028
28029
28029
28030
28030
28031
28031
28032
28032
28033
28033
28034
28034
28035
28036
28036
28036
28037
28037
28038
28038
28039
28039
28040
28040
28041
28041
28042
28042
28043
28043
28044
28045
28045
28045
28046
28046
28047
28047
28048
28048
28049
28049
28050
28050
28051
28051
28052
28052
28053
28054
28054
28054
28055
28055
28056
28056
28057
28057
28058
28058
28059
28059
28060
28060
28061
28061
28062
28063
28063
28063
28064
28064
28065
28065
28066
28066
28067
28067
28068
28068
28069
28069
28070
28070
28071
28072
28072
28072
28073
28073
28074
28074
28075
28075
28076
28076
28077
28077
28078
28078
28079
28079
28080
28081
28081
28081
28082
28082
28083
28083
28084
28084
28085
28085
28086
28086
28087
28087
28088
28088
28089
28090
28090
28090
28091
28091
28092
28092
28093
28093
28094
28094
28095
28095
28096
28096
28097
28097
28098
28099
28099
28099
28100
28100
28101
28101
28102
28102
28103
28103
28104
28104
28105
28105
28106
28106
28107
28108
28108
28108
28109
28109
28110
28110
28111
28111
28112
28112
28113
28113
28114
28114
28115
28115
28116
28117
28117
28117
28118
28118
28119
28119
28120
28120
28121
28121
28122
28122
28123
28123
28124
28124
28125
28126
28126
28126
28127
28127
28128
28128
28129
28129
28130
28130
28131
28131
28132
28132
28133
28133
28134
28135
28135
28135
28136
28136
28137
28137
28138
28138
28139
28139
28140
28140
28141
28141
28142
28142
28143
28144
28144
28144
28145
28145
28146
28146
28147
28147
28148
28148
28149
28149
28150
28150
28151
28151
28152
28153
28153
28153
28154
28154
28155
28155
28156
28156
28157
28157
28158
28158
28159
28159
28160
28160
28161
28162
28162
28162
28163
28163
28164
28164
28165
28165
28166
28166
28167
28167
28168
28168
28169
28169
28170
28171
28171
28171
28172
28172
28173
28173
28174
28174
28175
28175
28176
28176
28177
28177
28178
28178
28179
28180
28180
28180
28181
28181
28182
28182
28183
28183
28184
28184
28185
28185
28186
28186
28187
28187
28188
28189
28189
28189
28190
28190
28191
28191
28192
28192
28193
28193
28194
28194
28195
28195
28196
28196
28197
28198
28198
28198
28199
28199
28200
28200
28201
28201
28202
28202
28203
28203
28204
28204
28205
28205
28206
28207
28207
28207
28208
28208
28209
28209
28210
28210
28211
28211
28212
28212
28213
28213
28214
28214
28215
28216
28216
28216
28217
28217
28218
28218
28219
28219
28220
28220
28221
28221
28222
28222
28223
28223
28224
28225
28225
28225
28226
28226
28227
28227
28228
28228
28229
28229
28230
28230
28231
28231
28232
28232
28233
28234
28234
28234
28235
28235
28236
28236
28237
28237
28238
28238
28239
28239
28240
28240
28241
28241
28242
28243
28243
28243
28244
28244
28245
28245
28246
28246
28247
28247
28248
28248
28249
28249
28250
28250
28251
28252
28252
28252
28253
28253
28254
28254
28255
28255
28256
28256
28257
28257
28258
28258
28259
28259
28260
28261
28261
28261
28262
28262
28263
28263
28264
28264
28265
28265
28266
28266
28267
28267
28268
28268
28269
28270
28270
28270
28271
28271
28272
28272
28273
28273
28274
28274
28275
28275
28276
28276
28277
28277
28278
28279
28279
28279
28280
28280
28281
28281
28282
28282
28283
28283
28284
28284
28285
28285
28286
28286
28287
28288
28288
28289
28290
28291
28292
28293
28294
28295
28297
28297
28297
28298
28298
28299
28299
28300
28300
28301
28301
28302
28302
28303
28303
28304
28304
28305
28305
28306
28307
28307
28307
28308
28308
28309
28309
28310
28310
28311
28311
28312
28312
28313
28313
28314
28314
28315
28315
28316
28317
28317
28317
28318
28318
28319
28319
28320
28320
28321
28321
28322
28322
28323
28323
28324
28324
28325
28325
28326
28327
28327
28327
28328
28328
28329
28329
28330
28330
28331
28331
28332
28332
28333
28333
28334
28334
28335
28335
28336
28337
28337
28337
28338
28338
28339
28339
28340
28340
28341
28341
28342
28342
28343
28343
28344
28344
28345
28345
28346
28347
28347
28347
28348
28348
28349
28349
28350
28350
28351
28351
28352
28352
28353
28353
28354
28354
28355
28355
28356
28357
28357
28357
28358
28358
28359
28359
28360
28360
28361
28361
28362
28362
28363
28363
28364
28364
28365
28365
28366
28367
28367
28367
28368
28368
28369
28369
28370
28370
28371
28371
28372
28372
28373
28373
28374
28374
28375
28375
28376
28377
28377
28377
28378
28378
28379
28379
28380
28380
28381
28381
28382
28382
28383
28383
28384
28384
28385
28385
28386
28387
28387
28387
28388
28388
28389
28389
28390
28390
28391
28391
28392
28392
28393
28393
28394
28394
28395
28395
28396
28397
28397
28397
28398
28398
28399
28399
28400
28400
28401
28401
28402
28402
28403
28403
28404
28404
28405
28405
28406
28407
28407
28407
28408
28408
28409
28409
28410
28410
28411
28411
28412
28412
28413
28413
28414
28414
28415
28415
28416
28417
28417
28417
28418
28418
28419
28419
28420
28420
28421
28421
28422
28422
28423
28423
28424
28424
28425
28425
28426
28427
28427
28427
28428
28428
28429
28429
28430
28430
28431
28431
28432
28432
28433
28433
28434
28434
28435
28435
28436
28437
28437
28437
28438
28438
28439
28439
28440
28440
28441
28441
28442
28442
28443
28443
28444
28444
28445
28445
28446
28447
28447
28447
28448
28448
28449
28449
28450
28450
28451
28451
28452
28452
28453
28453
28454
28454
28455
28455
28456
28457
28457
28457
28458
28458
28459
28459
28460
28460
28461
28461
28462
28462
28463
28463
28464
28464
28465
28465
28466
28467
28467
28468
28469
28470
28471
28472
28473
28474
28475
28477
28477
28477
28478
28478
28478
28479
28479
28479
28480
28480
28480
28481
28481
28481
28482
28482
28482
28483
28483
28483
28484
28484
28484
28485
28485
28485
28486
28486
28486
28487
28487
28487
28488
28488
28488
28489
28489
28489
28490
28490
28490
28491
28491
28491
28492
28492
28492
28493
28493
28493
28494
28494
28494
28495
28495
28495
28496
28496
28496
28497
28497
28497
28498
28498
28498
28499
28499
28499
28500
28500
28500
28501
28501
28501
28502
28502
28502
28503
28503
28503
28504
28504
28504
28505
28505
28505
28506
28506
28506
28507
28507
28507
28508
28508
28508
28509
28509
28509
28510
28510
28510
28511
28511
28511
28512
28512
28512
28513
28513
28513
28514
28514
28514
28515
28515
28515
28516
28516
28516
28517
28517
28517
28518
28518
28518
28519
28519
28519
28520
28520
28520
28521
28521
28521
28522
28522
28522
28523
28523
28523
28524
28524
28524
28525
28525
28525
28526
28526
28526
28527
28527
28527
28528
28528
28528
28529
28529
28529
28530
28530
28530
28531
28531
28531
28532
28532
28532
28533
28533
28533
28534
28534
28534
28535
28535
28535
28536
28536
28536
28537
28537
28537
28538
28538
28538
28539
28539
28539
28540
28540
28540
28541
28541
28541
28542
28542
28542
28543
28543
28543
28544
28544
28544
28545
28545
28545
28546
28546
28546
28547
28547
28547
28548
28548
28548
28549
28549
28549
28550
28550
28550
28551
28551
28551
28552
28552
28552
28553
28553
28553
28554
28554
28554
28555
28555
28555
28556
28556
28556
28557
28557
28557
28558
28558
28558
28559
28559
28559
28560
28560
28560
28561
28561
28561
28562
28562
28562
28563
28563
28563
28564
28564
28564
28565
28565
28565
28566
28566
28566
28567
28567
28567
28568
28568
28568
28569
28569
28569
28570
28570
28570
28571
28571
28571
28572
28572
28572
28573
28573
28573
28574
28574
28574
28575
28575
28575
28576
28576
28576
28577
28577
28577
28578
28578
28578
28579
28579
28579
28580
28580
28580
28581
28581
28581
28582
28582
28582
28583
28583
28583
28584
28584
28584
28585
28585
28586
28586
28587
28587
28588
28588
28589
28589
28590
28590
28591
28591
28592
28592
28593
28593
28594
28594
28595
28595
28596
28596
28597
28597
28598
28598
28599
28599
28600
28600
28601
28601
28602
28602
28603
28603
28604
28604
28605
28605
28606
28606
28607
28607
28608
28608
28609
28609
28610
28610
28611
28611
28612
28612
28613
28613
28614
28614
28615
28615
28616
28616
28617
28617
28618
28618
28619
28619
28620
28620
28621
28621
28622
28622
28623
28623
28624
28624
28625
28625
28626
28626
28627
28627
28628
28628
28629
28629
28630
28630
28631
28631
28632
28632
28633
28633
28634
28634
28635
28635
28636
28636
28637
28637
28638
28638
28639
28639
28640
28640
28641
28641
28642
28642
28643
28643
28644
28644
28645
28645
28646
28646
28647
28647
28648
28648
28649
28649
28650
28650
28651
28651
28652
28652
28653
28653
28654
28654
28655
28655
28656
28656
28657
28657
28658
28658
28659
28659
28660
28660
28661
28661
28662
28662
28663
28663
28664
28664
28665
28665
28666
28666
28667
28667
28668
28668
28669
28669
28670
28670
28671
28671
28672
28672
28673
28673
28674
28674
28675
28675
28676
28676
28677
28677
28678
28678
28679
28679
28680
28680
28681
28681
28682
28682
28683
28683
28684
28684
28685
28685
28686
28686
28687
28687
28688
28688
28689
28689
28690
28690
28691
28691
28692
28692
28693
28693
28694
28695
28695
28696
28696
28697
28697
28698
28698
28699
28699
28700
28700
28701
28701
28702
28702
28703
28703
28704
28704
28705
28705
28706
28706
28707
28707
28708
28708
28709
28709
28710
28710
28711
28711
28712
28712
28713
28713
28714
28714
28715
28715
28716
28716
28717
28717
28718
28718
28719
28719
28720
28720
28721
28721
28722
28722
28723
28723
28724
28724
28725
28725
28726
28726
28727
28727
28728
28728
28729
28729
28730
28730
28731
28731
28732
28732
28733
28733
28734
28734
28735
28735
28736
28736
28737
28737
28738
28738
28739
28739
28740
28740
28741
28741
28742
28742
28743
28743
28744
28744
28745
28745
28746
28746
28747
28747
28748
28748
28749
28749
28750
28750
28751
28751
28752
28752
28753
28753
28754
28754
28755
28755
28756
28756
28757
28757
28758
28758
28759
28759
28760
28760
28761
28761
28762
28762
28763
28763
28764
28764
28765
28765
28766
28766
28767
28767
28768
28768
28769
28769
28770
28770
28771
28771
28772
28772
28773
28773
28774
28774
28775
28775
28776
28776
28777
28777
28778
28778
28779
28779
28780
28780
28781
28781
28782
28782
28783
28783
28784
28784
28785
28785
28786
28786
28787
28787
28788
28788
28789
28789
28790
28790
28791
28791
28792
28792
28793
28793
28794
28794
28795
28795
28796
28796
28797
28797
28798
28798
28799
28799
28800
28800
28801
28801
28802
28802
28803
28804
28804
28805
28805
28806
28806
28807
28807
28808
28808
28809
28809
28810
28810
28811
28811
28812
28812
28813
28813
28814
28814
28815
28815
28816
28816
28817
28817
28818
28818
28819
28819
28820
28820
28821
28821
28822
28822
28823
28823
28824
28824
28825
28825
28826
28826
28827
28827
28828
28828
28829
28829
28830
28830
28831
28831
28832
28832
28833
28833
28834
28834
28835
28835
28836
28836
28837
28837
28838
28838
28839
28839
28840
28840
28841
28841
28842
28842
28843
28843
28844
28844
28845
28845
28846
28846
28847
28847
28848
28848
28849
28849
28850
28850
28851
28851
28852
28852
28853
28853
28854
28854
28855
28855
28856
28856
28857
28857
28858
28858
28859
28859
28860
28860
28861
28861
28862
28862
28863
28863
28864
28864
28865
28865
28866
28866
28867
28867
28868
28868
28869
28869
28870
28870
28871
28871
28872
28872
28873
28873
28874
28874
28875
28875
28876
28876
28877
28877
28878
28878
28879
28879
28880
28880
28881
28881
28882
28882
28883
28883
28884
28884
28885
28885
28886
28886
28887
28887
28888
28888
28889
28889
28890
28890
28891
28891
28892
28892
28893
28893
28894
28894
28895
28895
28896
28896
28897
28897
28898
28898
28899
28899
28900
28900
28901
28901
28902
28902
28903
28903
28904
28904
28905
28905
28906
28906
28907
28907
28908
28908
28909
28909
28910
28910
28911
28911
28912
28913
28913
28914
28914
28915
28915
28916
28916
28917
28917
28918
28918
28919
28919
28920
28920
28921
28921
28922
28922
28923
28923
28924
28924
28925
28925
28926
28926
28927
28927
28928
28928
28929
28929
28930
28930
28931
28931
28932
28932
28933
28933
28934
28934
28935
28935
28936
28936
28937
28937
28938
28938
28939
28939
28940
28940
28941
28941
28942
28942
28943
28943
28944
28944
28945
28945
28946
28946
28947
28947
28948
28948
28949
28949
28950
28950
28951
28951
28952
28952
28953
28953
28954
28954
28955
28955
28956
28956
28957
28957
28958
28958
28959
28959
28960
28960
28961
28961
28962
28962
28963
28963
28964
28964
28965
28965
28966
28966
28967
28967
28968
28968
28969
28969
28970
28970
28971
28971
28972
28972
28973
28973
28974
28974
28975
28975
28976
28976
28977
28977
28978
28978
28979
28979
28980
28980
28981
28981
28982
28982
28983
28983
28984
28984
28985
28985
28986
28986
28987
28987
28988
28988
28989
28989
28990
28990
28991
28991
28992
28992
28993
28993
28994
28994
28995
28995
28996
28996
28997
28997
28998
28998
28999
28999
29000
29000
29001
29001
29002
29002
29003
29003
29004
29004
29005
29005
29006
29006
29007
29007
29008
29008
29009
29009
29010
29010
29011
29011
29012
29012
29013
29013
29014
29014
29015
29015
29016
29016
29017
29017
29018
29018
29019
29019
29020
29020
29021
29022
29022
29023
29023
29024
29024
29025
29025
29026
29026
29027
29027
29028
29028
29029
29029
29030
29030
29031
29031
29032
29032
29033
29033
29034
29034
29035
29035
29036
29036
29037
29037
29038
29038
29039
29039
29040
29040
29041
29041
29042
29042
29043
29043
29044
29044
29045
29045
29046
29046
29047
29047
29048
29048
29049
29049
29050
29050
29051
29051
29052
29052
29053
29053
29054
29054
29055
29055
29056
29056
29057
29057
29058
29058
29059
29059
29060
29060
29061
29061
29062
29062
29063
29063
29064
29064
29065
29065
29066
29066
29067
29067
29068
29068
29069
29069
29070
29070
29071
29071
29072
29072
29073
29073
29074
29074
29075
29075
29076
29076
29077
29077
29078
29078
29079
29079
29080
29080
29081
29081
29082
29082
29083
29083
29084
29084
29085
29085
29086
29086
29087
29087
29088
29088
29089
29089
29090
29090
29091
29091
29092
29092
29093
29093
29094
29094
29095
29095
29096
29096
29097
29097
29098
29098
29099
29099
29100
29100
29101
29101
29102
29102
29103
29103
29104
29104
29105
29105
29106
29106
29107
29107
29108
29108
29109
29109
29110
29110
29111
29111
29112
29112
29113
29113
29114
29114
29115
29115
29116
29116
29117
29117
29118
29118
29119
29119
29120
29120
29121
29121
29122
29122
29123
29123
29124
29124
29125
29125
29126
29126
29127
29127
29128
29128
29129
29129
29130
29131
29131
29132
29132
29133
29133
29134
29134
29135
29135
29136
29136
29137
29137
29138
29138
29139
29139
29140
29140
29141
29141
29142
29142
29143
29143
29144
29144
29145
29145
29146
29146
29147
29147
29148
29148
29149
29149
29150
29150
29151
29151
29152
29152
29153
29153
29154
29154
29155
29155
29156
29156
29157
29157
29158
29158
29159
29159
29160
29160
29161
29161
29162
29162
29163
29163
29164
29164
29165
29165
29166
29166
29167
29167
29168
29168
29169
29169
29170
29170
29171
29171
29172
29172
29173
29173
29174
29174
29175
29175
29176
29176
29177
29177
29178
29178
29179
29179
29180
29180
29181
29181
29182
29182
29183
29183
29184
29184
29185
29185
29186
29186
29187
29187
29188
29188
29189
29189
29190
29190
29191
29191
29192
29192
29193
29193
29194
29194
29195
29195
29196
29196
29197
29197
29198
29198
29199
29199
29200
29200
29201
29201
29202
29202
29203
29203
29204
29204
29205
29205
29206
29206
29207
29207
29208
29208
29209
29209
29210
29210
29211
29211
29212
29212
29213
29213
29214
29214
29215
29215
29216
29216
29217
29217
29218
29218
29219
29219
29220
29220
29221
29221
29222
29222
29223
29223
29224
29224
29225
29225
29226
29226
29227
29227
29228
29228
29229
29229
29230
29230
29231
29231
29232
29232
29233
29233
29234
29234
29235
29235
29236
29236
29237
29237
29238
29238
29239
29240
29240
29241
29241
29242
29242
29243
29243
29244
29244
29245
29245
29246
29246
29247
29247
29248
29248
29249
29249
29250
29250
29251
29251
29252
29252
29253
29253
29254
29254
29255
29255
29256
29256
29257
29257
29258
29258
29259
29259
29260
29260
29261
29261
29262
29262
29263
29263
29264
29264
29265
29265
29266
29266
29267
29267
29268
29268
29269
29269
29270
29270
29271
29271
29272
29272
29273
29273
29274
29274
29275
29275
29276
29276
29277
29277
29278
29278
29279
29279
29280
29280
29281
29281
29282
29282
29283
29283
29284
29284
29285
29285
29286
29286
29287
29287
29288
29288
29289
29289
29290
29290
29291
29291
29292
29292
29293
29293
29294
29294
29295
29295
29296
29296
29297
29297
29298
29298
29299
29299
29300
29300
29301
29301
29302
29302
29303
29303
29304
29304
29305
29305
29306
29306
29307
29307
29308
29308
29309
29309
29310
29310
29311
29311
29312
29312
29313
29313
29314
29314
29315
29315
29316
29316
29317
29317
29318
29318
29319
29319
29320
29320
29321
29321
29322
29322
29323
29323
29324
29324
29325
29325
29326
29326
29327
29327
29328
29328
29329
29329
29330
29330
29331
29331
29332
29332
29333
29333
29334
29334
29335
29335
29336
29336
29337
29337
29338
29338
29339
29339
29340
29340
29341
29341
29342
29342
29343
29343
29344
29344
29345
29345
29346
29346
29347
29347
29348
29349
29350
29351
29352
29353
29354
29355
29356
29357
29358
29359
29360
29361
29362
29363
29364
29365
29366
29367
29368
29369
29370
29371
29372
29373
29374
29375
29376
29377
29378
29379
29380
29381
29382
29383
29384
29385
29386
29387
29388
29389
29390
29391
29392
29393
29394
29395
29396
29397
29398
29399
29400
29401
29402
29403
29404
29405
29406
29407
29408
29409
29410
29411
29412
29413
29414
29415
29416
29417
29418
29419
29420
29421
29422
29423
29424
29425
29426
29427
29428
29429
29430
29431
29432
29433
29434
29435
29436
29437
29438
29439
29440
29441
29442
29443
29444
29445
29446
29447
29448
29449
29450
29451
29452
29453
29454
29455
29456
29458
29458
29459
29459
29460
29460
29461
29461
29462
29462
29463
29463
29464
29464
29465
29465
29466
29466
29467
29467
29468
29468
29469
29469
29470
29470
29471
29471
29472
29472
29473
29473
29474
29474
29475
29475
29476
29476
29477
29477
29478
29478
29479
29479
29480
29480
29481
29481
29482
29482
29483
29483
29484
29484
29485
29485
29486
29486
29487
29487
29488
29488
29489
29489
29490
29490
29491
29491
29492
29492
29493
29493
29494
29494
29495
29495
29496
29496
29497
29497
29498
29498
29499
29499
29500
29500
29501
29501
29502
29502
29503
29503
29504
29504
29505
29505
29506
29506
29507
29507
29508
29508
29509
29509
29510
29510
29511
29511
29512
29512
29513
29513
29514
29514
29515
29515
29516
29516
29517
29517
29518
29518
29519
29519
29520
29520
29521
29521
29522
29522
29523
29523
29524
29524
29525
29525
29526
29526
29527
29527
29528
29528
29529
29529
29530
29530
29531
29531
29532
29532
29533
29533
29534
29534
29535
29535
29536
29536
29537
29537
29538
29538
29539
29539
29540
29540
29541
29541
29542
29542
29543
29543
29544
29544
29545
29545
29546
29546
29547
29547
29548
29548
29549
29549
29550
29550
29551
29551
29552
29552
29553
29553
29554
29554
29555
29555
29556
29556
29557
29557
29558
29558
29559
29559
29560
29560
29561
29561
29562
29562
29563
29563
29564
29564
29565
29565
29566
29566
29567
29567
29568
29568
29569
29569
29570
29570
29571
29571
29572
29572
29573
29573
29574
29574
29575
29575
29576
29576
29577
29577
29578
29578
29579
29579
29580
29580
29581
29581
29582
29582
29583
29583
29584
29584
29585
29585
29586
29586
29587
29587
29588
29588
29589
29589
29590
29590
29591
29591
29592
29592
29593
29593
29594
29594
29595
29595
29596
29596
29597
29597
29598
29598
29599
29599
29600
29600
29601
29601
29602
29602
29603
29603
29604
29604
29605
29605
29606
29606
29607
29607
29608
29608
29609
29609
29610
29610
29611
29611
29612
29612
29613
29613
29614
29614
29615
29615
29616
29616
29617
29617
29618
29618
29619
29619
29620
29620
29621
29621
29622
29622
29623
29623
29624
29624
29625
29625
29626
29626
29627
29627
29628
29628
29629
29629
29630
29630
29631
29631
29632
29632
29633
29633
29634
29634
29635
29635
29636
29636
29637
29637
29638
29638
29639
29639
29640
29640
29641
29641
29642
29642
29643
29643
29644
29644
29645
29645
29646
29646
29647
29647
29648
29648
29649
29649
29650
29650
29651
29651
29652
29652
29653
29653
29654
29654
29655
29655
29656
29656
29657
29657
29658
29658
29659
29659
29660
29660
29661
29661
29662
29662
29663
29663
29664
29664
29665
29665
29666
29666
29667
29667
29668
29668
29669
29669
29670
29670
29671
29671
29672
29672
29673
29673
29674
29674
29675
29675
29676
29676
29677
29677
29678
29678
29679
29679
29680
29680
29681
29681
29682
29682
29683
29683
29684
29684
29685
29685
29686
29686
29687
29687
29688
29688
29689
29689
29690
29690
29691
29691
29692
29692
29693
29693
29694
29694
29695
29695
29696
29696
29697
29697
29698
29698
29699
29699
29700
29700
29701
29701
29702
29702
29703
29703
29704
29704
29705
29705
29706
29706
29707
29707
29708
29708
29709
29709
29710
29710
29711
29711
29712
29712
29713
29713
29714
29714
29715
29715
29716
29716
29717
29717
29718
29718
29719
29719
29720
29720
29721
29721
29722
29722
29723
29723
29724
29724
29725
29725
29726
29726
29727
29727
29728
29728
29729
29729
29730
29730
29731
29731
29732
29732
29733
29733
29734
29734
29735
29735
29736
29736
29737
29737
29738
29738
29739
29739
29740
29740
29741
29741
29742
29742
29743
29743
29744
29744
29745
29745
29746
29746
29747
29747
29748
29748
29749
29749
29750
29750
29751
29751
29752
29752
29753
29753
29754
29754
29755
29755
29756
29756
29757
29757
29758
29758
29759
29759
29760
29760
29761
29761
29762
29762
29763
29763
29764
29764
29765
29765
29766
29766
29767
29767
29768
29768
29769
29769
29770
29770
29771
29771
29772
29772
29773
29773
29774
29774
29775
29775
29776
29776
29777
29777
29778
29778
29779
29779
29780
29780
29781
29781
29782
29782
29783
29783
29784
29784
29785
29785
29786
29786
29787
29787
29788
29788
29789
29789
29790
29790
29791
29791
29792
29792
29793
29793
29794
29794
29795
29795
29796
29796
29797
29797
29798
29798
29799
29799
29800
29800
29801
29801
29802
29802
29803
29803
29804
29804
29805
29805
29806
29806
29807
29807
29808
29808
29809
29809
29810
29810
29811
29811
29812
29812
29813
29813
29814
29814
29815
29815
29816
29816
29817
29817
29818
29818
29819
29819
29820
29820
29821
29821
29822
29822
29823
29823
29824
29824
29825
29825
29826
29826
29827
29827
29828
29828
29829
29829
29830
29830
29831
29831
29832
29832
29833
29833
29834
29834
29835
29835
29836
29836
29837
29837
29838
29838
29839
29839
29840
29840
29841
29841
29842
29842
29843
29843
29844
29844
29845
29845
29846
29846
29847
29847
29848
29848
29849
29849
29850
29850
29851
29851
29852
29852
29853
29853
29854
29854
29855
29855
29856
29856
29857
29857
29858
29858
29859
29859
29860
29860
29861
29861
29862
29862
29863
29863
29864
29864
29865
29865
29866
29866
29867
29867
29868
29868
29869
29869
29870
29870
29871
29871
29872
29872
29873
29873
29874
29874
29875
29875
29876
29876
29877
29877
29878
29878
29879
29879
29880
29880
29881
29881
29882
29882
29883
29883
29884
29884
29885
29885
29886
29886
29887
29887
29888
29888
29889
29889
29890
29890
29891
29891
29892
29892
29893
29893
29894
29894
29895
29895
29896
29896
29897
29897
29898
29898
29899
29899
29900
29900
29901
29901
29902
29902
29903
29903
29904
29904
29905
29905
29906
29906
29907
29907
29908
29908
29909
29909
29910
29910
29911
29911
29912
29912
29913
29913
29914
29914
29915
29915
29916
29916
29917
29917
29918
29918
29919
29919
29920
29920
29921
29921
29922
29922
29923
29923
29924
29924
29925
29925
29926
29926
29927
29927
29928
29928
29929
29929
29930
29930
29931
29931
29932
29932
29933
29933
29934
29934
29935
29935
29936
29936
29937
29937
29938
29938
29939
29939
29940
29940
29941
29941
29942
29942
29943
29943
29944
29944
29945
29945
29946
29946
29947
29947
29948
29948
29949
29949
29950
29950
29951
29951
29952
29952
29953
29953
29954
29954
29955
29955
29956
29956
29957
29957
29958
29958
29959
29959
29960
29960
29961
29961
29962
29962
29963
29963
29964
29964
29965
29965
29966
29966
29967
29967
29968
29968
29969
29969
29970
29970
29971
29971
29972
29972
29973
29973
29974
29974
29975
29975
29976
29976
29977
29977
29978
29978
29979
29979
29980
29980
29981
29981
29982
29982
29983
29983
29984
29984
29985
29985
29986
29986
29987
29987
29988
29988
29989
29989
29990
29990
29991
29991
29992
29992
29993
29993
29994
29994
29995
29995
29996
29996
29997
29997
29998
29998
29999
29999
30000
30000
30001
30001
30002
30002
30003
30003
30004
30004
30005
30005
30006
30006
30007
30007
30008
30008
30009
30009
30010
30010
30011
30011
30012
30012
30013
30013
30014
30014
30015
30015
30016
30016
30017
30017
30018
30018
30019
30019
30020
30020
30021
30021
30022
30022
30023
30023
30024
30024
30025
30025
30026
30026
30027
30027
30028
30028
30029
30029
30030
30030
30031
30031
30032
30032
30033
30033
30034
30034
30035
30035
30036
30036
30037
30037
30038
30038
30039
30039
30040
30040
30041
30041
30042
30042
30043
30043
30044
30044
30045
30045
30046
30046
30047
30047
30048
30048
30049
30049
30050
30050
30051
30051
30052
30052
30053
30053
30054
30054
30055
30055
30056
30056
30057
30057
30058
30058
30059
30059
30060
30060
30061
30061
30062
30062
30063
30063
30064
30064
30065
30065
30066
30066
30067
30067
30068
30068
30069
30069
30070
30070
30071
30071
30072
30072
30073
30073
30074
30074
30075
30075
30076
30076
30077
30077
30078
30078
30079
30079
30080
30080
30081
30081
30082
30082
30083
30083
30084
30084
30085
30085
30086
30086
30087
30087
30088
30088
30089
30089
30090
30090
30091
30091
30092
30092
30093
30093
30094
30094
30095
30095
30096
30096
30097
30097
30098
30098
30099
30099
30100
30100
30101
30101
30102
30102
30103
30103
30104
30104
30105
30105
30106
30106
30107
30107
30108
30108
30109
30109
30110
30110
30111
30111
30112
30112
30113
30113
30114
30114
30115
30115
30116
30116
30117
30117
30118
30118
30119
30119
30120
30120
30121
30121
30122
30122
30123
30123
30124
30124
30125
30125
30126
30126
30127
30127
30128
30128
30129
30129
30130
30130
30131
30131
30132
30132
30133
30133
30134
30134
30135
30135
30136
30136
30137
30137
30138
30138
30139
30139
30140
30140
30141
30141
30142
30142
30143
30143
30144
30144
30145
30145
30146
30146
30147
30147
30148
30148
30149
30149
30150
30150
30151
30151
30152
30152
30153
30153
30154
30154
30155
30155
30156
30156
30157
30157
30158
30158
30159
30159
30160
30160
30161
30161
30162
30162
30163
30163
30164
30164
30165
30165
30166
30166
30167
30167
30168
30168
30169
30169
30170
30170
30171
30171
30172
30172
30173
30173
30174
30174
30175
30175
30176
30176
30177
30177
30178
30178
30179
30179
30180
30180
30181
30181
30182
30182
30183
30183
30184
30184
30185
30185
30186
30186
30187
30187
30188
30188
30189
30189
30190
30190
30191
30191
30192
30192
30193
30193
30194
30194
30195
30195
30196
30196
30197
30197
30198
30198
30199
30199
30200
30200
30201
30201
30202
30202
30203
30203
30204
30204
30205
30205
30206
30206
30207
30207
30208
30208
30209
30209
30210
30210
30211
30211
30212
30212
30213
30213
30214
30214
30215
30215
30216
30216
30217
30217
30218
30218
30219
30219
30220
30220
30221
30221
30222
30222
30223
30223
30224
30224
30225
30225
30226
30226
30227
30227
30228
30228
30229
30229
30230
30230
30231
30231
30232
30232
30233
30233
30234
30234
30235
30235
30236
30236
30237
30237
30238
30238
30239
30239
30240
30240
30241
30241
30242
30242
30243
30243
30244
30244
30245
30245
30246
30246
30247
30247
30248
30248
30249
30249
30250
30250
30251
30251
30252
30252
30253
30253
30254
30254
30255
30255
30256
30256
30257
30257
30258
30258
30259
30259
30260
30260
30261
30261
30262
30262
30263
30263
30264
30264
30265
30265
30266
30266
30267
30267
30268
30268
30269
30269
30270
30270
30271
30271
30272
30272
30273
30273
30274
30274
30275
30275
30276
30276
30277
30277
30278
30278
30279
30279
30280
30280
30281
30281
30282
30282
30283
30283
30284
30284
30285
30285
30286
30286
30287
30287
30288
30288
30289
30289
30290
30290
30291
30291
30292
30292
30293
30293
30294
30294
30295
30295
30296
30296
30297
30297
30298
30298
30299
30299
30300
30300
30301
30301
30302
30302
30303
30303
30304
30304
30305
30305
30306
30306
30307
30307
30308
30308
30309
30309
30310
30310
30311
30311
30312
30312
30313
30313
30314
30314
30315
30315
30316
30316
30317
30317
30318
30318
30319
30319
30320
30320
30321
30321
30322
30322
30323
30323
30324
30324
30325
30325
30326
30326
30327
30327
30328
30328
30329
30329
30330
30330
30331
30331
30332
30332
30333
30333
30334
30334
30335
30335
30336
30336
30337
30337
30338
30338
30339
30339
30340
30340
30341
30341
30342
30342
30343
30343
30344
30344
30345
30345
30346
30346
30347
30347
30348
30348
30349
30349
30350
30350
30351
30351
30352
30352
30353
30353
30354
30354
30355
30355
30356
30356
30357
30357
30358
30358
30359
30359
30360
30360
30361
30361
30362
30362
30363
30363
30364
30364
30365
30365
30366
30366
30367
30367
30368
30368
30369
30369
30370
30370
30371
30371
30372
30372
30373
30373
30374
30374
30375
30375
30376
30376
30377
30377
30378
30378
30379
30379
30380
30380
30381
30381
30382
30382
30383
30383
30384
30384
30385
30385
30386
30386
30387
30387
30388
30388
30389
30389
30390
30390
30391
30391
30392
30392
30393
30393
30394
30394
30395
30395
30396
30396
30397
30397
30398
30398
30399
30399
30400
30400
30401
30401
30402
30402
30403
30403
30404
30404
30405
30405
30406
30406
30407
30407
30408
30408
30409
30409
30410
30410
30411
30411
30412
30412
30413
30413
30414
30414
30415
30415
30416
30416
30417
30417
30418
30418
30419
30419
30420
30420
30421
30421
30422
30422
30423
30423
30424
30424
30425
30425
30426
30426
30427
30427
30428
30428
30429
30429
30430
30430
30431
30431
30432
30432
30433
30433
30434
30434
30435
30435
30436
30436
30437
30437
30438
30438
30439
30439
30440
30440
30441
30441
30442
30442
30443
30443
30444
30444
30445
30445
30446
30446
30447
30447
30448
30448
30449
30449
30450
30450
30451
30451
30452
30452
30453
30453
30454
30454
30455
30455
30456
30456
30457
30457
30458
30458
30459
30459
30460
30460
30461
30461
30462
30462
30463
30463
30464
30464
30465
30465
30466
30466
30467
30467
30468
30468
30469
30469
30470
30470
30471
30471
30472
30472
30473
30473
30474
30474
30475
30475
30476
30476
30477
30477
30478
30478
30479
30479
30480
30480
30481
30481
30482
30482
30483
30483
30484
30484
30485
30485
30486
30486
30487
30487
30488
30488
30489
30489
30490
30490
30491
30491
30492
30492
30493
30493
30494
30494
30495
30495
30496
30496
30497
30497
30498
30498
30499
30499
30500
30500
30501
30501
30502
30502
30503
30503
30504
30504
30505
30505
30506
30506
30507
30507
30508
30508
30509
30509
30510
30510
30511
30511
30512
30512
30513
30513
30514
30514
30515
30515
30516
30516
30517
30517
30518
30518
30519
30519
30520
30520
30521
30521
30522
30522
30523
30523
30524
30524
30525
30525
30526
30526
30527
30527
30528
30528
30529
30529
30530
30530
30531
30531
30532
30532
30533
30533
30534
30534
30535
30535
30536
30536
30537
30537
30538
30538
30539
30539
30540
30540
30541
30541
30542
30542
30543
30543
30544
30544
30545
30545
30546
30546
30547
30547
30548
30548
30549
30549
30550
30550
30551
30551
30552
30552
30553
30553
30554
30554
30555
30555
30556
30556
30557
30557
30558
30558
30559
30559
30560
30560
30561
30561
30562
30562
30563
30563
30564
30564
30565
30565
30566
30566
30567
30567
30568
30568
30569
30569
30570
30570
30571
30571
30572
30572
30573
30573
30574
30574
30575
30575
30576
30576
30577
30577
30578
30578
30579
30579
30580
30580
30581
30581
30582
30582
30583
30583
30584
30584
30585
30585
30586
30586
30587
30587
30588
30588
30589
30589
30590
30590
30591
30591
30592
30592
30593
30593
30594
30594
30595
30595
30596
30596
30597
30597
30598
30598
30599
30599
30600
30600
30601
30601
30602
30602
30603
30603
30604
30604
30605
30605
30606
30606
30607
30607
30608
30608
30609
30609
30610
30610
30611
30611
30612
30612
30613
30613
30614
30614
30615
30615
30616
30616
30617
30617
30618
30618
30619
30619
30620
30620
30621
30621
30622
30622
30623
30623
30624
30624
30625
30625
30626
30626
30627
30627
30628
30628
30629
30629
30630
30630
30631
30631
30632
30632
30633
30633
30634
30634
30635
30635
30636
30636
30637
30637
30638
30638
30639
30639
30640
30640
30641
30641
30642
30642
30643
30643
30644
30644
30645
30645
30646
30646
30647
30647
30648
30648
30649
30649
30650
30650
30651
30651
30652
30652
30653
30653
30654
30654
30655
30655
30656
30656
30657
30657
30658
30658
30659
30659
30660
30660
30661
30661
30662
30662
30663
30663
30664
30664
30665
30665
30666
30666
30667
30667
30668
30668
30669
30669
30670
30670
30671
30671
30672
30672
30673
30673
30674
30674
30675
30675
30676
30676
30677
30677
30678
30678
30679
30679
30680
30680
30681
30681
30682
30682
30683
30683
30684
30684
30685
30685
30686
30686
30687
30687
30688
30688
30689
30689
30690
30690
30691
30691
30692
30692
30693
30693
30694
30694
30695
30695
30696
30696
30697
30697
30698
30698
30699
30699
30700
30700
30701
30701
30702
30702
30703
30703
30704
30704
30705
30705
30706
30706
30707
30707
30708
30708
30709
30709
30710
30710
30711
30711
30712
30712
30713
30713
30714
30714
30715
30715
30716
30716
30717
30717
30718
30718
30719
30719
30720
30720
30721
30721
30722
30722
30723
30723
30724
30724
30725
30725
30726
30726
30727
30727
30728
30728
30729
30729
30730
30730
30731
30731
30732
30732
30733
30733
30734
30734
30735
30735
30736
30736
30737
30737
30738
30738
30739
30739
30740
30740
30741
30741
30742
30742
30743
30743
30744
30744
30745
30745
30746
30746
30747
30747
30748
30748
30749
30749
30750
30750
30751
30751
30752
30752
30753
30753
30754
30754
30755
30755
30756
30756
30757
30757
30758
30758
30759
30759
30760
30760
30761
30761
30762
30762
30763
30763
30764
30764
30765
30765
30766
30766
30767
30767
30768
30768
30769
30769
30770
30770
30771
30771
30772
30772
30773
30773
30774
30774
30775
30775
30776
30776
30777
30777
30778
30778
30779
30779
30780
30780
30781
30781
30782
30782
30783
30783
30784
30784
30785
30785
30786
30786
30787
30787
30788
30788
30789
30789
30790
30790
30791
30791
30792
30792
30793
30793
30794
30794
30795
30795
30796
30796
30797
30797
30798
30798
30799
30799
30800
30800
30801
30801
30802
30802
30803
30803
30804
30804
30805
30805
30806
30806
30807
30807
30808
30808
30809
30809
30810
30810
30811
30811
30812
30812
30813
30813
30814
30814
30815
30815
30816
30816
30817
30817
30818
30818
30819
30819
30820
30820
30821
30821
30822
30822
30823
30823
30824
30824
30825
30825
30826
30826
30827
30827
30828
30828
30829
30829
30830
30830
30831
30831
30832
30832
30833
30833
30834
30834
30835
30835
30836
30836
30837
30837
30838
30838
30839
30839
30840
30840
30841
30841
30842
30842
30843
30843
30844
30844
30845
30845
30846
30846
30847
30847
30848
30848
30849
30849
30850
30850
30851
30851
30852
30852
30853
30853
30854
30854
30855
30855
30856
30856
30857
30857
30858
30858
30859
30859
30860
30860
30861
30861
30862
30862
30863
30863
30864
30864
30865
30865
30866
30866
30867
30867
30868
30868
30869
30869
30870
30870
30871
30871
30872
30872
30873
30873
30874
30874
30875
30875
30876
30876
30877
30877
30878
30878
30879
30879
30880
30880
30881
30881
30882
30882
30883
30883
30884
30884
30885
30885
30886
30886
30887
30887
30888
30888
30889
30889
30890
30890
30891
30891
30892
30892
30893
30893
30894
30894
30895
30895
30896
30896
30897
30897
30898
30898
30899
30899
30900
30900
30901
30901
30902
30902
30903
30903
30904
30904
30905
30905
30906
30906
30907
30907
30908
30908
30909
30909
30910
30910
30911
30911
30912
30912
30913
30913
30914
30914
30915
30915
30916
30916
30917
30917
30918
30918
30919
30919
30920
30920
30921
30921
30922
30922
30923
30923
30924
30924
30925
30925
30926
30926
30927
30927
30928
30928
30929
30929
30930
30930
30931
30931
30932
30932
30933
30933
30934
30934
30935
30935
30936
30936
30937
30937
30938
30938
30939
30939
30940
30940
30941
30941
30942
30942
30943
30943
30944
30944
30945
30945
30946
30946
30947
30947
30948
30948
30949
30949
30950
30950
30951
30951
30952
30952
30953
30953
30954
30954
30955
30955
30956
30956
30957
30957
30958
30958
30959
30959
30960
30960
30961
30961
30962
30962
30963
30963
30964
30964
30965
30965
30966
30966
30967
30967
30968
30968
30969
30969
30970
30970
30971
30971
30972
30972
30973
30973
30974
30974
30975
30975
30976
30976
30977
30977
30978
30978
30979
30979
30980
30980
30981
30981
30982
30982
30983
30983
30984
30984
30985
30985
30986
30986
30987
30987
30988
30988
30989
30989
30990
30990
30991
30991
30992
30992
30993
30993
30994
30994
30995
30995
30996
30996
30997
30997
30998
30998
30999
30999
31000
31000
31001
31001
31002
31002
31003
31003
31004
31004
31005
31005
31006
31006
31007
31007
31008
31008
31009
31009
31010
31010
31011
31011
31012
31012
31013
31013
31014
31014
31015
31015
31016
31016
31017
31017
31018
31018
31019
31019
31020
31020
31021
31021
31022
31022
31023
31023
31024
31024
31025
31025
31026
31026
31027
31027
31028
31028
31029
31029
31030
31030
31031
31031
31032
31032
31033
31033
31034
31034
31035
31035
31036
31036
31037
31037
31038
31038
31039
31039
31040
31040
31041
31041
31042
31042
31043
31043
31044
31044
31045
31045
31046
31046
31047
31047
31048
31048
31049
31049
31050
31050
31051
31051
31052
31052
31053
31053
31054
31054
31055
31055
31056
31056
31057
31057
31058
31058
31059
31059
31060
31060
31061
31061
31062
31062
31063
31063
31064
31064
31065
31065
31066
31066
31067
31067
31068
31068
31069
31069
31070
31070
31071
31071
31072
31072
31073
31073
31074
31074
31075
31075
31076
31076
31077
31077
31078
31078
31079
31079
31080
31080
31081
31081
31082
31082
31083
31083
31084
31084
31085
31085
31086
31086
31087
31087
31088
31088
31089
31089
31090
31090
31091
31091
31092
31092
31093
31093
31094
31094
31095
31095
31096
31096
31097
31097
31098
31098
31099
31099
31100
31100
31101
31101
31102
31102
31103
31103
31104
31104
31105
31105
31106
31106
31107
31107
31108
31108
31109
31109
31110
31110
31111
31111
31112
31112
31113
31113
31114
31114
31115
31115
31116
31116
31117
31117
31118
31118
31119
31119
31120
31120
31121
31121
31122
31122
31123
31123
31124
31124
31125
31125
31126
31126
31127
31127
31128
31128
31129
31129
31130
31130
31131
31131
31132
31132
31133
31133
31134
31134
31135
31135
31136
31136
31137
31137
31138
31138
31139
31139
31140
31140
31141
31141
31142
31142
31143
31143
31144
31144
31145
31145
31146
31146
31147
31147
31148
31148
31149
31149
31150
31150
31151
31151
31152
31152
31153
31153
31154
31154
31155
31155
31156
31156
31157
31157
31158
31158
31159
31159
31160
31160
31161
31161
31162
31162
31163
31163
31164
31164
31165
31165
31166
31166
31167
31167
31168
31168
31169
31169
31170
31170
31171
31171
31172
31172
31173
31173
31174
31174
31175
31175
31176
31176
31177
31177
31178
31178
31179
31179
31180
31180
31181
31181
31182
31182
31183
31183
31184
31184
31185
31185
31186
31186
31187
31187
31188
31188
31189
31189
31190
31190
31191
31191
31192
31192
31193
31193
31194
31194
31195
31195
31196
31196
31197
31197
31198
31198
31199
31199
31200
31200
31201
31201
31202
31202
31203
31203
31204
31204
31205
31205
31206
31206
31207
31207
31208
31208
31209
31209
31210
31210
31211
31211
31212
31212
31213
31213
31214
31214
31215
31215
31216
31216
31217
31217
31218
31218
31219
31219
31220
31220
31221
31221
31222
31222
31223
31223
31224
31224
31225
31225
31226
31226
31227
31227
31228
31228
31229
31229
31230
31230
31231
31231
31232
31232
31233
31233
31234
31234
31235
31235
31236
31236
31237
31237
31238
31238
31239
31239
31240
31240
31241
31241
31242
31242
31243
31243
31244
31244
31245
31245
31246
31246
31247
31247
31248
31248
31249
31249
31250
31250
31251
31251
31252
31252
31253
31253
31254
31254
31255
31255
31256
31256
31257
31257
31258
31258
31259
31259
31260
31260
31261
31261
31262
31262
31263
31263
31264
31264
31265
31265
31266
31266
31267
31267
31268
31268
31269
31269
31270
31270
31271
31271
31272
31272
31273
31273
31274
31274
31275
31275
31276
31276
31277
31277
31278
31278
31279
31279
31280
31280
31281
31281
31282
31282
31283
31283
31284
31284
31285
31285
31286
31286
31287
31287
31288
31288
31289
31289
31290
31290
31291
31291
31292
31292
31293
31293
31294
31294
31295
31295
31296
31296
31297
31297
31298
31298
31299
31299
31300
31300
31301
31301
31302
31302
31303
31303
31304
31304
31305
31305
31306
31306
31307
31307
31308
31308
31309
31309
31310
31310
31311
31311
31312
31312
31313
31313
31314
31314
31315
31315
31316
31316
31317
31317
31318
31318
31319
31319
31320
31320
31321
31321
31322
31322
31323
31323
31324
31324
31325
31325
31326
31326
31327
31327
31328
31328
31329
31329
31330
31330
31331
31331
31332
31332
31333
31333
31334
31334
31335
31335
31336
31336
31337
31337
31338
31338
31339
31339
31340
31340
31341
31341
31342
31342
31343
31343
31344
31344
31345
31345
31346
31346
31347
31347
31348
31348
31349
31349
31350
31350
31351
31351
31352
31352
31353
31353
31354
31354
31355
31355
31356
31356
31357
31357
31358
31358
31359
31359
31360
31360
31361
31361
31362
31362
31363
31363
31364
31364
31365
31365
31366
31366
31367
31367
31368
31368
31369
31369
31370
31370
31371
31371
31372
31372
31373
31373
31374
31374
31375
31375
31376
31376
31377
31377
31378
31378
31379
31379
31380
31380
31381
31381
31382
31382
31383
31383
31384
31384
31385
31385
31386
31386
31387
31387
31388
31388
31389
31389
31390
31390
31391
31391
31392
31392
31393
31393
31394
31394
31395
31395
31396
31396
31397
31397
31398
31398
31399
31399
31400
31400
31401
31401
31402
31402
31403
31403
31404
31404
31405
31405
31406
31406
31407
31407
31408
31408
31409
31409
31410
31410
31411
31411
31412
31412
31413
31413
31414
31414
31415
31415
31416
31416
31417
31417
31418
31418
31419
31419
31420
31420
31421
31421
31422
31422
31423
31423
31424
31424
31425
31425
31426
31426
31427
31427
31428
31428
31429
31429
31430
31430
31431
31431
31432
31432
31433
31433
31434
31434
31435
31435
31436
31436
31437
31437
31438
31438
31439
31439
31440
31440
31441
31441
31442
31442
31443
31443
31444
31444
31445
31445
31446
31446
31447
31447
31448
31448
31449
31449
31450
31450
31451
31451
31452
31452
31453
31453
31454
31454
31455
31455
31456
31456
31457
31457
31458
31458
31459
31459
31460
31460
31461
31461
31462
31462
31463
31463
31464
31464
31465
31465
31466
31466
31467
31467
31468
31468
31469
31469
31470
31470
31471
31471
31472
31472
31473
31473
31474
31474
31475
31475
31476
31476
31477
31477
31478
31478
31479
31479
31480
31480
31481
31481
31482
31482
31483
31483
31484
31484
31485
31485
31486
31486
31487
31487
31488
31488
31489
31489
31490
31490
31491
31491
31492
31492
31493
31493
31494
31494
31495
31495
31496
31496
31497
31497
31498
31498
31499
31499
31500
31500
31501
31501
31502
31502
31503
31503
31504
31504
31505
31505
31506
31506
31507
31507
31508
31508
31509
31509
31510
31510
31511
31511
31512
31512
31513
31513
31514
31514
31515
31515
31516
31516
31517
31517
31518
31518
31519
31519
31520
31520
31521
31521
31522
31522
31523
31523
31524
31524
31525
31525
31526
31526
31527
31527
31528
31528
31529
31529
31530
31530
31531
31531
31532
31532
31533
31533
31534
31534
31535
31535
31536
31536
31537
31537
31538
31538
31539
31539
31540
31540
31541
31541
31542
31542
31543
31543
31544
31544
31545
31545
31546
31546
31547
31547
31548
31548
31549
31549
31550
31550
31551
31551
31552
31552
31553
31553
31554
31554
31555
31555
31556
31556
31557
31557
31558
31558
31559
31559
31560
31560
31561
31561
31562
31562
31563
31563
31564
31564
31565
31565
31566
31566
31567
31567
31568
31568
31569
31569
31570
31570
31571
31571
31572
31572
31573
31573
31574
31574
31575
31575
31576
31576
31577
31577
31578
31578
31579
31579
31580
31580
31581
31581
31582
31582
31583
31583
31584
31584
31585
31585
31586
31586
31587
31587
31588
31588
31589
31589
31590
31590
31591
31591
31592
31592
31593
31593
31594
31594
31595
31595
31596
31596
31597
31597
31598
31598
31599
31599
31600
31600
31601
31601
31602
31602
31603
31603
31604
31604
31605
31605
31606
31606
31607
31607
31608
31608
31609
31609
31610
31610
31611
31611
31612
31612
31613
31613
31614
31614
31615
31615
31616
31616
31617
31617
31618
31618
31619
31619
31620
31620
31621
31621
31622
31622
31623
31623
31624
31624
31625
31625
31626
31626
31627
31627
31628
31628
31629
31629
31630
31630
31631
31631
31632
31632
31633
31633
31634
31634
31635
31635
31636
31636
31637
31637
31638
31638
31639
31639
31640
31640
31641
31641
31642
31642
31643
31643
31644
31644
31645
31645
31646
31646
31647
31647
31648
31648
31649
31649
31650
31650
31651
31651
31652
31652
31653
31653
31654
31654
31655
31655
31656
31656
31657
31657
31658
31658
31659
31659
31660
31660
31661
31661
31662
31662
31663
31663
31664
31664
31665
31665
31666
31666
31667
31667
31668
31668
31669
31669
31670
31670
31671
31671
31672
31672
31673
31673
31674
31674
31675
31675
31676
31676
31677
31677
31678
31678
31679
31679
31680
31680
31681
31681
31682
31682
31683
31683
31684
31684
31685
31685
31686
31686
31687
31687
31688
31688
31689
31689
31690
31690
31691
31691
31692
31692
31693
31693
31694
31694
31695
31695
31696
31696
31697
31697
31698
31698
31699
31699
31700
31700
31701
31701
31702
31702
31703
31703
31704
31704
31705
31705
31706
31706
31707
31707
31708
31708
31709
31709
31710
31710
31711
31711
31712
31712
31713
31713
31714
31714
31715
31715
31716
31716
31717
31717
31718
31718
31719
31719
31720
31720
31721
31721
31722
31722
31723
31723
31724
31724
31725
31725
31726
31726
31727
31727
31728
31728
31729
31729
31730
31730
31731
31731
31732
31732
31733
31733
31734
31734
31735
31735
31736
31736
31737
31737
31738
31738
31739
31739
31740
31740
31741
31741
31742
31742
31743
31743
31744
31744
31745
31745
31746
31746
31747
31747
31748
31748
31749
31749
31750
31750
31751
31751
31752
31752
31753
31753
31754
31754
31755
31755
31756
31756
31757
31757
31758
31758
31759
31759
31760
31760
31761
31761
31762
31762
31763
31763
31764
31764
31765
31765
31766
31766
31767
31767
31768
31768
31769
31769
31770
31770
31771
31771
31772
31772
31773
31773
31774
31774
31775
31775
31776
31776
31777
31777
31778
31778
31779
31779
31780
31780
31781
31781
31782
31782
31783
31783
31784
31784
31785
31785
31786
31786
31787
31787
31788
31788
31789
31789
31790
31790
31791
31791
31792
31792
31793
31793
31794
31794
31795
31795
31796
31796
31797
31797
31798
31798
31799
31799
31800
31800
31801
31801
31802
31802
31803
31803
31804
31804
31805
31805
31806
31806
31807
31807
31808
31808
31809
31809
31810
31810
31811
31811
31812
31812
31813
31813
31814
31814
31815
31815
31816
31816
31817
31817
31818
31818
31819
31819
31820
31820
31821
31821
31822
31822
31823
31823
31824
31824
31825
31825
31826
31826
31827
31827
31828
31828
31829
31829
31830
31830
31831
31831
31832
31832
31833
31833
31834
31834
31835
31835
31836
31836
31837
31837
31838
31838
31839
31839
31840
31840
31841
31841
31842
31842
31843
31843
31844
31844
31845
31845
31846
31846
31847
31847
31848
31848
31849
31849
31850
31850
31851
31851
31852
31852
31853
31853
31854
31854
31855
31855
31856
31856
31857
31857
31858
31858
31859
31859
31860
31860
31861
31861
31862
31862
31863
31863
31864
31864
31865
31865
31866
31866
31867
31867
31868
31868
31869
31869
31870
31870
31871
31871
31872
31872
31873
31873
31874
31874
31875
31875
31876
31876
31877
31877
31878
31878
31879
31879
31880
31880
31881
31881
31882
31882
31883
31883
31884
31884
31885
31885
31886
31886
31887
31887
31888
31888
31889
31889
31890
31890
31891
31891
31892
31892
31893
31893
31894
31894
31895
31895
31896
31896
31897
31897
31898
31898
31899
31899
31900
31900
31901
31901
31902
31902
31903
31903
31904
31904
31905
31905
31906
31906
31907
31907
31908
31908
31909
31909
31910
31910
31911
31911
31912
31912
31913
31913
31914
31914
31915
31915
31916
31916
31917
31917
31918
31918
31919
31919
31920
31920
31921
31921
31922
31922
31923
31923
31924
31924
31925
31925
31926
31926
31927
31927
31928
31928
31929
31929
31930
31930
31931
31931
31932
31932
31933
31933
31934
31934
31935
31935
31936
31936
31937
31937
31938
31938
31939
31939
31940
31940
31941
31941
31942
31942
31943
31943
31944
31944
31945
31945
31946
31946
31947
31947
31948
31948
31949
31949
31950
31950
31951
31951
31952
31952
31953
31953
31954
31954
31955
31955
31956
31956
31957
31957
31958
31958
31959
31959
31960
31960
31961
31961
31962
31962
31963
31963
31964
31964
31965
31965
31966
31966
31967
31967
31968
31968
31969
31969
31970
31970
31971
31971
31972
31972
31973
31973
31974
31974
31975
31975
31976
31976
31977
31977
31978
31978
31979
31979
31980
31980
31981
31981
31982
31982
31983
31983
31984
31984
31985
31985
31986
31986
31987
31987
31988
31988
31989
31989
31990
31990
31991
31991
31992
31992
31993
31993
31994
31994
31995
31995
31996
31996
31997
31997
31998
31998
31999
31999
32000
32000
32001
32001
32002
32002
32003
32003
32004
32004
32005
32005
32006
32006
32007
32007
32008
32008
32009
32009
32010
32010
32011
32011
32012
32012
32013
32013
32014
32014
32015
32015
32016
32016
32017
32017
32018
32018
32019
32019
32020
32020
32021
32021
32022
32022
32023
32023
32024
32024
32025
32025
32026
32026
32027
32027
32028
32028
32029
32029
32030
32030
32031
32031
32032
32032
32033
32033
32034
32034
32035
32035
32036
32036
32037
32037
32038
32038
32039
32039
32040
32040
32041
32041
32042
32042
32043
32043
32044
32044
32045
32045
32046
32046
32047
32047
32048
32048
32049
32049
32050
32050
32051
32051
32052
32052
32053
32053
32054
32054
32055
32055
32056
32056
32057
32057
32058
32058
32059
32059
32060
32060
32061
32061
32062
32062
32063
32063
32064
32064
32065
32065
32066
32066
32067
32067
32068
32068
32069
32069
32070
32070
32071
32071
32072
32072
32073
32073
32074
32074
32075
32075
32076
32076
32077
32077
32078
32078
32079
32079
32080
32080
32081
32081
32082
32082
32083
32083
32084
32084
32085
32085
32086
32086
32087
32087
32088
32088
32089
32089
32090
32090
32091
32091
32092
32092
32093
32093
32094
32094
32095
32095
32096
32096
32097
32097
32098
32098
32099
32099
32100
32100
32101
32101
32102
32102
32103
32103
32104
32104
32105
32105
32106
32106
32107
32107
32108
32108
32109
32109
32110
32110
32111
32111
32112
32112
32113
32113
32114
32114
32115
32115
32116
32116
32117
32117
32118
32118
32119
32119
32120
32120
32121
32121
32122
32122
32123
32123
32124
32124
32125
32125
32126
32126
32127
32127
32128
32128
32129
32129
32130
32130
32131
32131
32132
32132
32133
32133
32134
32134
32135
32135
32136
32136
32137
32137
32138
32138
32139
32139
32140
32140
32141
32141
32142
32142
32143
32143
32144
32144
32145
32145
32146
32146
32147
32147
32148
32148
32149
32149
32150
32150
32151
32151
32152
32152
32153
32153
32154
32154
32155
32155
32156
32156
32157
32157
32158
32158
32159
32159
32160
32160
32161
32161
32162
32162
32163
32163
32164
32164
32165
32165
32166
32166
32167
32167
32168
32168
32169
32169
32170
32170
32171
32171
32172
32172
32173
32173
32174
32174
32175
32175
32176
32176
32177
32177
32178
32178
32179
32179
32180
32180
32181
32181
32182
32182
32183
32183
32184
32184
32185
32185
32186
32186
32187
32187
32188
32188
32189
32189
32190
32190
32191
32191
32192
32192
32193
32193
32194
32194
32195
32195
32196
32196
32197
32197
32198
32198
32199
32199
32200
32200
32201
32201
32202
32202
32203
32203
32204
32204
32205
32205
32206
32206
32207
32207
32208
32208
32209
32209
32210
32210
32211
32211
32212
32212
32213
32213
32214
32214
32215
32215
32216
32216
32217
32217
32218
32218
32219
32219
32220
32220
32221
32221
32222
32222
32223
32223
32224
32224
32225
32225
32226
32226
32227
32227
32228
32228
32229
32229
32230
32230
32231
32231
32232
32232
32233
32233
32234
32234
32235
32235
32236
32236
32237
32237
32238
32238
32239
32239
32240
32240
32241
32241
32242
32242
32243
32243
32244
32244
32245
32245
32246
32246
32247
32247
32248
32248
32249
32249
32250
32250
32251
32251
32252
32252
32253
32253
32254
32254
32255
32255
32256
32256
32257
32257
32258
32258
32259
32259
32260
32260
32261
32261
32262
32262
32263
32263
32264
32264
32265
32265
32266
32266
32267
32267
32268
32268
32269
32269
32270
32270
32271
32271
32272
32272
32273
32273
32274
32274
32275
32275
32276
32276
32277
32277
32278
32278
32279
32279
32280
32280
32281
32281
32282
32282
32283
32283
32284
32284
32285
32285
32286
32286
32287
32287
32288
32288
32289
32289
32290
32290
32291
32291
32292
32292
32293
32293
32294
32294
32295
32295
32296
32296
32297
32297
32298
32298
32299
32299
32300
32300
32301
32301
32302
32302
32303
32303
32304
32304
32305
32305
32306
32306
32307
32307
32308
32308
32309
32309
32310
32310
32311
32311
32312
32312
32313
32313
32314
32314
32315
32315
32316
32316
32317
32317
32318
32318
32319
32319
32320
32320
32321
32321
32322
32322
32323
32323
32324
32324
32325
32325
32326
32326
32327
32327
32328
32328
32329
32329
32330
32330
32331
32331
32332
32332
32333
32333
32334
32334
32335
32335
32336
32336
32337
32337
32338
32338
32339
32339
32340
32340
32341
32341
32342
32342
32343
32343
32344
32344
32345
32345
32346
32346
32347
32347
32348
32348
32349
32349
32350
32350
32351
32351
32352
32352
32353
32353
32354
32354
32355
32355
32356
32356
32357
32357
32358
32358
32359
32359
32360
32360
32361
32361
32362
32362
32363
32363
32364
32364
32365
32365
32366
32366
32367
32367
32368
32368
32369
32369
32370
32370
32371
32371
32372
32372
32373
32373
32374
32374
32375
32375
32376
32376
32377
32377
32378
32378
32379
32379
32380
32380
32381
32381
32382
32382
32383
32383
32384
32384
32385
32385
32386
32386
32387
32387
32388
32388
32389
32389
32390
32390
32391
32391
32392
32392
32393
32393
32394
32394
32395
32395
32396
32396
32397
32397
32398
32398
32399
32399
32400
32400
32401
32401
32402
32402
32403
32403
32404
32404
32405
32405
32406
32406
32407
32407
32408
32408
32409
32409
32410
32410
32411
32411
32412
32412
32413
32413
32414
32414
32415
32415
32416
32416
32417
32417
32418
32418
32419
32419
32420
32420
32421
32421
32422
32422
32423
32423
32424
32424
32425
32425
32426
32426
32427
32427
32428
32428
32429
32429
32430
32430
32431
32431
32432
32432
32433
32433
32434
32434
32435
32435
32436
32436
32437
32437
32438
32438
32439
32439
32440
32440
32441
32441
32442
32442
32443
32443
32444
32444
32445
32445
32446
32446
32447
32447
32448
32448
32449
32449
32450
32450
32451
32451
32452
32452
32453
32453
32454
32454
32455
32455
32456
32456
32457
32457
32458
32458
32459
32459
32460
32460
32461
32461
32462
32462
32463
32463
32464
32464
32465
32465
32466
32466
32467
32467
32468
32468
32469
32469
32470
32470
32471
32471
32472
32472
32473
32473
32474
32474
32475
32475
32476
32476
32477
32477
32478
32478
32479
32479
32480
32480
32481
32481
32482
32482
32483
32483
32484
32484
32485
32485
32486
32486
32487
32487
32488
32488
32489
32489
32490
32490
32491
32491
32492
32492
32493
32493
32494
32494
32495
32495
32496
32496
32497
32497
32498
32498
32499
32499
32500
32500
32501
32501
32502
32502
32503
32503
32504
32504
32505
32505
32506
32506
32507
32507
32508
32508
32509
32509
32510
32510
32511
32511
32512
32512
32513
32513
32514
32514
32515
32515
32516
32516
32517
32517
32518
32518
32519
32519
32520
32520
32521
32521
32522
32522
32523
32523
32524
32524
32525
32525
32526
32526
32527
32527
32528
32528
32529
32529
32530
32530
32531
32531
32532
32532
32533
32533
32534
32534
32535
32535
32536
32536
32537
32537
32538
32538
32539
32539
32540
32540
32541
32541
32542
32542
32543
32543
32544
32544
32545
32545
32546
32546
32547
32547
32548
32548
32549
32549
32550
32550
32551
32551
32552
32552
32553
32553
32554
32554
32555
32555
32556
32556
32557
32557
32558
32558
32559
32559
32560
32560
32561
32561
32562
32562
32563
32563
32564
32564
32565
32565
32566
32566
32567
32567
32568
32568
32569
32569
32570
32570
32571
32571
32572
32572
32573
32573
32574
32574
32575
32575
32576
32576
32577
32577
32578
32578
32579
32579
32580
32580
32581
32581
32582
32582
32583
32583
32584
32584
32585
32585
32586
32586
32587
32587
32588
32588
32589
32589
32590
32590
32591
32591
32592
32592
32593
32593
32594
32594
32595
32595
32596
32596
32597
32597
32598
32598
32599
32599
32600
32600
32601
32601
32602
32602
32603
32603
32604
32604
32605
32605
32606
32606
32607
32607
32608
32608
32609
32609
32610
32610
32611
32611
32612
32612
32613
32613
32614
32614
32615
32615
32616
32616
32617
32617
32618
32618
32619
32619
32620
32620
32621
32621
32622
32622
32623
32623
32624
32624
32625
32625
32626
32626
32627
32627
32628
32628
32629
32629
32630
32630
32631
32631
32632
32632
32633
32633
32634
32634
32635
32635
32636
32636
32637
32637
32638
32638
32639
32639
32640
32640
32641
32641
32642
32642
32643
32643
32644
32644
32645
32645
32646
32646
32647
32647
32648
32648
32649
32649
32650
32650
32651
32651
32652
32652
32653
32653
32654
32654
32655
32655
32656
32656
32657
32657
32658
32658
32659
32659
32660
32660
32661
32661
32662
32662
32663
32663
32664
32664
32665
32665
32666
32666
32667
32667
32668
32668
32669
32669
32670
32670
32671
32671
32672
32672
32673
32673
32674
32674
32675
32675
32676
32676
32677
32677
32678
32678
32679
32679
32680
32680
32681
32681
32682
32682
32683
32683
32684
32684
32685
32685
32686
32686
32687
32687
32688
32688
32689
32689
32690
32690
32691
32691
32692
32692
32693
32693
32694
32694
32695
32695
32696
32696
32697
32697
32698
32698
32699
32699
32700
32700
32701
32701
32702
32702
32703
32703
32704
32704
32705
32705
32706
32706
32707
32707
32708
32708
32709
32709
32710
32710
32711
32711
32712
32712
32713
32713
32714
32714
32715
32715
32716
32716
32717
32717
32718
32718
32719
32719
32720
32720
32721
32721
32722
32722
32723
32723
32724
32724
32725
32725
32726
32726
32727
32727
32728
32728
32729
32729
32730
32730
32731
32731
32732
32732
32733
32733
32734
32734
32735
32735
32736
32736
32737
32737
32738
32738
32739
32739
32740
32740
32741
32741
32742
32742
32743
32743
32744
32744
32745
32745
32746
32746
32747
32747
32748
32748
32749
32749
32750
32750
32751
32751
32752
32752
32753
32753
32754
32754
32755
32755
32756
32756
32757
32757
32758
32758
32759
32759
32760
32760
32761
32761
32762
32762
32763
32763
32764
32764
32765
32765
32766
32766
32767
32767
32768
32768
32769
32769
32770
32770
32771
32771
32772
32772
32773
32773
32774
32774
32775
32775
32776
32776
32777
32777
32778
32778
32779
32779
32780
32780
32781
32781
32782
32782
32783
32783
32784
32784
32785
32785
32786
32786
32787
32787
32788
32788
32789
32789
32790
32790
32791
32791
32792
32792
32793
32793
32794
32794
32795
32795
32796
32796
32797
32797
32798
32798
32799
32799
32800
32800
32801
32801
32802
32802
32803
32803
32804
32804
32805
32805
32806
32806
32807
32807
32808
32808
32809
32809
32810
32810
32811
32811
32812
32812
32813
32813
32814
32814
32815
32815
32816
32816
32817
32817
32818
32818
32819
32819
32820
32820
32821
32821
32822
32822
32823
32823
32824
32824
32825
32825
32826
32826
32827
32827
32828
32828
32829
32829
32830
32830
32831
32831
32832
32832
32833
32833
32834
32834
32835
32835
32836
32836
32837
32837
32838
32838
32839
32839
32840
32840
32841
32841
32842
32842
32843
32843
32844
32844
32845
32845
32846
32846
32847
32847
32848
32848
32849
32849
32850
32850
32851
32851
32852
32852
32853
32853
32854
32854
32855
32855
32856
32856
32857
32857
32858
32858
32859
32859
32860
32860
32861
32861
32862
32862
32863
32863
32864
32864
32865
32865
32866
32866
32867
32867
32868
32868
32869
32869
32870
32870
32871
32871
32872
32872
32873
32873
32874
32874
32875
32875
32876
32876
32877
32877
32878
32878
32879
32879
32880
32880
32881
32881
32882
32882
32883
32883
32884
32884
32885
32885
32886
32886
32887
32887
32888
32888
32889
32889
32890
32890
32891
32891
32892
32892
32893
32893
32894
32894
32895
32895
32896
32896
32897
32897
32898
32898
32899
32899
32900
32900
32901
32901
32902
32902
32903
32903
32904
32904
32905
32905
32906
32906
32907
32907
32908
32908
32909
32909
32910
32910
32911
32911
32912
32912
32913
32913
32914
32914
32915
32915
32916
32916
32917
32917
32918
32918
32919
32919
32920
32920
32921
32921
32922
32922
32923
32923
32924
32924
32925
32925
32926
32926
32927
32927
32928
32928
32929
32929
32930
32930
32931
32931
32932
32932
32933
32933
32934
32934
32935
32935
32936
32936
32937
32937
32938
32938
32939
32939
32940
32940
32941
32941
32942
32942
32943
32943
32944
32944
32945
32945
32946
32946
32947
32947
32948
32948
32949
32949
32950
32950
32951
32951
32952
32952
32953
32953
32954
32954
32955
32955
32956
32956
32957
32957
32958
32958
32959
32959
32960
32960
32961
32961
32962
32962
32963
32963
32964
32964
32965
32965
32966
32966
32967
32967
32968
32968
32969
32969
32970
32970
32971
32971
32972
32972
32973
32973
32974
32974
32975
32975
32976
32976
32977
32977
32978
32978
32979
32979
32980
32980
32981
32981
32982
32982
32983
32983
32984
32984
32985
32985
32986
32986
32987
32987
32988
32988
32989
32989
32990
32990
32991
32991
32992
32992
32993
32993
32994
32994
32995
32995
32996
32996
32997
32997
32998
32998
32999
32999
33000
33000
33001
33001
33002
33002
33003
33003
33004
33004
33005
33005
33006
33006
33007
33007
33008
33008
33009
33009
33010
33010
33011
33011
33012
33012
33013
33013
33014
33014
33015
33015
33016
33016
33017
33017
33018
33018
33019
33019
33020
33020
33021
33021
33022
33022
33023
33023
33024
33024
33025
33025
33026
33026
33027
33027
33028
33028
33029
33029
33030
33030
33031
33031
33032
33032
33033
33033
33034
33034
33035
33035
33036
33036
33037
33037
33038
33038
33039
33039
33040
33040
33041
33041
33042
33042
33043
33043
33044
33044
33045
33045
33046
33046
33047
33047
33048
33048
33049
33049
33050
33050
33051
33051
33052
33052
33053
33053
33054
33054
33055
33055
33056
33056
33057
33057
33058
33058
33059
33059
33060
33060
33061
33061
33062
33062
33063
33063
33064
33064
33065
33065
33066
33066
33067
33067
33068
33068
33069
33069
33070
33070
33071
33071
33072
33072
33073
33073
33074
33074
33075
33075
33076
33076
33077
33077
33078
33078
33079
33079
33080
33080
33081
33081
33082
33082
33083
33083
33084
33084
33085
33085
33086
33086
33087
33087
33088
33088
33089
33089
33090
33090
33091
33091
33092
33092
33093
33093
33094
33094
33095
33095
33096
33096
33097
33097
33098
33098
33099
33099
33100
33100
33101
33101
33102
33102
33103
33103
33104
33104
33105
33105
33106
33106
33107
33107
33108
33108
33109
33109
33110
33110
33111
33111
33112
33112
33113
33113
33114
33114
33115
33115
33116
33116
33117
33117
33118
33118
33119
33119
33120
33120
33121
33121
33122
33122
33123
33123
33124
33124
33125
33125
33126
33126
33127
33127
33128
33128
33129
33129
33130
33130
33131
33131
33132
33132
33133
33133
33134
33134
33135
33135
33136
33136
33137
33137
33138
33138
33139
33139
33140
33140
33141
33141
33142
33142
33143
33143
33144
33144
33145
33145
33146
33146
33147
33147
33148
33148
33149
33149
33150
33150
33151
33151
33152
33152
33153
33153
33154
33154
33155
33155
33156
33156
33157
33157
33158
33158
33159
33159
33160
33160
33161
33161
33162
33162
33163
33163
33164
33164
33165
33165
33166
33166
33167
33167
33168
33168
33169
33169
33170
33170
33171
33171
33172
33172
33173
33173
33174
33174
33175
33175
33176
33176
33177
33177
33178
33178
33179
33179
33180
33180
33181
33181
33182
33182
33183
33183
33184
33184
33185
33185
33186
33186
33187
33187
33188
33188
33189
33189
33190
33190
33191
33191
33192
33192
33193
33193
33194
33194
33195
33195
33196
33196
33197
33197
33198
33198
33199
33199
33200
33200
33201
33201
33202
33202
33203
33203
33204
33204
33205
33205
33206
33206
33207
33207
33208
33208
33209
33209
33210
33210
33211
33211
33212
33212
33213
33213
33214
33214
33215
33215
33216
33216
33217
33217
33218
33218
33219
33219
33220
33220
33221
33221
33222
33222
33223
33223
33224
33224
33225
33225
33226
33226
33227
33227
33228
33228
33229
33229
33230
33230
33231
33231
33232
33232
33233
33233
33234
33234
33235
33235
33236
33236
33237
33237
33238
33238
33239
33239
33240
33240
33241
33241
33242
33242
33243
33243
33244
33244
33245
33245
33246
33246
33247
33247
33248
33248
33249
33249
33250
33250
33251
33251
33252
33252
33253
33253
33254
33254
33255
33255
33256
33256
33257
33257
33258
33258
33259
33259
33260
33260
33261
33261
33262
33262
33263
33263
33264
33264
33265
33265
33266
33266
33267
33267
33268
33268
33269
33269
33270
33270
33271
33271
33272
33272
33273
33273
33274
33274
33275
33275
33276
33276
33277
33277
33278
33278
33279
33279
33280
33280
33281
33281
33282
33282
33283
33283
33284
33284
33285
33285
33286
33286
33287
33287
33288
33288
33289
33289
33290
33290
33291
33291
33292
33292
33293
33293
33294
33294
33295
33295
33296
33296
33297
33297
33298
33298
33299
33299
33300
33300
33301
33301
33302
33302
33303
33303
33304
33304
33305
33305
33306
33306
33307
33307
33308
33308
33309
33309
33310
33310
33311
33311
33312
33312
33313
33313
33314
33314
33315
33315
33316
33316
33317
33317
33318
33318
33319
33319
33320
33320
33321
33321
33322
33322
33323
33323
33324
33324
33325
33325
33326
33326
33327
33327
33328
33328
33329
33329
33330
33330
33331
33331
33332
33332
33333
33333
33334
33334
33335
33335
33336
33336
33337
33337
33338
33338
33339
33339
33340
33340
33341
33341
33342
33342
33343
33343
33344
33344
33345
33345
33346
33346
33347
33347
33348
33348
33349
33349
33350
33350
33351
33351
33352
33352
33353
33353
33354
33354
33355
33355
33356
33356
33357
33357
33358
33358
33359
33359
33360
33360
33361
33361
33362
33362
33363
33363
33364
33364
33365
33365
33366
33366
33367
33367
33368
33368
33369
33369
33370
33370
33371
33371
33372
33372
33373
33373
33374
33374
33375
33375
33376
33376
33377
33377
33378
33378
33379
33379
33380
33380
33381
33381
33382
33382
33383
33383
33384
33384
33385
33385
33386
33386
33387
33387
33388
33388
33389
33389
33390
33390
33391
33391
33392
33392
33393
33393
33394
33394
33395
33395
33396
33396
33397
33397
33398
33398
33399
33399
33400
33400
33401
33401
33402
33402
33403
33403
33404
33404
33405
33405
33406
33406
33407
33407
33408
33408
33409
33409
33410
33410
33411
33411
33412
33412
33413
33413
33414
33414
33415
33415
33416
33416
33417
33417
33418
33418
33419
33419
33420
33420
33421
33421
33422
33422
33423
33423
33424
33424
33425
33425
33426
33426
33427
33427
33428
33428
33429
33429
33430
33430
33431
33431
33432
33432
33433
33433
33434
33434
33435
33435
33436
33436
33437
33437
33438
33438
33439
33439
33440
33440
33441
33441
33442
33442
33443
33443
33444
33444
33445
33445
33446
33446
33447
33447
33448
33448
33449
33449
33450
33450
33451
33451
33452
33452
33453
33453
33454
33454
33455
33455
33456
33456
33457
33457
33458
33458
33459
33459
33460
33460
33461
33461
33462
33462
33463
33463
33464
33464
33465
33465
33466
33466
33467
33467
33468
33468
33469
33469
33470
33470
33471
33471
33472
33472
33473
33473
33474
33474
33475
33475
33476
33476
33477
33477
33478
33478
33479
33479
33480
33480
33481
33481
33482
33482
33483
33483
33484
33484
33485
33485
33486
33486
33487
33487
33488
33488
33489
33489
33490
33490
33491
33491
33492
33492
33493
33493
33494
33494
33495
33495
33496
33496
33497
33497
33498
33498
33499
33499
33500
33500
33501
33501
33502
33502
33503
33503
33504
33504
33505
33505
33506
33506
33507
33507
33508
33508
33509
33509
33510
33510
33511
33511
33512
33512
33513
33513
33514
33514
33515
33515
33516
33516
33517
33517
33518
33518
33519
33519
33520
33520
33521
33521
33522
33522
33523
33523
33524
33524
33525
33525
33526
33526
33527
33527
33528
33528
33529
33529
33530
33530
33531
33531
33532
33532
33533
33533
33534
33534
33535
33535
33536
33536
33537
33537
33538
33538
33539
33539
33540
33540
33541
33541
33542
33542
33543
33543
33544
33544
33545
33545
33546
33546
33547
33547
33548
33548
33549
33549
33550
33550
33551
33551
33552
33552
33553
33553
33554
33554
33555
33555
33556
33556
33557
33557
33558
33558
33559
33559
33560
33560
33561
33561
33562
33562
33563
33563
33564
33564
33565
33565
33566
33566
33567
33567
33568
33568
33569
33569
33570
33570
33571
33571
33572
33572
33573
33573
33574
33574
33575
33575
33576
33576
33577
33577
33578
33578
33579
33579
33580
33580
33581
33581
33582
33582
33583
33583
33584
33584
33585
33585
33586
33586
33587
33587
33588
33588
33589
33589
33590
33590
33591
33591
33592
33592
33593
33593
33594
33594
33595
33595
33596
33596
33597
33597
33598
33598
33599
33599
33600
33600
33601
33601
33602
33602
33603
33603
33604
33604
33605
33605
33606
33606
33607
33607
33608
33608
33609
33609
33610
33610
33611
33611
33612
33612
33613
33613
33614
33614
33615
33615
33616
33616
33617
33617
33618
33618
33619
33619
33620
33620
33621
33621
33622
33622
33623
33623
33624
33624
33625
33625
33626
33626
33627
33627
33628
33628
33629
33629
33630
33630
33631
33631
33632
33632
33633
33633
33634
33634
33635
33635
33636
33636
33637
33637
33638
33638
33639
33639
33640
33640
33641
33641
33642
33642
33643
33643
33644
33644
33645
33645
33646
33646
33647
33647
33648
33648
33649
33649
33650
33650
33651
33651
33652
33652
33653
33653
33654
33654
33655
33655
33656
33656
33657
33657
33658
33658
33659
33659
33660
33660
33661
33661
33662
33662
33663
33663
33664
33664
33665
33665
33666
33666
33667
33667
33668
33668
33669
33669
33670
33670
33671
33671
33672
33672
33673
33673
33674
33674
33675
33675
33676
33676
33677
33677
33678
33678
33679
33679
33680
33680
33681
33681
33682
33682
33683
33683
33684
33684
33685
33685
33686
33686
33687
33687
33688
33688
33689
33689
33690
33690
33691
33691
33692
33692
33693
33693
33694
33694
33695
33695
33696
33696
33697
33697
33698
33698
33699
33699
33700
33700
33701
33701
33702
33702
33703
33703
33704
33704
33705
33705
33706
33706
33707
33707
33708
33708
33709
33709
33710
33710
33711
33711
33712
33712
33713
33713
33714
33714
33715
33715
33716
33716
33717
33717
33718
33718
33719
33719
33720
33720
33721
33721
33722
33722
33723
33723
33724
33724
33725
33725
33726
33726
33727
33727
33728
33728
33729
33729
33730
33730
33731
33731
33732
33732
33733
33733
33734
33734
33735
33735
33736
33736
33737
33737
33738
33738
33739
33739
33740
33740
33741
33741
33742
33742
33743
33743
33744
33744
33745
33745
33746
33746
33747
33747
33748
33748
33749
33749
33750
33750
33751
33751
33752
33752
33753
33753
33754
33754
33755
33755
33756
33756
33757
33757
33758
33758
33759
33759
33760
33760
33761
33761
33762
33762
33763
33763
33764
33764
33765
33765
33766
33766
33767
33767
33768
33768
33769
33769
33770
33770
33771
33771
33772
33772
33773
33773
33774
33774
33775
33775
33776
33776
33777
33777
33778
33778
33779
33779
33780
33780
33781
33781
33782
33782
33783
33783
33784
33784
33785
33785
33786
33786
33787
33787
33788
33788
33789
33789
33790
33790
33791
33791
33792
33792
33793
33793
33794
33794
33795
33795
33796
33796
33797
33797
33798
33798
33799
33799
33800
33800
33801
33801
33802
33802
33803
33803
33804
33804
33805
33805
33806
33806
33807
33807
33808
33808
33809
33809
33810
33810
33811
33811
33812
33812
33813
33813
33814
33814
33815
33815
33816
33816
33817
33817
33818
33818
33819
33819
33820
33820
33821
33821
33822
33822
33823
33823
33824
33824
33825
33825
33826
33826
33827
33827
33828
33828
33829
33829
33830
33830
33831
33831
33832
33832
33833
33833
33834
33834
33835
33835
33836
33836
33837
33837
33838
33838
33839
33839
33840
33840
33841
33841
33842
33842
33843
33843
33844
33844
33845
33845
33846
33846
33847
33847
33848
33848
33849
33849
33850
33850
33851
33851
33852
33852
33853
33853
33854
33854
33855
33855
33856
33856
33857
33857
33858
33858
33859
33859
33860
33860
33861
33861
33862
33862
33863
33863
33864
33864
33865
33865
33866
33866
33867
33867
33868
33868
33869
33869
33870
33870
33871
33871
33872
33872
33873
33873
33874
33874
33875
33875
33876
33876
33877
33877
33878
33878
33879
33879
33880
33880
33881
33881
33882
33882
33883
33883
33884
33884
33885
33885
33886
33886
33887
33887
33888
33888
33889
33889
33890
33890
33891
33891
33892
33892
33893
33893
33894
33894
33895
33895
33896
33896
33897
33897
33898
33898
33899
33899
33900
33900
33901
33901
33902
33902
33903
33903
33904
33904
33905
33905
33906
33906
33907
33907
33908
33908
33909
33909
33910
33910
33911
33911
33912
33912
33913
33913
33914
33914
33915
33915
33916
33916
33917
33917
33918
33918
33919
33919
33920
33920
33921
33921
33922
33922
33923
33923
33924
33924
33925
33925
33926
33926
33927
33927
33928
33928
33929
33929
33930
33930
33931
33931
33932
33932
33933
33933
33934
33934
33935
33935
33936
33936
33937
33937
33938
33938
33939
33939
33940
33940
33941
33941
33942
33942
33943
33943
33944
33944
33945
33945
33946
33946
33947
33947
33948
33948
33949
33949
33950
33950
33951
33951
33952
33952
33953
33953
33954
33954
33955
33955
33956
33956
33957
33957
33958
33958
33959
33959
33960
33960
33961
33961
33962
33962
33963
33963
33964
33964
33965
33965
33966
33966
33967
33967
33968
33968
33969
33969
33970
33970
33971
33971
33972
33972
33973
33973
33974
33974
33975
33975
33976
33976
33977
33977
33978
33978
33979
33979
33980
33980
33981
33981
33982
33982
33983
33983
33984
33984
33985
33985
33986
33986
33987
33987
33988
33988
33989
33989
33990
33990
33991
33991
33992
33992
33993
33993
33994
33994
33995
33995
33996
33996
33997
33997
33998
33998
33999
33999
34000
34000
34001
34001
34002
34002
34003
34003
34004
34004
34005
34005
34006
34006
34007
34007
34008
34008
34009
34009
34010
34010
34011
34011
34012
34012
34013
34013
34014
34014
34015
34015
34016
34016
34017
34017
34018
34018
34019
34019
34020
34020
34021
34021
34022
34022
34023
34023
34024
34024
34025
34025
34026
34026
34027
34027
34028
34028
34029
34029
34030
34030
34031
34031
34032
34032
34033
34033
34034
34034
34035
34035
34036
34036
34037
34037
34038
34038
34039
34039
34040
34040
34041
34041
34042
34042
34043
34043
34044
34044
34045
34045
34046
34046
34047
34047
34048
34048
34049
34049
34050
34050
34051
34051
34052
34052
34053
34053
34054
34054
34055
34055
34056
34056
34057
34057
34058
34058
34059
34059
34060
34060
34061
34061
34062
34062
34063
34063
34064
34064
34065
34065
34066
34066
34067
34067
34068
34068
34069
34069
34070
34070
34071
34071
34072
34072
34073
34073
34074
34074
34075
34075
34076
34076
34077
34077
34078
34078
34079
34079
34080
34080
34081
34081
34082
34082
34083
34083
34084
34084
34085
34085
34086
34086
34087
34087
34088
34088
34089
34089
34090
34090
34091
34091
34092
34092
34093
34093
34094
34094
34095
34095
34096
34096
34097
34097
34098
34098
34099
34099
34100
34100
34101
34101
34102
34102
34103
34103
34104
34104
34105
34105
34106
34106
34107
34107
34108
34108
34109
34109
34110
34110
34111
34111
34112
34112
34113
34113
34114
34114
34115
34115
34116
34116
34117
34117
34118
34118
34119
34119
34120
34120
34121
34121
34122
34122
34123
34123
34124
34124
34125
34125
34126
34126
34127
34127
34128
34128
34129
34129
34130
34130
34131
34131
34132
34132
34133
34133
34134
34134
34135
34135
34136
34136
34137
34137
34138
34138
34139
34139
34140
34140
34141
34141
34142
34142
34143
34143
34144
34144
34145
34145
34146
34146
34147
34147
34148
34148
34149
34149
34150
34150
34151
34151
34152
34152
34153
34153
34154
34154
34155
34155
34156
34156
34157
34157
34158
34158
34159
34159
34160
34160
34161
34161
34162
34162
34163
34163
34164
34164
34165
34165
34166
34166
34167
34167
34168
34168
34169
34169
34170
34170
34171
34171
34172
34172
34173
34173
34174
34174
34175
34175
34176
34176
34177
34177
34178
34178
34179
34179
34180
34180
34181
34181
34182
34182
34183
34183
34184
34184
34185
34185
34186
34186
34187
34187
34188
34188
34189
34189
34190
34190
34191
34191
34192
34192
34193
34193
34194
34194
34195
34195
34196
34196
34197
34197
34198
34198
34199
34199
34200
34200
34201
34201
34202
34202
34203
34203
34204
34204
34205
34205
34206
34206
34207
34207
34208
34208
34209
34209
34210
34210
34211
34211
34212
34212
34213
34213
34214
34214
34215
34215
34216
34216
34217
34217
34218
34218
34219
34219
34220
34220
34221
34221
34222
34222
34223
34223
34224
34224
34225
34225
34226
34226
34227
34227
34228
34228
34229
34229
34230
34230
34231
34231
34232
34232
34233
34233
34234
34234
34235
34235
34236
34236
34237
34237
34238
34238
34239
34239
34240
34240
34241
34241
34242
34242
34243
34243
34244
34244
34245
34245
34246
34246
34247
34247
34248
34248
34249
34249
34250
34250
34251
34251
34252
34252
34253
34253
34254
34254
34255
34255
34256
34256
34257
34257
34258
34258
34259
34259
34260
34260
34261
34261
34262
34262
34263
34263
34264
34264
34265
34265
34266
34266
34267
34267
34268
34268
34269
34269
34270
34270
34271
34271
34272
34272
34273
34273
34274
34274
34275
34275
34276
34276
34277
34277
34278
34278
34279
34279
34280
34280
34281
34281
34282
34282
34283
34283
34284
34284
34285
34285
34286
34286
34287
34287
34288
34288
34289
34289
34290
34290
34291
34291
34292
34292
34293
34293
34294
34294
34295
34295
34296
34296
34297
34297
34298
34298
34299
34299
34300
34300
34301
34301
34302
34302
34303
34303
34304
34304
34305
34305
34306
34306
34307
34307
34308
34308
34309
34309
34310
34310
34311
34311
34312
34312
34313
34313
34314
34314
34315
34315
34316
34316
34317
34317
34318
34318
34319
34319
34320
34320
34321
34321
34322
34322
34323
34323
34324
34324
34325
34325
34326
34326
34327
34327
34328
34328
34329
34329
34330
34330
34331
34331
34332
34332
34333
34333
34334
34334
34335
34335
34336
34336
34337
34337
34338
34338
34339
34339
34340
34340
34341
34341
34342
34342
34343
34343
34344
34344
34345
34345
34346
34346
34347
34347
34348
34348
34349
34349
34350
34350
34351
34351
34352
34352
34353
34353
34354
34354
34355
34355
34356
34356
34357
34357
34358
34358
34359
34359
34360
34360
34361
34361
34362
34362
34363
34363
34364
34364
34365
34365
34366
34366
34367
34367
34368
34368
34369
34369
34370
34370
34371
34371
34372
34372
34373
34373
34374
34374
34375
34375
34376
34376
34377
34377
34378
34378
34379
34379
34380
34380
34381
34381
34382
34382
34383
34383
34384
34384
34385
34385
34386
34386
34387
34387
34388
34388
34389
34389
34390
34390
34391
34391
34392
34392
34393
34393
34394
34394
34395
34395
34396
34396
34397
34397
34398
34398
34399
34399
34400
34400
34401
34401
34402
34402
34403
34403
34404
34404
34405
34405
34406
34406
34407
34407
34408
34408
34409
34409
34410
34410
34411
34411
34412
34412
34413
34413
34414
34414
34415
34415
34416
34416
34417
34417
34418
34418
34419
34419
34420
34420
34421
34421
34422
34422
34423
34423
34424
34424
34425
34425
34426
34426
34427
34427
34428
34428
34429
34429
34430
34430
34431
34431
34432
34432
34433
34433
34434
34434
34435
34435
34436
34436
34437
34437
34438
34438
34439
34439
34440
34440
34441
34441
34442
34442
34443
34443
34444
34444
34445
34445
34446
34446
34447
34447
34448
34448
34449
34449
34450
34450
34451
34451
34452
34452
34453
34453
34454
34454
34455
34455
34456
34456
34457
34457
34458
34458
34459
34459
34460
34460
34461
34461
34462
34462
34463
34463
34464
34464
34465
34465
34466
34466
34467
34467
34468
34468
34469
34469
34470
34470
34471
34471
34472
34472
34473
34473
34474
34474
34475
34475
34476
34476
34477
34477
34478
34478
34479
34479
34480
34480
34481
34481
34482
34482
34483
34483
34484
34484
34485
34485
34486
34486
34487
34487
34488
34488
34489
34489
34490
34490
34491
34491
34492
34492
34493
34493
34494
34494
34495
34495
34496
34496
34497
34497
34498
34498
34499
34499
34500
34500
34501
34501
34502
34502
34503
34503
34504
34504
34505
34505
34506
34506
34507
34507
34508
34508
34509
34509
34510
34510
34511
34511
34512
34512
34513
34513
34514
34514
34515
34515
34516
34516
34517
34517
34518
34518
34519
34519
34520
34520
34521
34521
34522
34522
34523
34523
34524
34524
34525
34525
34526
34526
34527
34527
34528
34528
34529
34529
34530
34530
34531
34531
34532
34532
34533
34533
34534
34534
34535
34535
34536
34536
34537
34537
34538
34538
34539
34539
34540
34540
34541
34541
34542
34542
34543
34543
34544
34544
34545
34545
34546
34546
34547
34547
34548
34548
34549
34549
34550
34550
34551
34551
34552
34552
34553
34553
34554
34554
34555
34555
34556
34556
34557
34557
34558
34558
34559
34559
34560
34560
34561
34561
34562
34562
34563
34563
34564
34564
34565
34565
34566
34566
34567
34567
34568
34568
34569
34569
34570
34570
34571
34571
34572
34572
34573
34573
34574
34574
34575
34575
34576
34576
34577
34577
34578
34578
34579
34579
34580
34580
34581
34581
34582
34582
34583
34583
34584
34584
34585
34585
34586
34586
34587
34587
34588
34588
34589
34589
34590
34590
34591
34591
34592
34592
34593
34593
34594
34594
34595
34595
34596
34596
34597
34597
34598
34598
34599
34599
34600
34600
34601
34601
34602
34602
34603
34603
34604
34604
34605
34605
34606
34606
34607
34607
34608
34608
34609
34609
34610
34610
34611
34611
34612
34612
34613
34613
34614
34614
34615
34615
34616
34616
34617
34617
34618
34618
34619
34619
34620
34620
34621
34621
34622
34622
34623
34623
34624
34624
34625
34625
34626
34626
34627
34627
34628
34628
34629
34629
34630
34630
34631
34631
34632
34632
34633
34633
34634
34634
34635
34635
34636
34636
34637
34637
34638
34638
34639
34639
34640
34640
34641
34641
34642
34642
34643
34643
34644
34644
34645
34645
34646
34646
34647
34647
34648
34648
34649
34649
34650
34650
34651
34651
34652
34652
34653
34653
34654
34654
34655
34655
34656
34656
34657
34657
34658
34658
34659
34659
34660
34660
34661
34661
34662
34662
34663
34663
34664
34664
34665
34665
34666
34666
34667
34667
34668
34668
34669
34669
34670
34670
34671
34671
34672
34672
34673
34673
34674
34674
34675
34675
34676
34676
34677
34677
34678
34678
34679
34679
34680
34680
34681
34681
34682
34682
34683
34683
34684
34684
34685
34685
34686
34686
34687
34687
34688
34688
34689
34689
34690
34690
34691
34691
34692
34692
34693
34693
34694
34694
34695
34695
34696
34696
34697
34697
34698
34698
34699
34699
34700
34700
34701
34701
34702
34702
34703
34703
34704
34704
34705
34705
34706
34706
34707
34707
34708
34708
34709
34709
34710
34710
34711
34711
34712
34712
34713
34713
34714
34714
34715
34715
34716
34716
34717
34717
34718
34718
34719
34719
34720
34720
34721
34721
34722
34722
34723
34723
34724
34724
34725
34725
34726
34726
34727
34727
34728
34728
34729
34729
34730
34730
34731
34731
34732
34732
34733
34733
34734
34734
34735
34735
34736
34736
34737
34737
34738
34738
34739
34739
34740
34740
34741
34741
34742
34742
34743
34743
34744
34744
34745
34745
34746
34746
34747
34747
34748
34748
34749
34749
34750
34750
34751
34751
34752
34752
34753
34753
34754
34754
34755
34755
34756
34756
34757
34757
34758
34758
34759
34759
34760
34760
34761
34761
34762
34762
34763
34763
34764
34764
34765
34765
34766
34766
34767
34767
34768
34768
34769
34769
34770
34770
34771
34771
34772
34772
34773
34773
34774
34774
34775
34775
34776
34776
34777
34777
34778
34778
34779
34779
34780
34780
34781
34781
34782
34782
34783
34783
34784
34784
34785
34785
34786
34786
34787
34787
34788
34788
34789
34789
34790
34790
34791
34791
34792
34792
34793
34793
34794
34794
34795
34795
34796
34796
34797
34797
34798
34798
34799
34799
34800
34800
34801
34801
34802
34802
34803
34803
34804
34804
34805
34805
34806
34806
34807
34807
34808
34808
34809
34809
34810
34810
34811
34811
34812
34812
34813
34813
34814
34814
34815
34815
34816
34816
34817
34817
34818
34818
34819
34819
34820
34820
34821
34821
34822
34822
34823
34823
34824
34824
34825
34825
34826
34826
34827
34827
34828
34828
34829
34829
34830
34830
34831
34831
34832
34832
34833
34833
34834
34834
34835
34835
34836
34836
34837
34837
34838
34838
34839
34839
34840
34840
34841
34841
34842
34842
34843
34843
34844
34844
34845
34845
34846
34846
34847
34847
34848
34848
34849
34849
34850
34850
34851
34851
34852
34852
34853
34853
34854
34854
34855
34855
34856
34856
34857
34857
34858
34858
34859
34859
34860
34860
34861
34861
34862
34862
34863
34863
34864
34864
34865
34865
34866
34866
34867
34867
34868
34868
34869
34869
34870
34870
34871
34871
34872
34872
34873
34873
34874
34874
34875
34875
34876
34876
34877
34877
34878
34878
34879
34879
34880
34880
34881
34881
34882
34882
34883
34883
34884
34884
34885
34885
34886
34886
34887
34887
34888
34888
34889
34889
34890
34890
34891
34891
34892
34892
34893
34893
34894
34894
34895
34895
34896
34896
34897
34897
34898
34898
34899
34899
34900
34900
34901
34901
34902
34902
34903
34903
34904
34904
34905
34905
34906
34906
34907
34907
34908
34908
34909
34909
34910
34910
34911
34911
34912
34912
34913
34913
34914
34914
34915
34915
34916
34916
34917
34917
34918
34918
34919
34919
34920
34920
34921
34921
34922
34922
34923
34923
34924
34924
34925
34925
34926
34926
34927
34927
34928
34928
34929
34929
34930
34930
34931
34931
34932
34932
34933
34933
34934
34934
34935
34935
34936
34936
34937
34937
34938
34938
34939
34939
34940
34940
34941
34941
34942
34942
34943
34943
34944
34944
34945
34945
34946
34946
34947
34947
34948
34948
34949
34949
34950
34950
34951
34951
34952
34952
34953
34953
34954
34954
34955
34955
34956
34956
34957
34957
34958
34958
34959
34959
34960
34960
34961
34961
34962
34962
34963
34963
34964
34964
34965
34965
34966
34966
34967
34967
34968
34968
34969
34969
34970
34970
34971
34971
34972
34972
34973
34973
34974
34974
34975
34975
34976
34976
34977
34977
34978
34978
34979
34979
34980
34980
34981
34981
34982
34982
34983
34983
34984
34984
34985
34985
34986
34986
34987
34987
34988
34988
34989
34989
34990
34990
34991
34991
34992
34992
34993
34993
34994
34994
34995
34995
34996
34996
34997
34997
34998
34998
34999
34999
35000
35000
35001
35001
35002
35002
35003
35003
35004
35004
35005
35005
35006
35006
35007
35007
35008
35008
35009
35009
35010
35010
35011
35011
35012
35012
35013
35013
35014
35014
35015
35015
35016
35016
35017
35017
35018
35018
35019
35019
35020
35020
35021
35021
35022
35022
35023
35023
35024
35024
35025
35025
35026
35026
35027
35027
35028
35028
35029
35029
35030
35030
35031
35031
35032
35032
35033
35033
35034
35034
35035
35035
35036
35036
35037
35037
35038
35038
35039
35039
35040
35040
35041
35041
35042
35042
35043
35043
35044
35044
35045
35045
35046
35046
35047
35047
35048
35048
35049
35049
35050
35050
35051
35051
35052
35052
35053
35053
35054
35054
35055
35055
35056
35056
35057
35057
35058
35058
35059
35059
35060
35060
35061
35061
35062
35062
35063
35063
35064
35064
35065
35065
35066
35066
35067
35067
35068
35068
35069
35069
35070
35070
35071
35071
35072
35072
35073
35073
35074
35074
35075
35075
35076
35076
35077
35077
35078
35078
35079
35079
35080
35080
35081
35081
35082
35082
35083
35083
35084
35084
35085
35085
35086
35086
35087
35087
35088
35088
35089
35089
35090
35090
35091
35091
35092
35092
35093
35093
35094
35094
35095
35095
35096
35096
35097
35097
35098
35098
35099
35099
35100
35100
35101
35101
35102
35102
35103
35103
35104
35104
35105
35105
35106
35106
35107
35107
35108
35108
35109
35109
35110
35110
35111
35111
35112
35112
35113
35113
35114
35114
35115
35115
35116
35116
35117
35117
35118
35118
35119
35119
35120
35120
35121
35121
35122
35122
35123
35123
35124
35124
35125
35125
35126
35126
35127
35127
35128
35128
35129
35129
35130
35130
35131
35131
35132
35132
35133
35133
35134
35134
35135
35135
35136
35136
35137
35137
35138
35138
35139
35139
35140
35140
35141
35141
35142
35142
35143
35143
35144
35144
35145
35145
35146
35146
35147
35147
35148
35148
35149
35149
35150
35150
35151
35151
35152
35152
35153
35153
35154
35154
35155
35155
35156
35156
35157
35157
35158
35158
35159
35159
35160
35160
35161
35161
35162
35162
35163
35163
35164
35164
35165
35165
35166
35166
35167
35167
35168
35168
35169
35169
35170
35170
35171
35171
35172
35172
35173
35173
35174
35174
35175
35175
35176
35176
35177
35177
35178
35178
35179
35179
35180
35180
35181
35181
35182
35182
35183
35183
35184
35184
35185
35185
35186
35186
35187
35187
35188
35188
35189
35189
35190
35190
35191
35191
35192
35192
35193
35193
35194
35194
35195
35195
35196
35196
35197
35197
35198
35198
35199
35199
35200
35200
35201
35201
35202
35202
35203
35203
35204
35204
35205
35205
35206
35206
35207
35207
35208
35208
35209
35209
35210
35210
35211
35211
35212
35212
35213
35213
35214
35214
35215
35215
35216
35216
35217
35217
35218
35218
35219
35219
35220
35220
35221
35221
35222
35222
35223
35223
35224
35224
35225
35225
35226
35226
35227
35227
35228
35228
35229
35229
35230
35230
35231
35231
35232
35232
35233
35233
35234
35234
35235
35235
35236
35236
35237
35237
35238
35238
35239
35239
35240
35240
35241
35241
35242
35242
35243
35243
35244
35244
35245
35245
35246
35246
35247
35247
35248
35248
35249
35249
35250
35250
35251
35251
35252
35252
35253
35253
35254
35254
35255
35255
35256
35256
35257
35257
35258
35258
35259
35259
35260
35260
35261
35261
35262
35262
35263
35263
35264
35264
35265
35265
35266
35266
35267
35267
35268
35268
35269
35269
35270
35270
35271
35271
35272
35272
35273
35273
35274
35274
35275
35275
35276
35276
35277
35277
35278
35278
35279
35279
35280
35280
35281
35281
35282
35282
35283
35283
35284
35284
35285
35285
35286
35286
35287
35287
35288
35288
35289
35289
35290
35290
35291
35291
35292
35292
35293
35293
35294
35294
35295
35295
35296
35296
35297
35297
35298
35298
35299
35299
35300
35300
35301
35301
35302
35302
35303
35303
35304
35304
35305
35305
35306
35306
35307
35307
35308
35308
35309
35309
35310
35310
35311
35311
35312
35312
35313
35313
35314
35314
35315
35315
35316
35316
35317
35317
35318
35318
35319
35319
35320
35320
35321
35321
35322
35322
35323
35323
35324
35324
35325
35325
35326
35326
35327
35327
35328
35328
35329
35329
35330
35330
35331
35331
35332
35332
35333
35333
35334
35334
35335
35335
35336
35336
35337
35337
35338
35338
35339
35339
35340
35340
35341
35341
35342
35342
35343
35343
35344
35344
35345
35345
35346
35346
35347
35347
35348
35348
35349
35349
35350
35350
35351
35351
35352
35352
35353
35353
35354
35354
35355
35355
35356
35356
35357
35357
35358
35358
35359
35359
35360
35360
35361
35361
35362
35362
35363
35363
35364
35364
35365
35365
35366
35366
35367
35367
35368
35368
35369
35369
35370
35370
35371
35371
35372
35372
35373
35373
35374
35374
35375
35375
35376
35376
35377
35377
35378
35378
35379
35379
35380
35380
35381
35381
35382
35382
35383
35383
35384
35384
35385
35385
35386
35386
35387
35387
35388
35388
35389
35389
35390
35390
35391
35391
35392
35392
35393
35393
35394
35394
35395
35395
35396
35396
35397
35397
35398
35398
35399
35399
35400
35400
35401
35401
35402
35402
35403
35403
35404
35404
35405
35405
35406
35406
35407
35407
35408
35408
35409
35409
35410
35410
35411
35411
35412
35412
35413
35413
35414
35414
35415
35415
35416
35416
35417
35417
35418
35418
35419
35419
35420
35420
35421
35421
35422
35422
35423
35423
35424
35424
35425
35425
35426
35426
35427
35427
35428
35428
35429
35429
35430
35430
35431
35431
35432
35432
35433
35433
35434
35434
35435
35435
35436
35436
35437
35437
35438
35438
35439
35439
35440
35440
35441
35441
35442
35442
35443
35443
35444
35444
35445
35445
35446
35446
35447
35447
35448
35448
35449
35449
35450
35450
35451
35451
35452
35452
35453
35453
35454
35454
35455
35455
35456
35456
35457
35457
35458
35458
35459
35459
35460
35460
35461
35461
35462
35462
35463
35463
35464
35464
35465
35465
35466
35466
35467
35467
35468
35468
35469
35469
35470
35470
35471
35471
35472
35472
35473
35473
35474
35474
35475
35475
35476
35476
35477
35477
35478
35478
35479
35479
35480
35480
35481
35481
35482
35482
35483
35483
35484
35484
35485
35485
35486
35486
35487
35487
35488
35488
35489
35489
35490
35490
35491
35491
35492
35492
35493
35493
35494
35494
35495
35495
35496
35496
35497
35497
35498
35498
35499
35499
35500
35500
35501
35501
35502
35502
35503
35503
35504
35504
35505
35505
35506
35506
35507
35507
35508
35508
35509
35509
35510
35510
35511
35511
35512
35512
35513
35513
35514
35514
35515
35515
35516
35516
35517
35517
35518
35518
35519
35519
35520
35520
35521
35521
35522
35522
35523
35523
35524
35524
35525
35525
35526
35526
35527
35527
35528
35528
35529
35529
35530
35530
35531
35531
35532
35532
35533
35533
35534
35534
35535
35535
35536
35536
35537
35537
35538
35538
35539
35539
35540
35540
35541
35541
35542
35542
35543
35543
35544
35544
35545
35545
35546
35546
35547
35547
35548
35548
35549
35549
35550
35550
35551
35551
35552
35552
35553
35553
35554
35554
35555
35555
35556
35556
35557
35557
35558
35558
35559
35559
35560
35560
35561
35561
35562
35562
35563
35563
35564
35564
35565
35565
35566
35566
35567
35567
35568
35568
35569
35569
35570
35570
35571
35571
35572
35572
35573
35573
35574
35574
35575
35575
35576
35576
35577
35577
35578
35578
35579
35579
35580
35580
35581
35581
35582
35582
35583
35583
35584
35584
35585
35585
35586
35586
35587
35587
35588
35588
35589
35589
35590
35590
35591
35591
35592
35592
35593
35593
35594
35594
35595
35595
35596
35596
35597
35597
35598
35598
35599
35599
35600
35600
35601
35601
35602
35602
35603
35603
35604
35604
35605
35605
35606
35606
35607
35607
35608
35608
35609
35609
35610
35610
35611
35611
35612
35612
35613
35613
35614
35614
35615
35615
35616
35616
35617
35617
35618
35618
35619
35619
35620
35620
35621
35621
35622
35622
35623
35623
35624
35624
35625
35625
35626
35626
35627
35627
35628
35628
35629
35629
35630
35630
35631
35631
35632
35632
35633
35633
35634
35634
35635
35635
35636
35636
35637
35637
35638
35638
35639
35639
35640
35640
35641
35641
35642
35642
35643
35643
35644
35644
35645
35645
35646
35646
35647
35647
35648
35648
35649
35649
35650
35650
35651
35651
35652
35652
35653
35653
35654
35654
35655
35655
35656
35656
35657
35657
35658
35658
35659
35659
35660
35660
35661
35661
35662
35662
35663
35663
35664
35664
35665
35665
35666
35666
35667
35667
35668
35668
35669
35669
35670
35670
35671
35671
35672
35672
35673
35673
35674
35674
35675
35675
35676
35676
35677
35677
35678
35678
35679
35679
35680
35680
35681
35681
35682
35682
35683
35683
35684
35684
35685
35685
35686
35686
35687
35687
35688
35688
35689
35689
35690
35690
35691
35691
35692
35692
35693
35693
35694
35694
35695
35695
35696
35696
35697
35697
35698
35698
35699
35699
35700
35700
35701
35701
35702
35702
35703
35703
35704
35704
35705
35705
35706
35706
35707
35707
35708
35708
35709
35709
35710
35710
35711
35711
35712
35712
35713
35713
35714
35714
35715
35715
35716
35716
35717
35717
35718
35718
35719
35719
35720
35720
35721
35721
35722
35722
35723
35723
35724
35724
35725
35725
35726
35726
35727
35727
35728
35728
35729
35729
35730
35730
35731
35731
35732
35732
35733
35733
35734
35734
35735
35735
35736
35736
35737
35737
35738
35738
35739
35739
35740
35740
35741
35741
35742
35742
35743
35743
35744
35744
35745
35745
35746
35746
35747
35747
35748
35748
35749
35749
35750
35750
35751
35751
35752
35752
35753
35753
35754
35754
35755
35755
35756
35756
35757
35757
35758
35758
35759
35759
35760
35760
35761
35761
35762
35762
35763
35763
35764
35764
35765
35765
35766
35766
35767
35767
35768
35768
35769
35769
35770
35770
35771
35771
35772
35772
35773
35773
35774
35774
35775
35775
35776
35776
35777
35777
35778
35778
35779
35779
35780
35780
35781
35781
35782
35782
35783
35783
35784
35784
35785
35785
35786
35786
35787
35787
35788
35788
35789
35789
35790
35790
35791
35791
35792
35792
35793
35793
35794
35794
35795
35795
35796
35796
35797
35797
35798
35798
35799
35799
35800
35800
35801
35801
35802
35802
35803
35803
35804
35804
35805
35805
35806
35806
35807
35807
35808
35808
35809
35809
35810
35810
35811
35811
35812
35812
35813
35813
35814
35814
35815
35815
35816
35816
35817
35817
35818
35818
35819
35819
35820
35820
35821
35821
35822
35822
35823
35823
35824
35824
35825
35825
35826
35826
35827
35827
35828
35828
35829
35829
35830
35830
35831
35831
35832
35832
35833
35833
35834
35834
35835
35835
35836
35836
35837
35837
35838
35838
35839
35839
35840
35840
35841
35841
35842
35842
35843
35843
35844
35844
35845
35845
35846
35846
35847
35847
35848
35848
35849
35849
35850
35850
35851
35851
35852
35852
35853
35853
35854
35854
35855
35855
35856
35856
35857
35857
35858
35858
35859
35859
35860
35860
35861
35861
35862
35862
35863
35863
35864
35864
35865
35865
35866
35866
35867
35867
35868
35868
35869
35869
35870
35870
35871
35871
35872
35872
35873
35873
35874
35874
35875
35875
35876
35876
35877
35877
35878
35878
35879
35879
35880
35880
35881
35881
35882
35882
35883
35883
35884
35884
35885
35885
35886
35886
35887
35887
35888
35888
35889
35889
35890
35890
35891
35891
35892
35892
35893
35893
35894
35894
35895
35895
35896
35896
35897
35897
35898
35898
35899
35899
35900
35900
35901
35901
35902
35902
35903
35903
35904
35904
35905
35905
35906
35906
35907
35907
35908
35908
35909
35909
35910
35910
35911
35911
35912
35912
35913
35913
35914
35914
35915
35915
35916
35916
35917
35917
35918
35918
35919
35919
35920
35920
35921
35921
35922
35922
35923
35923
35924
35924
35925
35925
35926
35926
35927
35927
35928
35928
35929
35929
35930
35930
35931
35931
35932
35932
35933
35933
35934
35934
35935
35935
35936
35936
35937
35937
35938
35938
35939
35939
35940
35940
35941
35941
35942
35942
35943
35943
35944
35944
35945
35945
35946
35946
35947
35947
35948
35948
35949
35949
35950
35950
35951
35951
35952
35952
35953
35953
35954
35954
35955
35955
35956
35956
35957
35957
35958
35958
35959
35959
35960
35960
35961
35961
35962
35962
35963
35963
35964
35964
35965
35965
35966
35966
35967
35967
35968
35968
35969
35969
35970
35970
35971
35971
35972
35972
35973
35973
35974
35974
35975
35975
35976
35976
35977
35977
35978
35978
35979
35979
35980
35980
35981
35981
35982
35982
35983
35983
35984
35984
35985
35985
35986
35986
35987
35987
35988
35988
35989
35989
35990
35990
35991
35991
35992
35992
35993
35993
35994
35994
35995
35995
35996
35996
35997
35997
35998
35999
36000
36001
36002
36003
36004
36005
36006
36007
36008
36009
36010
36011
36012
36013
36014
36015
36016
36017
36018
36019
36020
36021
36022
36023
36024
36025
36026
36027
36028
36029
36030
36031
36032
36033
36034
36035
36036
36037
36038
36039
36040
36041
36042
36043
36044
36045
36046
36047
36048
36049
36050
36051
36052
36053
36054
36055
36056
36057
36058
36059
36060
36061
36062
36063
36064
36065
36066
36067
36068
36069
36070
36071
36072
36073
36074
36075
36076
36077
36078
36079
36080
36081
36082
36083
36084
36085
36086
36087
36088
36089
36090
36091
36092
36093
36094
36095
36096
36097
36098
36099
36100
36101
36102
36103
36104
36105
36106
36107
36107
36108
36108
36109
36109
36110
36110
36111
36111
36112
36112
36113
36113
36114
36114
36115
36116
36116
36117
36117
36118
36118
36119
36119
36120
36120
36121
36121
36122
36122
36123
36123
36124
36125
36125
36126
36126
36127
36127
36128
36128
36129
36129
36130
36130
36131
36131
36132
36132
36133
36134
36134
36135
36135
36136
36136
36137
36137
36138
36138
36139
36139
36140
36140
36141
36141
36142
36143
36143
36144
36144
36145
36145
36146
36146
36147
36147
36148
36148
36149
36149
36150
36150
36151
36152
36152
36153
36153
36154
36154
36155
36155
36156
36156
36157
36157
36158
36158
36159
36159
36160
36161
36161
36162
36162
36163
36163
36164
36164
36165
36165
36166
36166
36167
36167
36168
36168
36169
36170
36170
36171
36171
36172
36172
36173
36173
36174
36174
36175
36175
36176
36176
36177
36177
36178
36179
36179
36180
36180
36181
36181
36182
36182
36183
36183
36184
36184
36185
36185
36186
36186
36187
36188
36188
36189
36189
36190
36190
36191
36191
36192
36192
36193
36193
36194
36194
36195
36195
36196
36197
36197
36198
36198
36199
36199
36200
36200
36201
36201
36202
36202
36203
36203
36204
36204
36205
36206
36206
36207
36207
36208
36208
36209
36209
36210
36210
36211
36211
36212
36212
36213
36213
36214
36215
36215
36216
36216
36217
36217
36218
36218
36219
36219
36220
36220
36221
36221
36222
36222
36223
36224
36224
36225
36225
36226
36226
36227
36227
36228
36228
36229
36229
36230
36230
36231
36231
36232
36233
36233
36234
36234
36235
36235
36236
36236
36237
36237
36238
36238
36239
36239
36240
36240
36241
36242
36242
36243
36243
36244
36244
36245
36245
36246
36246
36247
36247
36248
36248
36249
36249
36250
36251
36251
36252
36252
36253
36253
36254
36254
36255
36255
36256
36256
36257
36257
36258
36258
36259
36260
36260
36261
36261
36262
36262
36263
36263
36264
36264
36265
36265
36266
36266
36267
36267
36268
36269
36269
36270
36270
36271
36271
36272
36272
36273
36273
36274
36274
36275
36275
36276
36276
36277
36278
36278
36279
36279
36280
36280
36281
36281
36282
36282
36283
36283
36284
36284
36285
36285
36286
36287
36287
36288
36288
36289
36289
36290
36290
36291
36291
36292
36292
36293
36293
36294
36294
36295
36296
36296
36297
36297
36298
36298
36299
36299
36300
36300
36301
36301
36302
36302
36303
36303
36304
36305
36305
36306
36306
36307
36307
36308
36308
36309
36309
36310
36310
36311
36311
36312
36312
36313
36314
36314
36315
36315
36316
36316
36317
36317
36318
36318
36319
36319
36320
36320
36321
36321
36322
36323
36323
36324
36324
36325
36325
36326
36326
36327
36327
36328
36328
36329
36329
36330
36330
36331
36332
36332
36333
36333
36334
36334
36335
36335
36336
36336
36337
36337
36338
36338
36339
36339
36340
36341
36341
36342
36342
36343
36343
36344
36344
36345
36345
36346
36346
36347
36347
36348
36348
36349
36350
36350
36351
36351
36352
36352
36353
36353
36354
36354
36355
36355
36356
36356
36357
36357
36358
36359
36359
36360
36360
36361
36361
36362
36362
36363
36363
36364
36364
36365
36365
36366
36366
36367
36368
36368
36369
36369
36370
36370
36371
36371
36372
36372
36373
36373
36374
36374
36375
36375
36376
36377
36377
36378
36378
36379
36379
36380
36380
36381
36381
36382
36382
36383
36383
36384
36384
36385
36386
36386
36387
36387
36388
36388
36389
36389
36390
36390
36391
36391
36392
36392
36393
36393
36394
36395
36395
36396
36396
36397
36397
36398
36398
36399
36399
36400
36400
36401
36401
36402
36402
36403
36404
36404
36405
36405
36406
36406
36407
36407
36408
36408
36409
36409
36410
36410
36411
36411
36412
36413
36413
36414
36414
36415
36415
36416
36416
36417
36417
36418
36418
36419
36419
36420
36420
36421
36422
36422
36423
36423
36424
36424
36425
36425
36426
36426
36427
36427
36428
36428
36429
36429
36430
36431
36431
36432
36432
36433
36433
36434
36434
36435
36435
36436
36436
36437
36437
36438
36438
36439
36440
36440
36441
36441
36442
36442
36443
36443
36444
36444
36445
36445
36446
36446
36447
36447
36448
36449
36449
36450
36450
36451
36451
36452
36452
36453
36453
36454
36454
36455
36455
36456
36456
36457
36458
36458
36459
36459
36460
36460
36461
36461
36462
36462
36463
36463
36464
36464
36465
36465
36466
36467
36467
36468
36468
36469
36469
36470
36470
36471
36471
36472
36472
36473
36473
36474
36474
36475
36476
36476
36477
36477
36478
36478
36479
36479
36480
36480
36481
36481
36482
36482
36483
36483
36484
36485
36485
36486
36486
36487
36487
36488
36488
36489
36489
36490
36490
36491
36491
36492
36492
36493
36494
36494
36495
36495
36496
36496
36497
36497
36498
36498
36499
36499
36500
36500
36501
36501
36502
36503
36503
36504
36504
36505
36505
36506
36506
36507
36507
36508
36508
36509
36509
36510
36510
36511
36512
36512
36513
36513
36514
36514
36515
36515
36516
36516
36517
36517
36518
36518
36519
36519
36520
36521
36521
36522
36522
36523
36523
36524
36524
36525
36525
36526
36526
36527
36527
36528
36528
36529
36530
36530
36531
36531
36532
36532
36533
36533
36534
36534
36535
36535
36536
36536
36537
36537
36538
36539
36539
36540
36540
36541
36541
36542
36542
36543
36543
36544
36544
36545
36545
36546
36546
36547
36548
36548
36549
36549
36550
36550
36551
36551
36552
36552
36553
36553
36554
36554
36555
36555
36556
36557
36557
36558
36558
36559
36559
36560
36560
36561
36561
36562
36562
36563
36563
36564
36564
36565
36566
36566
36567
36567
36568
36568
36569
36569
36570
36570
36571
36571
36572
36572
36573
36573
36574
36575
36575
36576
36576
36577
36577
36578
36578
36579
36579
36580
36580
36581
36581
36582
36582
36583
36584
36584
36585
36585
36586
36586
36587
36587
36588
36588
36589
36589
36590
36590
36591
36591
36592
36593
36593
36594
36594
36595
36595
36596
36596
36597
36597
36598
36598
36599
36599
36600
36600
36601
36602
36602
36603
36603
36604
36604
36605
36605
36606
36606
36607
36607
36608
36608
36609
36609
36610
36611
36611
36612
36612
36613
36613
36614
36614
36615
36615
36616
36616
36617
36617
36618
36618
36619
36620
36620
36621
36621
36622
36622
36623
36623
36624
36624
36625
36625
36626
36626
36627
36627
36628
36629
36629
36630
36630
36631
36631
36632
36632
36633
36633
36634
36634
36635
36635
36636
36636
36637
36638
36638
36639
36639
36640
36640
36641
36641
36642
36642
36643
36643
36644
36644
36645
36645
36646
36647
36648
36649
36650
36651
36652
36653
36654
90
100
110
120
130
140
150
160
170
91
101
111
121
131
141
151
161
171
92
102
112
122
132
142
152
162
172
93
103
113
123
133
143
153
163
173
94
104
114
124
134
144
154
164
174
95
105
115
125
135
145
155
165
175
96
106
116
126
136
146
156
166
176
97
107
117
127
137
147
157
167
177
98
108
118
128
138
148
158
168
178
99
109
119
129
139
149
159
169
179
0
10
20
30
40
50
60
70
80
1
11
21
31
41
51
61
71
81
2
12
22
32
42
52
62
72
82
3
13
23
33
43
53
63
73
83
4
14
24
34
44
54
64
74
84
5
15
25
35
45
55
65
75
85
6
16
26
36
46
56
66
76
86
7
17
27
37
47
57
67
77
87
8
18
28
38
48
58
68
78
88
9
19
29
39
49
59
69
79
89
9969
9979
9989
9999
10009
10019
10029
10039
10049
9970
9980
9990
10000
10010
10020
10030
10040
10050
9971
9981
9991
10001
10011
10021
10031
10041
10051
9972
9982
9992
10002
10012
10022
10032
10042
10052
9973
9983
9993
10003
10013
10023
10033
10043
10053
9974
9984
9994
10004
10014
10024
10034
10044
10054
9975
9985
9995
10005
10015
10025
10035
10045
10055
9976
9986
9996
10006
10016
10026
10036
10046
10056
9977
9987
9997
10007
10017
10027
10037
10047
10057
9978
9988
9998
10008
10018
10028
10038
10048
10058
10059
10069
10079
10089
10099
10109
10119
10129
10139
10060
10070
10080
10090
10100
10110
10120
10130
10140
10061
10071
10081
10091
10101
10111
10121
10131
10141
10062
10072
10082
10092
10102
10112
10122
10132
10142
10063
10073
10083
10093
10103
10113
10123
10133
10143
10064
10074
10084
10094
10104
10114
10124
10134
10144
10065
10075
10085
10095
10105
10115
10125
10135
10145
10066
10076
10086
10096
10106
10116
10126
10136
10146
10067
10077
10087
10097
10107
10117
10127
10137
10147
10068
10078
10088
10098
10108
10118
10128
10138
10148
180
312
444
576
708
840
972
1104
1236
181
313
445
577
709
841
973
1105
1237
182
314
446
578
710
842
974
1106
1238
183
315
447
579
711
843
975
1107
1239
184
316
448
580
712
844
976
1108
1240
185
317
449
581
713
845
977
1109
1241
186
318
450
582
714
846
978
1110
1242
187
319
451
583
715
847
979
1111
1243
188
320
452
584
716
848
980
1112
1244
189
321
453
585
717
849
981
1113
1245
190
322
454
586
718
850
982
1114
1246
191
323
455
587
719
851
983
1115
1247
192
324
456
588
720
852
984
1116
1248
193
325
457
589
721
853
985
1117
1249
194
326
458
590
722
854
986
1118
1250
195
327
459
591
723
855
987
1119
1251
196
328
460
592
724
856
988
1120
1252
197
329
461
593
725
857
989
1121
1253
198
330
462
594
726
858
990
1122
1254
199
331
463
595
727
859
991
1123
1255
200
332
464
596
728
860
992
1124
1256
201
333
465
597
729
861
993
1125
1257
202
334
466
598
730
862
994
1126
1258
203
335
467
599
731
863
995
1127
1259
204
336
468
600
732
864
996
1128
1260
205
337
469
601
733
865
997
1129
1261
206
338
470
602
734
866
998
1130
1262
207
339
471
603
735
867
999
1131
1263
208
340
472
604
736
868
1000
1132
1264
209
341
473
605
737
869
1001
1133
1265
210
342
474
606
738
870
1002
1134
1266
211
343
475
607
739
871
1003
1135
1267
212
344
476
608
740
872
1004
1136
1268
213
345
477
609
741
873
1005
1137
1269
214
346
478
610
742
874
1006
1138
1270
215
347
479
611
743
875
1007
1139
1271
216
348
480
612
744
876
1008
1140
1272
217
349
481
613
745
877
1009
1141
1273
218
350
482
614
746
878
1010
1142
1274
219
351
483
615
747
879
1011
1143
1275
220
352
484
616
748
880
1012
1144
1276
221
353
485
617
749
881
1013
1145
1277
222
354
486
618
750
882
1014
1146
1278
223
355
487
619
751
883
1015
1147
1279
224
356
488
620
752
884
1016
1148
1280
225
357
489
621
753
885
1017
1149
1281
226
358
490
622
754
886
1018
1150
1282
227
359
491
623
755
887
1019
1151
1283
228
360
492
624
756
888
1020
1152
1284
229
361
493
625
757
889
1021
1153
1285
230
362
494
626
758
890
1022
1154
1286
231
363
495
627
759
891
1023
1155
1287
232
364
496
628
760
892
1024
1156
1288
233
365
497
629
761
893
1025
1157
1289
234
366
498
630
762
894
1026
1158
1290
235
367
499
631
763
895
1027
1159
1291
236
368
500
632
764
896
1028
1160
1292
237
369
501
633
765
897
1029
1161
1293
238
370
502
634
766
898
1030
1162
1294
239
371
503
635
767
899
1031
1163
1295
240
372
504
636
768
900
1032
1164
1296
241
373
505
637
769
901
1033
1165
1297
242
374
506
638
770
902
1034
1166
1298
243
375
507
639
771
903
1035
1167
1299
244
376
508
640
772
904
1036
1168
1300
245
377
509
641
773
905
1037
1169
1301
246
378
510
642
774
906
1038
1170
1302
247
379
511
643
775
907
1039
1171
1303
248
380
512
644
776
908
1040
1172
1304
249
381
513
645
777
909
1041
1173
1305
250
382
514
646
778
910
1042
1174
1306
251
383
515
647
779
911
1043
1175
1307
252
384
516
648
780
912
1044
1176
1308
253
385
517
649
781
913
1045
1177
1309
254
386
518
650
782
914
1046
1178
1310
255
387
519
651
783
915
1047
1179
1311
256
388
520
652
784
916
1048
1180
1312
257
389
521
653
785
917
1049
1181
1313
258
390
522
654
786
918
1050
1182
1314
259
391
523
655
787
919
1051
1183
1315
260
392
524
656
788
920
1052
1184
1316
261
393
525
657
789
921
1053
1185
1317
262
394
526
658
790
922
1054
1186
1318
263
395
527
659
791
923
1055
1187
1319
264
396
528
660
792
924
1056
1188
1320
265
397
529
661
793
925
1057
1189
1321
266
398
530
662
794
926
1058
1190
1322
267
399
531
663
795
927
1059
1191
1323
268
400
532
664
796
928
1060
1192
1324
269
401
533
665
797
929
1061
1193
1325
270
402
534
666
798
930
1062
1194
1326
271
403
535
667
799
931
1063
1195
1327
272
404
536
668
800
932
1064
1196
1328
273
405
537
669
801
933
1065
1197
1329
274
406
538
670
802
934
1066
1198
1330
275
407
539
671
803
935
1067
1199
1331
276
408
540
672
804
936
1068
1200
1332
277
409
541
673
805
937
1069
1201
1333
278
410
542
674
806
938
1070
1202
1334
279
411
543
675
807
939
1071
1203
1335
280
412
544
676
808
940
1072
1204
1336
281
413
545
677
809
941
1073
1205
1337
282
414
546
678
810
942
1074
1206
1338
283
415
547
679
811
943
1075
1207
1339
284
416
548
680
812
944
1076
1208
1340
285
417
549
681
813
945
1077
1209
1341
286
418
550
682
814
946
1078
1210
1342
287
419
551
683
815
947
1079
1211
1343
288
420
552
684
816
948
1080
1212
1344
289
421
553
685
817
949
1081
1213
1345
290
422
554
686
818
950
1082
1214
1346
291
423
555
687
819
951
1083
1215
1347
292
424
556
688
820
952
1084
1216
1348
293
425
557
689
821
953
1085
1217
1349
294
426
558
690
822
954
1086
1218
1350
295
427
559
691
823
955
1087
1219
1351
296
428
560
692
824
956
1088
1220
1352
297
429
561
693
825
957
1089
1221
1353
298
430
562
694
826
958
1090
1222
1354
299
431
563
695
827
959
1091
1223
1355
300
432
564
696
828
960
1092
1224
1356
301
433
565
697
829
961
1093
1225
1357
302
434
566
698
830
962
1094
1226
1358
303
435
567
699
831
963
1095
1227
1359
304
436
568
700
832
964
1096
1228
1360
305
437
569
701
833
965
1097
1229
1361
306
438
570
702
834
966
1098
1230
1362
307
439
571
703
835
967
1099
1231
1363
308
440
572
704
836
968
1100
1232
1364
309
441
573
705
837
969
1101
1233
1365
310
442
574
706
838
970
1102
1234
1366
311
443
575
707
839
971
1103
1235
1367
1368
1500
1632
1764
1896
2028
2160
2292
2424
2556
2688
2820
2952
3084
3216
3348
3480
3612
3744
3876
4008
4140
4272
4404
4536
4668
4800
4932
5064
5196
5328
5460
5592
5724
5856
5988
6120
6252
6384
6516
6648
6780
6912
7044
7176
7308
7440
7572
7704
7836
7968
8100
8232
8364
8496
8628
8760
8892
9024
9156
9288
1369
1501
1633
1765
1897
2029
2161
2293
2425
2557
2689
2821
2953
3085
3217
3349
3481
3613
3745
3877
4009
4141
4273
4405
4537
4669
4801
4933
5065
5197
5329
5461
5593
5725
5857
5989
6121
6253
6385
6517
6649
6781
6913
7045
7177
7309
7441
7573
7705
7837
7969
8101
8233
8365
8497
8629
8761
8893
9025
9157
9289
1370
1502
1634
1766
1898
2030
2162
2294
2426
2558
2690
2822
2954
3086
3218
3350
3482
3614
3746
3878
4010
4142
4274
4406
4538
4670
4802
4934
5066
5198
5330
5462
5594
5726
5858
5990
6122
6254
6386
6518
6650
6782
6914
7046
7178
7310
7442
7574
7706
7838
7970
8102
8234
8366
8498
8630
8762
8894
9026
9158
9290
1371
1503
1635
1767
1899
2031
2163
2295
2427
2559
2691
2823
2955
3087
3219
3351
3483
3615
3747
3879
4011
4143
4275
4407
4539
4671
4803
4935
5067
5199
5331
5463
5595
5727
5859
5991
6123
6255
6387
6519
6651
6783
6915
7047
7179
7311
7443
7575
7707
7839
7971
8103
8235
8367
8499
8631
8763
8895
9027
9159
9291
1372
1504
1636
1768
1900
2032
2164
2296
2428
2560
2692
2824
2956
3088
3220
3352
3484
3616
3748
3880
4012
4144
4276
4408
4540
4672
4804
4936
5068
5200
5332
5464
5596
5728
5860
5992
6124
6256
6388
6520
6652
6784
6916
7048
7180
7312
7444
7576
7708
7840
7972
8104
8236
8368
8500
8632
8764
8896
9028
9160
9292
1373
1505
1637
1769
1901
2033
2165
2297
2429
2561
2693
2825
2957
3089
3221
3353
3485
3617
3749
3881
4013
4145
4277
4409
4541
4673
4805
4937
5069
5201
5333
5465
5597
5729
5861
5993
6125
6257
6389
6521
6653
6785
6917
7049
7181
7313
7445
7577
7709
7841
7973
8105
8237
8369
8501
8633
8765
8897
9029
9161
9293
1374
1506
1638
1770
1902
2034
2166
2298
2430
2562
2694
2826
2958
3090
3222
3354
3486
3618
3750
3882
4014
4146
4278
4410
4542
4674
4806
4938
5070
5202
5334
5466
5598
5730
5862
5994
6126
6258
6390
6522
6654
6786
6918
7050
7182
7314
7446
7578
7710
7842
7974
8106
8238
8370
8502
8634
8766
8898
9030
9162
9294
1375
1507
1639
1771
1903
2035
2167
2299
2431
2563
2695
2827
2959
3091
3223
3355
3487
3619
3751
3883
4015
4147
4279
4411
4543
4675
4807
4939
5071
5203
5335
5467
5599
5731
5863
5995
6127
6259
6391
6523
6655
6787
6919
7051
7183
7315
7447
7579
7711
7843
7975
8107
8239
8371
8503
8635
8767
8899
9031
9163
9295
1376
1508
1640
1772
1904
2036
2168
2300
2432
2564
2696
2828
2960
3092
3224
3356
3488
3620
3752
3884
4016
4148
4280
4412
4544
4676
4808
4940
5072
5204
5336
5468
5600
5732
5864
5996
6128
6260
6392
6524
6656
6788
6920
7052
7184
7316
7448
7580
7712
7844
7976
8108
8240
8372
8504
8636
8768
8900
9032
9164
9296
1377
1509
1641
1773
1905
2037
2169
2301
2433
2565
2697
2829
2961
3093
3225
3357
3489
3621
3753
3885
4017
4149
4281
4413
4545
4677
4809
4941
5073
5205
5337
5469
5601
5733
5865
5997
6129
6261
6393
6525
6657
6789
6921
7053
7185
7317
7449
7581
7713
7845
7977
8109
8241
8373
8505
8637
8769
8901
9033
9165
9297
1378
1510
1642
1774
1906
2038
2170
2302
2434
2566
2698
2830
2962
3094
3226
3358
3490
3622
3754
3886
4018
4150
4282
4414
4546
4678
4810
4942
5074
5206
5338
5470
5602
5734
5866
5998
6130
6262
6394
6526
6658
6790
6922
7054
7186
7318
7450
7582
7714
7846
7978
8110
8242
8374
8506
8638
8770
8902
9034
9166
9298
1379
1511
1643
1775
1907
2039
2171
2303
2435
2567
2699
2831
2963
3095
3227
3359
3491
3623
3755
3887
4019
4151
4283
4415
4547
4679
4811
4943
5075
5207
5339
5471
5603
5735
5867
5999
6131
6263
6395
6527
6659
6791
6923
7055
7187
7319
7451
7583
7715
7847
7979
8111
8243
8375
8507
8639
8771
8903
9035
9167
9299
1380
1512
1644
1776
1908
2040
2172
2304
2436
2568
2700
2832
2964
3096
3228
3360
3492
3624
3756
3888
4020
4152
4284
4416
4548
4680
4812
4944
5076
5208
5340
5472
5604
5736
5868
6000
6132
6264
6396
6528
6660
6792
6924
7056
7188
7320
7452
7584
7716
7848
7980
8112
8244
8376
8508
8640
8772
8904
9036
9168
9300
1381
1513
1645
1777
1909
2041
2173
2305
2437
2569
2701
2833
2965
3097
3229
3361
3493
3625
3757
3889
4021
4153
4285
4417
4549
4681
4813
4945
5077
5209
5341
5473
5605
5737
5869
6001
6133
6265
6397
6529
6661
6793
6925
7057
7189
7321
7453
7585
7717
7849
7981
8113
8245
8377
8509
8641
8773
8905
9037
9169
9301
1382
1514
1646
1778
1910
2042
2174
2306
2438
2570
2702
2834
2966
3098
3230
3362
3494
3626
3758
3890
4022
4154
4286
4418
4550
4682
4814
4946
5078
5210
5342
5474
5606
5738
5870
6002
6134
6266
6398
6530
6662
6794
6926
7058
7190
7322
7454
7586
7718
7850
7982
8114
8246
8378
8510
8642
8774
8906
9038
9170
9302
1383
1515
1647
1779
1911
2043
2175
2307
2439
2571
2703
2835
2967
3099
3231
3363
3495
3627
3759
3891
4023
4155
4287
4419
4551
4683
4815
4947
5079
5211
5343
5475
5607
5739
5871
6003
6135
6267
6399
6531
6663
6795
6927
7059
7191
7323
7455
7587
7719
7851
7983
8115
8247
8379
8511
8643
8775
8907
9039
9171
9303
1384
1516
1648
1780
1912
2044
2176
2308
2440
2572
2704
2836
2968
3100
3232
3364
3496
3628
3760
3892
4024
4156
4288
4420
4552
4684
4816
4948
5080
5212
5344
5476
5608
5740
5872
6004
6136
6268
6400
6532
6664
6796
6928
7060
7192
7324
7456
7588
7720
7852
7984
8116
8248
8380
8512
8644
8776
8908
9040
9172
9304
1385
1517
1649
1781
1913
2045
2177
2309
2441
2573
2705
2837
2969
3101
3233
3365
3497
3629
3761
3893
4025
4157
4289
4421
4553
4685
4817
4949
5081
5213
5345
5477
5609
5741
5873
6005
6137
6269
6401
6533
6665
6797
6929
7061
7193
7325
7457
7589
7721
7853
7985
8117
8249
8381
8513
8645
8777
8909
9041
9173
9305
1386
1518
1650
1782
1914
2046
2178
2310
2442
2574
2706
2838
2970
3102
3234
3366
3498
3630
3762
3894
4026
4158
4290
4422
4554
4686
4818
4950
5082
5214
5346
5478
5610
5742
5874
6006
6138
6270
6402
6534
6666
6798
6930
7062
7194
7326
7458
7590
7722
7854
7986
8118
8250
8382
8514
8646
8778
8910
9042
9174
9306
1387
1519
1651
1783
1915
2047
2179
2311
2443
2575
2707
2839
2971
3103
3235
3367
3499
3631
3763
3895
4027
4159
4291
4423
4555
4687
4819
4951
5083
5215
5347
5479
5611
5743
5875
6007
6139
6271
6403
6535
6667
6799
6931
7063
7195
7327
7459
7591
7723
7855
7987
8119
8251
8383
8515
8647
8779
8911
9043
9175
9307
1388
1520
1652
1784
1916
2048
2180
2312
2444
2576
2708
2840
2972
3104
3236
3368
3500
3632
3764
3896
4028
4160
4292
4424
4556
4688
4820
4952
5084
5216
5348
5480
5612
5744
5876
6008
6140
6272
6404
6536
6668
6800
6932
7064
7196
7328
7460
7592
7724
7856
7988
8120
8252
8384
8516
8648
8780
8912
9044
9176
9308
1389
1521
1653
1785
1917
2049
2181
2313
2445
2577
2709
2841
2973
3105
3237
3369
3501
3633
3765
3897
4029
4161
4293
4425
4557
4689
4821
4953
5085
5217
5349
5481
5613
5745
5877
6009
6141
6273
6405
6537
6669
6801
6933
7065
7197
7329
7461
7593
7725
7857
7989
8121
8253
8385
8517
8649
8781
8913
9045
9177
9309
1390
1522
1654
1786
1918
2050
2182
2314
2446
2578
2710
2842
2974
3106
3238
3370
3502
3634
3766
3898
4030
4162
4294
4426
4558
4690
4822
4954
5086
5218
5350
5482
5614
5746
5878
6010
6142
6274
6406
6538
6670
6802
6934
7066
7198
7330
7462
7594
7726
7858
7990
8122
8254
8386
8518
8650
8782
8914
9046
9178
9310
1391
1523
1655
1787
1919
2051
2183
2315
2447
2579
2711
2843
2975
3107
3239
3371
3503
3635
3767
3899
4031
4163
4295
4427
4559
4691
4823
4955
5087
5219
5351
5483
5615
5747
5879
6011
6143
6275
6407
6539
6671
6803
6935
7067
7199
7331
7463
7595
7727
7859
7991
8123
8255
8387
8519
8651
8783
8915
9047
9179
9311
1392
1524
1656
1788
1920
2052
2184
2316
2448
2580
2712
2844
2976
3108
3240
3372
3504
3636
3768
3900
4032
4164
4296
4428
4560
4692
4824
4956
5088
5220
5352
5484
5616
5748
5880
6012
6144
6276
6408
6540
6672
6804
6936
7068
7200
7332
7464
7596
7728
7860
7992
8124
8256
8388
8520
8652
8784
8916
9048
9180
9312
1393
1525
1657
1789
1921
2053
2185
2317
2449
2581
2713
2845
2977
3109
3241
3373
3505
3637
3769
3901
4033
4165
4297
4429
4561
4693
4825
4957
5089
5221
5353
5485
5617
5749
5881
6013
6145
6277
6409
6541
6673
6805
6937
7069
7201
7333
7465
7597
7729
7861
7993
8125
8257
8389
8521
8653
8785
8917
9049
9181
9313
1394
1526
1658
1790
1922
2054
2186
2318
2450
2582
2714
2846
2978
3110
3242
3374
3506
3638
3770
3902
4034
4166
4298
4430
4562
4694
4826
4958
5090
5222
5354
5486
5618
5750
5882
6014
6146
6278
6410
6542
6674
6806
6938
7070
7202
7334
7466
7598
7730
7862
7994
8126
8258
8390
8522
8654
8786
8918
9050
9182
9314
1395
1527
1659
1791
1923
2055
2187
2319
2451
2583
2715
2847
2979
3111
3243
3375
3507
3639
3771
3903
4035
4167
4299
4431
4563
4695
4827
4959
5091
5223
5355
5487
5619
5751
5883
6015
6147
6279
6411
6543
6675
6807
6939
7071
7203
7335
7467
7599
7731
7863
7995
8127
8259
8391
8523
8655
8787
8919
9051
9183
9315
1396
1528
1660
1792
1924
2056
2188
2320
2452
2584
2716
2848
2980
3112
3244
3376
3508
3640
3772
3904
4036
4168
4300
4432
4564
4696
4828
4960
5092
5224
5356
5488
5620
5752
5884
6016
6148
6280
6412
6544
6676
6808
6940
7072
7204
7336
7468
7600
7732
7864
7996
8128
8260
8392
8524
8656
8788
8920
9052
9184
9316
1397
1529
1661
1793
1925
2057
2189
2321
2453
2585
2717
2849
2981
3113
3245
3377
3509
3641
3773
3905
4037
4169
4301
4433
4565
4697
4829
4961
5093
5225
5357
5489
5621
5753
5885
6017
6149
6281
6413
6545
6677
6809
6941
7073
7205
7337
7469
7601
7733
7865
7997
8129
8261
8393
8525
8657
8789
8921
9053
9185
9317
1398
1530
1662
1794
1926
2058
2190
2322
2454
2586
2718
2850
2982
3114
3246
3378
3510
3642
3774
3906
4038
4170
4302
4434
4566
4698
4830
4962
5094
5226
5358
5490
5622
5754
5886
6018
6150
6282
6414
6546
6678
6810
6942
7074
7206
7338
7470
7602
7734
7866
7998
8130
8262
8394
8526
8658
8790
8922
9054
9186
9318
1399
1531
1663
1795
1927
2059
2191
2323
2455
2587
2719
2851
2983
3115
3247
3379
3511
3643
3775
3907
4039
4171
4303
4435
4567
4699
4831
4963
5095
5227
5359
5491
5623
5755
5887
6019
6151
6283
6415
6547
6679
6811
6943
7075
7207
7339
7471
7603
7735
7867
7999
8131
8263
8395
8527
8659
8791
8923
9055
9187
9319
1400
1532
1664
1796
1928
2060
2192
2324
2456
2588
2720
2852
2984
3116
3248
3380
3512
3644
3776
3908
4040
4172
4304
4436
4568
4700
4832
4964
5096
5228
5360
5492
5624
5756
5888
6020
6152
6284
6416
6548
6680
6812
6944
7076
7208
7340
7472
7604
7736
7868
8000
8132
8264
8396
8528
8660
8792
8924
9056
9188
9320
1401
1533
1665
1797
1929
2061
2193
2325
2457
2589
2721
2853
2985
3117
3249
3381
3513
3645
3777
3909
4041
4173
4305
4437
4569
4701
4833
4965
5097
5229
5361
5493
5625
5757
5889
6021
6153
6285
6417
6549
6681
6813
6945
7077
7209
7341
7473
7605
7737
7869
8001
8133
8265
8397
8529
8661
8793
8925
9057
9189
9321
1402
1534
1666
1798
1930
2062
2194
2326
2458
2590
2722
2854
2986
3118
3250
3382
3514
3646
3778
3910
4042
4174
4306
4438
4570
4702
4834
4966
5098
5230
5362
5494
5626
5758
5890
6022
6154
6286
6418
6550
6682
6814
6946
7078
7210
7342
7474
7606
7738
7870
8002
8134
8266
8398
8530
8662
8794
8926
9058
9190
9322
1403
1535
1667
1799
1931
2063
2195
2327
2459
2591
2723
2855
2987
3119
3251
3383
3515
3647
3779
3911
4043
4175
4307
4439
4571
4703
4835
4967
5099
5231
5363
5495
5627
5759
5891
6023
6155
6287
6419
6551
6683
6815
6947
7079
7211
7343
7475
7607
7739
7871
8003
8135
8267
8399
8531
8663
8795
8927
9059
9191
9323
1404
1536
1668
1800
1932
2064
2196
2328
2460
2592
2724
2856
2988
3120
3252
3384
3516
3648
3780
3912
4044
4176
4308
4440
4572
4704
4836
4968
5100
5232
5364
5496
5628
5760
5892
6024
6156
6288
6420
6552
6684
6816
6948
7080
7212
7344
7476
7608
7740
7872
8004
8136
8268
8400
8532
8664
8796
8928
9060
9192
9324
1405
1537
1669
1801
1933
2065
2197
2329
2461
2593
2725
2857
2989
3121
3253
3385
3517
3649
3781
3913
4045
4177
4309
4441
4573
4705
4837
4969
5101
5233
5365
5497
5629
5761
5893
6025
6157
6289
6421
6553
6685
6817
6949
7081
7213
7345
7477
7609
7741
7873
8005
8137
8269
8401
8533
8665
8797
8929
9061
9193
9325
1406
1538
1670
1802
1934
2066
2198
2330
2462
2594
2726
2858
2990
3122
3254
3386
3518
3650
3782
3914
4046
4178
4310
4442
4574
4706
4838
4970
5102
5234
5366
5498
5630
5762
5894
6026
6158
6290
6422
6554
6686
6818
6950
7082
7214
7346
7478
7610
7742
7874
8006
8138
8270
8402
8534
8666
8798
8930
9062
9194
9326
1407
1539
1671
1803
1935
2067
2199
2331
2463
2595
2727
2859
2991
3123
3255
3387
3519
3651
3783
3915
4047
4179
4311
4443
4575
4707
4839
4971
5103
5235
5367
5499
5631
5763
5895
6027
6159
6291
6423
6555
6687
6819
6951
7083
7215
7347
7479
7611
7743
7875
8007
8139
8271
8403
8535
8667
8799
8931
9063
9195
9327
1408
1540
1672
1804
1936
2068
2200
2332
2464
2596
2728
2860
2992
3124
3256
3388
3520
3652
3784
3916
4048
4180
4312
4444
4576
4708
4840
4972
5104
5236
5368
5500
5632
5764
5896
6028
6160
6292
6424
6556
6688
6820
6952
7084
7216
7348
7480
7612
7744
7876
8008
8140
8272
8404
8536
8668
8800
8932
9064
9196
9328
1409
1541
1673
1805
1937
2069
2201
2333
2465
2597
2729
2861
2993
3125
3257
3389
3521
3653
3785
3917
4049
4181
4313
4445
4577
4709
4841
4973
5105
5237
5369
5501
5633
5765
5897
6029
6161
6293
6425
6557
6689
6821
6953
7085
7217
7349
7481
7613
7745
7877
8009
8141
8273
8405
8537
8669
8801
8933
9065
9197
9329
1410
1542
1674
1806
1938
2070
2202
2334
2466
2598
2730
2862
2994
3126
3258
3390
3522
3654
3786
3918
4050
4182
4314
4446
4578
4710
4842
4974
5106
5238
5370
5502
5634
5766
5898
6030
6162
6294
6426
6558
6690
6822
6954
7086
7218
7350
7482
7614
7746
7878
8010
8142
8274
8406
8538
8670
8802
8934
9066
9198
9330
1411
1543
1675
1807
1939
2071
2203
2335
2467
2599
2731
2863
2995
3127
3259
3391
3523
3655
3787
3919
4051
4183
4315
4447
4579
4711
4843
4975
5107
5239
5371
5503
5635
5767
5899
6031
6163
6295
6427
6559
6691
6823
6955
7087
7219
7351
7483
7615
7747
7879
8011
8143
8275
8407
8539
8671
8803
8935
9067
9199
9331
1412
1544
1676
1808
1940
2072
2204
2336
2468
2600
2732
2864
2996
3128
3260
3392
3524
3656
3788
3920
4052
4184
4316
4448
4580
4712
4844
4976
5108
5240
5372
5504
5636
5768
5900
6032
6164
6296
6428
6560
6692
6824
6956
7088
7220
7352
7484
7616
7748
7880
8012
8144
8276
8408
8540
8672
8804
8936
9068
9200
9332
1413
1545
1677
1809
1941
2073
2205
2337
2469
2601
2733
2865
2997
3129
3261
3393
3525
3657
3789
3921
4053
4185
4317
4449
4581
4713
4845
4977
5109
5241
5373
5505
5637
5769
5901
6033
6165
6297
6429
6561
6693
6825
6957
7089
7221
7353
7485
7617
7749
7881
8013
8145
8277
8409
8541
8673
8805
8937
9069
9201
9333
1414
1546
1678
1810
1942
2074
2206
2338
2470
2602
2734
2866
2998
3130
3262
3394
3526
3658
3790
3922
4054
4186
4318
4450
4582
4714
4846
4978
5110
5242
5374
5506
5638
5770
5902
6034
6166
6298
6430
6562
6694
6826
6958
7090
7222
7354
7486
7618
7750
7882
8014
8146
8278
8410
8542
8674
8806
8938
9070
9202
9334
1415
1547
1679
1811
1943
2075
2207
2339
2471
2603
2735
2867
2999
3131
3263
3395
3527
3659
3791
3923
4055
4187
4319
4451
4583
4715
4847
4979
5111
5243
5375
5507
5639
5771
5903
6035
6167
6299
6431
6563
6695
6827
6959
7091
7223
7355
7487
7619
7751
7883
8015
8147
8279
8411
8543
8675
8807
8939
9071
9203
9335
1416
1548
1680
1812
1944
2076
2208
2340
2472
2604
2736
2868
3000
3132
3264
3396
3528
3660
3792
3924
4056
4188
4320
4452
4584
4716
4848
4980
5112
5244
5376
5508
5640
5772
5904
6036
6168
6300
6432
6564
6696
6828
6960
7092
7224
7356
7488
7620
7752
7884
8016
8148
8280
8412
8544
8676
8808
8940
9072
9204
9336
1417
1549
1681
1813
1945
2077
2209
2341
2473
2605
2737
2869
3001
3133
3265
3397
3529
3661
3793
3925
4057
4189
4321
4453
4585
4717
4849
4981
5113
5245
5377
5509
5641
5773
5905
6037
6169
6301
6433
6565
6697
6829
6961
7093
7225
7357
7489
7621
7753
7885
8017
8149
8281
8413
8545
8677
8809
8941
9073
9205
9337
1418
1550
1682
1814
1946
2078
2210
2342
2474
2606
2738
2870
3002
3134
3266
3398
3530
3662
3794
3926
4058
4190
4322
4454
4586
4718
4850
4982
5114
5246
5378
5510
5642
5774
5906
6038
6170
6302
6434
6566
6698
6830
6962
7094
7226
7358
7490
7622
7754
7886
8018
8150
8282
8414
8546
8678
8810
8942
9074
9206
9338
1419
1551
1683
1815
1947
2079
2211
2343
2475
2607
2739
2871
3003
3135
3267
3399
3531
3663
3795
3927
4059
4191
4323
4455
4587
4719
4851
4983
5115
5247
5379
5511
5643
5775
5907
6039
6171
6303
6435
6567
6699
6831
6963
7095
7227
7359
7491
7623
7755
7887
8019
8151
8283
8415
8547
8679
8811
8943
9075
9207
9339
1420
1552
1684
1816
1948
2080
2212
2344
2476
2608
2740
2872
3004
3136
3268
3400
3532
3664
3796
3928
4060
4192
4324
4456
4588
4720
4852
4984
5116
5248
5380
5512
5644
5776
5908
6040
6172
6304
6436
6568
6700
6832
6964
7096
7228
7360
7492
7624
7756
7888
8020
8152
8284
8416
8548
8680
8812
8944
9076
9208
9340
1421
1553
1685
1817
1949
2081
2213
2345
2477
2609
2741
2873
3005
3137
3269
3401
3533
3665
3797
3929
4061
4193
4325
4457
4589
4721
4853
4985
5117
5249
5381
5513
5645
5777
5909
6041
6173
6305
6437
6569
6701
6833
6965
7097
7229
7361
7493
7625
7757
7889
8021
8153
8285
8417
8549
8681
8813
8945
9077
9209
9341
1422
1554
1686
1818
1950
2082
2214
2346
2478
2610
2742
2874
3006
3138
3270
3402
3534
3666
3798
3930
4062
4194
4326
4458
4590
4722
4854
4986
5118
5250
5382
5514
5646
5778
5910
6042
6174
6306
6438
6570
6702
6834
6966
7098
7230
7362
7494
7626
7758
7890
8022
8154
8286
8418
8550
8682
8814
8946
9078
9210
9342
1423
1555
1687
1819
1951
2083
2215
2347
2479
2611
2743
2875
3007
3139
3271
3403
3535
3667
3799
3931
4063
4195
4327
4459
4591
4723
4855
4987
5119
5251
5383
5515
5647
5779
5911
6043
6175
6307
6439
6571
6703
6835
6967
7099
7231
7363
7495
7627
7759
7891
8023
8155
8287
8419
8551
8683
8815
8947
9079
9211
9343
1424
1556
1688
1820
1952
2084
2216
2348
2480
2612
2744
2876
3008
3140
3272
3404
3536
3668
3800
3932
4064
4196
4328
4460
4592
4724
4856
4988
5120
5252
5384
5516
5648
5780
5912
6044
6176
6308
6440
6572
6704
6836
6968
7100
7232
7364
7496
7628
7760
7892
8024
8156
8288
8420
8552
8684
8816
8948
9080
9212
9344
1425
1557
1689
1821
1953
2085
2217
2349
2481
2613
2745
2877
3009
3141
3273
3405
3537
3669
3801
3933
4065
4197
4329
4461
4593
4725
4857
4989
5121
5253
5385
5517
5649
5781
5913
6045
6177
6309
6441
6573
6705
6837
6969
7101
7233
7365
7497
7629
7761
7893
8025
8157
8289
8421
8553
8685
8817
8949
9081
9213
9345
1426
1558
1690
1822
1954
2086
2218
2350
2482
2614
2746
2878
3010
3142
3274
3406
3538
3670
3802
3934
4066
4198
4330
4462
4594
4726
4858
4990
5122
5254
5386
5518
5650
5782
5914
6046
6178
6310
6442
6574
6706
6838
6970
7102
7234
7366
7498
7630
7762
7894
8026
8158
8290
8422
8554
8686
8818
8950
9082
9214
9346
1427
1559
1691
1823
1955
2087
2219
2351
2483
2615
2747
2879
3011
3143
3275
3407
3539
3671
3803
3935
4067
4199
4331
4463
4595
4727
4859
4991
5123
5255
5387
5519
5651
5783
5915
6047
6179
6311
6443
6575
6707
6839
6971
7103
7235
7367
7499
7631
7763
7895
8027
8159
8291
8423
8555
8687
8819
8951
9083
9215
9347
1428
1560
1692
1824
1956
2088
2220
2352
2484
2616
2748
2880
3012
3144
3276
3408
3540
3672
3804
3936
4068
4200
4332
4464
4596
4728
4860
4992
5124
5256
5388
5520
5652
5784
5916
6048
6180
6312
6444
6576
6708
6840
6972
7104
7236
7368
7500
7632
7764
7896
8028
8160
8292
8424
8556
8688
8820
8952
9084
9216
9348
1429
1561
1693
1825
1957
2089
2221
2353
2485
2617
2749
2881
3013
3145
3277
3409
3541
3673
3805
3937
4069
4201
4333
4465
4597
4729
4861
4993
5125
5257
5389
5521
5653
5785
5917
6049
6181
6313
6445
6577
6709
6841
6973
7105
7237
7369
7501
7633
7765
7897
8029
8161
8293
8425
8557
8689
8821
8953
9085
9217
9349
1430
1562
1694
1826
1958
2090
2222
2354
2486
2618
2750
2882
3014
3146
3278
3410
3542
3674
3806
3938
4070
4202
4334
4466
4598
4730
4862
4994
5126
5258
5390
5522
5654
5786
5918
6050
6182
6314
6446
6578
6710
6842
6974
7106
7238
7370
7502
7634
7766
7898
8030
8162
8294
8426
8558
8690
8822
8954
9086
9218
9350
1431
1563
1695
1827
1959
2091
2223
2355
2487
2619
2751
2883
3015
3147
3279
3411
3543
3675
3807
3939
4071
4203
4335
4467
4599
4731
4863
4995
5127
5259
5391
5523
5655
5787
5919
6051
6183
6315
6447
6579
6711
6843
6975
7107
7239
7371
7503
7635
7767
7899
8031
8163
8295
8427
8559
8691
8823
8955
9087
9219
9351
1432
1564
1696
1828
1960
2092
2224
2356
2488
2620
2752
2884
3016
3148
3280
3412
3544
3676
3808
3940
4072
4204
4336
4468
4600
4732
4864
4996
5128
5260
5392
5524
5656
5788
5920
6052
6184
6316
6448
6580
6712
6844
6976
7108
7240
7372
7504
7636
7768
7900
8032
8164
8296
8428
8560
8692
8824
8956
9088
9220
9352
1433
1565
1697
1829
1961
2093
2225
2357
2489
2621
2753
2885
3017
3149
3281
3413
3545
3677
3809
3941
4073
4205
4337
4469
4601
4733
4865
4997
5129
5261
5393
5525
5657
5789
5921
6053
6185
6317
6449
6581
6713
6845
6977
7109
7241
7373
7505
7637
7769
7901
8033
8165
8297
8429
8561
8693
8825
8957
9089
9221
9353
1434
1566
1698
1830
1962
2094
2226
2358
2490
2622
2754
2886
3018
3150
3282
3414
3546
3678
3810
3942
4074
4206
4338
4470
4602
4734
4866
4998
5130
5262
5394
5526
5658
5790
5922
6054
6186
6318
6450
6582
6714
6846
6978
7110
7242
7374
7506
7638
7770
7902
8034
8166
8298
8430
8562
8694
8826
8958
9090
9222
9354
1435
1567
1699
1831
1963
2095
2227
2359
2491
2623
2755
2887
3019
3151
3283
3415
3547
3679
3811
3943
4075
4207
4339
4471
4603
4735
4867
4999
5131
5263
5395
5527
5659
5791
5923
6055
6187
6319
6451
6583
6715
6847
6979
7111
7243
7375
7507
7639
7771
7903
8035
8167
8299
8431
8563
8695
8827
8959
9091
9223
9355
1436
1568
1700
1832
1964
2096
2228
2360
2492
2624
2756
2888
3020
3152
3284
3416
3548
3680
3812
3944
4076
4208
4340
4472
4604
4736
4868
5000
5132
5264
5396
5528
5660
5792
5924
6056
6188
6320
6452
6584
6716
6848
6980
7112
7244
7376
7508
7640
7772
7904
8036
8168
8300
8432
8564
8696
8828
8960
9092
9224
9356
1437
1569
1701
1833
1965
2097
2229
2361
2493
2625
2757
2889
3021
3153
3285
3417
3549
3681
3813
3945
4077
4209
4341
4473
4605
4737
4869
5001
5133
5265
5397
5529
5661
5793
5925
6057
6189
6321
6453
6585
6717
6849
6981
7113
7245
7377
7509
7641
7773
7905
8037
8169
8301
8433
8565
8697
8829
8961
9093
9225
9357
1438
1570
1702
1834
1966
2098
2230
2362
2494
2626
2758
2890
3022
3154
3286
3418
3550
3682
3814
3946
4078
4210
4342
4474
4606
4738
4870
5002
5134
5266
5398
5530
5662
5794
5926
6058
6190
6322
6454
6586
6718
6850
6982
7114
7246
7378
7510
7642
7774
7906
8038
8170
8302
8434
8566
8698
8830
8962
9094
9226
9358
1439
1571
1703
1835
1967
2099
2231
2363
2495
2627
2759
2891
3023
3155
3287
3419
3551
3683
3815
3947
4079
4211
4343
4475
4607
4739
4871
5003
5135
5267
5399
5531
5663
5795
5927
6059
6191
6323
6455
6587
6719
6851
6983
7115
7247
7379
7511
7643
7775
7907
8039
8171
8303
8435
8567
8699
8831
8963
9095
9227
9359
1440
1572
1704
1836
1968
2100
2232
2364
2496
2628
2760
2892
3024
3156
3288
3420
3552
3684
3816
3948
4080
4212
4344
4476
4608
4740
4872
5004
5136
5268
5400
5532
5664
5796
5928
6060
6192
6324
6456
6588
6720
6852
6984
7116
7248
7380
7512
7644
7776
7908
8040
8172
8304
8436
8568
8700
8832
8964
9096
9228
9360
1441
1573
1705
1837
1969
2101
2233
2365
2497
2629
2761
2893
3025
3157
3289
3421
3553
3685
3817
3949
4081
4213
4345
4477
4609
4741
4873
5005
5137
5269
5401
5533
5665
5797
5929
6061
6193
6325
6457
6589
6721
6853
6985
7117
7249
7381
7513
7645
7777
7909
8041
8173
8305
8437
8569
8701
8833
8965
9097
9229
9361
1442
1574
1706
1838
1970
2102
2234
2366
2498
2630
2762
2894
3026
3158
3290
3422
3554
3686
3818
3950
4082
4214
4346
4478
4610
4742
4874
5006
5138
5270
5402
5534
5666
5798
5930
6062
6194
6326
6458
6590
6722
6854
6986
7118
7250
7382
7514
7646
7778
7910
8042
8174
8306
8438
8570
8702
8834
8966
9098
9230
9362
1443
1575
1707
1839
1971
2103
2235
2367
2499
2631
2763
2895
3027
3159
3291
3423
3555
3687
3819
3951
4083
4215
4347
4479
4611
4743
4875
5007
5139
5271
5403
5535
5667
5799
5931
6063
6195
6327
6459
6591
6723
6855
6987
7119
7251
7383
7515
7647
7779
7911
8043
8175
8307
8439
8571
8703
8835
8967
9099
9231
9363
1444
1576
1708
1840
1972
2104
2236
2368
2500
2632
2764
2896
3028
3160
3292
3424
3556
3688
3820
3952
4084
4216
4348
4480
4612
4744
4876
5008
5140
5272
5404
5536
5668
5800
5932
6064
6196
6328
6460
6592
6724
6856
6988
7120
7252
7384
7516
7648
7780
7912
8044
8176
8308
8440
8572
8704
8836
8968
9100
9232
9364
1445
1577
1709
1841
1973
2105
2237
2369
2501
2633
2765
2897
3029
3161
3293
3425
3557
3689
3821
3953
4085
4217
4349
4481
4613
4745
4877
5009
5141
5273
5405
5537
5669
5801
5933
6065
6197
6329
6461
6593
6725
6857
6989
7121
7253
7385
7517
7649
7781
7913
8045
8177
8309
8441
8573
8705
8837
8969
9101
9233
9365
1446
1578
1710
1842
1974
2106
2238
2370
2502
2634
2766
2898
3030
3162
3294
3426
3558
3690
3822
3954
4086
4218
4350
4482
4614
4746
4878
5010
5142
5274
5406
5538
5670
5802
5934
6066
6198
6330
6462
6594
6726
6858
6990
7122
7254
7386
7518
7650
7782
7914
8046
8178
8310
8442
8574
8706
8838
8970
9102
9234
9366
1447
1579
1711
1843
1975
2107
2239
2371
2503
2635
2767
2899
3031
3163
3295
3427
3559
3691
3823
3955
4087
4219
4351
4483
4615
4747
4879
5011
5143
5275
5407
5539
5671
5803
5935
6067
6199
6331
6463
6595
6727
6859
6991
7123
7255
7387
7519
7651
7783
7915
8047
8179
8311
8443
8575
8707
8839
8971
9103
9235
9367
1448
1580
1712
1844
1976
2108
2240
2372
2504
2636
2768
2900
3032
3164
3296
3428
3560
3692
3824
3956
4088
4220
4352
4484
4616
4748
4880
5012
5144
5276
5408
5540
5672
5804
5936
6068
6200
6332
6464
6596
6728
6860
6992
7124
7256
7388
7520
7652
7784
7916
8048
8180
8312
8444
8576
8708
8840
8972
9104
9236
9368
1449
1581
1713
1845
1977
2109
2241
2373
2505
2637
2769
2901
3033
3165
3297
3429
3561
3693
3825
3957
4089
4221
4353
4485
4617
4749
4881
5013
5145
5277
5409
5541
5673
5805
5937
6069
6201
6333
6465
6597
6729
6861
6993
7125
7257
7389
7521
7653
7785
7917
8049
8181
8313
8445
8577
8709
8841
8973
9105
9237
9369
1450
1582
1714
1846
1978
2110
2242
2374
2506
2638
2770
2902
3034
3166
3298
3430
3562
3694
3826
3958
4090
4222
4354
4486
4618
4750
4882
5014
5146
5278
5410
5542
5674
5806
5938
6070
6202
6334
6466
6598
6730
6862
6994
7126
7258
7390
7522
7654
7786
7918
8050
8182
8314
8446
8578
8710
8842
8974
9106
9238
9370
1451
1583
1715
1847
1979
2111
2243
2375
2507
2639
2771
2903
3035
3167
3299
3431
3563
3695
3827
3959
4091
4223
4355
4487
4619
4751
4883
5015
5147
5279
5411
5543
5675
5807
5939
6071
6203
6335
6467
6599
6731
6863
6995
7127
7259
7391
7523
7655
7787
7919
8051
8183
8315
8447
8579
8711
8843
8975
9107
9239
9371
1452
1584
1716
1848
1980
2112
2244
2376
2508
2640
2772
2904
3036
3168
3300
3432
3564
3696
3828
3960
4092
4224
4356
4488
4620
4752
4884
5016
5148
5280
5412
5544
5676
5808
5940
6072
6204
6336
6468
6600
6732
6864
6996
7128
7260
7392
7524
7656
7788
7920
8052
8184
8316
8448
8580
8712
8844
8976
9108
9240
9372
1453
1585
1717
1849
1981
2113
2245
2377
2509
2641
2773
2905
3037
3169
3301
3433
3565
3697
3829
3961
4093
4225
4357
4489
4621
4753
4885
5017
5149
5281
5413
5545
5677
5809
5941
6073
6205
6337
6469
6601
6733
6865
6997
7129
7261
7393
7525
7657
7789
7921
8053
8185
8317
8449
8581
8713
8845
8977
9109
9241
9373
1454
1586
1718
1850
1982
2114
2246
2378
2510
2642
2774
2906
3038
3170
3302
3434
3566
3698
3830
3962
4094
4226
4358
4490
4622
4754
4886
5018
5150
5282
5414
5546
5678
5810
5942
6074
6206
6338
6470
6602
6734
6866
6998
7130
7262
7394
7526
7658
7790
7922
8054
8186
8318
8450
8582
8714
8846
8978
9110
9242
9374
1455
1587
1719
1851
1983
2115
2247
2379
2511
2643
2775
2907
3039
3171
3303
3435
3567
3699
3831
3963
4095
4227
4359
4491
4623
4755
4887
5019
5151
5283
5415
5547
5679
5811
5943
6075
6207
6339
6471
6603
6735
6867
6999
7131
7263
7395
7527
7659
7791
7923
8055
8187
8319
8451
8583
8715
8847
8979
9111
9243
9375
1456
1588
1720
1852
1984
2116
2248
2380
2512
2644
2776
2908
3040
3172
3304
3436
3568
3700
3832
3964
4096
4228
4360
4492
4624
4756
4888
5020
5152
5284
5416
5548
5680
5812
5944
6076
6208
6340
6472
6604
6736
6868
7000
7132
7264
7396
7528
7660
7792
7924
8056
8188
8320
8452
8584
8716
8848
8980
9112
9244
9376
1457
1589
1721
1853
1985
2117
2249
2381
2513
2645
2777
2909
3041
3173
3305
3437
3569
3701
3833
3965
4097
4229
4361
4493
4625
4757
4889
5021
5153
5285
5417
5549
5681
5813
5945
6077
6209
6341
6473
6605
6737
6869
7001
7133
7265
7397
7529
7661
7793
7925
8057
8189
8321
8453
8585
8717
8849
8981
9113
9245
9377
1458
1590
1722
1854
1986
2118
2250
2382
2514
2646
2778
2910
3042
3174
3306
3438
3570
3702
3834
3966
4098
4230
4362
4494
4626
4758
4890
5022
5154
5286
5418
5550
5682
5814
5946
6078
6210
6342
6474
6606
6738
6870
7002
7134
7266
7398
7530
7662
7794
7926
8058
8190
8322
8454
8586
8718
8850
8982
9114
9246
9378
1459
1591
1723
1855
1987
2119
2251
2383
2515
2647
2779
2911
3043
3175
3307
3439
3571
3703
3835
3967
4099
4231
4363
4495
4627
4759
4891
5023
5155
5287
5419
5551
5683
5815
5947
6079
6211
6343
6475
6607
6739
6871
7003
7135
7267
7399
7531
7663
7795
7927
8059
8191
8323
8455
8587
8719
8851
8983
9115
9247
9379
1460
1592
1724
1856
1988
2120
2252
2384
2516
2648
2780
2912
3044
3176
3308
3440
3572
3704
3836
3968
4100
4232
4364
4496
4628
4760
4892
5024
5156
5288
5420
5552
5684
5816
5948
6080
6212
6344
6476
6608
6740
6872
7004
7136
7268
7400
7532
7664
7796
7928
8060
8192
8324
8456
8588
8720
8852
8984
9116
9248
9380
1461
1593
1725
1857
1989
2121
2253
2385
2517
2649
2781
2913
3045
3177
3309
3441
3573
3705
3837
3969
4101
4233
4365
4497
4629
4761
4893
5025
5157
5289
5421
5553
5685
5817
5949
6081
6213
6345
6477
6609
6741
6873
7005
7137
7269
7401
7533
7665
7797
7929
8061
8193
8325
8457
8589
8721
8853
8985
9117
9249
9381
1462
1594
1726
1858
1990
2122
2254
2386
2518
2650
2782
2914
3046
3178
3310
3442
3574
3706
3838
3970
4102
4234
4366
4498
4630
4762
4894
5026
5158
5290
5422
5554
5686
5818
5950
6082
6214
6346
6478
6610
6742
6874
7006
7138
7270
7402
7534
7666
7798
7930
8062
8194
8326
8458
8590
8722
8854
8986
9118
9250
9382
1463
1595
1727
1859
1991
2123
2255
2387
2519
2651
2783
2915
3047
3179
3311
3443
3575
3707
3839
3971
4103
4235
4367
4499
4631
4763
4895
5027
5159
5291
5423
5555
5687
5819
5951
6083
6215
6347
6479
6611
6743
6875
7007
7139
7271
7403
7535
7667
7799
7931
8063
8195
8327
8459
8591
8723
8855
8987
9119
9251
9383
1464
1596
1728
1860
1992
2124
2256
2388
2520
2652
2784
2916
3048
3180
3312
3444
3576
3708
3840
3972
4104
4236
4368
4500
4632
4764
4896
5028
5160
5292
5424
5556
5688
5820
5952
6084
6216
6348
6480
6612
6744
6876
7008
7140
7272
7404
7536
7668
7800
7932
8064
8196
8328
8460
8592
8724
8856
8988
9120
9252
9384
1465
1597
1729
1861
1993
2125
2257
2389
2521
2653
2785
2917
3049
3181
3313
3445
3577
3709
3841
3973
4105
4237
4369
4501
4633
4765
4897
5029
5161
5293
5425
5557
5689
5821
5953
6085
6217
6349
6481
6613
6745
6877
7009
7141
7273
7405
7537
7669
7801
7933
8065
8197
8329
8461
8593
8725
8857
8989
9121
9253
9385
1466
1598
1730
1862
1994
2126
2258
2390
2522
2654
2786
2918
3050
3182
3314
3446
3578
3710
3842
3974
4106
4238
4370
4502
4634
4766
4898
5030
5162
5294
5426
5558
5690
5822
5954
6086
6218
6350
6482
6614
6746
6878
7010
7142
7274
7406
7538
7670
7802
7934
8066
8198
8330
8462
8594
8726
8858
8990
9122
9254
9386
1467
1599
1731
1863
1995
2127
2259
2391
2523
2655
2787
2919
3051
3183
3315
3447
3579
3711
3843
3975
4107
4239
4371
4503
4635
4767
4899
5031
5163
5295
5427
5559
5691
5823
5955
6087
6219
6351
6483
6615
6747
6879
7011
7143
7275
7407
7539
7671
7803
7935
8067
8199
8331
8463
8595
8727
8859
8991
9123
9255
9387
1468
1600
1732
1864
1996
2128
2260
2392
2524
2656
2788
2920
3052
3184
3316
3448
3580
3712
3844
3976
4108
4240
4372
4504
4636
4768
4900
5032
5164
5296
5428
5560
5692
5824
5956
6088
6220
6352
6484
6616
6748
6880
7012
7144
7276
7408
7540
7672
7804
7936
8068
8200
8332
8464
8596
8728
8860
8992
9124
9256
9388
1469
1601
1733
1865
1997
2129
2261
2393
2525
2657
2789
2921
3053
3185
3317
3449
3581
3713
3845
3977
4109
4241
4373
4505
4637
4769
4901
5033
5165
5297
5429
5561
5693
5825
5957
6089
6221
6353
6485
6617
6749
6881
7013
7145
7277
7409
7541
7673
7805
7937
8069
8201
8333
8465
8597
8729
8861
8993
9125
9257
9389
1470
1602
1734
1866
1998
2130
2262
2394
2526
2658
2790
2922
3054
3186
3318
3450
3582
3714
3846
3978
4110
4242
4374
4506
4638
4770
4902
5034
5166
5298
5430
5562
5694
5826
5958
6090
6222
6354
6486
6618
6750
6882
7014
7146
7278
7410
7542
7674
7806
7938
8070
8202
8334
8466
8598
8730
8862
8994
9126
9258
9390
1471
1603
1735
1867
1999
2131
2263
2395
2527
2659
2791
2923
3055
3187
3319
3451
3583
3715
3847
3979
4111
4243
4375
4507
4639
4771
4903
5035
5167
5299
5431
5563
5695
5827
5959
6091
6223
6355
6487
6619
6751
6883
7015
7147
7279
7411
7543
7675
7807
7939
8071
8203
8335
8467
8599
8731
8863
8995
9127
9259
9391
1472
1604
1736
1868
2000
2132
2264
2396
2528
2660
2792
2924
3056
3188
3320
3452
3584
3716
3848
3980
4112
4244
4376
4508
4640
4772
4904
5036
5168
5300
5432
5564
5696
5828
5960
6092
6224
6356
6488
6620
6752
6884
7016
7148
7280
7412
7544
7676
7808
7940
8072
8204
8336
8468
8600
8732
8864
8996
9128
9260
9392
1473
1605
1737
1869
2001
2133
2265
2397
2529
2661
2793
2925
3057
3189
3321
3453
3585
3717
3849
3981
4113
4245
4377
4509
4641
4773
4905
5037
5169
5301
5433
5565
5697
5829
5961
6093
6225
6357
6489
6621
6753
6885
7017
7149
7281
7413
7545
7677
7809
7941
8073
8205
8337
8469
8601
8733
8865
8997
9129
9261
9393
1474
1606
1738
1870
2002
2134
2266
2398
2530
2662
2794
2926
3058
3190
3322
3454
3586
3718
3850
3982
4114
4246
4378
4510
4642
4774
4906
5038
5170
5302
5434
5566
5698
5830
5962
6094
6226
6358
6490
6622
6754
6886
7018
7150
7282
7414
7546
7678
7810
7942
8074
8206
8338
8470
8602
8734
8866
8998
9130
9262
9394
1475
1607
1739
1871
2003
2135
2267
2399
2531
2663
2795
2927
3059
3191
3323
3455
3587
3719
3851
3983
4115
4247
4379
4511
4643
4775
4907
5039
5171
5303
5435
5567
5699
5831
5963
6095
6227
6359
6491
6623
6755
6887
7019
7151
7283
7415
7547
7679
7811
7943
8075
8207
8339
8471
8603
8735
8867
8999
9131
9263
9395
1476
1608
1740
1872
2004
2136
2268
2400
2532
2664
2796
2928
3060
3192
3324
3456
3588
3720
3852
3984
4116
4248
4380
4512
4644
4776
4908
5040
5172
5304
5436
5568
5700
5832
5964
6096
6228
6360
6492
6624
6756
6888
7020
7152
7284
7416
7548
7680
7812
7944
8076
8208
8340
8472
8604
8736
8868
9000
9132
9264
9396
1477
1609
1741
1873
2005
2137
2269
2401
2533
2665
2797
2929
3061
3193
3325
3457
3589
3721
3853
3985
4117
4249
4381
4513
4645
4777
4909
5041
5173
5305
5437
5569
5701
5833
5965
6097
6229
6361
6493
6625
6757
6889
7021
7153
7285
7417
7549
7681
7813
7945
8077
8209
8341
8473
8605
8737
8869
9001
9133
9265
9397
1478
1610
1742
1874
2006
2138
2270
2402
2534
2666
2798
2930
3062
3194
3326
3458
3590
3722
3854
3986
4118
4250
4382
4514
4646
4778
4910
5042
5174
5306
5438
5570
5702
5834
5966
6098
6230
6362
6494
6626
6758
6890
7022
7154
7286
7418
7550
7682
7814
7946
8078
8210
8342
8474
8606
8738
8870
9002
9134
9266
9398
1479
1611
1743
1875
2007
2139
2271
2403
2535
2667
2799
2931
3063
3195
3327
3459
3591
3723
3855
3987
4119
4251
4383
4515
4647
4779
4911
5043
5175
5307
5439
5571
5703
5835
5967
6099
6231
6363
6495
6627
6759
6891
7023
7155
7287
7419
7551
7683
7815
7947
8079
8211
8343
8475
8607
8739
8871
9003
9135
9267
9399
1480
1612
1744
1876
2008
2140
2272
2404
2536
2668
2800
2932
3064
3196
3328
3460
3592
3724
3856
3988
4120
4252
4384
4516
4648
4780
4912
5044
5176
5308
5440
5572
5704
5836
5968
6100
6232
6364
6496
6628
6760
6892
7024
7156
7288
7420
7552
7684
7816
7948
8080
8212
8344
8476
8608
8740
8872
9004
9136
9268
9400
1481
1613
1745
1877
2009
2141
2273
2405
2537
2669
2801
2933
3065
3197
3329
3461
3593
3725
3857
3989
4121
4253
4385
4517
4649
4781
4913
5045
5177
5309
5441
5573
5705
5837
5969
6101
6233
6365
6497
6629
6761
6893
7025
7157
7289
7421
7553
7685
7817
7949
8081
8213
8345
8477
8609
8741
8873
9005
9137
9269
9401
1482
1614
1746
1878
2010
2142
2274
2406
2538
2670
2802
2934
3066
3198
3330
3462
3594
3726
3858
3990
4122
4254
4386
4518
4650
4782
4914
5046
5178
5310
5442
5574
5706
5838
5970
6102
6234
6366
6498
6630
6762
6894
7026
7158
7290
7422
7554
7686
7818
7950
8082
8214
8346
8478
8610
8742
8874
9006
9138
9270
9402
1483
1615
1747
1879
2011
2143
2275
2407
2539
2671
2803
2935
3067
3199
3331
3463
3595
3727
3859
3991
4123
4255
4387
4519
4651
4783
4915
5047
5179
5311
5443
5575
5707
5839
5971
6103
6235
6367
6499
6631
6763
6895
7027
7159
7291
7423
7555
7687
7819
7951
8083
8215
8347
8479
8611
8743
8875
9007
9139
9271
9403
1484
1616
1748
1880
2012
2144
2276
2408
2540
2672
2804
2936
3068
3200
3332
3464
3596
3728
3860
3992
4124
4256
4388
4520
4652
4784
4916
5048
5180
5312
5444
5576
5708
5840
5972
6104
6236
6368
6500
6632
6764
6896
7028
7160
7292
7424
7556
7688
7820
7952
8084
8216
8348
8480
8612
8744
8876
9008
9140
9272
9404
1485
1617
1749
1881
2013
2145
2277
2409
2541
2673
2805
2937
3069
3201
3333
3465
3597
3729
3861
3993
4125
4257
4389
4521
4653
4785
4917
5049
5181
5313
5445
5577
5709
5841
5973
6105
6237
6369
6501
6633
6765
6897
7029
7161
7293
7425
7557
7689
7821
7953
8085
8217
8349
8481
8613
8745
8877
9009
9141
9273
9405
1486
1618
1750
1882
2014
2146
2278
2410
2542
2674
2806
2938
3070
3202
3334
3466
3598
3730
3862
3994
4126
4258
4390
4522
4654
4786
4918
5050
5182
5314
5446
5578
5710
5842
5974
6106
6238
6370
6502
6634
6766
6898
7030
7162
7294
7426
7558
7690
7822
7954
8086
8218
8350
8482
8614
8746
8878
9010
9142
9274
9406
1487
1619
1751
1883
2015
2147
2279
2411
2543
2675
2807
2939
3071
3203
3335
3467
3599
3731
3863
3995
4127
4259
4391
4523
4655
4787
4919
5051
5183
5315
5447
5579
5711
5843
5975
6107
6239
6371
6503
6635
6767
6899
7031
7163
7295
7427
7559
7691
7823
7955
8087
8219
8351
8483
8615
8747
8879
9011
9143
9275
9407
1488
1620
1752
1884
2016
2148
2280
2412
2544
2676
2808
2940
3072
3204
3336
3468
3600
3732
3864
3996
4128
4260
4392
4524
4656
4788
4920
5052
5184
5316
5448
5580
5712
5844
5976
6108
6240
6372
6504
6636
6768
6900
7032
7164
7296
7428
7560
7692
7824
7956
8088
8220
8352
8484
8616
8748
8880
9012
9144
9276
9408
1489
1621
1753
1885
2017
2149
2281
2413
2545
2677
2809
2941
3073
3205
3337
3469
3601
3733
3865
3997
4129
4261
4393
4525
4657
4789
4921
5053
5185
5317
5449
5581
5713
5845
5977
6109
6241
6373
6505
6637
6769
6901
7033
7165
7297
7429
7561
7693
7825
7957
8089
8221
8353
8485
8617
8749
8881
9013
9145
9277
9409
1490
1622
1754
1886
2018
2150
2282
2414
2546
2678
2810
2942
3074
3206
3338
3470
3602
3734
3866
3998
4130
4262
4394
4526
4658
4790
4922
5054
5186
5318
5450
5582
5714
5846
5978
6110
6242
6374
6506
6638
6770
6902
7034
7166
7298
7430
7562
7694
7826
7958
8090
8222
8354
8486
8618
8750
8882
9014
9146
9278
9410
1491
1623
1755
1887
2019
2151
2283
2415
2547
2679
2811
2943
3075
3207
3339
3471
3603
3735
3867
3999
4131
4263
4395
4527
4659
4791
4923
5055
5187
5319
5451
5583
5715
5847
5979
6111
6243
6375
6507
6639
6771
6903
7035
7167
7299
7431
7563
7695
7827
7959
8091
8223
8355
8487
8619
8751
8883
9015
9147
9279
9411
1492
1624
1756
1888
2020
2152
2284
2416
2548
2680
2812
2944
3076
3208
3340
3472
3604
3736
3868
4000
4132
4264
4396
4528
4660
4792
4924
5056
5188
5320
5452
5584
5716
5848
5980
6112
6244
6376
6508
6640
6772
6904
7036
7168
7300
7432
7564
7696
7828
7960
8092
8224
8356
8488
8620
8752
8884
9016
9148
9280
9412
1493
1625
1757
1889
2021
2153
2285
2417
2549
2681
2813
2945
3077
3209
3341
3473
3605
3737
3869
4001
4133
4265
4397
4529
4661
4793
4925
5057
5189
5321
5453
5585
5717
5849
5981
6113
6245
6377
6509
6641
6773
6905
7037
7169
7301
7433
7565
7697
7829
7961
8093
8225
8357
8489
8621
8753
8885
9017
9149
9281
9413
1494
1626
1758
1890
2022
2154
2286
2418
2550
2682
2814
2946
3078
3210
3342
3474
3606
3738
3870
4002
4134
4266
4398
4530
4662
4794
4926
5058
5190
5322
5454
5586
5718
5850
5982
6114
6246
6378
6510
6642
6774
6906
7038
7170
7302
7434
7566
7698
7830
7962
8094
8226
8358
8490
8622
8754
8886
9018
9150
9282
9414
1495
1627
1759
1891
2023
2155
2287
2419
2551
2683
2815
2947
3079
3211
3343
3475
3607
3739
3871
4003
4135
4267
4399
4531
4663
4795
4927
5059
5191
5323
5455
5587
5719
5851
5983
6115
6247
6379
6511
6643
6775
6907
7039
7171
7303
7435
7567
7699
7831
7963
8095
8227
8359
8491
8623
8755
8887
9019
9151
9283
9415
1496
1628
1760
1892
2024
2156
2288
2420
2552
2684
2816
2948
3080
3212
3344
3476
3608
3740
3872
4004
4136
4268
4400
4532
4664
4796
4928
5060
5192
5324
5456
5588
5720
5852
5984
6116
6248
6380
6512
6644
6776
6908
7040
7172
7304
7436
7568
7700
7832
7964
8096
8228
8360
8492
8624
8756
8888
9020
9152
9284
9416
1497
1629
1761
1893
2025
2157
2289
2421
2553
2685
2817
2949
3081
3213
3345
3477
3609
3741
3873
4005
4137
4269
4401
4533
4665
4797
4929
5061
5193
5325
5457
5589
5721
5853
5985
6117
6249
6381
6513
6645
6777
6909
7041
7173
7305
7437
7569
7701
7833
7965
8097
8229
8361
8493
8625
8757
8889
9021
9153
9285
9417
1498
1630
1762
1894
2026
2158
2290
2422
2554
2686
2818
2950
3082
3214
3346
3478
3610
3742
3874
4006
4138
4270
4402
4534
4666
4798
4930
5062
5194
5326
5458
5590
5722
5854
5986
6118
6250
6382
6514
6646
6778
6910
7042
7174
7306
7438
7570
7702
7834
7966
8098
8230
8362
8494
8626
8758
8890
9022
9154
9286
9418
1499
1631
1763
1895
2027
2159
2291
2423
2555
2687
2819
2951
3083
3215
3347
3479
3611
3743
3875
4007
4139
4271
4403
4535
4667
4799
4931
5063
5195
5327
5459
5591
5723
5855
5987
6119
6251
6383
6515
6647
6779
6911
7043
7175
7307
7439
7571
7703
7835
7967
8099
8231
8363
8495
8627
8759
8891
9023
9155
9287
9419
9420
9429
9438
9447
9456
9465
9474
9483
9492
9501
9510
9519
9528
9537
9546
9555
9564
9573
9582
9591
9600
9609
9618
9627
9636
9645
9654
9663
9672
9681
9690
9699
9708
9717
9726
9735
9744
9753
9762
9771
9780
9789
9798
9807
9816
9825
9834
9843
9852
9861
9870
9879
9888
9897
9906
9915
9924
9933
9942
9951
9960
9421
9430
9439
9448
9457
9466
9475
9484
9493
9502
9511
9520
9529
9538
9547
9556
9565
9574
9583
9592
9601
9610
9619
9628
9637
9646
9655
9664
9673
9682
9691
9700
9709
9718
9727
9736
9745
9754
9763
9772
9781
9790
9799
9808
9817
9826
9835
9844
9853
9862
9871
9880
9889
9898
9907
9916
9925
9934
9943
9952
9961
9422
9431
9440
9449
9458
9467
9476
9485
9494
9503
9512
9521
9530
9539
9548
9557
9566
9575
9584
9593
9602
9611
9620
9629
9638
9647
9656
9665
9674
9683
9692
9701
9710
9719
9728
9737
9746
9755
9764
9773
9782
9791
9800
9809
9818
9827
9836
9845
9854
9863
9872
9881
9890
9899
9908
9917
9926
9935
9944
9953
9962
9423
9432
9441
9450
9459
9468
9477
9486
9495
9504
9513
9522
9531
9540
9549
9558
9567
9576
9585
9594
9603
9612
9621
9630
9639
9648
9657
9666
9675
9684
9693
9702
9711
9720
9729
9738
9747
9756
9765
9774
9783
9792
9801
9810
9819
9828
9837
9846
9855
9864
9873
9882
9891
9900
9909
9918
9927
9936
9945
9954
9963
9424
9433
9442
9451
9460
9469
9478
9487
9496
9505
9514
9523
9532
9541
9550
9559
9568
9577
9586
9595
9604
9613
9622
9631
9640
9649
9658
9667
9676
9685
9694
9703
9712
9721
9730
9739
9748
9757
9766
9775
9784
9793
9802
9811
9820
9829
9838
9847
9856
9865
9874
9883
9892
9901
9910
9919
9928
9937
9946
9955
9964
9425
9434
9443
9452
9461
9470
9479
9488
9497
9506
9515
9524
9533
9542
9551
9560
9569
9578
9587
9596
9605
9614
9623
9632
9641
9650
9659
9668
9677
9686
9695
9704
9713
9722
9731
9740
9749
9758
9767
9776
9785
9794
9803
9812
9821
9830
9839
9848
9857
9866
9875
9884
9893
9902
9911
9920
9929
9938
9947
9956
9965
9426
9435
9444
9453
9462
9471
9480
9489
9498
9507
9516
9525
9534
9543
9552
9561
9570
9579
9588
9597
9606
9615
9624
9633
9642
9651
9660
9669
9678
9687
9696
9705
9714
9723
9732
9741
9750
9759
9768
9777
9786
9795
9804
9813
9822
9831
9840
9849
9858
9867
9876
9885
9894
9903
9912
9921
9930
9939
9948
9957
9966
9427
9436
9445
9454
9463
9472
9481
9490
9499
9508
9517
9526
9535
9544
9553
9562
9571
9580
9589
9598
9607
9616
9625
9634
9643
9652
9661
9670
9679
9688
9697
9706
9715
9724
9733
9742
9751
9760
9769
9778
9787
9796
9805
9814
9823
9832
9841
9850
9859
9868
9877
9886
9895
9904
9913
9922
9931
9940
9949
9958
9967
9428
9437
9446
9455
9464
9473
9482
9491
9500
9509
9518
9527
9536
9545
9554
9563
9572
9581
9590
9599
9608
9617
9626
9635
9644
9653
9662
9671
9680
9689
9698
9707
9716
9725
9734
9743
9752
9761
9770
9779
9788
9797
9806
9815
9824
9833
9842
9851
9860
9869
9878
9887
9896
9905
9914
9923
9932
9941
9950
9959
9968
17779
17788
17797
17806
17815
17824
17833
17842
17851
17860
17869
17878
17887
17896
17905
17914
17923
17932
17941
17950
17959
17968
17977
17986
17995
18004
18013
18022
18031
18040
18049
18058
18067
18076
18085
18094
18103
18112
18121
18130
18139
18148
18157
18166
18175
18184
18193
18202
18211
18220
18229
18238
18247
18256
18265
18274
18283
18292
18301
18310
18319
17780
17789
17798
17807
17816
17825
17834
17843
17852
17861
17870
17879
17888
17897
17906
17915
17924
17933
17942
17951
17960
17969
17978
17987
17996
18005
18014
18023
18032
18041
18050
18059
18068
18077
18086
18095
18104
18113
18122
18131
18140
18149
18158
18167
18176
18185
18194
18203
18212
18221
18230
18239
18248
18257
18266
18275
18284
18293
18302
18311
18320
17781
17790
17799
17808
17817
17826
17835
17844
17853
17862
17871
17880
17889
17898
17907
17916
17925
17934
17943
17952
17961
17970
17979
17988
17997
18006
18015
18024
18033
18042
18051
18060
18069
18078
18087
18096
18105
18114
18123
18132
18141
18150
18159
18168
18177
18186
18195
18204
18213
18222
18231
18240
18249
18258
18267
18276
18285
18294
18303
18312
18321
17782
17791
17800
17809
17818
17827
17836
17845
17854
17863
17872
17881
17890
17899
17908
17917
17926
17935
17944
17953
17962
17971
17980
17989
17998
18007
18016
18025
18034
18043
18052
18061
18070
18079
18088
18097
18106
18115
18124
18133
18142
18151
18160
18169
18178
18187
18196
18205
18214
18223
18232
18241
18250
18259
18268
18277
18286
18295
18304
18313
18322
17783
17792
17801
17810
17819
17828
17837
17846
17855
17864
17873
17882
17891
17900
17909
17918
17927
17936
17945
17954
17963
17972
17981
17990
17999
18008
18017
18026
18035
18044
18053
18062
18071
18080
18089
18098
18107
18116
18125
18134
18143
18152
18161
18170
18179
18188
18197
18206
18215
18224
18233
18242
18251
18260
18269
18278
18287
18296
18305
18314
18323
17784
17793
17802
17811
17820
17829
17838
17847
17856
17865
17874
17883
17892
17901
17910
17919
17928
17937
17946
17955
17964
17973
17982
17991
18000
18009
18018
18027
18036
18045
18054
18063
18072
18081
18090
18099
18108
18117
18126
18135
18144
18153
18162
18171
18180
18189
18198
18207
18216
18225
18234
18243
18252
18261
18270
18279
18288
18297
18306
18315
18324
17785
17794
17803
17812
17821
17830
17839
17848
17857
17866
17875
17884
17893
17902
17911
17920
17929
17938
17947
17956
17965
17974
17983
17992
18001
18010
18019
18028
18037
18046
18055
18064
18073
18082
18091
18100
18109
18118
18127
18136
18145
18154
18163
18172
18181
18190
18199
18208
18217
18226
18235
18244
18253
18262
18271
18280
18289
18298
18307
18316
18325
17786
17795
17804
17813
17822
17831
17840
17849
17858
17867
17876
17885
17894
17903
17912
17921
17930
17939
17948
17957
17966
17975
17984
17993
18002
18011
18020
18029
18038
18047
18056
18065
18074
18083
18092
18101
18110
18119
18128
18137
18146
18155
18164
18173
18182
18191
18200
18209
18218
18227
18236
18245
18254
18263
18272
18281
18290
18299
18308
18317
18326
17787
17796
17805
17814
17823
17832
17841
17850
17859
17868
17877
17886
17895
17904
17913
17922
17931
17940
17949
17958
17967
17976
17985
17994
18003
18012
18021
18030
18039
18048
18057
18066
18075
18084
18093
18102
18111
18120
18129
18138
18147
18156
18165
18174
18183
18192
18201
18210
18219
18228
18237
18246
18255
18264
18273
18282
18291
18300
18309
18318
18327
11130
11239
11348
11457
11566
11675
11784
11893
12002
12111
12220
12329
12438
12547
12656
12765
12874
12983
13092
13201
13310
13419
13528
13637
13746
13855
13964
14073
14182
14291
14400
14509
14618
14727
14836
14945
15054
15163
15272
15381
15490
15599
15708
15817
15926
16035
16144
16253
16362
16471
16580
16689
16798
16907
17016
17125
17234
17343
17452
17561
17670
11131
11240
11349
11458
11567
11676
11785
11894
12003
12112
12221
12330
12439
12548
12657
12766
12875
12984
13093
13202
13311
13420
13529
13638
13747
13856
13965
14074
14183
14292
14401
14510
14619
14728
14837
14946
15055
15164
15273
15382
15491
15600
15709
15818
15927
16036
16145
16254
16363
16472
16581
16690
16799
16908
17017
17126
17235
17344
17453
17562
17671
11132
11241
11350
11459
11568
11677
11786
11895
12004
12113
12222
12331
12440
12549
12658
12767
12876
12985
13094
13203
13312
13421
13530
13639
13748
13857
13966
14075
14184
14293
14402
14511
14620
14729
14838
14947
15056
15165
15274
15383
15492
15601
15710
15819
15928
16037
16146
16255
16364
16473
16582
16691
16800
16909
17018
17127
17236
17345
17454
17563
17672
11133
11242
11351
11460
11569
11678
11787
11896
12005
12114
12223
12332
12441
12550
12659
12768
12877
12986
13095
13204
13313
13422
13531
13640
13749
13858
13967
14076
14185
14294
14403
14512
14621
14730
14839
14948
15057
15166
15275
15384
15493
15602
15711
15820
15929
16038
16147
16256
16365
16474
16583
16692
16801
16910
17019
17128
17237
17346
17455
17564
17673
11134
11243
11352
11461
11570
11679
11788
11897
12006
12115
12224
12333
12442
12551
12660
12769
12878
12987
13096
13205
13314
13423
13532
13641
13750
13859
13968
14077
14186
14295
14404
14513
14622
14731
14840
14949
15058
15167
15276
15385
15494
15603
15712
15821
15930
16039
16148
16257
16366
16475
16584
16693
16802
16911
17020
17129
17238
17347
17456
17565
17674
11135
11244
11353
11462
11571
11680
11789
11898
12007
12116
12225
12334
12443
12552
12661
12770
12879
12988
13097
13206
13315
13424
13533
13642
13751
13860
13969
14078
14187
14296
14405
14514
14623
14732
14841
14950
15059
15168
15277
15386
15495
15604
15713
15822
15931
16040
16149
16258
16367
16476
16585
16694
16803
16912
17021
17130
17239
17348
17457
17566
17675
11136
11245
11354
11463
11572
11681
11790
11899
12008
12117
12226
12335
12444
12553
12662
12771
12880
12989
13098
13207
13316
13425
13534
13643
13752
13861
13970
14079
14188
14297
14406
14515
14624
14733
14842
14951
15060
15169
15278
15387
15496
15605
15714
15823
15932
16041
16150
16259
16368
16477
16586
16695
16804
16913
17022
17131
17240
17349
17458
17567
17676
11137
11246
11355
11464
11573
11682
11791
11900
12009
12118
12227
12336
12445
12554
12663
12772
12881
12990
13099
13208
13317
13426
13535
13644
13753
13862
13971
14080
14189
14298
14407
14516
14625
14734
14843
14952
15061
15170
15279
15388
15497
15606
15715
15824
15933
16042
16151
16260
16369
16478
16587
16696
16805
16914
17023
17132
17241
17350
17459
17568
17677
11138
11247
11356
11465
11574
11683
11792
11901
12010
12119
12228
12337
12446
12555
12664
12773
12882
12991
13100
13209
13318
13427
13536
13645
13754
13863
13972
14081
14190
14299
14408
14517
14626
14735
14844
14953
15062
15171
15280
15389
15498
15607
15716
15825
15934
16043
16152
16261
16370
16479
16588
16697
16806
16915
17024
17133
17242
17351
17460
17569
17678
11139
11248
11357
11466
11575
11684
11793
11902
12011
12120
12229
12338
12447
12556
12665
12774
12883
12992
13101
13210
13319
13428
13537
13646
13755
13864
13973
14082
14191
14300
14409
14518
14627
14736
14845
14954
15063
15172
15281
15390
15499
15608
15717
15826
15935
16044
16153
16262
16371
16480
16589
16698
16807
16916
17025
17134
17243
17352
17461
17570
17679
11140
11249
11358
11467
11576
11685
11794
11903
12012
12121
12230
12339
12448
12557
12666
12775
12884
12993
13102
13211
13320
13429
13538
13647
13756
13865
13974
14083
14192
14301
14410
14519
14628
14737
14846
14955
15064
15173
15282
15391
15500
15609
15718
15827
15936
16045
16154
16263
16372
16481
16590
16699
16808
16917
17026
17135
17244
17353
17462
17571
17680
11141
11250
11359
11468
11577
11686
11795
11904
12013
12122
12231
12340
12449
12558
12667
12776
12885
12994
13103
13212
13321
13430
13539
13648
13757
13866
13975
14084
14193
14302
14411
14520
14629
14738
14847
14956
15065
15174
15283
15392
15501
15610
15719
15828
15937
16046
16155
16264
16373
16482
16591
16700
16809
16918
17027
17136
17245
17354
17463
17572
17681
11142
11251
11360
11469
11578
11687
11796
11905
12014
12123
12232
12341
12450
12559
12668
12777
12886
12995
13104
13213
13322
13431
13540
13649
13758
13867
13976
14085
14194
14303
14412
14521
14630
14739
14848
14957
15066
15175
15284
15393
15502
15611
15720
15829
15938
16047
16156
16265
16374
16483
16592
16701
16810
16919
17028
17137
17246
17355
17464
17573
17682
11143
11252
11361
11470
11579
11688
11797
11906
12015
12124
12233
12342
12451
12560
12669
12778
12887
12996
13105
13214
13323
13432
13541
13650
13759
13868
13977
14086
14195
14304
14413
14522
14631
14740
14849
14958
15067
15176
15285
15394
15503
15612
15721
15830
15939
16048
16157
16266
16375
16484
16593
16702
16811
16920
17029
17138
17247
17356
17465
17574
17683
11144
11253
11362
11471
11580
11689
11798
11907
12016
12125
12234
12343
12452
12561
12670
12779
12888
12997
13106
13215
13324
13433
13542
13651
13760
13869
13978
14087
14196
14305
14414
14523
14632
14741
14850
14959
15068
15177
15286
15395
15504
15613
15722
15831
15940
16049
16158
16267
16376
16485
16594
16703
16812
16921
17030
17139
17248
17357
17466
17575
17684
11145
11254
11363
11472
11581
11690
11799
11908
12017
12126
12235
12344
12453
12562
12671
12780
12889
12998
13107
13216
13325
13434
13543
13652
13761
13870
13979
14088
14197
14306
14415
14524
14633
14742
14851
14960
15069
15178
15287
15396
15505
15614
15723
15832
15941
16050
16159
16268
16377
16486
16595
16704
16813
16922
17031
17140
17249
17358
17467
17576
17685
11146
11255
11364
11473
11582
11691
11800
11909
12018
12127
12236
12345
12454
12563
12672
12781
12890
12999
13108
13217
13326
13435
13544
13653
13762
13871
13980
14089
14198
14307
14416
14525
14634
14743
14852
14961
15070
15179
15288
15397
15506
15615
15724
15833
15942
16051
16160
16269
16378
16487
16596
16705
16814
16923
17032
17141
17250
17359
17468
17577
17686
11147
11256
11365
11474
11583
11692
11801
11910
12019
12128
12237
12346
12455
12564
12673
12782
12891
13000
13109
13218
13327
13436
13545
13654
13763
13872
13981
14090
14199
14308
14417
14526
14635
14744
14853
14962
15071
15180
15289
15398
15507
15616
15725
15834
15943
16052
16161
16270
16379
16488
16597
16706
16815
16924
17033
17142
17251
17360
17469
17578
17687
11148
11257
11366
11475
11584
11693
11802
11911
12020
12129
12238
12347
12456
12565
12674
12783
12892
13001
13110
13219
13328
13437
13546
13655
13764
13873
13982
14091
14200
14309
14418
14527
14636
14745
14854
14963
15072
15181
15290
15399
15508
15617
15726
15835
15944
16053
16162
16271
16380
16489
16598
16707
16816
16925
17034
17143
17252
17361
17470
17579
17688
11149
11258
11367
11476
11585
11694
11803
11912
12021
12130
12239
12348
12457
12566
12675
12784
12893
13002
13111
13220
13329
13438
13547
13656
13765
13874
13983
14092
14201
14310
14419
14528
14637
14746
14855
14964
15073
15182
15291
15400
15509
15618
15727
15836
15945
16054
16163
16272
16381
16490
16599
16708
16817
16926
17035
17144
17253
17362
17471
17580
17689
11150
11259
11368
11477
11586
11695
11804
11913
12022
12131
12240
12349
12458
12567
12676
12785
12894
13003
13112
13221
13330
13439
13548
13657
13766
13875
13984
14093
14202
14311
14420
14529
14638
14747
14856
14965
15074
15183
15292
15401
15510
15619
15728
15837
15946
16055
16164
16273
16382
16491
16600
16709
16818
16927
17036
17145
17254
17363
17472
17581
17690
11151
11260
11369
11478
11587
11696
11805
11914
12023
12132
12241
12350
12459
12568
12677
12786
12895
13004
13113
13222
13331
13440
13549
13658
13767
13876
13985
14094
14203
14312
14421
14530
14639
14748
14857
14966
15075
15184
15293
15402
15511
15620
15729
15838
15947
16056
16165
16274
16383
16492
16601
16710
16819
16928
17037
17146
17255
17364
17473
17582
17691
11152
11261
11370
11479
11588
11697
11806
11915
12024
12133
12242
12351
12460
12569
12678
12787
12896
13005
13114
13223
13332
13441
13550
13659
13768
13877
13986
14095
14204
14313
14422
14531
14640
14749
14858
14967
15076
15185
15294
15403
15512
15621
15730
15839
15948
16057
16166
16275
16384
16493
16602
16711
16820
16929
17038
17147
17256
17365
17474
17583
17692
11153
11262
11371
11480
11589
11698
11807
11916
12025
12134
12243
12352
12461
12570
12679
12788
12897
13006
13115
13224
13333
13442
13551
13660
13769
13878
13987
14096
14205
14314
14423
14532
14641
14750
14859
14968
15077
15186
15295
15404
15513
15622
15731
15840
15949
16058
16167
16276
16385
16494
16603
16712
16821
16930
17039
17148
17257
17366
17475
17584
17693
11154
11263
11372
11481
11590
11699
11808
11917
12026
12135
12244
12353
12462
12571
12680
12789
12898
13007
13116
13225
13334
13443
13552
13661
13770
13879
13988
14097
14206
14315
14424
14533
14642
14751
14860
14969
15078
15187
15296
15405
15514
15623
15732
15841
15950
16059
16168
16277
16386
16495
16604
16713
16822
16931
17040
17149
17258
17367
17476
17585
17694
11155
11264
11373
11482
11591
11700
11809
11918
12027
12136
12245
12354
12463
12572
12681
12790
12899
13008
13117
13226
13335
13444
13553
13662
13771
13880
13989
14098
14207
14316
14425
14534
14643
14752
14861
14970
15079
15188
15297
15406
15515
15624
15733
15842
15951
16060
16169
16278
16387
16496
16605
16714
16823
16932
17041
17150
17259
17368
17477
17586
17695
11156
11265
11374
11483
11592
11701
11810
11919
12028
12137
12246
12355
12464
12573
12682
12791
12900
13009
13118
13227
13336
13445
13554
13663
13772
13881
13990
14099
14208
14317
14426
14535
14644
14753
14862
14971
15080
15189
15298
15407
15516
15625
15734
15843
15952
16061
16170
16279
16388
16497
16606
16715
16824
16933
17042
17151
17260
17369
17478
17587
17696
11157
11266
11375
11484
11593
11702
11811
11920
12029
12138
12247
12356
12465
12574
12683
12792
12901
13010
13119
13228
13337
13446
13555
13664
13773
13882
13991
14100
14209
14318
14427
14536
14645
14754
14863
14972
15081
15190
15299
15408
15517
15626
15735
15844
15953
16062
16171
16280
16389
16498
16607
16716
16825
16934
17043
17152
17261
17370
17479
17588
17697
11158
11267
11376
11485
11594
11703
11812
11921
12030
12139
12248
12357
12466
12575
12684
12793
12902
13011
13120
13229
13338
13447
13556
13665
13774
13883
13992
14101
14210
14319
14428
14537
14646
14755
14864
14973
15082
15191
15300
15409
15518
15627
15736
15845
15954
16063
16172
16281
16390
16499
16608
16717
16826
16935
17044
17153
17262
17371
17480
17589
17698
11159
11268
11377
11486
11595
11704
11813
11922
12031
12140
12249
12358
12467
12576
12685
12794
12903
13012
13121
13230
13339
13448
13557
13666
13775
13884
13993
14102
14211
14320
14429
14538
14647
14756
14865
14974
15083
15192
15301
15410
15519
15628
15737
15846
15955
16064
16173
16282
16391
16500
16609
16718
16827
16936
17045
17154
17263
17372
17481
17590
17699
11160
11269
11378
11487
11596
11705
11814
11923
12032
12141
12250
12359
12468
12577
12686
12795
12904
13013
13122
13231
13340
13449
13558
13667
13776
13885
13994
14103
14212
14321
14430
14539
14648
14757
14866
14975
15084
15193
15302
15411
15520
15629
15738
15847
15956
16065
16174
16283
16392
16501
16610
16719
16828
16937
17046
17155
17264
17373
17482
17591
17700
11161
11270
11379
11488
11597
11706
11815
11924
12033
12142
12251
12360
12469
12578
12687
12796
12905
13014
13123
13232
13341
13450
13559
13668
13777
13886
13995
14104
14213
14322
14431
14540
14649
14758
14867
14976
15085
15194
15303
15412
15521
15630
15739
15848
15957
16066
16175
16284
16393
16502
16611
16720
16829
16938
17047
17156
17265
17374
17483
17592
17701
11162
11271
11380
11489
11598
11707
11816
11925
12034
12143
12252
12361
12470
12579
12688
12797
12906
13015
13124
13233
13342
13451
13560
13669
13778
13887
13996
14105
14214
14323
14432
14541
14650
14759
14868
14977
15086
15195
15304
15413
15522
15631
15740
15849
15958
16067
16176
16285
16394
16503
16612
16721
16830
16939
17048
17157
17266
17375
17484
17593
17702
11163
11272
11381
11490
11599
11708
11817
11926
12035
12144
12253
12362
12471
12580
12689
12798
12907
13016
13125
13234
13343
13452
13561
13670
13779
13888
13997
14106
14215
14324
14433
14542
14651
14760
14869
14978
15087
15196
15305
15414
15523
15632
15741
15850
15959
16068
16177
16286
16395
16504
16613
16722
16831
16940
17049
17158
17267
17376
17485
17594
17703
11164
11273
11382
11491
11600
11709
11818
11927
12036
12145
12254
12363
12472
12581
12690
12799
12908
13017
13126
13235
13344
13453
13562
13671
13780
13889
13998
14107
14216
14325
14434
14543
14652
14761
14870
14979
15088
15197
15306
15415
15524
15633
15742
15851
15960
16069
16178
16287
16396
16505
16614
16723
16832
16941
17050
17159
17268
17377
17486
17595
17704
11165
11274
11383
11492
11601
11710
11819
11928
12037
12146
12255
12364
12473
12582
12691
12800
12909
13018
13127
13236
13345
13454
13563
13672
13781
13890
13999
14108
14217
14326
14435
14544
14653
14762
14871
14980
15089
15198
15307
15416
15525
15634
15743
15852
15961
16070
16179
16288
16397
16506
16615
16724
16833
16942
17051
17160
17269
17378
17487
17596
17705
11166
11275
11384
11493
11602
11711
11820
11929
12038
12147
12256
12365
12474
12583
12692
12801
12910
13019
13128
13237
13346
13455
13564
13673
13782
13891
14000
14109
14218
14327
14436
14545
14654
14763
14872
14981
15090
15199
15308
15417
15526
15635
15744
15853
15962
16071
16180
16289
16398
16507
16616
16725
16834
16943
17052
17161
17270
17379
17488
17597
17706
11167
11276
11385
11494
11603
11712
11821
11930
12039
12148
12257
12366
12475
12584
12693
12802
12911
13020
13129
13238
13347
13456
13565
13674
13783
13892
14001
14110
14219
14328
14437
14546
14655
14764
14873
14982
15091
15200
15309
15418
15527
15636
15745
15854
15963
16072
16181
16290
16399
16508
16617
16726
16835
16944
17053
17162
17271
17380
17489
17598
17707
11168
11277
11386
11495
11604
11713
11822
11931
12040
12149
12258
12367
12476
12585
12694
12803
12912
13021
13130
13239
13348
13457
13566
13675
13784
13893
14002
14111
14220
14329
14438
14547
14656
14765
14874
14983
15092
15201
15310
15419
15528
15637
15746
15855
15964
16073
16182
16291
16400
16509
16618
16727
16836
16945
17054
17163
17272
17381
17490
17599
17708
11169
11278
11387
11496
11605
11714
11823
11932
12041
12150
12259
12368
12477
12586
12695
12804
12913
13022
13131
13240
13349
13458
13567
13676
13785
13894
14003
14112
14221
14330
14439
14548
14657
14766
14875
14984
15093
15202
15311
15420
15529
15638
15747
15856
15965
16074
16183
16292
16401
16510
16619
16728
16837
16946
17055
17164
17273
17382
17491
17600
17709
11170
11279
11388
11497
11606
11715
11824
11933
12042
12151
12260
12369
12478
12587
12696
12805
12914
13023
13132
13241
13350
13459
13568
13677
13786
13895
14004
14113
14222
14331
14440
14549
14658
14767
14876
14985
15094
15203
15312
15421
15530
15639
15748
15857
15966
16075
16184
16293
16402
16511
16620
16729
16838
16947
17056
17165
17274
17383
17492
17601
17710
11171
11280
11389
11498
11607
11716
11825
11934
12043
12152
12261
12370
12479
12588
12697
12806
12915
13024
13133
13242
13351
13460
13569
13678
13787
13896
14005
14114
14223
14332
14441
14550
14659
14768
14877
14986
15095
15204
15313
15422
15531
15640
15749
15858
15967
16076
16185
16294
16403
16512
16621
16730
16839
16948
17057
17166
17275
17384
17493
17602
17711
11172
11281
11390
11499
11608
11717
11826
11935
12044
12153
12262
12371
12480
12589
12698
12807
12916
13025
13134
13243
13352
13461
13570
13679
13788
13897
14006
14115
14224
14333
14442
14551
14660
14769
14878
14987
15096
15205
15314
15423
15532
15641
15750
15859
15968
16077
16186
16295
16404
16513
16622
16731
16840
16949
17058
17167
17276
17385
17494
17603
17712
11173
11282
11391
11500
11609
11718
11827
11936
12045
12154
12263
12372
12481
12590
12699
12808
12917
13026
13135
13244
13353
13462
13571
13680
13789
13898
14007
14116
14225
14334
14443
14552
14661
14770
14879
14988
15097
15206
15315
15424
15533
15642
15751
15860
15969
16078
16187
16296
16405
16514
16623
16732
16841
16950
17059
17168
17277
17386
17495
17604
17713
11174
11283
11392
11501
11610
11719
11828
11937
12046
12155
12264
12373
12482
12591
12700
12809
12918
13027
13136
13245
13354
13463
13572
13681
13790
13899
14008
14117
14226
14335
14444
14553
14662
14771
14880
14989
15098
15207
15316
15425
15534
15643
15752
15861
15970
16079
16188
16297
16406
16515
16624
16733
16842
16951
17060
17169
17278
17387
17496
17605
17714
11175
11284
11393
11502
11611
11720
11829
11938
12047
12156
12265
12374
12483
12592
12701
12810
12919
13028
13137
13246
13355
13464
13573
13682
13791
13900
14009
14118
14227
14336
14445
14554
14663
14772
14881
14990
15099
15208
15317
15426
15535
15644
15753
15862
15971
16080
16189
16298
16407
16516
16625
16734
16843
16952
17061
17170
17279
17388
17497
17606
17715
11176
11285
11394
11503
11612
11721
11830
11939
12048
12157
12266
12375
12484
12593
12702
12811
12920
13029
13138
13247
13356
13465
13574
13683
13792
13901
14010
14119
14228
14337
14446
14555
14664
14773
14882
14991
15100
15209
15318
15427
15536
15645
15754
15863
15972
16081
16190
16299
16408
16517
16626
16735
16844
16953
17062
17171
17280
17389
17498
17607
17716
11177
11286
11395
11504
11613
11722
11831
11940
12049
12158
12267
12376
12485
12594
12703
12812
12921
13030
13139
13248
13357
13466
13575
13684
13793
13902
14011
14120
14229
14338
14447
14556
14665
14774
14883
14992
15101
15210
15319
15428
15537
15646
15755
15864
15973
16082
16191
16300
16409
16518
16627
16736
16845
16954
17063
17172
17281
17390
17499
17608
17717
11178
11287
11396
11505
11614
11723
11832
11941
12050
12159
12268
12377
12486
12595
12704
12813
12922
13031
13140
13249
13358
13467
13576
13685
13794
13903
14012
14121
14230
14339
14448
14557
14666
14775
14884
14993
15102
15211
15320
15429
15538
15647
15756
15865
15974
16083
16192
16301
16410
16519
16628
16737
16846
16955
17064
17173
17282
17391
17500
17609
17718
11179
11288
11397
11506
11615
11724
11833
11942
12051
12160
12269
12378
12487
12596
12705
12814
12923
13032
13141
13250
13359
13468
13577
13686
13795
13904
14013
14122
14231
14340
14449
14558
14667
14776
14885
14994
15103
15212
15321
15430
15539
15648
15757
15866
15975
16084
16193
16302
16411
16520
16629
16738
16847
16956
17065
17174
17283
17392
17501
17610
17719
11180
11289
11398
11507
11616
11725
11834
11943
12052
12161
12270
12379
12488
12597
12706
12815
12924
13033
13142
13251
13360
13469
13578
13687
13796
13905
14014
14123
14232
14341
14450
14559
14668
14777
14886
14995
15104
15213
15322
15431
15540
15649
15758
15867
15976
16085
16194
16303
16412
16521
16630
16739
16848
16957
17066
17175
17284
17393
17502
17611
17720
11181
11290
11399
11508
11617
11726
11835
11944
12053
12162
12271
12380
12489
12598
12707
12816
12925
13034
13143
13252
13361
13470
13579
13688
13797
13906
14015
14124
14233
14342
14451
14560
14669
14778
14887
14996
15105
15214
15323
15432
15541
15650
15759
15868
15977
16086
16195
16304
16413
16522
16631
16740
16849
16958
17067
17176
17285
17394
17503
17612
17721
11182
11291
11400
11509
11618
11727
11836
11945
12054
12163
12272
12381
12490
12599
12708
12817
12926
13035
13144
13253
13362
13471
13580
13689
13798
13907
14016
14125
14234
14343
14452
14561
14670
14779
14888
14997
15106
15215
15324
15433
15542
15651
15760
15869
15978
16087
16196
16305
16414
16523
16632
16741
16850
16959
17068
17177
17286
17395
17504
17613
17722
11183
11292
11401
11510
11619
11728
11837
11946
12055
12164
12273
12382
12491
12600
12709
12818
12927
13036
13145
13254
13363
13472
13581
13690
13799
13908
14017
14126
14235
14344
14453
14562
14671
14780
14889
14998
15107
15216
15325
15434
15543
15652
15761
15870
15979
16088
16197
16306
16415
16524
16633
16742
16851
16960
17069
17178
17287
17396
17505
17614
17723
11184
11293
11402
11511
11620
11729
11838
11947
12056
12165
12274
12383
12492
12601
12710
12819
12928
13037
13146
13255
13364
13473
13582
13691
13800
13909
14018
14127
14236
14345
14454
14563
14672
14781
14890
14999
15108
15217
15326
15435
15544
15653
15762
15871
15980
16089
16198
16307
16416
16525
16634
16743
16852
16961
17070
17179
17288
17397
17506
17615
17724
11185
11294
11403
11512
11621
11730
11839
11948
12057
12166
12275
12384
12493
12602
12711
12820
12929
13038
13147
13256
13365
13474
13583
13692
13801
13910
14019
14128
14237
14346
14455
14564
14673
14782
14891
15000
15109
15218
15327
15436
15545
15654
15763
15872
15981
16090
16199
16308
16417
16526
16635
16744
16853
16962
17071
17180
17289
17398
17507
17616
17725
11186
11295
11404
11513
11622
11731
11840
11949
12058
12167
12276
12385
12494
12603
12712
12821
12930
13039
13148
13257
13366
13475
13584
13693
13802
13911
14020
14129
14238
14347
14456
14565
14674
14783
14892
15001
15110
15219
15328
15437
15546
15655
15764
15873
15982
16091
16200
16309
16418
16527
16636
16745
16854
16963
17072
17181
17290
17399
17508
17617
17726
11187
11296
11405
11514
11623
11732
11841
11950
12059
12168
12277
12386
12495
12604
12713
12822
12931
13040
13149
13258
13367
13476
13585
13694
13803
13912
14021
14130
14239
14348
14457
14566
14675
14784
14893
15002
15111
15220
15329
15438
15547
15656
15765
15874
15983
16092
16201
16310
16419
16528
16637
16746
16855
16964
17073
17182
17291
17400
17509
17618
17727
11188
11297
11406
11515
11624
11733
11842
11951
12060
12169
12278
12387
12496
12605
12714
12823
12932
13041
13150
13259
13368
13477
13586
13695
13804
13913
14022
14131
14240
14349
14458
14567
14676
14785
14894
15003
15112
15221
15330
15439
15548
15657
15766
15875
15984
16093
16202
16311
16420
16529
16638
16747
16856
16965
17074
17183
17292
17401
17510
17619
17728
11189
11298
11407
11516
11625
11734
11843
11952
12061
12170
12279
12388
12497
12606
12715
12824
12933
13042
13151
13260
13369
13478
13587
13696
13805
13914
14023
14132
14241
14350
14459
14568
14677
14786
14895
15004
15113
15222
15331
15440
15549
15658
15767
15876
15985
16094
16203
16312
16421
16530
16639
16748
16857
16966
17075
17184
17293
17402
17511
17620
17729
11190
11299
11408
11517
11626
11735
11844
11953
12062
12171
12280
12389
12498
12607
12716
12825
12934
13043
13152
13261
13370
13479
13588
13697
13806
13915
14024
14133
14242
14351
14460
14569
14678
14787
14896
15005
15114
15223
15332
15441
15550
15659
15768
15877
15986
16095
16204
16313
16422
16531
16640
16749
16858
16967
17076
17185
17294
17403
17512
17621
17730
11191
11300
11409
11518
11627
11736
11845
11954
12063
12172
12281
12390
12499
12608
12717
12826
12935
13044
13153
13262
13371
13480
13589
13698
13807
13916
14025
14134
14243
14352
14461
14570
14679
14788
14897
15006
15115
15224
15333
15442
15551
15660
15769
15878
15987
16096
16205
16314
16423
16532
16641
16750
16859
16968
17077
17186
17295
17404
17513
17622
17731
11192
11301
11410
11519
11628
11737
11846
11955
12064
12173
12282
12391
12500
12609
12718
12827
12936
13045
13154
13263
13372
13481
13590
13699
13808
13917
14026
14135
14244
14353
14462
14571
14680
14789
14898
15007
15116
15225
15334
15443
15552
15661
15770
15879
15988
16097
16206
16315
16424
16533
16642
16751
16860
16969
17078
17187
17296
17405
17514
17623
17732
11193
11302
11411
11520
11629
11738
11847
11956
12065
12174
12283
12392
12501
12610
12719
12828
12937
13046
13155
13264
13373
13482
13591
13700
13809
13918
14027
14136
14245
14354
14463
14572
14681
14790
14899
15008
15117
15226
15335
15444
15553
15662
15771
15880
15989
16098
16207
16316
16425
16534
16643
16752
16861
16970
17079
17188
17297
17406
17515
17624
17733
11194
11303
11412
11521
11630
11739
11848
11957
12066
12175
12284
12393
12502
12611
12720
12829
12938
13047
13156
13265
13374
13483
13592
13701
13810
13919
14028
14137
14246
14355
14464
14573
14682
14791
14900
15009
15118
15227
15336
15445
15554
15663
15772
15881
15990
16099
16208
16317
16426
16535
16644
16753
16862
16971
17080
17189
17298
17407
17516
17625
17734
11195
11304
11413
11522
11631
11740
11849
11958
12067
12176
12285
12394
12503
12612
12721
12830
12939
13048
13157
13266
13375
13484
13593
13702
13811
13920
14029
14138
14247
14356
14465
14574
14683
14792
14901
15010
15119
15228
15337
15446
15555
15664
15773
15882
15991
16100
16209
16318
16427
16536
16645
16754
16863
16972
17081
17190
17299
17408
17517
17626
17735
11196
11305
11414
11523
11632
11741
11850
11959
12068
12177
12286
12395
12504
12613
12722
12831
12940
13049
13158
13267
13376
13485
13594
13703
13812
13921
14030
14139
14248
14357
14466
14575
14684
14793
14902
15011
15120
15229
15338
15447
15556
15665
15774
15883
15992
16101
16210
16319
16428
16537
16646
16755
16864
16973
17082
17191
17300
17409
17518
17627
17736
11197
11306
11415
11524
11633
11742
11851
11960
12069
12178
12287
12396
12505
12614
12723
12832
12941
13050
13159
13268
13377
13486
13595
13704
13813
13922
14031
14140
14249
14358
14467
14576
14685
14794
14903
15012
15121
15230
15339
15448
15557
15666
15775
15884
15993
16102
16211
16320
16429
16538
16647
16756
16865
16974
17083
17192
17301
17410
17519
17628
17737
11198
11307
11416
11525
11634
11743
11852
11961
12070
12179
12288
12397
12506
12615
12724
12833
12942
13051
13160
13269
13378
13487
13596
13705
13814
13923
14032
14141
14250
14359
14468
14577
14686
14795
14904
15013
15122
15231
15340
15449
15558
15667
15776
15885
15994
16103
16212
16321
16430
16539
16648
16757
16866
16975
17084
17193
17302
17411
17520
17629
17738
11199
11308
11417
11526
11635
11744
11853
11962
12071
12180
12289
12398
12507
12616
12725
12834
12943
13052
13161
13270
13379
13488
13597
13706
13815
13924
14033
14142
14251
14360
14469
14578
14687
14796
14905
15014
15123
15232
15341
15450
15559
15668
15777
15886
15995
16104
16213
16322
16431
16540
16649
16758
16867
16976
17085
17194
17303
17412
17521
17630
17739
11200
11309
11418
11527
11636
11745
11854
11963
12072
12181
12290
12399
12508
12617
12726
12835
12944
13053
13162
13271
13380
13489
13598
13707
13816
13925
14034
14143
14252
14361
14470
14579
14688
14797
14906
15015
15124
15233
15342
15451
15560
15669
15778
15887
15996
16105
16214
16323
16432
16541
16650
16759
16868
16977
17086
17195
17304
17413
17522
17631
17740
11201
11310
11419
11528
11637
11746
11855
11964
12073
12182
12291
12400
12509
12618
12727
12836
12945
13054
13163
13272
13381
13490
13599
13708
13817
13926
14035
14144
14253
14362
14471
14580
14689
14798
14907
15016
15125
15234
15343
15452
15561
15670
15779
15888
15997
16106
16215
16324
16433
16542
16651
16760
16869
16978
17087
17196
17305
17414
17523
17632
17741
11202
11311
11420
11529
11638
11747
11856
11965
12074
12183
12292
12401
12510
12619
12728
12837
12946
13055
13164
13273
13382
13491
13600
13709
13818
13927
14036
14145
14254
14363
14472
14581
14690
14799
14908
15017
15126
15235
15344
15453
15562
15671
15780
15889
15998
16107
16216
16325
16434
16543
16652
16761
16870
16979
17088
17197
17306
17415
17524
17633
17742
11203
11312
11421
11530
11639
11748
11857
11966
12075
12184
12293
12402
12511
12620
12729
12838
12947
13056
13165
13274
13383
13492
13601
13710
13819
13928
14037
14146
14255
14364
14473
14582
14691
14800
14909
15018
15127
15236
15345
15454
15563
15672
15781
15890
15999
16108
16217
16326
16435
16544
16653
16762
16871
16980
17089
17198
17307
17416
17525
17634
17743
11204
11313
11422
11531
11640
11749
11858
11967
12076
12185
12294
12403
12512
12621
12730
12839
12948
13057
13166
13275
13384
13493
13602
13711
13820
13929
14038
14147
14256
14365
14474
14583
14692
14801
14910
15019
15128
15237
15346
15455
15564
15673
15782
15891
16000
16109
16218
16327
16436
16545
16654
16763
16872
16981
17090
17199
17308
17417
17526
17635
17744
11205
11314
11423
11532
11641
11750
11859
11968
12077
12186
12295
12404
12513
12622
12731
12840
12949
13058
13167
13276
13385
13494
13603
13712
13821
13930
14039
14148
14257
14366
14475
14584
14693
14802
14911
15020
15129
15238
15347
15456
15565
15674
15783
15892
16001
16110
16219
16328
16437
16546
16655
16764
16873
16982
17091
17200
17309
17418
17527
17636
17745
11206
11315
11424
11533
11642
11751
11860
11969
12078
12187
12296
12405
12514
12623
12732
12841
12950
13059
13168
13277
13386
13495
13604
13713
13822
13931
14040
14149
14258
14367
14476
14585
14694
14803
14912
15021
15130
15239
15348
15457
15566
15675
15784
15893
16002
16111
16220
16329
16438
16547
16656
16765
16874
16983
17092
17201
17310
17419
17528
17637
17746
11207
11316
11425
11534
11643
11752
11861
11970
12079
12188
12297
12406
12515
12624
12733
12842
12951
13060
13169
13278
13387
13496
13605
13714
13823
13932
14041
14150
14259
14368
14477
14586
14695
14804
14913
15022
15131
15240
15349
15458
15567
15676
15785
15894
16003
16112
16221
16330
16439
16548
16657
16766
16875
16984
17093
17202
17311
17420
17529
17638
17747
11208
11317
11426
11535
11644
11753
11862
11971
12080
12189
12298
12407
12516
12625
12734
12843
12952
13061
13170
13279
13388
13497
13606
13715
13824
13933
14042
14151
14260
14369
14478
14587
14696
14805
14914
15023
15132
15241
15350
15459
15568
15677
15786
15895
16004
16113
16222
16331
16440
16549
16658
16767
16876
16985
17094
17203
17312
17421
17530
17639
17748
11209
11318
11427
11536
11645
11754
11863
11972
12081
12190
12299
12408
12517
12626
12735
12844
12953
13062
13171
13280
13389
13498
13607
13716
13825
13934
14043
14152
14261
14370
14479
14588
14697
14806
14915
15024
15133
15242
15351
15460
15569
15678
15787
15896
16005
16114
16223
16332
16441
16550
16659
16768
16877
16986
17095
17204
17313
17422
17531
17640
17749
11210
11319
11428
11537
11646
11755
11864
11973
12082
12191
12300
12409
12518
12627
12736
12845
12954
13063
13172
13281
13390
13499
13608
13717
13826
13935
14044
14153
14262
14371
14480
14589
14698
14807
14916
15025
15134
15243
15352
15461
15570
15679
15788
15897
16006
16115
16224
16333
16442
16551
16660
16769
16878
16987
17096
17205
17314
17423
17532
17641
17750
11211
11320
11429
11538
11647
11756
11865
11974
12083
12192
12301
12410
12519
12628
12737
12846
12955
13064
13173
13282
13391
13500
13609
13718
13827
13936
14045
14154
14263
14372
14481
14590
14699
14808
14917
15026
15135
15244
15353
15462
15571
15680
15789
15898
16007
16116
16225
16334
16443
16552
16661
16770
16879
16988
17097
17206
17315
17424
17533
17642
17751
11212
11321
11430
11539
11648
11757
11866
11975
12084
12193
12302
12411
12520
12629
12738
12847
12956
13065
13174
13283
13392
13501
13610
13719
13828
13937
14046
14155
14264
14373
14482
14591
14700
14809
14918
15027
15136
15245
15354
15463
15572
15681
15790
15899
16008
16117
16226
16335
16444
16553
16662
16771
16880
16989
17098
17207
17316
17425
17534
17643
17752
11213
11322
11431
11540
11649
11758
11867
11976
12085
12194
12303
12412
12521
12630
12739
12848
12957
13066
13175
13284
13393
13502
13611
13720
13829
13938
14047
14156
14265
14374
14483
14592
14701
14810
14919
15028
15137
15246
15355
15464
15573
15682
15791
15900
16009
16118
16227
16336
16445
16554
16663
16772
16881
16990
17099
17208
17317
17426
17535
17644
17753
11214
11323
11432
11541
11650
11759
11868
11977
12086
12195
12304
12413
12522
12631
12740
12849
12958
13067
13176
13285
13394
13503
13612
13721
13830
13939
14048
14157
14266
14375
14484
14593
14702
14811
14920
15029
15138
15247
15356
15465
15574
15683
15792
15901
16010
16119
16228
16337
16446
16555
16664
16773
16882
16991
17100
17209
17318
17427
17536
17645
17754
11215
11324
11433
11542
11651
11760
11869
11978
12087
12196
12305
12414
12523
12632
12741
12850
12959
13068
13177
13286
13395
13504
13613
13722
13831
13940
14049
14158
14267
14376
14485
14594
14703
14812
14921
15030
15139
15248
15357
15466
15575
15684
15793
15902
16011
16120
16229
16338
16447
16556
16665
16774
16883
16992
17101
17210
17319
17428
17537
17646
17755
11216
11325
11434
11543
11652
11761
11870
11979
12088
12197
12306
12415
12524
12633
12742
12851
12960
13069
13178
13287
13396
13505
13614
13723
13832
13941
14050
14159
14268
14377
14486
14595
14704
14813
14922
15031
15140
15249
15358
15467
15576
15685
15794
15903
16012
16121
16230
16339
16448
16557
16666
16775
16884
16993
17102
17211
17320
17429
17538
17647
17756
11217
11326
11435
11544
11653
11762
11871
11980
12089
12198
12307
12416
12525
12634
12743
12852
12961
13070
13179
13288
13397
13506
13615
13724
13833
13942
14051
14160
14269
14378
14487
14596
14705
14814
14923
15032
15141
15250
15359
15468
15577
15686
15795
15904
16013
16122
16231
16340
16449
16558
16667
16776
16885
16994
17103
17212
17321
17430
17539
17648
17757
11218
11327
11436
11545
11654
11763
11872
11981
12090
12199
12308
12417
12526
12635
12744
12853
12962
13071
13180
13289
13398
13507
13616
13725
13834
13943
14052
14161
14270
14379
14488
14597
14706
14815
14924
15033
15142
15251
15360
15469
15578
15687
15796
15905
16014
16123
16232
16341
16450
16559
16668
16777
16886
16995
17104
17213
17322
17431
17540
17649
17758
11219
11328
11437
11546
11655
11764
11873
11982
12091
12200
12309
12418
12527
12636
12745
12854
12963
13072
13181
13290
13399
13508
13617
13726
13835
13944
14053
14162
14271
14380
14489
14598
14707
14816
14925
15034
15143
15252
15361
15470
15579
15688
15797
15906
16015
16124
16233
16342
16451
16560
16669
16778
16887
16996
17105
17214
17323
17432
17541
17650
17759
11220
11329
11438
11547
11656
11765
11874
11983
12092
12201
12310
12419
12528
12637
12746
12855
12964
13073
13182
13291
13400
13509
13618
13727
13836
13945
14054
14163
14272
14381
14490
14599
14708
14817
14926
15035
15144
15253
15362
15471
15580
15689
15798
15907
16016
16125
16234
16343
16452
16561
16670
16779
16888
16997
17106
17215
17324
17433
17542
17651
17760
11221
11330
11439
11548
11657
11766
11875
11984
12093
12202
12311
12420
12529
12638
12747
12856
12965
13074
13183
13292
13401
13510
13619
13728
13837
13946
14055
14164
14273
14382
14491
14600
14709
14818
14927
15036
15145
15254
15363
15472
15581
15690
15799
15908
16017
16126
16235
16344
16453
16562
16671
16780
16889
16998
17107
17216
17325
17434
17543
17652
17761
11222
11331
11440
11549
11658
11767
11876
11985
12094
12203
12312
12421
12530
12639
12748
12857
12966
13075
13184
13293
13402
13511
13620
13729
13838
13947
14056
14165
14274
14383
14492
14601
14710
14819
14928
15037
15146
15255
15364
15473
15582
15691
15800
15909
16018
16127
16236
16345
16454
16563
16672
16781
16890
16999
17108
17217
17326
17435
17544
17653
17762
11223
11332
11441
11550
11659
11768
11877
11986
12095
12204
12313
12422
12531
12640
12749
12858
12967
13076
13185
13294
13403
13512
13621
13730
13839
13948
14057
14166
14275
14384
14493
14602
14711
14820
14929
15038
15147
15256
15365
15474
15583
15692
15801
15910
16019
16128
16237
16346
16455
16564
16673
16782
16891
17000
17109
17218
17327
17436
17545
17654
17763
11224
11333
11442
11551
11660
11769
11878
11987
12096
12205
12314
12423
12532
12641
12750
12859
12968
13077
13186
13295
13404
13513
13622
13731
13840
13949
14058
14167
14276
14385
14494
14603
14712
14821
14930
15039
15148
15257
15366
15475
15584
15693
15802
15911
16020
16129
16238
16347
16456
16565
16674
16783
16892
17001
17110
17219
17328
17437
17546
17655
17764
11225
11334
11443
11552
11661
11770
11879
11988
12097
12206
12315
12424
12533
12642
12751
12860
12969
13078
13187
13296
13405
13514
13623
13732
13841
13950
14059
14168
14277
14386
14495
14604
14713
14822
14931
15040
15149
15258
15367
15476
15585
15694
15803
15912
16021
16130
16239
16348
16457
16566
16675
16784
16893
17002
17111
17220
17329
17438
17547
17656
17765
11226
11335
11444
11553
11662
11771
11880
11989
12098
12207
12316
12425
12534
12643
12752
12861
12970
13079
13188
13297
13406
13515
13624
13733
13842
13951
14060
14169
14278
14387
14496
14605
14714
14823
14932
15041
15150
15259
15368
15477
15586
15695
15804
15913
16022
16131
16240
16349
16458
16567
16676
16785
16894
17003
17112
17221
17330
17439
17548
17657
17766
11227
11336
11445
11554
11663
11772
11881
11990
12099
12208
12317
12426
12535
12644
12753
12862
12971
13080
13189
13298
13407
13516
13625
13734
13843
13952
14061
14170
14279
14388
14497
14606
14715
14824
14933
15042
15151
15260
15369
15478
15587
15696
15805
15914
16023
16132
16241
16350
16459
16568
16677
16786
16895
17004
17113
17222
17331
17440
17549
17658
17767
11228
11337
11446
11555
11664
11773
11882
11991
12100
12209
12318
12427
12536
12645
12754
12863
12972
13081
13190
13299
13408
13517
13626
13735
13844
13953
14062
14171
14280
14389
14498
14607
14716
14825
14934
15043
15152
15261
15370
15479
15588
15697
15806
15915
16024
16133
16242
16351
16460
16569
16678
16787
16896
17005
17114
17223
17332
17441
17550
17659
17768
11229
11338
11447
11556
11665
11774
11883
11992
12101
12210
12319
12428
12537
12646
12755
12864
12973
13082
13191
13300
13409
13518
13627
13736
13845
13954
14063
14172
14281
14390
14499
14608
14717
14826
14935
15044
15153
15262
15371
15480
15589
15698
15807
15916
16025
16134
16243
16352
16461
16570
16679
16788
16897
17006
17115
17224
17333
17442
17551
17660
17769
11230
11339
11448
11557
11666
11775
11884
11993
12102
12211
12320
12429
12538
12647
12756
12865
12974
13083
13192
13301
13410
13519
13628
13737
13846
13955
14064
14173
14282
14391
14500
14609
14718
14827
14936
15045
15154
15263
15372
15481
15590
15699
15808
15917
16026
16135
16244
16353
16462
16571
16680
16789
16898
17007
17116
17225
17334
17443
17552
17661
17770
11231
11340
11449
11558
11667
11776
11885
11994
12103
12212
12321
12430
12539
12648
12757
12866
12975
13084
13193
13302
13411
13520
13629
13738
13847
13956
14065
14174
14283
14392
14501
14610
14719
14828
14937
15046
15155
15264
15373
15482
15591
15700
15809
15918
16027
16136
16245
16354
16463
16572
16681
16790
16899
17008
17117
17226
17335
17444
17553
17662
17771
11232
11341
11450
11559
11668
11777
11886
11995
12104
12213
12322
12431
12540
12649
12758
12867
12976
13085
13194
13303
13412
13521
13630
13739
13848
13957
14066
14175
14284
14393
14502
14611
14720
14829
14938
15047
15156
15265
15374
15483
15592
15701
15810
15919
16028
16137
16246
16355
16464
16573
16682
16791
16900
17009
17118
17227
17336
17445
17554
17663
17772
11233
11342
11451
11560
11669
11778
11887
11996
12105
12214
12323
12432
12541
12650
12759
12868
12977
13086
13195
13304
13413
13522
13631
13740
13849
13958
14067
14176
14285
14394
14503
14612
14721
14830
14939
15048
15157
15266
15375
15484
15593
15702
15811
15920
16029
16138
16247
16356
16465
16574
16683
16792
16901
17010
17119
17228
17337
17446
17555
17664
17773
11234
11343
11452
11561
11670
11779
11888
11997
12106
12215
12324
12433
12542
12651
12760
12869
12978
13087
13196
13305
13414
13523
13632
13741
13850
13959
14068
14177
14286
14395
14504
14613
14722
14831
14940
15049
15158
15267
15376
15485
15594
15703
15812
15921
16030
16139
16248
16357
16466
16575
16684
16793
16902
17011
17120
17229
17338
17447
17556
17665
17774
11235
11344
11453
11562
11671
11780
11889
11998
12107
12216
12325
12434
12543
12652
12761
12870
12979
13088
13197
13306
13415
13524
13633
13742
13851
13960
14069
14178
14287
14396
14505
14614
14723
14832
14941
15050
15159
15268
15377
15486
15595
15704
15813
15922
16031
16140
16249
16358
16467
16576
16685
16794
16903
17012
17121
17230
17339
17448
17557
17666
17775
11236
11345
11454
11563
11672
11781
11890
11999
12108
12217
12326
12435
12544
12653
12762
12871
12980
13089
13198
13307
13416
13525
13634
13743
13852
13961
14070
14179
14288
14397
14506
14615
14724
14833
14942
15051
15160
15269
15378
15487
15596
15705
15814
15923
16032
16141
16250
16359
16468
16577
16686
16795
16904
17013
17122
17231
17340
17449
17558
17667
17776
11237
11346
11455
11564
11673
11782
11891
12000
12109
12218
12327
12436
12545
12654
12763
12872
12981
13090
13199
13308
13417
13526
13635
13744
13853
13962
14071
14180
14289
14398
14507
14616
14725
14834
14943
15052
15161
15270
15379
15488
15597
15706
15815
15924
16033
16142
16251
16360
16469
16578
16687
16796
16905
17014
17123
17232
17341
17450
17559
17668
17777
11238
11347
11456
11565
11674
11783
11892
12001
12110
12219
12328
12437
12546
12655
12764
12873
12982
13091
13200
13309
13418
13527
13636
13745
13854
13963
14072
14181
14290
14399
14508
14617
14726
14835
14944
15053
15162
15271
15380
15489
15598
15707
15816
15925
16034
16143
16252
16361
16470
16579
16688
16797
16906
17015
17124
17233
17342
17451
17560
17669
17778
10149
10258
10367
10476
10585
10694
10803
10912
11021
10150
10259
10368
10477
10586
10695
10804
10913
11022
10151
10260
10369
10478
10587
10696
10805
10914
11023
10152
10261
10370
10479
10588
10697
10806
10915
11024
10153
10262
10371
10480
10589
10698
10807
10916
11025
10154
10263
10372
10481
10590
10699
10808
10917
11026
10155
10264
10373
10482
10591
10700
10809
10918
11027
10156
10265
10374
10483
10592
10701
10810
10919
11028
10157
10266
10375
10484
10593
10702
10811
10920
11029
10158
10267
10376
10485
10594
10703
10812
10921
11030
10159
10268
10377
10486
10595
10704
10813
10922
11031
10160
10269
10378
10487
10596
10705
10814
10923
11032
10161
10270
10379
10488
10597
10706
10815
10924
11033
10162
10271
10380
10489
10598
10707
10816
10925
11034
10163
10272
10381
10490
10599
10708
10817
10926
11035
10164
10273
10382
10491
10600
10709
10818
10927
11036
10165
10274
10383
10492
10601
10710
10819
10928
11037
10166
10275
10384
10493
10602
10711
10820
10929
11038
10167
10276
10385
10494
10603
10712
10821
10930
11039
10168
10277
10386
10495
10604
10713
10822
10931
11040
10169
10278
10387
10496
10605
10714
10823
10932
11041
10170
10279
10388
10497
10606
10715
10824
10933
11042
10171
10280
10389
10498
10607
10716
10825
10934
11043
10172
10281
10390
10499
10608
10717
10826
10935
11044
10173
10282
10391
10500
10609
10718
10827
10936
11045
10174
10283
10392
10501
10610
10719
10828
10937
11046
10175
10284
10393
10502
10611
10720
10829
10938
11047
10176
10285
10394
10503
10612
10721
10830
10939
11048
10177
10286
10395
10504
10613
10722
10831
10940
11049
10178
10287
10396
10505
10614
10723
10832
10941
11050
10179
10288
10397
10506
10615
10724
10833
10942
11051
10180
10289
10398
10507
10616
10725
10834
10943
11052
10181
10290
10399
10508
10617
10726
10835
10944
11053
10182
10291
10400
10509
10618
10727
10836
10945
11054
10183
10292
10401
10510
10619
10728
10837
10946
11055
10184
10293
10402
10511
10620
10729
10838
10947
11056
10185
10294
10403
10512
10621
10730
10839
10948
11057
10186
10295
10404
10513
10622
10731
10840
10949
11058
10187
10296
10405
10514
10623
10732
10841
10950
11059
10188
10297
10406
10515
10624
10733
10842
10951
11060
10189
10298
10407
10516
10625
10734
10843
10952
11061
10190
10299
10408
10517
10626
10735
10844
10953
11062
10191
10300
10409
10518
10627
10736
10845
10954
11063
10192
10301
10410
10519
10628
10737
10846
10955
11064
10193
10302
10411
10520
10629
10738
10847
10956
11065
10194
10303
10412
10521
10630
10739
10848
10957
11066
10195
10304
10413
10522
10631
10740
10849
10958
11067
10196
10305
10414
10523
10632
10741
10850
10959
11068
10197
10306
10415
10524
10633
10742
10851
10960
11069
10198
10307
10416
10525
10634
10743
10852
10961
11070
10199
10308
10417
10526
10635
10744
10853
10962
11071
10200
10309
10418
10527
10636
10745
10854
10963
11072
10201
10310
10419
10528
10637
10746
10855
10964
11073
10202
10311
10420
10529
10638
10747
10856
10965
11074
10203
10312
10421
10530
10639
10748
10857
10966
11075
10204
10313
10422
10531
10640
10749
10858
10967
11076
10205
10314
10423
10532
10641
10750
10859
10968
11077
10206
10315
10424
10533
10642
10751
10860
10969
11078
10207
10316
10425
10534
10643
10752
10861
10970
11079
10208
10317
10426
10535
10644
10753
10862
10971
11080
10209
10318
10427
10536
10645
10754
10863
10972
11081
10210
10319
10428
10537
10646
10755
10864
10973
11082
10211
10320
10429
10538
10647
10756
10865
10974
11083
10212
10321
10430
10539
10648
10757
10866
10975
11084
10213
10322
10431
10540
10649
10758
10867
10976
11085
10214
10323
10432
10541
10650
10759
10868
10977
11086
10215
10324
10433
10542
10651
10760
10869
10978
11087
10216
10325
10434
10543
10652
10761
10870
10979
11088
10217
10326
10435
10544
10653
10762
10871
10980
11089
10218
10327
10436
10545
10654
10763
10872
10981
11090
10219
10328
10437
10546
10655
10764
10873
10982
11091
10220
10329
10438
10547
10656
10765
10874
10983
11092
10221
10330
10439
10548
10657
10766
10875
10984
11093
10222
10331
10440
10549
10658
10767
10876
10985
11094
10223
10332
10441
10550
10659
10768
10877
10986
11095
10224
10333
10442
10551
10660
10769
10878
10987
11096
10225
10334
10443
10552
10661
10770
10879
10988
11097
10226
10335
10444
10553
10662
10771
10880
10989
11098
10227
10336
10445
10554
10663
10772
10881
10990
11099
10228
10337
10446
10555
10664
10773
10882
10991
11100
10229
10338
10447
10556
10665
10774
10883
10992
11101
10230
10339
10448
10557
10666
10775
10884
10993
11102
10231
10340
10449
10558
10667
10776
10885
10994
11103
10232
10341
10450
10559
10668
10777
10886
10995
11104
10233
10342
10451
10560
10669
10778
10887
10996
11105
10234
10343
10452
10561
10670
10779
10888
10997
11106
10235
10344
10453
10562
10671
10780
10889
10998
11107
10236
10345
10454
10563
10672
10781
10890
10999
11108
10237
10346
10455
10564
10673
10782
10891
11000
11109
10238
10347
10456
10565
10674
10783
10892
11001
11110
10239
10348
10457
10566
10675
10784
10893
11002
11111
10240
10349
10458
10567
10676
10785
10894
11003
11112
10241
10350
10459
10568
10677
10786
10895
11004
11113
10242
10351
10460
10569
10678
10787
10896
11005
11114
10243
10352
10461
10570
10679
10788
10897
11006
11115
10244
10353
10462
10571
10680
10789
10898
11007
11116
10245
10354
10463
10572
10681
10790
10899
11008
11117
10246
10355
10464
10573
10682
10791
10900
11009
11118
10247
10356
10465
10574
10683
10792
10901
11010
11119
10248
10357
10466
10575
10684
10793
10902
11011
11120
10249
10358
10467
10576
10685
10794
10903
11012
11121
10250
10359
10468
10577
10686
10795
10904
11013
11122
10251
10360
10469
10578
10687
10796
10905
11014
11123
10252
10361
10470
10579
10688
10797
10906
11015
11124
10253
10362
10471
10580
10689
10798
10907
11016
11125
10254
10363
10472
10581
10690
10799
10908
11017
11126
10255
10364
10473
10582
10691
10800
10909
11018
11127
10256
10365
10474
10583
10692
10801
10910
11019
11128
10257
10366
10475
10584
10693
10802
10911
11020
11129
18418
18428
18438
18448
18458
18468
18478
18488
18498
18419
18429
18439
18449
18459
18469
18479
18489
18499
18420
18430
18440
18450
18460
18470
18480
18490
18500
18421
18431
18441
18451
18461
18471
18481
18491
18501
18422
18432
18442
18452
18462
18472
18482
18492
18502
18423
18433
18443
18453
18463
18473
18483
18493
18503
18424
18434
18444
18454
18464
18474
18484
18494
18504
18425
18435
18445
18455
18465
18475
18485
18495
18505
18426
18436
18446
18456
18466
18476
18486
18496
18506
18427
18437
18447
18457
18467
18477
18487
18497
18507
18328
18338
18348
18358
18368
18378
18388
18398
18408
18329
18339
18349
18359
18369
18379
18389
18399
18409
18330
18340
18350
18360
18370
18380
18390
18400
18410
18331
18341
18351
18361
18371
18381
18391
18401
18411
18332
18342
18352
18362
18372
18382
18392
18402
18412
18333
18343
18353
18363
18373
18383
18393
18403
18413
18334
18344
18354
18364
18374
18384
18394
18404
18414
18335
18345
18355
18365
18375
18385
18395
18405
18415
18336
18346
18356
18366
18376
18386
18396
18406
18416
18337
18347
18357
18367
18377
18387
18397
18407
18417
28297
28307
28317
28327
28337
28347
28357
28367
28377
28298
28308
28318
28328
28338
28348
28358
28368
28378
28299
28309
28319
28329
28339
28349
28359
28369
28379
28300
28310
28320
28330
28340
28350
28360
28370
28380
28301
28311
28321
28331
28341
28351
28361
28371
28381
28302
28312
28322
28332
28342
28352
28362
28372
28382
28303
28313
28323
28333
28343
28353
28363
28373
28383
28304
28314
28324
28334
28344
28354
28364
28374
28384
28305
28315
28325
28335
28345
28355
28365
28375
28385
28306
28316
28326
28336
28346
28356
28366
28376
28386
28387
28397
28407
28417
28427
28437
28447
28457
28467
28388
28398
28408
28418
28428
28438
28448
28458
28468
28389
28399
28409
28419
28429
28439
28449
28459
28469
28390
28400
28410
28420
28430
28440
28450
28460
28470
28391
28401
28411
28421
28431
28441
28451
28461
28471
28392
28402
28412
28422
28432
28442
28452
28462
28472
28393
28403
28413
28423
28433
28443
28453
28463
28473
28394
28404
28414
28424
28434
28444
28454
28464
28474
28395
28405
28415
28425
28435
28445
28455
28465
28475
28396
28406
28416
28426
28436
28446
28456
28466
28476
18508
18640
18772
18904
19036
19168
19300
19432
19564
18509
18641
18773
18905
19037
19169
19301
19433
19565
18510
18642
18774
18906
19038
19170
19302
19434
19566
18511
18643
18775
18907
19039
19171
19303
19435
19567
18512
18644
18776
18908
19040
19172
19304
19436
19568
18513
18645
18777
18909
19041
19173
19305
19437
19569
18514
18646
18778
18910
19042
19174
19306
19438
19570
18515
18647
18779
18911
19043
19175
19307
19439
19571
18516
18648
18780
18912
19044
19176
19308
19440
19572
18517
18649
18781
18913
19045
19177
19309
19441
19573
18518
18650
18782
18914
19046
19178
19310
19442
19574
18519
18651
18783
18915
19047
19179
19311
19443
19575
18520
18652
18784
18916
19048
19180
19312
19444
19576
18521
18653
18785
18917
19049
19181
19313
19445
19577
18522
18654
18786
18918
19050
19182
19314
19446
19578
18523
18655
18787
18919
19051
19183
19315
19447
19579
18524
18656
18788
18920
19052
19184
19316
19448
19580
18525
18657
18789
18921
19053
19185
19317
19449
19581
18526
18658
18790
18922
19054
19186
19318
19450
19582
18527
18659
18791
18923
19055
19187
19319
19451
19583
18528
18660
18792
18924
19056
19188
19320
19452
19584
18529
18661
18793
18925
19057
19189
19321
19453
19585
18530
18662
18794
18926
19058
19190
19322
19454
19586
18531
18663
18795
18927
19059
19191
19323
19455
19587
18532
18664
18796
18928
19060
19192
19324
19456
19588
18533
18665
18797
18929
19061
19193
19325
19457
19589
18534
18666
18798
18930
19062
19194
19326
19458
19590
18535
18667
18799
18931
19063
19195
19327
19459
19591
18536
18668
18800
18932
19064
19196
19328
19460
19592
18537
18669
18801
18933
19065
19197
19329
19461
19593
18538
18670
18802
18934
19066
19198
19330
19462
19594
18539
18671
18803
18935
19067
19199
19331
19463
19595
18540
18672
18804
18936
19068
19200
19332
19464
19596
18541
18673
18805
18937
19069
19201
19333
19465
19597
18542
18674
18806
18938
19070
19202
19334
19466
19598
18543
18675
18807
18939
19071
19203
19335
19467
19599
18544
18676
18808
18940
19072
19204
19336
19468
19600
18545
18677
18809
18941
19073
19205
19337
19469
19601
18546
18678
18810
18942
19074
19206
19338
19470
19602
18547
18679
18811
18943
19075
19207
19339
19471
19603
18548
18680
18812
18944
19076
19208
19340
19472
19604
18549
18681
18813
18945
19077
19209
19341
19473
19605
18550
18682
18814
18946
19078
19210
19342
19474
19606
18551
18683
18815
18947
19079
19211
19343
19475
19607
18552
18684
18816
18948
19080
19212
19344
19476
19608
18553
18685
18817
18949
19081
19213
19345
19477
19609
18554
18686
18818
18950
19082
19214
19346
19478
19610
18555
18687
18819
18951
19083
19215
19347
19479
19611
18556
18688
18820
18952
19084
19216
19348
19480
19612
18557
18689
18821
18953
19085
19217
19349
19481
19613
18558
18690
18822
18954
19086
19218
19350
19482
19614
18559
18691
18823
18955
19087
19219
19351
19483
19615
18560
18692
18824
18956
19088
19220
19352
19484
19616
18561
18693
18825
18957
19089
19221
19353
19485
19617
18562
18694
18826
18958
19090
19222
19354
19486
19618
18563
18695
18827
18959
19091
19223
19355
19487
19619
18564
18696
18828
18960
19092
19224
19356
19488
19620
18565
18697
18829
18961
19093
19225
19357
19489
19621
18566
18698
18830
18962
19094
19226
19358
19490
19622
18567
18699
18831
18963
19095
19227
19359
19491
19623
18568
18700
18832
18964
19096
19228
19360
19492
19624
18569
18701
18833
18965
19097
19229
19361
19493
19625
18570
18702
18834
18966
19098
19230
19362
19494
19626
18571
18703
18835
18967
19099
19231
19363
19495
19627
18572
18704
18836
18968
19100
19232
19364
19496
19628
18573
18705
18837
18969
19101
19233
19365
19497
19629
18574
18706
18838
18970
19102
19234
19366
19498
19630
18575
18707
18839
18971
19103
19235
19367
19499
19631
18576
18708
18840
18972
19104
19236
19368
19500
19632
18577
18709
18841
18973
19105
19237
19369
19501
19633
18578
18710
18842
18974
19106
19238
19370
19502
19634
18579
18711
18843
18975
19107
19239
19371
19503
19635
18580
18712
18844
18976
19108
19240
19372
19504
19636
18581
18713
18845
18977
19109
19241
19373
19505
19637
18582
18714
18846
18978
19110
19242
19374
19506
19638
18583
18715
18847
18979
19111
19243
19375
19507
19639
18584
18716
18848
18980
19112
19244
19376
19508
19640
18585
18717
18849
18981
19113
19245
19377
19509
19641
18586
18718
18850
18982
19114
19246
19378
19510
19642
18587
18719
18851
18983
19115
19247
19379
19511
19643
18588
18720
18852
18984
19116
19248
19380
19512
19644
18589
18721
18853
18985
19117
19249
19381
19513
19645
18590
18722
18854
18986
19118
19250
19382
19514
19646
18591
18723
18855
18987
19119
19251
19383
19515
19647
18592
18724
18856
18988
19120
19252
19384
19516
19648
18593
18725
18857
18989
19121
19253
19385
19517
19649
18594
18726
18858
18990
19122
19254
19386
19518
19650
18595
18727
18859
18991
19123
19255
19387
19519
19651
18596
18728
18860
18992
19124
19256
19388
19520
19652
18597
18729
18861
18993
19125
19257
19389
19521
19653
18598
18730
18862
18994
19126
19258
19390
19522
19654
18599
18731
18863
18995
19127
19259
19391
19523
19655
18600
18732
18864
18996
19128
19260
19392
19524
19656
18601
18733
18865
18997
19129
19261
19393
19525
19657
18602
18734
18866
18998
19130
19262
19394
19526
19658
18603
18735
18867
18999
19131
19263
19395
19527
19659
18604
18736
18868
19000
19132
19264
19396
19528
19660
18605
18737
18869
19001
19133
19265
19397
19529
19661
18606
18738
18870
19002
19134
19266
19398
19530
19662
18607
18739
18871
19003
19135
19267
19399
19531
19663
18608
18740
18872
19004
19136
19268
19400
19532
19664
18609
18741
18873
19005
19137
19269
19401
19533
19665
18610
18742
18874
19006
19138
19270
19402
19534
19666
18611
18743
18875
19007
19139
19271
19403
19535
19667
18612
18744
18876
19008
19140
19272
19404
19536
19668
18613
18745
18877
19009
19141
19273
19405
19537
19669
18614
18746
18878
19010
19142
19274
19406
19538
19670
18615
18747
18879
19011
19143
19275
19407
19539
19671
18616
18748
18880
19012
19144
19276
19408
19540
19672
18617
18749
18881
19013
19145
19277
19409
19541
19673
18618
18750
18882
19014
19146
19278
19410
19542
19674
18619
18751
18883
19015
19147
19279
19411
19543
19675
18620
18752
18884
19016
19148
19280
19412
19544
19676
18621
18753
18885
19017
19149
19281
19413
19545
19677
18622
18754
18886
19018
19150
19282
19414
19546
19678
18623
18755
18887
19019
19151
19283
19415
19547
19679
18624
18756
18888
19020
19152
19284
19416
19548
19680
18625
18757
18889
19021
19153
19285
19417
19549
19681
18626
18758
18890
19022
19154
19286
19418
19550
19682
18627
18759
18891
19023
19155
19287
19419
19551
19683
18628
18760
18892
19024
19156
19288
19420
19552
19684
18629
18761
18893
19025
19157
19289
19421
19553
19685
18630
18762
18894
19026
19158
19290
19422
19554
19686
18631
18763
18895
19027
19159
19291
19423
19555
19687
18632
18764
18896
19028
19160
19292
19424
19556
19688
18633
18765
18897
19029
19161
19293
19425
19557
19689
18634
18766
18898
19030
19162
19294
19426
19558
19690
18635
18767
18899
19031
19163
19295
19427
19559
19691
18636
18768
18900
19032
19164
19296
19428
19560
19692
18637
18769
18901
19033
19165
19297
19429
19561
19693
18638
18770
18902
19034
19166
19298
19430
19562
19694
18639
18771
18903
19035
19167
19299
19431
19563
19695
19696
19828
19960
20092
20224
20356
20488
20620
20752
20884
21016
21148
21280
21412
21544
21676
21808
21940
22072
22204
22336
22468
22600
22732
22864
22996
23128
23260
23392
23524
23656
23788
23920
24052
24184
24316
24448
24580
24712
24844
24976
25108
25240
25372
25504
25636
25768
25900
26032
26164
26296
26428
26560
26692
26824
26956
27088
27220
27352
27484
27616
19697
19829
19961
20093
20225
20357
20489
20621
20753
20885
21017
21149
21281
21413
21545
21677
21809
21941
22073
22205
22337
22469
22601
22733
22865
22997
23129
23261
23393
23525
23657
23789
23921
24053
24185
24317
24449
24581
24713
24845
24977
25109
25241
25373
25505
25637
25769
25901
26033
26165
26297
26429
26561
26693
26825
26957
27089
27221
27353
27485
27617
19698
19830
19962
20094
20226
20358
20490
20622
20754
20886
21018
21150
21282
21414
21546
21678
21810
21942
22074
22206
22338
22470
22602
22734
22866
22998
23130
23262
23394
23526
23658
23790
23922
24054
24186
24318
24450
24582
24714
24846
24978
25110
25242
25374
25506
25638
25770
25902
26034
26166
26298
26430
26562
26694
26826
26958
27090
27222
27354
27486
27618
19699
19831
19963
20095
20227
20359
20491
20623
20755
20887
21019
21151
21283
21415
21547
21679
21811
21943
22075
22207
22339
22471
22603
22735
22867
22999
23131
23263
23395
23527
23659
23791
23923
24055
24187
24319
24451
24583
24715
24847
24979
25111
25243
25375
25507
25639
25771
25903
26035
26167
26299
26431
26563
26695
26827
26959
27091
27223
27355
27487
27619
19700
19832
19964
20096
20228
20360
20492
20624
20756
20888
21020
21152
21284
21416
21548
21680
21812
21944
22076
22208
22340
22472
22604
22736
22868
23000
23132
23264
23396
23528
23660
23792
23924
24056
24188
24320
24452
24584
24716
24848
24980
25112
25244
25376
25508
25640
25772
25904
26036
26168
26300
26432
26564
26696
26828
26960
27092
27224
27356
27488
27620
19701
19833
19965
20097
20229
20361
20493
20625
20757
20889
21021
21153
21285
21417
21549
21681
21813
21945
22077
22209
22341
22473
22605
22737
22869
23001
23133
23265
23397
23529
23661
23793
23925
24057
24189
24321
24453
24585
24717
24849
24981
25113
25245
25377
25509
25641
25773
25905
26037
26169
26301
26433
26565
26697
26829
26961
27093
27225
27357
27489
27621
19702
19834
19966
20098
20230
20362
20494
20626
20758
20890
21022
21154
21286
21418
21550
21682
21814
21946
22078
22210
22342
22474
22606
22738
22870
23002
23134
23266
23398
23530
23662
23794
23926
24058
24190
24322
24454
24586
24718
24850
24982
25114
25246
25378
25510
25642
25774
25906
26038
26170
26302
26434
26566
26698
26830
26962
27094
27226
27358
27490
27622
19703
19835
19967
20099
20231
20363
20495
20627
20759
20891
21023
21155
21287
21419
21551
21683
21815
21947
22079
22211
22343
22475
22607
22739
22871
23003
23135
23267
23399
23531
23663
23795
23927
24059
24191
24323
24455
24587
24719
24851
24983
25115
25247
25379
25511
25643
25775
25907
26039
26171
26303
26435
26567
26699
26831
26963
27095
27227
27359
27491
27623
19704
19836
19968
20100
20232
20364
20496
20628
20760
20892
21024
21156
21288
21420
21552
21684
21816
21948
22080
22212
22344
22476
22608
22740
22872
23004
23136
23268
23400
23532
23664
23796
23928
24060
24192
24324
24456
24588
24720
24852
24984
25116
25248
25380
25512
25644
25776
25908
26040
26172
26304
26436
26568
26700
26832
26964
27096
27228
27360
27492
27624
19705
19837
19969
20101
20233
20365
20497
20629
20761
20893
21025
21157
21289
21421
21553
21685
21817
21949
22081
22213
22345
22477
22609
22741
22873
23005
23137
23269
23401
23533
23665
23797
23929
24061
24193
24325
24457
24589
24721
24853
24985
25117
25249
25381
25513
25645
25777
25909
26041
26173
26305
26437
26569
26701
26833
26965
27097
27229
27361
27493
27625
19706
19838
19970
20102
20234
20366
20498
20630
20762
20894
21026
21158
21290
21422
21554
21686
21818
21950
22082
22214
22346
22478
22610
22742
22874
23006
23138
23270
23402
23534
23666
23798
23930
24062
24194
24326
24458
24590
24722
24854
24986
25118
25250
25382
25514
25646
25778
25910
26042
26174
26306
26438
26570
26702
26834
26966
27098
27230
27362
27494
27626
19707
19839
19971
20103
20235
20367
20499
20631
20763
20895
21027
21159
21291
21423
21555
21687
21819
21951
22083
22215
22347
22479
22611
22743
22875
23007
23139
23271
23403
23535
23667
23799
23931
24063
24195
24327
24459
24591
24723
24855
24987
25119
25251
25383
25515
25647
25779
25911
26043
26175
26307
26439
26571
26703
26835
26967
27099
27231
27363
27495
27627
19708
19840
19972
20104
20236
20368
20500
20632
20764
20896
21028
21160
21292
21424
21556
21688
21820
21952
22084
22216
22348
22480
22612
22744
22876
23008
23140
23272
23404
23536
23668
23800
23932
24064
24196
24328
24460
24592
24724
24856
24988
25120
25252
25384
25516
25648
25780
25912
26044
26176
26308
26440
26572
26704
26836
26968
27100
27232
27364
27496
27628
19709
19841
19973
20105
20237
20369
20501
20633
20765
20897
21029
21161
21293
21425
21557
21689
21821
21953
22085
22217
22349
22481
22613
22745
22877
23009
23141
23273
23405
23537
23669
23801
23933
24065
24197
24329
24461
24593
24725
24857
24989
25121
25253
25385
25517
25649
25781
25913
26045
26177
26309
26441
26573
26705
26837
26969
27101
27233
27365
27497
27629
19710
19842
19974
20106
20238
20370
20502
20634
20766
20898
21030
21162
21294
21426
21558
21690
21822
21954
22086
22218
22350
22482
22614
22746
22878
23010
23142
23274
23406
23538
23670
23802
23934
24066
24198
24330
24462
24594
24726
24858
24990
25122
25254
25386
25518
25650
25782
25914
26046
26178
26310
26442
26574
26706
26838
26970
27102
27234
27366
27498
27630
19711
19843
19975
20107
20239
20371
20503
20635
20767
20899
21031
21163
21295
21427
21559
21691
21823
21955
22087
22219
22351
22483
22615
22747
22879
23011
23143
23275
23407
23539
23671
23803
23935
24067
24199
24331
24463
24595
24727
24859
24991
25123
25255
25387
25519
25651
25783
25915
26047
26179
26311
26443
26575
26707
26839
26971
27103
27235
27367
27499
27631
19712
19844
19976
20108
20240
20372
20504
20636
20768
20900
21032
21164
21296
21428
21560
21692
21824
21956
22088
22220
22352
22484
22616
22748
22880
23012
23144
23276
23408
23540
23672
23804
23936
24068
24200
24332
24464
24596
24728
24860
24992
25124
25256
25388
25520
25652
25784
25916
26048
26180
26312
26444
26576
26708
26840
26972
27104
27236
27368
27500
27632
19713
19845
19977
20109
20241
20373
20505
20637
20769
20901
21033
21165
21297
21429
21561
21693
21825
21957
22089
22221
22353
22485
22617
22749
22881
23013
23145
23277
23409
23541
23673
23805
23937
24069
24201
24333
24465
24597
24729
24861
24993
25125
25257
25389
25521
25653
25785
25917
26049
26181
26313
26445
26577
26709
26841
26973
27105
27237
27369
27501
27633
19714
19846
19978
20110
20242
20374
20506
20638
20770
20902
21034
21166
21298
21430
21562
21694
21826
21958
22090
22222
22354
22486
22618
22750
22882
23014
23146
23278
23410
23542
23674
23806
23938
24070
24202
24334
24466
24598
24730
24862
24994
25126
25258
25390
25522
25654
25786
25918
26050
26182
26314
26446
26578
26710
26842
26974
27106
27238
27370
27502
27634
19715
19847
19979
20111
20243
20375
20507
20639
20771
20903
21035
21167
21299
21431
21563
21695
21827
21959
22091
22223
22355
22487
22619
22751
22883
23015
23147
23279
23411
23543
23675
23807
23939
24071
24203
24335
24467
24599
24731
24863
24995
25127
25259
25391
25523
25655
25787
25919
26051
26183
26315
26447
26579
26711
26843
26975
27107
27239
27371
27503
27635
19716
19848
19980
20112
20244
20376
20508
20640
20772
20904
21036
21168
21300
21432
21564
21696
21828
21960
22092
22224
22356
22488
22620
22752
22884
23016
23148
23280
23412
23544
23676
23808
23940
24072
24204
24336
24468
24600
24732
24864
24996
25128
25260
25392
25524
25656
25788
25920
26052
26184
26316
26448
26580
26712
26844
26976
27108
27240
27372
27504
27636
19717
19849
19981
20113
20245
20377
20509
20641
20773
20905
21037
21169
21301
21433
21565
21697
21829
21961
22093
22225
22357
22489
22621
22753
22885
23017
23149
23281
23413
23545
23677
23809
23941
24073
24205
24337
24469
24601
24733
24865
24997
25129
25261
25393
25525
25657
25789
25921
26053
26185
26317
26449
26581
26713
26845
26977
27109
27241
27373
27505
27637
19718
19850
19982
20114
20246
20378
20510
20642
20774
20906
21038
21170
21302
21434
21566
21698
21830
21962
22094
22226
22358
22490
22622
22754
22886
23018
23150
23282
23414
23546
23678
23810
23942
24074
24206
24338
24470
24602
24734
24866
24998
25130
25262
25394
25526
25658
25790
25922
26054
26186
26318
26450
26582
26714
26846
26978
27110
27242
27374
27506
27638
19719
19851
19983
20115
20247
20379
20511
20643
20775
20907
21039
21171
21303
21435
21567
21699
21831
21963
22095
22227
22359
22491
22623
22755
22887
23019
23151
23283
23415
23547
23679
23811
23943
24075
24207
24339
24471
24603
24735
24867
24999
25131
25263
25395
25527
25659
25791
25923
26055
26187
26319
26451
26583
26715
26847
26979
27111
27243
27375
27507
27639
19720
19852
19984
20116
20248
20380
20512
20644
20776
20908
21040
21172
21304
21436
21568
21700
21832
21964
22096
22228
22360
22492
22624
22756
22888
23020
23152
23284
23416
23548
23680
23812
23944
24076
24208
24340
24472
24604
24736
24868
25000
25132
25264
25396
25528
25660
25792
25924
26056
26188
26320
26452
26584
26716
26848
26980
27112
27244
27376
27508
27640
19721
19853
19985
20117
20249
20381
20513
20645
20777
20909
21041
21173
21305
21437
21569
21701
21833
21965
22097
22229
22361
22493
22625
22757
22889
23021
23153
23285
23417
23549
23681
23813
23945
24077
24209
24341
24473
24605
24737
24869
25001
25133
25265
25397
25529
25661
25793
25925
26057
26189
26321
26453
26585
26717
26849
26981
27113
27245
27377
27509
27641
19722
19854
19986
20118
20250
20382
20514
20646
20778
20910
21042
21174
21306
21438
21570
21702
21834
21966
22098
22230
22362
22494
22626
22758
22890
23022
23154
23286
23418
23550
23682
23814
23946
24078
24210
24342
24474
24606
24738
24870
25002
25134
25266
25398
25530
25662
25794
25926
26058
26190
26322
26454
26586
26718
26850
26982
27114
27246
27378
27510
27642
19723
19855
19987
20119
20251
20383
20515
20647
20779
20911
21043
21175
21307
21439
21571
21703
21835
21967
22099
22231
22363
22495
22627
22759
22891
23023
23155
23287
23419
23551
23683
23815
23947
24079
24211
24343
24475
24607
24739
24871
25003
25135
25267
25399
25531
25663
25795
25927
26059
26191
26323
26455
26587
26719
26851
26983
27115
27247
27379
27511
27643
19724
19856
19988
20120
20252
20384
20516
20648
20780
20912
21044
21176
21308
21440
21572
21704
21836
21968
22100
22232
22364
22496
22628
22760
22892
23024
23156
23288
23420
23552
23684
23816
23948
24080
24212
24344
24476
24608
24740
24872
25004
25136
25268
25400
25532
25664
25796
25928
26060
26192
26324
26456
26588
26720
26852
26984
27116
27248
27380
27512
27644
19725
19857
19989
20121
20253
20385
20517
20649
20781
20913
21045
21177
21309
21441
21573
21705
21837
21969
22101
22233
22365
22497
22629
22761
22893
23025
23157
23289
23421
23553
23685
23817
23949
24081
24213
24345
24477
24609
24741
24873
25005
25137
25269
25401
25533
25665
25797
25929
26061
26193
26325
26457
26589
26721
26853
26985
27117
27249
27381
27513
27645
19726
19858
19990
20122
20254
20386
20518
20650
20782
20914
21046
21178
21310
21442
21574
21706
21838
21970
22102
22234
22366
22498
22630
22762
22894
23026
23158
23290
23422
23554
23686
23818
23950
24082
24214
24346
24478
24610
24742
24874
25006
25138
25270
25402
25534
25666
25798
25930
26062
26194
26326
26458
26590
26722
26854
26986
27118
27250
27382
27514
27646
19727
19859
19991
20123
20255
20387
20519
20651
20783
20915
21047
21179
21311
21443
21575
21707
21839
21971
22103
22235
22367
22499
22631
22763
22895
23027
23159
23291
23423
23555
23687
23819
23951
24083
24215
24347
24479
24611
24743
24875
25007
25139
25271
25403
25535
25667
25799
25931
26063
26195
26327
26459
26591
26723
26855
26987
27119
27251
27383
27515
27647
19728
19860
19992
20124
20256
20388
20520
20652
20784
20916
21048
21180
21312
21444
21576
21708
21840
21972
22104
22236
22368
22500
22632
22764
22896
23028
23160
23292
23424
23556
23688
23820
23952
24084
24216
24348
24480
24612
24744
24876
25008
25140
25272
25404
25536
25668
25800
25932
26064
26196
26328
26460
26592
26724
26856
26988
27120
27252
27384
27516
27648
19729
19861
19993
20125
20257
20389
20521
20653
20785
20917
21049
21181
21313
21445
21577
21709
21841
21973
22105
22237
22369
22501
22633
22765
22897
23029
23161
23293
23425
23557
23689
23821
23953
24085
24217
24349
24481
24613
24745
24877
25009
25141
25273
25405
25537
25669
25801
25933
26065
26197
26329
26461
26593
26725
26857
26989
27121
27253
27385
27517
27649
19730
19862
19994
20126
20258
20390
20522
20654
20786
20918
21050
21182
21314
21446
21578
21710
21842
21974
22106
22238
22370
22502
22634
22766
22898
23030
23162
23294
23426
23558
23690
23822
23954
24086
24218
24350
24482
24614
24746
24878
25010
25142
25274
25406
25538
25670
25802
25934
26066
26198
26330
26462
26594
26726
26858
26990
27122
27254
27386
27518
27650
19731
19863
19995
20127
20259
20391
20523
20655
20787
20919
21051
21183
21315
21447
21579
21711
21843
21975
22107
22239
22371
22503
22635
22767
22899
23031
23163
23295
23427
23559
23691
23823
23955
24087
24219
24351
24483
24615
24747
24879
25011
25143
25275
25407
25539
25671
25803
25935
26067
26199
26331
26463
26595
26727
26859
26991
27123
27255
27387
27519
27651
19732
19864
19996
20128
20260
20392
20524
20656
20788
20920
21052
21184
21316
21448
21580
21712
21844
21976
22108
22240
22372
22504
22636
22768
22900
23032
23164
23296
23428
23560
23692
23824
23956
24088
24220
24352
24484
24616
24748
24880
25012
25144
25276
25408
25540
25672
25804
25936
26068
26200
26332
26464
26596
26728
26860
26992
27124
27256
27388
27520
27652
19733
19865
19997
20129
20261
20393
20525
20657
20789
20921
21053
21185
21317
21449
21581
21713
21845
21977
22109
22241
22373
22505
22637
22769
22901
23033
23165
23297
23429
23561
23693
23825
23957
24089
24221
24353
24485
24617
24749
24881
25013
25145
25277
25409
25541
25673
25805
25937
26069
26201
26333
26465
26597
26729
26861
26993
27125
27257
27389
27521
27653
19734
19866
19998
20130
20262
20394
20526
20658
20790
20922
21054
21186
21318
21450
21582
21714
21846
21978
22110
22242
22374
22506
22638
22770
22902
23034
23166
23298
23430
23562
23694
23826
23958
24090
24222
24354
24486
24618
24750
24882
25014
25146
25278
25410
25542
25674
25806
25938
26070
26202
26334
26466
26598
26730
26862
26994
27126
27258
27390
27522
27654
19735
19867
19999
20131
20263
20395
20527
20659
20791
20923
21055
21187
21319
21451
21583
21715
21847
21979
22111
22243
22375
22507
22639
22771
22903
23035
23167
23299
23431
23563
23695
23827
23959
24091
24223
24355
24487
24619
24751
24883
25015
25147
25279
25411
25543
25675
25807
25939
26071
26203
26335
26467
26599
26731
26863
26995
27127
27259
27391
27523
27655
19736
19868
20000
20132
20264
20396
20528
20660
20792
20924
21056
21188
21320
21452
21584
21716
21848
21980
22112
22244
22376
22508
22640
22772
22904
23036
23168
23300
23432
23564
23696
23828
23960
24092
24224
24356
24488
24620
24752
24884
25016
25148
25280
25412
25544
25676
25808
25940
26072
26204
26336
26468
26600
26732
26864
26996
27128
27260
27392
27524
27656
19737
19869
20001
20133
20265
20397
20529
20661
20793
20925
21057
21189
21321
21453
21585
21717
21849
21981
22113
22245
22377
22509
22641
22773
22905
23037
23169
23301
23433
23565
23697
23829
23961
24093
24225
24357
24489
24621
24753
24885
25017
25149
25281
25413
25545
25677
25809
25941
26073
26205
26337
26469
26601
26733
26865
26997
27129
27261
27393
27525
27657
19738
19870
20002
20134
20266
20398
20530
20662
20794
20926
21058
21190
21322
21454
21586
21718
21850
21982
22114
22246
22378
22510
22642
22774
22906
23038
23170
23302
23434
23566
23698
23830
23962
24094
24226
24358
24490
24622
24754
24886
25018
25150
25282
25414
25546
25678
25810
25942
26074
26206
26338
26470
26602
26734
26866
26998
27130
27262
27394
27526
27658
19739
19871
20003
20135
20267
20399
20531
20663
20795
20927
21059
21191
21323
21455
21587
21719
21851
21983
22115
22247
22379
22511
22643
22775
22907
23039
23171
23303
23435
23567
23699
23831
23963
24095
24227
24359
24491
24623
24755
24887
25019
25151
25283
25415
25547
25679
25811
25943
26075
26207
26339
26471
26603
26735
26867
26999
27131
27263
27395
27527
27659
19740
19872
20004
20136
20268
20400
20532
20664
20796
20928
21060
21192
21324
21456
21588
21720
21852
21984
22116
22248
22380
22512
22644
22776
22908
23040
23172
23304
23436
23568
23700
23832
23964
24096
24228
24360
24492
24624
24756
24888
25020
25152
25284
25416
25548
25680
25812
25944
26076
26208
26340
26472
26604
26736
26868
27000
27132
27264
27396
27528
27660
19741
19873
20005
20137
20269
20401
20533
20665
20797
20929
21061
21193
21325
21457
21589
21721
21853
21985
22117
22249
22381
22513
22645
22777
22909
23041
23173
23305
23437
23569
23701
23833
23965
24097
24229
24361
24493
24625
24757
24889
25021
25153
25285
25417
25549
25681
25813
25945
26077
26209
26341
26473
26605
26737
26869
27001
27133
27265
27397
27529
27661
19742
19874
20006
20138
20270
20402
20534
20666
20798
20930
21062
21194
21326
21458
21590
21722
21854
21986
22118
22250
22382
22514
22646
22778
22910
23042
23174
23306
23438
23570
23702
23834
23966
24098
24230
24362
24494
24626
24758
24890
25022
25154
25286
25418
25550
25682
25814
25946
26078
26210
26342
26474
26606
26738
26870
27002
27134
27266
27398
27530
27662
19743
19875
20007
20139
20271
20403
20535
20667
20799
20931
21063
21195
21327
21459
21591
21723
21855
21987
22119
22251
22383
22515
22647
22779
22911
23043
23175
23307
23439
23571
23703
23835
23967
24099
24231
24363
24495
24627
24759
24891
25023
25155
25287
25419
25551
25683
25815
25947
26079
26211
26343
26475
26607
26739
26871
27003
27135
27267
27399
27531
27663
19744
19876
20008
20140
20272
20404
20536
20668
20800
20932
21064
21196
21328
21460
21592
21724
21856
21988
22120
22252
22384
22516
22648
22780
22912
23044
23176
23308
23440
23572
23704
23836
23968
24100
24232
24364
24496
24628
24760
24892
25024
25156
25288
25420
25552
25684
25816
25948
26080
26212
26344
26476
26608
26740
26872
27004
27136
27268
27400
27532
27664
19745
19877
20009
20141
20273
20405
20537
20669
20801
20933
21065
21197
21329
21461
21593
21725
21857
21989
22121
22253
22385
22517
22649
22781
22913
23045
23177
23309
23441
23573
23705
23837
23969
24101
24233
24365
24497
24629
24761
24893
25025
25157
25289
25421
25553
25685
25817
25949
26081
26213
26345
26477
26609
26741
26873
27005
27137
27269
27401
27533
27665
19746
19878
20010
20142
20274
20406
20538
20670
20802
20934
21066
21198
21330
21462
21594
21726
21858
21990
22122
22254
22386
22518
22650
22782
22914
23046
23178
23310
23442
23574
23706
23838
23970
24102
24234
24366
24498
24630
24762
24894
25026
25158
25290
25422
25554
25686
25818
25950
26082
26214
26346
26478
26610
26742
26874
27006
27138
27270
27402
27534
27666
19747
19879
20011
20143
20275
20407
20539
20671
20803
20935
21067
21199
21331
21463
21595
21727
21859
21991
22123
22255
22387
22519
22651
22783
22915
23047
23179
23311
23443
23575
23707
23839
23971
24103
24235
24367
24499
24631
24763
24895
25027
25159
25291
25423
25555
25687
25819
25951
26083
26215
26347
26479
26611
26743
26875
27007
27139
27271
27403
27535
27667
19748
19880
20012
20144
20276
20408
20540
20672
20804
20936
21068
21200
21332
21464
21596
21728
21860
21992
22124
22256
22388
22520
22652
22784
22916
23048
23180
23312
23444
23576
23708
23840
23972
24104
24236
24368
24500
24632
24764
24896
25028
25160
25292
25424
25556
25688
25820
25952
26084
26216
26348
26480
26612
26744
26876
27008
27140
27272
27404
27536
27668
19749
19881
20013
20145
20277
20409
20541
20673
20805
20937
21069
21201
21333
21465
21597
21729
21861
21993
22125
22257
22389
22521
22653
22785
22917
23049
23181
23313
23445
23577
23709
23841
23973
24105
24237
24369
24501
24633
24765
24897
25029
25161
25293
25425
25557
25689
25821
25953
26085
26217
26349
26481
26613
26745
26877
27009
27141
27273
27405
27537
27669
19750
19882
20014
20146
20278
20410
20542
20674
20806
20938
21070
21202
21334
21466
21598
21730
21862
21994
22126
22258
22390
22522
22654
22786
22918
23050
23182
23314
23446
23578
23710
23842
23974
24106
24238
24370
24502
24634
24766
24898
25030
25162
25294
25426
25558
25690
25822
25954
26086
26218
26350
26482
26614
26746
26878
27010
27142
27274
27406
27538
27670
19751
19883
20015
20147
20279
20411
20543
20675
20807
20939
21071
21203
21335
21467
21599
21731
21863
21995
22127
22259
22391
22523
22655
22787
22919
23051
23183
23315
23447
23579
23711
23843
23975
24107
24239
24371
24503
24635
24767
24899
25031
25163
25295
25427
25559
25691
25823
25955
26087
26219
26351
26483
26615
26747
26879
27011
27143
27275
27407
27539
27671
19752
19884
20016
20148
20280
20412
20544
20676
20808
20940
21072
21204
21336
21468
21600
21732
21864
21996
22128
22260
22392
22524
22656
22788
22920
23052
23184
23316
23448
23580
23712
23844
23976
24108
24240
24372
24504
24636
24768
24900
25032
25164
25296
25428
25560
25692
25824
25956
26088
26220
26352
26484
26616
26748
26880
27012
27144
27276
27408
27540
27672
19753
19885
20017
20149
20281
20413
20545
20677
20809
20941
21073
21205
21337
21469
21601
21733
21865
21997
22129
22261
22393
22525
22657
22789
22921
23053
23185
23317
23449
23581
23713
23845
23977
24109
24241
24373
24505
24637
24769
24901
25033
25165
25297
25429
25561
25693
25825
25957
26089
26221
26353
26485
26617
26749
26881
27013
27145
27277
27409
27541
27673
19754
19886
20018
20150
20282
20414
20546
20678
20810
20942
21074
21206
21338
21470
21602
21734
21866
21998
22130
22262
22394
22526
22658
22790
22922
23054
23186
23318
23450
23582
23714
23846
23978
24110
24242
24374
24506
24638
24770
24902
25034
25166
25298
25430
25562
25694
25826
25958
26090
26222
26354
26486
26618
26750
26882
27014
27146
27278
27410
27542
27674
19755
19887
20019
20151
20283
20415
20547
20679
20811
20943
21075
21207
21339
21471
21603
21735
21867
21999
22131
22263
22395
22527
22659
22791
22923
23055
23187
23319
23451
23583
23715
23847
23979
24111
24243
24375
24507
24639
24771
24903
25035
25167
25299
25431
25563
25695
25827
25959
26091
26223
26355
26487
26619
26751
26883
27015
27147
27279
27411
27543
27675
19756
19888
20020
20152
20284
20416
20548
20680
20812
20944
21076
21208
21340
21472
21604
21736
21868
22000
22132
22264
22396
22528
22660
22792
22924
23056
23188
23320
23452
23584
23716
23848
23980
24112
24244
24376
24508
24640
24772
24904
25036
25168
25300
25432
25564
25696
25828
25960
26092
26224
26356
26488
26620
26752
26884
27016
27148
27280
27412
27544
27676
19757
19889
20021
20153
20285
20417
20549
20681
20813
20945
21077
21209
21341
21473
21605
21737
21869
22001
22133
22265
22397
22529
22661
22793
22925
23057
23189
23321
23453
23585
23717
23849
23981
24113
24245
24377
24509
24641
24773
24905
25037
25169
25301
25433
25565
25697
25829
25961
26093
26225
26357
26489
26621
26753
26885
27017
27149
27281
27413
27545
27677
19758
19890
20022
20154
20286
20418
20550
20682
20814
20946
21078
21210
21342
21474
21606
21738
21870
22002
22134
22266
22398
22530
22662
22794
22926
23058
23190
23322
23454
23586
23718
23850
23982
24114
24246
24378
24510
24642
24774
24906
25038
25170
25302
25434
25566
25698
25830
25962
26094
26226
26358
26490
26622
26754
26886
27018
27150
27282
27414
27546
27678
19759
19891
20023
20155
20287
20419
20551
20683
20815
20947
21079
21211
21343
21475
21607
21739
21871
22003
22135
22267
22399
22531
22663
22795
22927
23059
23191
23323
23455
23587
23719
23851
23983
24115
24247
24379
24511
24643
24775
24907
25039
25171
25303
25435
25567
25699
25831
25963
26095
26227
26359
26491
26623
26755
26887
27019
27151
27283
27415
27547
27679
19760
19892
20024
20156
20288
20420
20552
20684
20816
20948
21080
21212
21344
21476
21608
21740
21872
22004
22136
22268
22400
22532
22664
22796
22928
23060
23192
23324
23456
23588
23720
23852
23984
24116
24248
24380
24512
24644
24776
24908
25040
25172
25304
25436
25568
25700
25832
25964
26096
26228
26360
26492
26624
26756
26888
27020
27152
27284
27416
27548
27680
19761
19893
20025
20157
20289
20421
20553
20685
20817
20949
21081
21213
21345
21477
21609
21741
21873
22005
22137
22269
22401
22533
22665
22797
22929
23061
23193
23325
23457
23589
23721
23853
23985
24117
24249
24381
24513
24645
24777
24909
25041
25173
25305
25437
25569
25701
25833
25965
26097
26229
26361
26493
26625
26757
26889
27021
27153
27285
27417
27549
27681
19762
19894
20026
20158
20290
20422
20554
20686
20818
20950
21082
21214
21346
21478
21610
21742
21874
22006
22138
22270
22402
22534
22666
22798
22930
23062
23194
23326
23458
23590
23722
23854
23986
24118
24250
24382
24514
24646
24778
24910
25042
25174
25306
25438
25570
25702
25834
25966
26098
26230
26362
26494
26626
26758
26890
27022
27154
27286
27418
27550
27682
19763
19895
20027
20159
20291
20423
20555
20687
20819
20951
21083
21215
21347
21479
21611
21743
21875
22007
22139
22271
22403
22535
22667
22799
22931
23063
23195
23327
23459
23591
23723
23855
23987
24119
24251
24383
24515
24647
24779
24911
25043
25175
25307
25439
25571
25703
25835
25967
26099
26231
26363
26495
26627
26759
26891
27023
27155
27287
27419
27551
27683
19764
19896
20028
20160
20292
20424
20556
20688
20820
20952
21084
21216
21348
21480
21612
21744
21876
22008
22140
22272
22404
22536
22668
22800
22932
23064
23196
23328
23460
23592
23724
23856
23988
24120
24252
24384
24516
24648
24780
24912
25044
25176
25308
25440
25572
25704
25836
25968
26100
26232
26364
26496
26628
26760
26892
27024
27156
27288
27420
27552
27684
19765
19897
20029
20161
20293
20425
20557
20689
20821
20953
21085
21217
21349
21481
21613
21745
21877
22009
22141
22273
22405
22537
22669
22801
22933
23065
23197
23329
23461
23593
23725
23857
23989
24121
24253
24385
24517
24649
24781
24913
25045
25177
25309
25441
25573
25705
25837
25969
26101
26233
26365
26497
26629
26761
26893
27025
27157
27289
27421
27553
27685
19766
19898
20030
20162
20294
20426
20558
20690
20822
20954
21086
21218
21350
21482
21614
21746
21878
22010
22142
22274
22406
22538
22670
22802
22934
23066
23198
23330
23462
23594
23726
23858
23990
24122
24254
24386
24518
24650
24782
24914
25046
25178
25310
25442
25574
25706
25838
25970
26102
26234
26366
26498
26630
26762
26894
27026
27158
27290
27422
27554
27686
19767
19899
20031
20163
20295
20427
20559
20691
20823
20955
21087
21219
21351
21483
21615
21747
21879
22011
22143
22275
22407
22539
22671
22803
22935
23067
23199
23331
23463
23595
23727
23859
23991
24123
24255
24387
24519
24651
24783
24915
25047
25179
25311
25443
25575
25707
25839
25971
26103
26235
26367
26499
26631
26763
26895
27027
27159
27291
27423
27555
27687
19768
19900
20032
20164
20296
20428
20560
20692
20824
20956
21088
21220
21352
21484
21616
21748
21880
22012
22144
22276
22408
22540
22672
22804
22936
23068
23200
23332
23464
23596
23728
23860
23992
24124
24256
24388
24520
24652
24784
24916
25048
25180
25312
25444
25576
25708
25840
25972
26104
26236
26368
26500
26632
26764
26896
27028
27160
27292
27424
27556
27688
19769
19901
20033
20165
20297
20429
20561
20693
20825
20957
21089
21221
21353
21485
21617
21749
21881
22013
22145
22277
22409
22541
22673
22805
22937
23069
23201
23333
23465
23597
23729
23861
23993
24125
24257
24389
24521
24653
24785
24917
25049
25181
25313
25445
25577
25709
25841
25973
26105
26237
26369
26501
26633
26765
26897
27029
27161
27293
27425
27557
27689
19770
19902
20034
20166
20298
20430
20562
20694
20826
20958
21090
21222
21354
21486
21618
21750
21882
22014
22146
22278
22410
22542
22674
22806
22938
23070
23202
23334
23466
23598
23730
23862
23994
24126
24258
24390
24522
24654
24786
24918
25050
25182
25314
25446
25578
25710
25842
25974
26106
26238
26370
26502
26634
26766
26898
27030
27162
27294
27426
27558
27690
19771
19903
20035
20167
20299
20431
20563
20695
20827
20959
21091
21223
21355
21487
21619
21751
21883
22015
22147
22279
22411
22543
22675
22807
22939
23071
23203
23335
23467
23599
23731
23863
23995
24127
24259
24391
24523
24655
24787
24919
25051
25183
25315
25447
25579
25711
25843
25975
26107
26239
26371
26503
26635
26767
26899
27031
27163
27295
27427
27559
27691
19772
19904
20036
20168
20300
20432
20564
20696
20828
20960
21092
21224
21356
21488
21620
21752
21884
22016
22148
22280
22412
22544
22676
22808
22940
23072
23204
23336
23468
23600
23732
23864
23996
24128
24260
24392
24524
24656
24788
24920
25052
25184
25316
25448
25580
25712
25844
25976
26108
26240
26372
26504
26636
26768
26900
27032
27164
27296
27428
27560
27692
19773
19905
20037
20169
20301
20433
20565
20697
20829
20961
21093
21225
21357
21489
21621
21753
21885
22017
22149
22281
22413
22545
22677
22809
22941
23073
23205
23337
23469
23601
23733
23865
23997
24129
24261
24393
24525
24657
24789
24921
25053
25185
25317
25449
25581
25713
25845
25977
26109
26241
26373
26505
26637
26769
26901
27033
27165
27297
27429
27561
27693
19774
19906
20038
20170
20302
20434
20566
20698
20830
20962
21094
21226
21358
21490
21622
21754
21886
22018
22150
22282
22414
22546
22678
22810
22942
23074
23206
23338
23470
23602
23734
23866
23998
24130
24262
24394
24526
24658
24790
24922
25054
25186
25318
25450
25582
25714
25846
25978
26110
26242
26374
26506
26638
26770
26902
27034
27166
27298
27430
27562
27694
19775
19907
20039
20171
20303
20435
20567
20699
20831
20963
21095
21227
21359
21491
21623
21755
21887
22019
22151
22283
22415
22547
22679
22811
22943
23075
23207
23339
23471
23603
23735
23867
23999
24131
24263
24395
24527
24659
24791
24923
25055
25187
25319
25451
25583
25715
25847
25979
26111
26243
26375
26507
26639
26771
26903
27035
27167
27299
27431
27563
27695
19776
19908
20040
20172
20304
20436
20568
20700
20832
20964
21096
21228
21360
21492
21624
21756
21888
22020
22152
22284
22416
22548
22680
22812
22944
23076
23208
23340
23472
23604
23736
23868
24000
24132
24264
24396
24528
24660
24792
24924
25056
25188
25320
25452
25584
25716
25848
25980
26112
26244
26376
26508
26640
26772
26904
27036
27168
27300
27432
27564
27696
19777
19909
20041
20173
20305
20437
20569
20701
20833
20965
21097
21229
21361
21493
21625
21757
21889
22021
22153
22285
22417
22549
22681
22813
22945
23077
23209
23341
23473
23605
23737
23869
24001
24133
24265
24397
24529
24661
24793
24925
25057
25189
25321
25453
25585
25717
25849
25981
26113
26245
26377
26509
26641
26773
26905
27037
27169
27301
27433
27565
27697
19778
19910
20042
20174
20306
20438
20570
20702
20834
20966
21098
21230
21362
21494
21626
21758
21890
22022
22154
22286
22418
22550
22682
22814
22946
23078
23210
23342
23474
23606
23738
23870
24002
24134
24266
24398
24530
24662
24794
24926
25058
25190
25322
25454
25586
25718
25850
25982
26114
26246
26378
26510
26642
26774
26906
27038
27170
27302
27434
27566
27698
19779
19911
20043
20175
20307
20439
20571
20703
20835
20967
21099
21231
21363
21495
21627
21759
21891
22023
22155
22287
22419
22551
22683
22815
22947
23079
23211
23343
23475
23607
23739
23871
24003
24135
24267
24399
24531
24663
24795
24927
25059
25191
25323
25455
25587
25719
25851
25983
26115
26247
26379
26511
26643
26775
26907
27039
27171
27303
27435
27567
27699
19780
19912
20044
20176
20308
20440
20572
20704
20836
20968
21100
21232
21364
21496
21628
21760
21892
22024
22156
22288
22420
22552
22684
22816
22948
23080
23212
23344
23476
23608
23740
23872
24004
24136
24268
24400
24532
24664
24796
24928
25060
25192
25324
25456
25588
25720
25852
25984
26116
26248
26380
26512
26644
26776
26908
27040
27172
27304
27436
27568
27700
19781
19913
20045
20177
20309
20441
20573
20705
20837
20969
21101
21233
21365
21497
21629
21761
21893
22025
22157
22289
22421
22553
22685
22817
22949
23081
23213
23345
23477
23609
23741
23873
24005
24137
24269
24401
24533
24665
24797
24929
25061
25193
25325
25457
25589
25721
25853
25985
26117
26249
26381
26513
26645
26777
26909
27041
27173
27305
27437
27569
27701
19782
19914
20046
20178
20310
20442
20574
20706
20838
20970
21102
21234
21366
21498
21630
21762
21894
22026
22158
22290
22422
22554
22686
22818
22950
23082
23214
23346
23478
23610
23742
23874
24006
24138
24270
24402
24534
24666
24798
24930
25062
25194
25326
25458
25590
25722
25854
25986
26118
26250
26382
26514
26646
26778
26910
27042
27174
27306
27438
27570
27702
19783
19915
20047
20179
20311
20443
20575
20707
20839
20971
21103
21235
21367
21499
21631
21763
21895
22027
22159
22291
22423
22555
22687
22819
22951
23083
23215
23347
23479
23611
23743
23875
24007
24139
24271
24403
24535
24667
24799
24931
25063
25195
25327
25459
25591
25723
25855
25987
26119
26251
26383
26515
26647
26779
26911
27043
27175
27307
27439
27571
27703
19784
19916
20048
20180
20312
20444
20576
20708
20840
20972
21104
21236
21368
21500
21632
21764
21896
22028
22160
22292
22424
22556
22688
22820
22952
23084
23216
23348
23480
23612
23744
23876
24008
24140
24272
24404
24536
24668
24800
24932
25064
25196
25328
25460
25592
25724
25856
25988
26120
26252
26384
26516
26648
26780
26912
27044
27176
27308
27440
27572
27704
19785
19917
20049
20181
20313
20445
20577
20709
20841
20973
21105
21237
21369
21501
21633
21765
21897
22029
22161
22293
22425
22557
22689
22821
22953
23085
23217
23349
23481
23613
23745
23877
24009
24141
24273
24405
24537
24669
24801
24933
25065
25197
25329
25461
25593
25725
25857
25989
26121
26253
26385
26517
26649
26781
26913
27045
27177
27309
27441
27573
27705
19786
19918
20050
20182
20314
20446
20578
20710
20842
20974
21106
21238
21370
21502
21634
21766
21898
22030
22162
22294
22426
22558
22690
22822
22954
23086
23218
23350
23482
23614
23746
23878
24010
24142
24274
24406
24538
24670
24802
24934
25066
25198
25330
25462
25594
25726
25858
25990
26122
26254
26386
26518
26650
26782
26914
27046
27178
27310
27442
27574
27706
19787
19919
20051
20183
20315
20447
20579
20711
20843
20975
21107
21239
21371
21503
21635
21767
21899
22031
22163
22295
22427
22559
22691
22823
22955
23087
23219
23351
23483
23615
23747
23879
24011
24143
24275
24407
24539
24671
24803
24935
25067
25199
25331
25463
25595
25727
25859
25991
26123
26255
26387
26519
26651
26783
26915
27047
27179
27311
27443
27575
27707
19788
19920
20052
20184
20316
20448
20580
20712
20844
20976
21108
21240
21372
21504
21636
21768
21900
22032
22164
22296
22428
22560
22692
22824
22956
23088
23220
23352
23484
23616
23748
23880
24012
24144
24276
24408
24540
24672
24804
24936
25068
25200
25332
25464
25596
25728
25860
25992
26124
26256
26388
26520
26652
26784
26916
27048
27180
27312
27444
27576
27708
19789
19921
20053
20185
20317
20449
20581
20713
20845
20977
21109
21241
21373
21505
21637
21769
21901
22033
22165
22297
22429
22561
22693
22825
22957
23089
23221
23353
23485
23617
23749
23881
24013
24145
24277
24409
24541
24673
24805
24937
25069
25201
25333
25465
25597
25729
25861
25993
26125
26257
26389
26521
26653
26785
26917
27049
27181
27313
27445
27577
27709
19790
19922
20054
20186
20318
20450
20582
20714
20846
20978
21110
21242
21374
21506
21638
21770
21902
22034
22166
22298
22430
22562
22694
22826
22958
23090
23222
23354
23486
23618
23750
23882
24014
24146
24278
24410
24542
24674
24806
24938
25070
25202
25334
25466
25598
25730
25862
25994
26126
26258
26390
26522
26654
26786
26918
27050
27182
27314
27446
27578
27710
19791
19923
20055
20187
20319
20451
20583
20715
20847
20979
21111
21243
21375
21507
21639
21771
21903
22035
22167
22299
22431
22563
22695
22827
22959
23091
23223
23355
23487
23619
23751
23883
24015
24147
24279
24411
24543
24675
24807
24939
25071
25203
25335
25467
25599
25731
25863
25995
26127
26259
26391
26523
26655
26787
26919
27051
27183
27315
27447
27579
27711
19792
19924
20056
20188
20320
20452
20584
20716
20848
20980
21112
21244
21376
21508
21640
21772
21904
22036
22168
22300
22432
22564
22696
22828
22960
23092
23224
23356
23488
23620
23752
23884
24016
24148
24280
24412
24544
24676
24808
24940
25072
25204
25336
25468
25600
25732
25864
25996
26128
26260
26392
26524
26656
26788
26920
27052
27184
27316
27448
27580
27712
19793
19925
20057
20189
20321
20453
20585
20717
20849
20981
21113
21245
21377
21509
21641
21773
21905
22037
22169
22301
22433
22565
22697
22829
22961
23093
23225
23357
23489
23621
23753
23885
24017
24149
24281
24413
24545
24677
24809
24941
25073
25205
25337
25469
25601
25733
25865
25997
26129
26261
26393
26525
26657
26789
26921
27053
27185
27317
27449
27581
27713
19794
19926
20058
20190
20322
20454
20586
20718
20850
20982
21114
21246
21378
21510
21642
21774
21906
22038
22170
22302
22434
22566
22698
22830
22962
23094
23226
23358
23490
23622
23754
23886
24018
24150
24282
24414
24546
24678
24810
24942
25074
25206
25338
25470
25602
25734
25866
25998
26130
26262
26394
26526
26658
26790
26922
27054
27186
27318
27450
27582
27714
19795
19927
20059
20191
20323
20455
20587
20719
20851
20983
21115
21247
21379
21511
21643
21775
21907
22039
22171
22303
22435
22567
22699
22831
22963
23095
23227
23359
23491
23623
23755
23887
24019
24151
24283
24415
24547
24679
24811
24943
25075
25207
25339
25471
25603
25735
25867
25999
26131
26263
26395
26527
26659
26791
26923
27055
27187
27319
27451
27583
27715
19796
19928
20060
20192
20324
20456
20588
20720
20852
20984
21116
21248
21380
21512
21644
21776
21908
22040
22172
22304
22436
22568
22700
22832
22964
23096
23228
23360
23492
23624
23756
23888
24020
24152
24284
24416
24548
24680
24812
24944
25076
25208
25340
25472
25604
25736
25868
26000
26132
26264
26396
26528
26660
26792
26924
27056
27188
27320
27452
27584
27716
19797
19929
20061
20193
20325
20457
20589
20721
20853
20985
21117
21249
21381
21513
21645
21777
21909
22041
22173
22305
22437
22569
22701
22833
22965
23097
23229
23361
23493
23625
23757
23889
24021
24153
24285
24417
24549
24681
24813
24945
25077
25209
25341
25473
25605
25737
25869
26001
26133
26265
26397
26529
26661
26793
26925
27057
27189
27321
27453
27585
27717
19798
19930
20062
20194
20326
20458
20590
20722
20854
20986
21118
21250
21382
21514
21646
21778
21910
22042
22174
22306
22438
22570
22702
22834
22966
23098
23230
23362
23494
23626
23758
23890
24022
24154
24286
24418
24550
24682
24814
24946
25078
25210
25342
25474
25606
25738
25870
26002
26134
26266
26398
26530
26662
26794
26926
27058
27190
27322
27454
27586
27718
19799
19931
20063
20195
20327
20459
20591
20723
20855
20987
21119
21251
21383
21515
21647
21779
21911
22043
22175
22307
22439
22571
22703
22835
22967
23099
23231
23363
23495
23627
23759
23891
24023
24155
24287
24419
24551
24683
24815
24947
25079
25211
25343
25475
25607
25739
25871
26003
26135
26267
26399
26531
26663
26795
26927
27059
27191
27323
27455
27587
27719
19800
19932
20064
20196
20328
20460
20592
20724
20856
20988
21120
21252
21384
21516
21648
21780
21912
22044
22176
22308
22440
22572
22704
22836
22968
23100
23232
23364
23496
23628
23760
23892
24024
24156
24288
24420
24552
24684
24816
24948
25080
25212
25344
25476
25608
25740
25872
26004
26136
26268
26400
26532
26664
26796
26928
27060
27192
27324
27456
27588
27720
19801
19933
20065
20197
20329
20461
20593
20725
20857
20989
21121
21253
21385
21517
21649
21781
21913
22045
22177
22309
22441
22573
22705
22837
22969
23101
23233
23365
23497
23629
23761
23893
24025
24157
24289
24421
24553
24685
24817
24949
25081
25213
25345
25477
25609
25741
25873
26005
26137
26269
26401
26533
26665
26797
26929
27061
27193
27325
27457
27589
27721
19802
19934
20066
20198
20330
20462
20594
20726
20858
20990
21122
21254
21386
21518
21650
21782
21914
22046
22178
22310
22442
22574
22706
22838
22970
23102
23234
23366
23498
23630
23762
23894
24026
24158
24290
24422
24554
24686
24818
24950
25082
25214
25346
25478
25610
25742
25874
26006
26138
26270
26402
26534
26666
26798
26930
27062
27194
27326
27458
27590
27722
19803
19935
20067
20199
20331
20463
20595
20727
20859
20991
21123
21255
21387
21519
21651
21783
21915
22047
22179
22311
22443
22575
22707
22839
22971
23103
23235
23367
23499
23631
23763
23895
24027
24159
24291
24423
24555
24687
24819
24951
25083
25215
25347
25479
25611
25743
25875
26007
26139
26271
26403
26535
26667
26799
26931
27063
27195
27327
27459
27591
27723
19804
19936
20068
20200
20332
20464
20596
20728
20860
20992
21124
21256
21388
21520
21652
21784
21916
22048
22180
22312
22444
22576
22708
22840
22972
23104
23236
23368
23500
23632
23764
23896
24028
24160
24292
24424
24556
24688
24820
24952
25084
25216
25348
25480
25612
25744
25876
26008
26140
26272
26404
26536
26668
26800
26932
27064
27196
27328
27460
27592
27724
19805
19937
20069
20201
20333
20465
20597
20729
20861
20993
21125
21257
21389
21521
21653
21785
21917
22049
22181
22313
22445
22577
22709
22841
22973
23105
23237
23369
23501
23633
23765
23897
24029
24161
24293
24425
24557
24689
24821
24953
25085
25217
25349
25481
25613
25745
25877
26009
26141
26273
26405
26537
26669
26801
26933
27065
27197
27329
27461
27593
27725
19806
19938
20070
20202
20334
20466
20598
20730
20862
20994
21126
21258
21390
21522
21654
21786
21918
22050
22182
22314
22446
22578
22710
22842
22974
23106
23238
23370
23502
23634
23766
23898
24030
24162
24294
24426
24558
24690
24822
24954
25086
25218
25350
25482
25614
25746
25878
26010
26142
26274
26406
26538
26670
26802
26934
27066
27198
27330
27462
27594
27726
19807
19939
20071
20203
20335
20467
20599
20731
20863
20995
21127
21259
21391
21523
21655
21787
21919
22051
22183
22315
22447
22579
22711
22843
22975
23107
23239
23371
23503
23635
23767
23899
24031
24163
24295
24427
24559
24691
24823
24955
25087
25219
25351
25483
25615
25747
25879
26011
26143
26275
26407
26539
26671
26803
26935
27067
27199
27331
27463
27595
27727
19808
19940
20072
20204
20336
20468
20600
20732
20864
20996
21128
21260
21392
21524
21656
21788
21920
22052
22184
22316
22448
22580
22712
22844
22976
23108
23240
23372
23504
23636
23768
23900
24032
24164
24296
24428
24560
24692
24824
24956
25088
25220
25352
25484
25616
25748
25880
26012
26144
26276
26408
26540
26672
26804
26936
27068
27200
27332
27464
27596
27728
19809
19941
20073
20205
20337
20469
20601
20733
20865
20997
21129
21261
21393
21525
21657
21789
21921
22053
22185
22317
22449
22581
22713
22845
22977
23109
23241
23373
23505
23637
23769
23901
24033
24165
24297
24429
24561
24693
24825
24957
25089
25221
25353
25485
25617
25749
25881
26013
26145
26277
26409
26541
26673
26805
26937
27069
27201
27333
27465
27597
27729
19810
19942
20074
20206
20338
20470
20602
20734
20866
20998
21130
21262
21394
21526
21658
21790
21922
22054
22186
22318
22450
22582
22714
22846
22978
23110
23242
23374
23506
23638
23770
23902
24034
24166
24298
24430
24562
24694
24826
24958
25090
25222
25354
25486
25618
25750
25882
26014
26146
26278
26410
26542
26674
26806
26938
27070
27202
27334
27466
27598
27730
19811
19943
20075
20207
20339
20471
20603
20735
20867
20999
21131
21263
21395
21527
21659
21791
21923
22055
22187
22319
22451
22583
22715
22847
22979
23111
23243
23375
23507
23639
23771
23903
24035
24167
24299
24431
24563
24695
24827
24959
25091
25223
25355
25487
25619
25751
25883
26015
26147
26279
26411
26543
26675
26807
26939
27071
27203
27335
27467
27599
27731
19812
19944
20076
20208
20340
20472
20604
20736
20868
21000
21132
21264
21396
21528
21660
21792
21924
22056
22188
22320
22452
22584
22716
22848
22980
23112
23244
23376
23508
23640
23772
23904
24036
24168
24300
24432
24564
24696
24828
24960
25092
25224
25356
25488
25620
25752
25884
26016
26148
26280
26412
26544
26676
26808
26940
27072
27204
27336
27468
27600
27732
19813
19945
20077
20209
20341
20473
20605
20737
20869
21001
21133
21265
21397
21529
21661
21793
21925
22057
22189
22321
22453
22585
22717
22849
22981
23113
23245
23377
23509
23641
23773
23905
24037
24169
24301
24433
24565
24697
24829
24961
25093
25225
25357
25489
25621
25753
25885
26017
26149
26281
26413
26545
26677
26809
26941
27073
27205
27337
27469
27601
27733
19814
19946
20078
20210
20342
20474
20606
20738
20870
21002
21134
21266
21398
21530
21662
21794
21926
22058
22190
22322
22454
22586
22718
22850
22982
23114
23246
23378
23510
23642
23774
23906
24038
24170
24302
24434
24566
24698
24830
24962
25094
25226
25358
25490
25622
25754
25886
26018
26150
26282
26414
26546
26678
26810
26942
27074
27206
27338
27470
27602
27734
19815
19947
20079
20211
20343
20475
20607
20739
20871
21003
21135
21267
21399
21531
21663
21795
21927
22059
22191
22323
22455
22587
22719
22851
22983
23115
23247
23379
23511
23643
23775
23907
24039
24171
24303
24435
24567
24699
24831
24963
25095
25227
25359
25491
25623
25755
25887
26019
26151
26283
26415
26547
26679
26811
26943
27075
27207
27339
27471
27603
27735
19816
19948
20080
20212
20344
20476
20608
20740
20872
21004
21136
21268
21400
21532
21664
21796
21928
22060
22192
22324
22456
22588
22720
22852
22984
23116
23248
23380
23512
23644
23776
23908
24040
24172
24304
24436
24568
24700
24832
24964
25096
25228
25360
25492
25624
25756
25888
26020
26152
26284
26416
26548
26680
26812
26944
27076
27208
27340
27472
27604
27736
19817
19949
20081
20213
20345
20477
20609
20741
20873
21005
21137
21269
21401
21533
21665
21797
21929
22061
22193
22325
22457
22589
22721
22853
22985
23117
23249
23381
23513
23645
23777
23909
24041
24173
24305
24437
24569
24701
24833
24965
25097
25229
25361
25493
25625
25757
25889
26021
26153
26285
26417
26549
26681
26813
26945
27077
27209
27341
27473
27605
27737
19818
19950
20082
20214
20346
20478
20610
20742
20874
21006
21138
21270
21402
21534
21666
21798
21930
22062
22194
22326
22458
22590
22722
22854
22986
23118
23250
23382
23514
23646
23778
23910
24042
24174
24306
24438
24570
24702
24834
24966
25098
25230
25362
25494
25626
25758
25890
26022
26154
26286
26418
26550
26682
26814
26946
27078
27210
27342
27474
27606
27738
19819
19951
20083
20215
20347
20479
20611
20743
20875
21007
21139
21271
21403
21535
21667
21799
21931
22063
22195
22327
22459
22591
22723
22855
22987
23119
23251
23383
23515
23647
23779
23911
24043
24175
24307
24439
24571
24703
24835
24967
25099
25231
25363
25495
25627
25759
25891
26023
26155
26287
26419
26551
26683
26815
26947
27079
27211
27343
27475
27607
27739
19820
19952
20084
20216
20348
20480
20612
20744
20876
21008
21140
21272
21404
21536
21668
21800
21932
22064
22196
22328
22460
22592
22724
22856
22988
23120
23252
23384
23516
23648
23780
23912
24044
24176
24308
24440
24572
24704
24836
24968
25100
25232
25364
25496
25628
25760
25892
26024
26156
26288
26420
26552
26684
26816
26948
27080
27212
27344
27476
27608
27740
19821
19953
20085
20217
20349
20481
20613
20745
20877
21009
21141
21273
21405
21537
21669
21801
21933
22065
22197
22329
22461
22593
22725
22857
22989
23121
23253
23385
23517
23649
23781
23913
24045
24177
24309
24441
24573
24705
24837
24969
25101
25233
25365
25497
25629
25761
25893
26025
26157
26289
26421
26553
26685
26817
26949
27081
27213
27345
27477
27609
27741
19822
19954
20086
20218
20350
20482
20614
20746
20878
21010
21142
21274
21406
21538
21670
21802
21934
22066
22198
22330
22462
22594
22726
22858
22990
23122
23254
23386
23518
23650
23782
23914
24046
24178
24310
24442
24574
24706
24838
24970
25102
25234
25366
25498
25630
25762
25894
26026
26158
26290
26422
26554
26686
26818
26950
27082
27214
27346
27478
27610
27742
19823
19955
20087
20219
20351
20483
20615
20747
20879
21011
21143
21275
21407
21539
21671
21803
21935
22067
22199
22331
22463
22595
22727
22859
22991
23123
23255
23387
23519
23651
23783
23915
24047
24179
24311
24443
24575
24707
24839
24971
25103
25235
25367
25499
25631
25763
25895
26027
26159
26291
26423
26555
26687
26819
26951
27083
27215
27347
27479
27611
27743
19824
19956
20088
20220
20352
20484
20616
20748
20880
21012
21144
21276
21408
21540
21672
21804
21936
22068
22200
22332
22464
22596
22728
22860
22992
23124
23256
23388
23520
23652
23784
23916
24048
24180
24312
24444
24576
24708
24840
24972
25104
25236
25368
25500
25632
25764
25896
26028
26160
26292
26424
26556
26688
26820
26952
27084
27216
27348
27480
27612
27744
19825
19957
20089
20221
20353
20485
20617
20749
20881
21013
21145
21277
21409
21541
21673
21805
21937
22069
22201
22333
22465
22597
22729
22861
22993
23125
23257
23389
23521
23653
23785
23917
24049
24181
24313
24445
24577
24709
24841
24973
25105
25237
25369
25501
25633
25765
25897
26029
26161
26293
26425
26557
26689
26821
26953
27085
27217
27349
27481
27613
27745
19826
19958
20090
20222
20354
20486
20618
20750
20882
21014
21146
21278
21410
21542
21674
21806
21938
22070
22202
22334
22466
22598
22730
22862
22994
23126
23258
23390
23522
23654
23786
23918
24050
24182
24314
24446
24578
24710
24842
24974
25106
25238
25370
25502
25634
25766
25898
26030
26162
26294
26426
26558
26690
26822
26954
27086
27218
27350
27482
27614
27746
19827
19959
20091
20223
20355
20487
20619
20751
20883
21015
21147
21279
21411
21543
21675
21807
21939
22071
22203
22335
22467
22599
22731
22863
22995
23127
23259
23391
23523
23655
23787
23919
24051
24183
24315
24447
24579
24711
24843
24975
25107
25239
25371
25503
25635
25767
25899
26031
26163
26295
26427
26559
26691
26823
26955
27087
27219
27351
27483
27615
27747
27748
27757
27766
27775
27784
27793
27802
27811
27820
27829
27838
27847
27856
27865
27874
27883
27892
27901
27910
27919
27928
27937
27946
27955
27964
27973
27982
27991
28000
28009
28018
28027
28036
28045
28054
28063
28072
28081
28090
28099
28108
28117
28126
28135
28144
28153
28162
28171
28180
28189
28198
28207
28216
28225
28234
28243
28252
28261
28270
28279
28288
27749
27758
27767
27776
27785
27794
27803
27812
27821
27830
27839
27848
27857
27866
27875
27884
27893
27902
27911
27920
27929
27938
27947
27956
27965
27974
27983
27992
28001
28010
28019
28028
28037
28046
28055
28064
28073
28082
28091
28100
28109
28118
28127
28136
28145
28154
28163
28172
28181
28190
28199
28208
28217
28226
28235
28244
28253
28262
28271
28280
28289
27750
27759
27768
27777
27786
27795
27804
27813
27822
27831
27840
27849
27858
27867
27876
27885
27894
27903
27912
27921
27930
27939
27948
27957
27966
27975
27984
27993
28002
28011
28020
28029
28038
28047
28056
28065
28074
28083
28092
28101
28110
28119
28128
28137
28146
28155
28164
28173
28182
28191
28200
28209
28218
28227
28236
28245
28254
28263
28272
28281
28290
27751
27760
27769
27778
27787
27796
27805
27814
27823
27832
27841
27850
27859
27868
27877
27886
27895
27904
27913
27922
27931
27940
27949
27958
27967
27976
27985
27994
28003
28012
28021
28030
28039
28048
28057
28066
28075
28084
28093
28102
28111
28120
28129
28138
28147
28156
28165
28174
28183
28192
28201
28210
28219
28228
28237
28246
28255
28264
28273
28282
28291
27752
27761
27770
27779
27788
27797
27806
27815
27824
27833
27842
27851
27860
27869
27878
27887
27896
27905
27914
27923
27932
27941
27950
27959
27968
27977
27986
27995
28004
28013
28022
28031
28040
28049
28058
28067
28076
28085
28094
28103
28112
28121
28130
28139
28148
28157
28166
28175
28184
28193
28202
28211
28220
28229
28238
28247
28256
28265
28274
28283
28292
27753
27762
27771
27780
27789
27798
27807
27816
27825
27834
27843
27852
27861
27870
27879
27888
27897
27906
27915
27924
27933
27942
27951
27960
27969
27978
27987
27996
28005
28014
28023
28032
28041
28050
28059
28068
28077
28086
28095
28104
28113
28122
28131
28140
28149
28158
28167
28176
28185
28194
28203
28212
28221
28230
28239
28248
28257
28266
28275
28284
28293
27754
27763
27772
27781
27790
27799
27808
27817
27826
27835
27844
27853
27862
27871
27880
27889
27898
27907
27916
27925
27934
27943
27952
27961
27970
27979
27988
27997
28006
28015
28024
28033
28042
28051
28060
28069
28078
28087
28096
28105
28114
28123
28132
28141
28150
28159
28168
28177
28186
28195
28204
28213
28222
28231
28240
28249
28258
28267
28276
28285
28294
27755
27764
27773
27782
27791
27800
27809
27818
27827
27836
27845
27854
27863
27872
27881
27890
27899
27908
27917
27926
27935
27944
27953
27962
27971
27980
27989
27998
28007
28016
28025
28034
28043
28052
28061
28070
28079
28088
28097
28106
28115
28124
28133
28142
28151
28160
28169
28178
28187
28196
28205
28214
28223
28232
28241
28250
28259
28268
28277
28286
28295
27756
27765
27774
27783
27792
27801
27810
27819
27828
27837
27846
27855
27864
27873
27882
27891
27900
27909
27918
27927
27936
27945
27954
27963
27972
27981
27990
27999
28008
28017
28026
28035
28044
28053
28062
28071
28080
28089
28098
28107
28116
28125
28134
28143
28152
28161
28170
28179
28188
28197
28206
28215
28224
28233
28242
28251
28260
28269
28278
28287
28296
36107
36116
36125
36134
36143
36152
36161
36170
36179
36188
36197
36206
36215
36224
36233
36242
36251
36260
36269
36278
36287
36296
36305
36314
36323
36332
36341
36350
36359
36368
36377
36386
36395
36404
36413
36422
36431
36440
36449
36458
36467
36476
36485
36494
36503
36512
36521
36530
36539
36548
36557
36566
36575
36584
36593
36602
36611
36620
36629
36638
36647
36108
36117
36126
36135
36144
36153
36162
36171
36180
36189
36198
36207
36216
36225
36234
36243
36252
36261
36270
36279
36288
36297
36306
36315
36324
36333
36342
36351
36360
36369
36378
36387
36396
36405
36414
36423
36432
36441
36450
36459
36468
36477
36486
36495
36504
36513
36522
36531
36540
36549
36558
36567
36576
36585
36594
36603
36612
36621
36630
36639
36648
36109
36118
36127
36136
36145
36154
36163
36172
36181
36190
36199
36208
36217
36226
36235
36244
36253
36262
36271
36280
36289
36298
36307
36316
36325
36334
36343
36352
36361
36370
36379
36388
36397
36406
36415
36424
36433
36442
36451
36460
36469
36478
36487
36496
36505
36514
36523
36532
36541
36550
36559
36568
36577
36586
36595
36604
36613
36622
36631
36640
36649
36110
36119
36128
36137
36146
36155
36164
36173
36182
36191
36200
36209
36218
36227
36236
36245
36254
36263
36272
36281
36290
36299
36308
36317
36326
36335
36344
36353
36362
36371
36380
36389
36398
36407
36416
36425
36434
36443
36452
36461
36470
36479
36488
36497
36506
36515
36524
36533
36542
36551
36560
36569
36578
36587
36596
36605
36614
36623
36632
36641
36650
36111
36120
36129
36138
36147
36156
36165
36174
36183
36192
36201
36210
36219
36228
36237
36246
36255
36264
36273
36282
36291
36300
36309
36318
36327
36336
36345
36354
36363
36372
36381
36390
36399
36408
36417
36426
36435
36444
36453
36462
36471
36480
36489
36498
36507
36516
36525
36534
36543
36552
36561
36570
36579
36588
36597
36606
36615
36624
36633
36642
36651
36112
36121
36130
36139
36148
36157
36166
36175
36184
36193
36202
36211
36220
36229
36238
36247
36256
36265
36274
36283
36292
36301
36310
36319
36328
36337
36346
36355
36364
36373
36382
36391
36400
36409
36418
36427
36436
36445
36454
36463
36472
36481
36490
36499
36508
36517
36526
36535
36544
36553
36562
36571
36580
36589
36598
36607
36616
36625
36634
36643
36652
36113
36122
36131
36140
36149
36158
36167
36176
36185
36194
36203
36212
36221
36230
36239
36248
36257
36266
36275
36284
36293
36302
36311
36320
36329
36338
36347
36356
36365
36374
36383
36392
36401
36410
36419
36428
36437
36446
36455
36464
36473
36482
36491
36500
36509
36518
36527
36536
36545
36554
36563
36572
36581
36590
36599
36608
36617
36626
36635
36644
36653
36114
36123
36132
36141
36150
36159
36168
36177
36186
36195
36204
36213
36222
36231
36240
36249
36258
36267
36276
36285
36294
36303
36312
36321
36330
36339
36348
36357
36366
36375
36384
36393
36402
36411
36420
36429
36438
36447
36456
36465
36474
36483
36492
36501
36510
36519
36528
36537
36546
36555
36564
36573
36582
36591
36600
36609
36618
36627
36636
36645
36654
36115
36124
36133
36142
36151
36160
36169
36178
36187
36196
36205
36214
36223
36232
36241
36250
36259
36268
36277
36286
36295
36304
36313
36322
36331
36340
36349
36358
36367
36376
36385
36394
36403
36412
36421
36430
36439
36448
36457
36466
36475
36484
36493
36502
36511
36520
36529
36538
36547
36556
36565
36574
36583
36592
36601
36610
36619
36628
36637
36646
36655
29458
29567
29676
29785
29894
30003
30112
30221
30330
30439
30548
30657
30766
30875
30984
31093
31202
31311
31420
31529
31638
31747
31856
31965
32074
32183
32292
32401
32510
32619
32728
32837
32946
33055
33164
33273
33382
33491
33600
33709
33818
33927
34036
34145
34254
34363
34472
34581
34690
34799
34908
35017
35126
35235
35344
35453
35562
35671
35780
35889
35998
29459
29568
29677
29786
29895
30004
30113
30222
30331
30440
30549
30658
30767
30876
30985
31094
31203
31312
31421
31530
31639
31748
31857
31966
32075
32184
32293
32402
32511
32620
32729
32838
32947
33056
33165
33274
33383
33492
33601
33710
33819
33928
34037
34146
34255
34364
34473
34582
34691
34800
34909
35018
35127
35236
35345
35454
35563
35672
35781
35890
35999
29460
29569
29678
29787
29896
30005
30114
30223
30332
30441
30550
30659
30768
30877
30986
31095
31204
31313
31422
31531
31640
31749
31858
31967
32076
32185
32294
32403
32512
32621
32730
32839
32948
33057
33166
33275
33384
33493
33602
33711
33820
33929
34038
34147
34256
34365
34474
34583
34692
34801
34910
35019
35128
35237
35346
35455
35564
35673
35782
35891
36000
29461
29570
29679
29788
29897
30006
30115
30224
30333
30442
30551
30660
30769
30878
30987
31096
31205
31314
31423
31532
31641
31750
31859
31968
32077
32186
32295
32404
32513
32622
32731
32840
32949
33058
33167
33276
33385
33494
33603
33712
33821
33930
34039
34148
34257
34366
34475
34584
34693
34802
34911
35020
35129
35238
35347
35456
35565
35674
35783
35892
36001
29462
29571
29680
29789
29898
30007
30116
30225
30334
30443
30552
30661
30770
30879
30988
31097
31206
31315
31424
31533
31642
31751
31860
31969
32078
32187
32296
32405
32514
32623
32732
32841
32950
33059
33168
33277
33386
33495
33604
33713
33822
33931
34040
34149
34258
34367
34476
34585
34694
34803
34912
35021
35130
35239
35348
35457
35566
35675
35784
35893
36002
29463
29572
29681
29790
29899
30008
30117
30226
30335
30444
30553
30662
30771
30880
30989
31098
31207
31316
31425
31534
31643
31752
31861
31970
32079
32188
32297
32406
32515
32624
32733
32842
32951
33060
33169
33278
33387
33496
33605
33714
33823
33932
34041
34150
34259
34368
34477
34586
34695
34804
34913
35022
35131
35240
35349
35458
35567
35676
35785
35894
36003
29464
29573
29682
29791
29900
30009
30118
30227
30336
30445
30554
30663
30772
30881
30990
31099
31208
31317
31426
31535
31644
31753
31862
31971
32080
32189
32298
32407
32516
32625
32734
32843
32952
33061
33170
33279
33388
33497
33606
33715
33824
33933
34042
34151
34260
34369
34478
34587
34696
34805
34914
35023
35132
35241
35350
35459
35568
35677
35786
35895
36004
29465
29574
29683
29792
29901
30010
30119
30228
30337
30446
30555
30664
30773
30882
30991
31100
31209
31318
31427
31536
31645
31754
31863
31972
32081
32190
32299
32408
32517
32626
32735
32844
32953
33062
33171
33280
33389
33498
33607
33716
33825
33934
34043
34152
34261
34370
34479
34588
34697
34806
34915
35024
35133
35242
35351
35460
35569
35678
35787
35896
36005
29466
29575
29684
29793
29902
30011
30120
30229
30338
30447
30556
30665
30774
30883
30992
31101
31210
31319
31428
31537
31646
31755
31864
31973
32082
32191
32300
32409
32518
32627
32736
32845
32954
33063
33172
33281
33390
33499
33608
33717
33826
33935
34044
34153
34262
34371
34480
34589
34698
34807
34916
35025
35134
35243
35352
35461
35570
35679
35788
35897
36006
29467
29576
29685
29794
29903
30012
30121
30230
30339
30448
30557
30666
30775
30884
30993
31102
31211
31320
31429
31538
31647
31756
31865
31974
32083
32192
32301
32410
32519
32628
32737
32846
32955
33064
33173
33282
33391
33500
33609
33718
33827
33936
34045
34154
34263
34372
34481
34590
34699
34808
34917
35026
35135
35244
35353
35462
35571
35680
35789
35898
36007
29468
29577
29686
29795
29904
30013
30122
30231
30340
30449
30558
30667
30776
30885
30994
31103
31212
31321
31430
31539
31648
31757
31866
31975
32084
32193
32302
32411
32520
32629
32738
32847
32956
33065
33174
33283
33392
33501
33610
33719
33828
33937
34046
34155
34264
34373
34482
34591
34700
34809
34918
35027
35136
35245
35354
35463
35572
35681
35790
35899
36008
29469
29578
29687
29796
29905
30014
30123
30232
30341
30450
30559
30668
30777
30886
30995
31104
31213
31322
31431
31540
31649
31758
31867
31976
32085
32194
32303
32412
32521
32630
32739
32848
32957
33066
33175
33284
33393
33502
33611
33720
33829
33938
34047
34156
34265
34374
34483
34592
34701
34810
34919
35028
35137
35246
35355
35464
35573
35682
35791
35900
36009
29470
29579
29688
29797
29906
30015
30124
30233
30342
30451
30560
30669
30778
30887
30996
31105
31214
31323
31432
31541
31650
31759
31868
31977
32086
32195
32304
32413
32522
32631
32740
32849
32958
33067
33176
33285
33394
33503
33612
33721
33830
33939
34048
34157
34266
34375
34484
34593
34702
34811
34920
35029
35138
35247
35356
35465
35574
35683
35792
35901
36010
29471
29580
29689
29798
29907
30016
30125
30234
30343
30452
30561
30670
30779
30888
30997
31106
31215
31324
31433
31542
31651
31760
31869
31978
32087
32196
32305
32414
32523
32632
32741
32850
32959
33068
33177
33286
33395
33504
33613
33722
33831
33940
34049
34158
34267
34376
34485
34594
34703
34812
34921
35030
35139
35248
35357
35466
35575
35684
35793
35902
36011
29472
29581
29690
29799
29908
30017
30126
30235
30344
30453
30562
30671
30780
30889
30998
31107
31216
31325
31434
31543
31652
31761
31870
31979
32088
32197
32306
32415
32524
32633
32742
32851
32960
33069
33178
33287
33396
33505
33614
33723
33832
33941
34050
34159
34268
34377
34486
34595
34704
34813
34922
35031
35140
35249
35358
35467
35576
35685
35794
35903
36012
29473
29582
29691
29800
29909
30018
30127
30236
30345
30454
30563
30672
30781
30890
30999
31108
31217
31326
31435
31544
31653
31762
31871
31980
32089
32198
32307
32416
32525
32634
32743
32852
32961
33070
33179
33288
33397
33506
33615
33724
33833
33942
34051
34160
34269
34378
34487
34596
34705
34814
34923
35032
35141
35250
35359
35468
35577
35686
35795
35904
36013
29474
29583
29692
29801
29910
30019
30128
30237
30346
30455
30564
30673
30782
30891
31000
31109
31218
31327
31436
31545
31654
31763
31872
31981
32090
32199
32308
32417
32526
32635
32744
32853
32962
33071
33180
33289
33398
33507
33616
33725
33834
33943
34052
34161
34270
34379
34488
34597
34706
34815
34924
35033
35142
35251
35360
35469
35578
35687
35796
35905
36014
29475
29584
29693
29802
29911
30020
30129
30238
30347
30456
30565
30674
30783
30892
31001
31110
31219
31328
31437
31546
31655
31764
31873
31982
32091
32200
32309
32418
32527
32636
32745
32854
32963
33072
33181
33290
33399
33508
33617
33726
33835
33944
34053
34162
34271
34380
34489
34598
34707
34816
34925
35034
35143
35252
35361
35470
35579
35688
35797
35906
36015
29476
29585
29694
29803
29912
30021
30130
30239
30348
30457
30566
30675
30784
30893
31002
31111
31220
31329
31438
31547
31656
31765
31874
31983
32092
32201
32310
32419
32528
32637
32746
32855
32964
33073
33182
33291
33400
33509
33618
33727
33836
33945
34054
34163
34272
34381
34490
34599
34708
34817
34926
35035
35144
35253
35362
35471
35580
35689
35798
35907
36016
29477
29586
29695
29804
29913
30022
30131
30240
30349
30458
30567
30676
30785
30894
31003
31112
31221
31330
31439
31548
31657
31766
31875
31984
32093
32202
32311
32420
32529
32638
32747
32856
32965
33074
33183
33292
33401
33510
33619
33728
33837
33946
34055
34164
34273
34382
34491
34600
34709
34818
34927
35036
35145
35254
35363
35472
35581
35690
35799
35908
36017
29478
29587
29696
29805
29914
30023
30132
30241
30350
30459
30568
30677
30786
30895
31004
31113
31222
31331
31440
31549
31658
31767
31876
31985
32094
32203
32312
32421
32530
32639
32748
32857
32966
33075
33184
33293
33402
33511
33620
33729
33838
33947
34056
34165
34274
34383
34492
34601
34710
34819
34928
35037
35146
35255
35364
35473
35582
35691
35800
35909
36018
29479
29588
29697
29806
29915
30024
30133
30242
30351
30460
30569
30678
30787
30896
31005
31114
31223
31332
31441
31550
31659
31768
31877
31986
32095
32204
32313
32422
32531
32640
32749
32858
32967
33076
33185
33294
33403
33512
33621
33730
33839
33948
34057
34166
34275
34384
34493
34602
34711
34820
34929
35038
35147
35256
35365
35474
35583
35692
35801
35910
36019
29480
29589
29698
29807
29916
30025
30134
30243
30352
30461
30570
30679
30788
30897
31006
31115
31224
31333
31442
31551
31660
31769
31878
31987
32096
32205
32314
32423
32532
32641
32750
32859
32968
33077
33186
33295
33404
33513
33622
33731
33840
33949
34058
34167
34276
34385
34494
34603
34712
34821
34930
35039
35148
35257
35366
35475
35584
35693
35802
35911
36020
29481
29590
29699
29808
29917
30026
30135
30244
30353
30462
30571
30680
30789
30898
31007
31116
31225
31334
31443
31552
31661
31770
31879
31988
32097
32206
32315
32424
32533
32642
32751
32860
32969
33078
33187
33296
33405
33514
33623
33732
33841
33950
34059
34168
34277
34386
34495
34604
34713
34822
34931
35040
35149
35258
35367
35476
35585
35694
35803
35912
36021
29482
29591
29700
29809
29918
30027
30136
30245
30354
30463
30572
30681
30790
30899
31008
31117
31226
31335
31444
31553
31662
31771
31880
31989
32098
32207
32316
32425
32534
32643
32752
32861
32970
33079
33188
33297
33406
33515
33624
33733
33842
33951
34060
34169
34278
34387
34496
34605
34714
34823
34932
35041
35150
35259
35368
35477
35586
35695
35804
35913
36022
29483
29592
29701
29810
29919
30028
30137
30246
30355
30464
30573
30682
30791
30900
31009
31118
31227
31336
31445
31554
31663
31772
31881
31990
32099
32208
32317
32426
32535
32644
32753
32862
32971
33080
33189
33298
33407
33516
33625
33734
33843
33952
34061
34170
34279
34388
34497
34606
34715
34824
34933
35042
35151
35260
35369
35478
35587
35696
35805
35914
36023
29484
29593
29702
29811
29920
30029
30138
30247
30356
30465
30574
30683
30792
30901
31010
31119
31228
31337
31446
31555
31664
31773
31882
31991
32100
32209
32318
32427
32536
32645
32754
32863
32972
33081
33190
33299
33408
33517
33626
33735
33844
33953
34062
34171
34280
34389
34498
34607
34716
34825
34934
35043
35152
35261
35370
35479
35588
35697
35806
35915
36024
29485
29594
29703
29812
29921
30030
30139
30248
30357
30466
30575
30684
30793
30902
31011
31120
31229
31338
31447
31556
31665
31774
31883
31992
32101
32210
32319
32428
32537
32646
32755
32864
32973
33082
33191
33300
33409
33518
33627
33736
33845
33954
34063
34172
34281
34390
34499
34608
34717
34826
34935
35044
35153
35262
35371
35480
35589
35698
35807
35916
36025
29486
29595
29704
29813
29922
30031
30140
30249
30358
30467
30576
30685
30794
30903
31012
31121
31230
31339
31448
31557
31666
31775
31884
31993
32102
32211
32320
32429
32538
32647
32756
32865
32974
33083
33192
33301
33410
33519
33628
33737
33846
33955
34064
34173
34282
34391
34500
34609
34718
34827
34936
35045
35154
35263
35372
35481
35590
35699
35808
35917
36026
29487
29596
29705
29814
29923
30032
30141
30250
30359
30468
30577
30686
30795
30904
31013
31122
31231
31340
31449
31558
31667
31776
31885
31994
32103
32212
32321
32430
32539
32648
32757
32866
32975
33084
33193
33302
33411
33520
33629
33738
33847
33956
34065
34174
34283
34392
34501
34610
34719
34828
34937
35046
35155
35264
35373
35482
35591
35700
35809
35918
36027
29488
29597
29706
29815
29924
30033
30142
30251
30360
30469
30578
30687
30796
30905
31014
31123
31232
31341
31450
31559
31668
31777
31886
31995
32104
32213
32322
32431
32540
32649
32758
32867
32976
33085
33194
33303
33412
33521
33630
33739
33848
33957
34066
34175
34284
34393
34502
34611
34720
34829
34938
35047
35156
35265
35374
35483
35592
35701
35810
35919
36028
29489
29598
29707
29816
29925
30034
30143
30252
30361
30470
30579
30688
30797
30906
31015
31124
31233
31342
31451
31560
31669
31778
31887
31996
32105
32214
32323
32432
32541
32650
32759
32868
32977
33086
33195
33304
33413
33522
33631
33740
33849
33958
34067
34176
34285
34394
34503
34612
34721
34830
34939
35048
35157
35266
35375
35484
35593
35702
35811
35920
36029
29490
29599
29708
29817
29926
30035
30144
30253
30362
30471
30580
30689
30798
30907
31016
31125
31234
31343
31452
31561
31670
31779
31888
31997
32106
32215
32324
32433
32542
32651
32760
32869
32978
33087
33196
33305
33414
33523
33632
33741
33850
33959
34068
34177
34286
34395
34504
34613
34722
34831
34940
35049
35158
35267
35376
35485
35594
35703
35812
35921
36030
29491
29600
29709
29818
29927
30036
30145
30254
30363
30472
30581
30690
30799
30908
31017
31126
31235
31344
31453
31562
31671
31780
31889
31998
32107
32216
32325
32434
32543
32652
32761
32870
32979
33088
33197
33306
33415
33524
33633
33742
33851
33960
34069
34178
34287
34396
34505
34614
34723
34832
34941
35050
35159
35268
35377
35486
35595
35704
35813
35922
36031
29492
29601
29710
29819
29928
30037
30146
30255
30364
30473
30582
30691
30800
30909
31018
31127
31236
31345
31454
31563
31672
31781
31890
31999
32108
32217
32326
32435
32544
32653
32762
32871
32980
33089
33198
33307
33416
33525
33634
33743
33852
33961
34070
34179
34288
34397
34506
34615
34724
34833
34942
35051
35160
35269
35378
35487
35596
35705
35814
35923
36032
29493
29602
29711
29820
29929
30038
30147
30256
30365
30474
30583
30692
30801
30910
31019
31128
31237
31346
31455
31564
31673
31782
31891
32000
32109
32218
32327
32436
32545
32654
32763
32872
32981
33090
33199
33308
33417
33526
33635
33744
33853
33962
34071
34180
34289
34398
34507
34616
34725
34834
34943
35052
35161
35270
35379
35488
35597
35706
35815
35924
36033
29494
29603
29712
29821
29930
30039
30148
30257
30366
30475
30584
30693
30802
30911
31020
31129
31238
31347
31456
31565
31674
31783
31892
32001
32110
32219
32328
32437
32546
32655
32764
32873
32982
33091
33200
33309
33418
33527
33636
33745
33854
33963
34072
34181
34290
34399
34508
34617
34726
34835
34944
35053
35162
35271
35380
35489
35598
35707
35816
35925
36034
29495
29604
29713
29822
29931
30040
30149
30258
30367
30476
30585
30694
30803
30912
31021
31130
31239
31348
31457
31566
31675
31784
31893
32002
32111
32220
32329
32438
32547
32656
32765
32874
32983
33092
33201
33310
33419
33528
33637
33746
33855
33964
34073
34182
34291
34400
34509
34618
34727
34836
34945
35054
35163
35272
35381
35490
35599
35708
35817
35926
36035
29496
29605
29714
29823
29932
30041
30150
30259
30368
30477
30586
30695
30804
30913
31022
31131
31240
31349
31458
31567
31676
31785
31894
32003
32112
32221
32330
32439
32548
32657
32766
32875
32984
33093
33202
33311
33420
33529
33638
33747
33856
33965
34074
34183
34292
34401
34510
34619
34728
34837
34946
35055
35164
35273
35382
35491
35600
35709
35818
35927
36036
29497
29606
29715
29824
29933
30042
30151
30260
30369
30478
30587
30696
30805
30914
31023
31132
31241
31350
31459
31568
31677
31786
31895
32004
32113
32222
32331
32440
32549
32658
32767
32876
32985
33094
33203
33312
33421
33530
33639
33748
33857
33966
34075
34184
34293
34402
34511
34620
34729
34838
34947
35056
35165
35274
35383
35492
35601
35710
35819
35928
36037
29498
29607
29716
29825
29934
30043
30152
30261
30370
30479
30588
30697
30806
30915
31024
31133
31242
31351
31460
31569
31678
31787
31896
32005
32114
32223
32332
32441
32550
32659
32768
32877
32986
33095
33204
33313
33422
33531
33640
33749
33858
33967
34076
34185
34294
34403
34512
34621
34730
34839
34948
35057
35166
35275
35384
35493
35602
35711
35820
35929
36038
29499
29608
29717
29826
29935
30044
30153
30262
30371
30480
30589
30698
30807
30916
31025
31134
31243
31352
31461
31570
31679
31788
31897
32006
32115
32224
32333
32442
32551
32660
32769
32878
32987
33096
33205
33314
33423
33532
33641
33750
33859
33968
34077
34186
34295
34404
34513
34622
34731
34840
34949
35058
35167
35276
35385
35494
35603
35712
35821
35930
36039
29500
29609
29718
29827
29936
30045
30154
30263
30372
30481
30590
30699
30808
30917
31026
31135
31244
31353
31462
31571
31680
31789
31898
32007
32116
32225
32334
32443
32552
32661
32770
32879
32988
33097
33206
33315
33424
33533
33642
33751
33860
33969
34078
34187
34296
34405
34514
34623
34732
34841
34950
35059
35168
35277
35386
35495
35604
35713
35822
35931
36040
29501
29610
29719
29828
29937
30046
30155
30264
30373
30482
30591
30700
30809
30918
31027
31136
31245
31354
31463
31572
31681
31790
31899
32008
32117
32226
32335
32444
32553
32662
32771
32880
32989
33098
33207
33316
33425
33534
33643
33752
33861
33970
34079
34188
34297
34406
34515
34624
34733
34842
34951
35060
35169
35278
35387
35496
35605
35714
35823
35932
36041
29502
29611
29720
29829
29938
30047
30156
30265
30374
30483
30592
30701
30810
30919
31028
31137
31246
31355
31464
31573
31682
31791
31900
32009
32118
32227
32336
32445
32554
32663
32772
32881
32990
33099
33208
33317
33426
33535
33644
33753
33862
33971
34080
34189
34298
34407
34516
34625
34734
34843
34952
35061
35170
35279
35388
35497
35606
35715
35824
35933
36042
29503
29612
29721
29830
29939
30048
30157
30266
30375
30484
30593
30702
30811
30920
31029
31138
31247
31356
31465
31574
31683
31792
31901
32010
32119
32228
32337
32446
32555
32664
32773
32882
32991
33100
33209
33318
33427
33536
33645
33754
33863
33972
34081
34190
34299
34408
34517
34626
34735
34844
34953
35062
35171
35280
35389
35498
35607
35716
35825
35934
36043
29504
29613
29722
29831
29940
30049
30158
30267
30376
30485
30594
30703
30812
30921
31030
31139
31248
31357
31466
31575
31684
31793
31902
32011
32120
32229
32338
32447
32556
32665
32774
32883
32992
33101
33210
33319
33428
33537
33646
33755
33864
33973
34082
34191
34300
34409
34518
34627
34736
34845
34954
35063
35172
35281
35390
35499
35608
35717
35826
35935
36044
29505
29614
29723
29832
29941
30050
30159
30268
30377
30486
30595
30704
30813
30922
31031
31140
31249
31358
31467
31576
31685
31794
31903
32012
32121
32230
32339
32448
32557
32666
32775
32884
32993
33102
33211
33320
33429
33538
33647
33756
33865
33974
34083
34192
34301
34410
34519
34628
34737
34846
34955
35064
35173
35282
35391
35500
35609
35718
35827
35936
36045
29506
29615
29724
29833
29942
30051
30160
30269
30378
30487
30596
30705
30814
30923
31032
31141
31250
31359
31468
31577
31686
31795
31904
32013
32122
32231
32340
32449
32558
32667
32776
32885
32994
33103
33212
33321
33430
33539
33648
33757
33866
33975
34084
34193
34302
34411
34520
34629
34738
34847
34956
35065
35174
35283
35392
35501
35610
35719
35828
35937
36046
29507
29616
29725
29834
29943
30052
30161
30270
30379
30488
30597
30706
30815
30924
31033
31142
31251
31360
31469
31578
31687
31796
31905
32014
32123
32232
32341
32450
32559
32668
32777
32886
32995
33104
33213
33322
33431
33540
33649
33758
33867
33976
34085
34194
34303
34412
34521
34630
34739
34848
34957
35066
35175
35284
35393
35502
35611
35720
35829
35938
36047
29508
29617
29726
29835
29944
30053
30162
30271
30380
30489
30598
30707
30816
30925
31034
31143
31252
31361
31470
31579
31688
31797
31906
32015
32124
32233
32342
32451
32560
32669
32778
32887
32996
33105
33214
33323
33432
33541
33650
33759
33868
33977
34086
34195
34304
34413
34522
34631
34740
34849
34958
35067
35176
35285
35394
35503
35612
35721
35830
35939
36048
29509
29618
29727
29836
29945
30054
30163
30272
30381
30490
30599
30708
30817
30926
31035
31144
31253
31362
31471
31580
31689
31798
31907
32016
32125
32234
32343
32452
32561
32670
32779
32888
32997
33106
33215
33324
33433
33542
33651
33760
33869
33978
34087
34196
34305
34414
34523
34632
34741
34850
34959
35068
35177
35286
35395
35504
35613
35722
35831
35940
36049
29510
29619
29728
29837
29946
30055
30164
30273
30382
30491
30600
30709
30818
30927
31036
31145
31254
31363
31472
31581
31690
31799
31908
32017
32126
32235
32344
32453
32562
32671
32780
32889
32998
33107
33216
33325
33434
33543
33652
33761
33870
33979
34088
34197
34306
34415
34524
34633
34742
34851
34960
35069
35178
35287
35396
35505
35614
35723
35832
35941
36050
29511
29620
29729
29838
29947
30056
30165
30274
30383
30492
30601
30710
30819
30928
31037
31146
31255
31364
31473
31582
31691
31800
31909
32018
32127
32236
32345
32454
32563
32672
32781
32890
32999
33108
33217
33326
33435
33544
33653
33762
33871
33980
34089
34198
34307
34416
34525
34634
34743
34852
34961
35070
35179
35288
35397
35506
35615
35724
35833
35942
36051
29512
29621
29730
29839
29948
30057
30166
30275
30384
30493
30602
30711
30820
30929
31038
31147
31256
31365
31474
31583
31692
31801
31910
32019
32128
32237
32346
32455
32564
32673
32782
32891
33000
33109
33218
33327
33436
33545
33654
33763
33872
33981
34090
34199
34308
34417
34526
34635
34744
34853
34962
35071
35180
35289
35398
35507
35616
35725
35834
35943
36052
29513
29622
29731
29840
29949
30058
30167
30276
30385
30494
30603
30712
30821
30930
31039
31148
31257
31366
31475
31584
31693
31802
31911
32020
32129
32238
32347
32456
32565
32674
32783
32892
33001
33110
33219
33328
33437
33546
33655
33764
33873
33982
34091
34200
34309
34418
34527
34636
34745
34854
34963
35072
35181
35290
35399
35508
35617
35726
35835
35944
36053
29514
29623
29732
29841
29950
30059
30168
30277
30386
30495
30604
30713
30822
30931
31040
31149
31258
31367
31476
31585
31694
31803
31912
32021
32130
32239
32348
32457
32566
32675
32784
32893
33002
33111
33220
33329
33438
33547
33656
33765
33874
33983
34092
34201
34310
34419
34528
34637
34746
34855
34964
35073
35182
35291
35400
35509
35618
35727
35836
35945
36054
29515
29624
29733
29842
29951
30060
30169
30278
30387
30496
30605
30714
30823
30932
31041
31150
31259
31368
31477
31586
31695
31804
31913
32022
32131
32240
32349
32458
32567
32676
32785
32894
33003
33112
33221
33330
33439
33548
33657
33766
33875
33984
34093
34202
34311
34420
34529
34638
34747
34856
34965
35074
35183
35292
35401
35510
35619
35728
35837
35946
36055
29516
29625
29734
29843
29952
30061
30170
30279
30388
30497
30606
30715
30824
30933
31042
31151
31260
31369
31478
31587
31696
31805
31914
32023
32132
32241
32350
32459
32568
32677
32786
32895
33004
33113
33222
33331
33440
33549
33658
33767
33876
33985
34094
34203
34312
34421
34530
34639
34748
34857
34966
35075
35184
35293
35402
35511
35620
35729
35838
35947
36056
29517
29626
29735
29844
29953
30062
30171
30280
30389
30498
30607
30716
30825
30934
31043
31152
31261
31370
31479
31588
31697
31806
31915
32024
32133
32242
32351
32460
32569
32678
32787
32896
33005
33114
33223
33332
33441
33550
33659
33768
33877
33986
34095
34204
34313
34422
34531
34640
34749
34858
34967
35076
35185
35294
35403
35512
35621
35730
35839
35948
36057
29518
29627
29736
29845
29954
30063
30172
30281
30390
30499
30608
30717
30826
30935
31044
31153
31262
31371
31480
31589
31698
31807
31916
32025
32134
32243
32352
32461
32570
32679
32788
32897
33006
33115
33224
33333
33442
33551
33660
33769
33878
33987
34096
34205
34314
34423
34532
34641
34750
34859
34968
35077
35186
35295
35404
35513
35622
35731
35840
35949
36058
29519
29628
29737
29846
29955
30064
30173
30282
30391
30500
30609
30718
30827
30936
31045
31154
31263
31372
31481
31590
31699
31808
31917
32026
32135
32244
32353
32462
32571
32680
32789
32898
33007
33116
33225
33334
33443
33552
33661
33770
33879
33988
34097
34206
34315
34424
34533
34642
34751
34860
34969
35078
35187
35296
35405
35514
35623
35732
35841
35950
36059
29520
29629
29738
29847
29956
30065
30174
30283
30392
30501
30610
30719
30828
30937
31046
31155
31264
31373
31482
31591
31700
31809
31918
32027
32136
32245
32354
32463
32572
32681
32790
32899
33008
33117
33226
33335
33444
33553
33662
33771
33880
33989
34098
34207
34316
34425
34534
34643
34752
34861
34970
35079
35188
35297
35406
35515
35624
35733
35842
35951
36060
29521
29630
29739
29848
29957
30066
30175
30284
30393
30502
30611
30720
30829
30938
31047
31156
31265
31374
31483
31592
31701
31810
31919
32028
32137
32246
32355
32464
32573
32682
32791
32900
33009
33118
33227
33336
33445
33554
33663
33772
33881
33990
34099
34208
34317
34426
34535
34644
34753
34862
34971
35080
35189
35298
35407
35516
35625
35734
35843
35952
36061
29522
29631
29740
29849
29958
30067
30176
30285
30394
30503
30612
30721
30830
30939
31048
31157
31266
31375
31484
31593
31702
31811
31920
32029
32138
32247
32356
32465
32574
32683
32792
32901
33010
33119
33228
33337
33446
33555
33664
33773
33882
33991
34100
34209
34318
34427
34536
34645
34754
34863
34972
35081
35190
35299
35408
35517
35626
35735
35844
35953
36062
29523
29632
29741
29850
29959
30068
30177
30286
30395
30504
30613
30722
30831
30940
31049
31158
31267
31376
31485
31594
31703
31812
31921
32030
32139
32248
32357
32466
32575
32684
32793
32902
33011
33120
33229
33338
33447
33556
33665
33774
33883
33992
34101
34210
34319
34428
34537
34646
34755
34864
34973
35082
35191
35300
35409
35518
35627
35736
35845
35954
36063
29524
29633
29742
29851
29960
30069
30178
30287
30396
30505
30614
30723
30832
30941
31050
31159
31268
31377
31486
31595
31704
31813
31922
32031
32140
32249
32358
32467
32576
32685
32794
32903
33012
33121
33230
33339
33448
33557
33666
33775
33884
33993
34102
34211
34320
34429
34538
34647
34756
34865
34974
35083
35192
35301
35410
35519
35628
35737
35846
35955
36064
29525
29634
29743
29852
29961
30070
30179
30288
30397
30506
30615
30724
30833
30942
31051
31160
31269
31378
31487
31596
31705
31814
31923
32032
32141
32250
32359
32468
32577
32686
32795
32904
33013
33122
33231
33340
33449
33558
33667
33776
33885
33994
34103
34212
34321
34430
34539
34648
34757
34866
34975
35084
35193
35302
35411
35520
35629
35738
35847
35956
36065
29526
29635
29744
29853
29962
30071
30180
30289
30398
30507
30616
30725
30834
30943
31052
31161
31270
31379
31488
31597
31706
31815
31924
32033
32142
32251
32360
32469
32578
32687
32796
32905
33014
33123
33232
33341
33450
33559
33668
33777
33886
33995
34104
34213
34322
34431
34540
34649
34758
34867
34976
35085
35194
35303
35412
35521
35630
35739
35848
35957
36066
29527
29636
29745
29854
29963
30072
30181
30290
30399
30508
30617
30726
30835
30944
31053
31162
31271
31380
31489
31598
31707
31816
31925
32034
32143
32252
32361
32470
32579
32688
32797
32906
33015
33124
33233
33342
33451
33560
33669
33778
33887
33996
34105
34214
34323
34432
34541
34650
34759
34868
34977
35086
35195
35304
35413
35522
35631
35740
35849
35958
36067
29528
29637
29746
29855
29964
30073
30182
30291
30400
30509
30618
30727
30836
30945
31054
31163
31272
31381
31490
31599
31708
31817
31926
32035
32144
32253
32362
32471
32580
32689
32798
32907
33016
33125
33234
33343
33452
33561
33670
33779
33888
33997
34106
34215
34324
34433
34542
34651
34760
34869
34978
35087
35196
35305
35414
35523
35632
35741
35850
35959
36068
29529
29638
29747
29856
29965
30074
30183
30292
30401
30510
30619
30728
30837
30946
31055
31164
31273
31382
31491
31600
31709
31818
31927
32036
32145
32254
32363
32472
32581
32690
32799
32908
33017
33126
33235
33344
33453
33562
33671
33780
33889
33998
34107
34216
34325
34434
34543
34652
34761
34870
34979
35088
35197
35306
35415
35524
35633
35742
35851
35960
36069
29530
29639
29748
29857
29966
30075
30184
30293
30402
30511
30620
30729
30838
30947
31056
31165
31274
31383
31492
31601
31710
31819
31928
32037
32146
32255
32364
32473
32582
32691
32800
32909
33018
33127
33236
33345
33454
33563
33672
33781
33890
33999
34108
34217
34326
34435
34544
34653
34762
34871
34980
35089
35198
35307
35416
35525
35634
35743
35852
35961
36070
29531
29640
29749
29858
29967
30076
30185
30294
30403
30512
30621
30730
30839
30948
31057
31166
31275
31384
31493
31602
31711
31820
31929
32038
32147
32256
32365
32474
32583
32692
32801
32910
33019
33128
33237
33346
33455
33564
33673
33782
33891
34000
34109
34218
34327
34436
34545
34654
34763
34872
34981
35090
35199
35308
35417
35526
35635
35744
35853
35962
36071
29532
29641
29750
29859
29968
30077
30186
30295
30404
30513
30622
30731
30840
30949
31058
31167
31276
31385
31494
31603
31712
31821
31930
32039
32148
32257
32366
32475
32584
32693
32802
32911
33020
33129
33238
33347
33456
33565
33674
33783
33892
34001
34110
34219
34328
34437
34546
34655
34764
34873
34982
35091
35200
35309
35418
35527
35636
35745
35854
35963
36072
29533
29642
29751
29860
29969
30078
30187
30296
30405
30514
30623
30732
30841
30950
31059
31168
31277
31386
31495
31604
31713
31822
31931
32040
32149
32258
32367
32476
32585
32694
32803
32912
33021
33130
33239
33348
33457
33566
33675
33784
33893
34002
34111
34220
34329
34438
34547
34656
34765
34874
34983
35092
35201
35310
35419
35528
35637
35746
35855
35964
36073
29534
29643
29752
29861
29970
30079
30188
30297
30406
30515
30624
30733
30842
30951
31060
31169
31278
31387
31496
31605
31714
31823
31932
32041
32150
32259
32368
32477
32586
32695
32804
32913
33022
33131
33240
33349
33458
33567
33676
33785
33894
34003
34112
34221
34330
34439
34548
34657
34766
34875
34984
35093
35202
35311
35420
35529
35638
35747
35856
35965
36074
29535
29644
29753
29862
29971
30080
30189
30298
30407
30516
30625
30734
30843
30952
31061
31170
31279
31388
31497
31606
31715
31824
31933
32042
32151
32260
32369
32478
32587
32696
32805
32914
33023
33132
33241
33350
33459
33568
33677
33786
33895
34004
34113
34222
34331
34440
34549
34658
34767
34876
34985
35094
35203
35312
35421
35530
35639
35748
35857
35966
36075
29536
29645
29754
29863
29972
30081
30190
30299
30408
30517
30626
30735
30844
30953
31062
31171
31280
31389
31498
31607
31716
31825
31934
32043
32152
32261
32370
32479
32588
32697
32806
32915
33024
33133
33242
33351
33460
33569
33678
33787
33896
34005
34114
34223
34332
34441
34550
34659
34768
34877
34986
35095
35204
35313
35422
35531
35640
35749
35858
35967
36076
29537
29646
29755
29864
29973
30082
30191
30300
30409
30518
30627
30736
30845
30954
31063
31172
31281
31390
31499
31608
31717
31826
31935
32044
32153
32262
32371
32480
32589
32698
32807
32916
33025
33134
33243
33352
33461
33570
33679
33788
33897
34006
34115
34224
34333
34442
34551
34660
34769
34878
34987
35096
35205
35314
35423
35532
35641
35750
35859
35968
36077
29538
29647
29756
29865
29974
30083
30192
30301
30410
30519
30628
30737
30846
30955
31064
31173
31282
31391
31500
31609
31718
31827
31936
32045
32154
32263
32372
32481
32590
32699
32808
32917
33026
33135
33244
33353
33462
33571
33680
33789
33898
34007
34116
34225
34334
34443
34552
34661
34770
34879
34988
35097
35206
35315
35424
35533
35642
35751
35860
35969
36078
29539
29648
29757
29866
29975
30084
30193
30302
30411
30520
30629
30738
30847
30956
31065
31174
31283
31392
31501
31610
31719
31828
31937
32046
32155
32264
32373
32482
32591
32700
32809
32918
33027
33136
33245
33354
33463
33572
33681
33790
33899
34008
34117
34226
34335
34444
34553
34662
34771
34880
34989
35098
35207
35316
35425
35534
35643
35752
35861
35970
36079
29540
29649
29758
29867
29976
30085
30194
30303
30412
30521
30630
30739
30848
30957
31066
31175
31284
31393
31502
31611
31720
31829
31938
32047
32156
32265
32374
32483
32592
32701
32810
32919
33028
33137
33246
33355
33464
33573
33682
33791
33900
34009
34118
34227
34336
34445
34554
34663
34772
34881
34990
35099
35208
35317
35426
35535
35644
35753
35862
35971
36080
29541
29650
29759
29868
29977
30086
30195
30304
30413
30522
30631
30740
30849
30958
31067
31176
31285
31394
31503
31612
31721
31830
31939
32048
32157
32266
32375
32484
32593
32702
32811
32920
33029
33138
33247
33356
33465
33574
33683
33792
33901
34010
34119
34228
34337
34446
34555
34664
34773
34882
34991
35100
35209
35318
35427
35536
35645
35754
35863
35972
36081
29542
29651
29760
29869
29978
30087
30196
30305
30414
30523
30632
30741
30850
30959
31068
31177
31286
31395
31504
31613
31722
31831
31940
32049
32158
32267
32376
32485
32594
32703
32812
32921
33030
33139
33248
33357
33466
33575
33684
33793
33902
34011
34120
34229
34338
34447
34556
34665
34774
34883
34992
35101
35210
35319
35428
35537
35646
35755
35864
35973
36082
29543
29652
29761
29870
29979
30088
30197
30306
30415
30524
30633
30742
30851
30960
31069
31178
31287
31396
31505
31614
31723
31832
31941
32050
32159
32268
32377
32486
32595
32704
32813
32922
33031
33140
33249
33358
33467
33576
33685
33794
33903
34012
34121
34230
34339
34448
34557
34666
34775
34884
34993
35102
35211
35320
35429
35538
35647
35756
35865
35974
36083
29544
29653
29762
29871
29980
30089
30198
30307
30416
30525
30634
30743
30852
30961
31070
31179
31288
31397
31506
31615
31724
31833
31942
32051
32160
32269
32378
32487
32596
32705
32814
32923
33032
33141
33250
33359
33468
33577
33686
33795
33904
34013
34122
34231
34340
34449
34558
34667
34776
34885
34994
35103
35212
35321
35430
35539
35648
35757
35866
35975
36084
29545
29654
29763
29872
29981
30090
30199
30308
30417
30526
30635
30744
30853
30962
31071
31180
31289
31398
31507
31616
31725
31834
31943
32052
32161
32270
32379
32488
32597
32706
32815
32924
33033
33142
33251
33360
33469
33578
33687
33796
33905
34014
34123
34232
34341
34450
34559
34668
34777
34886
34995
35104
35213
35322
35431
35540
35649
35758
35867
35976
36085
29546
29655
29764
29873
29982
30091
30200
30309
30418
30527
30636
30745
30854
30963
31072
31181
31290
31399
31508
31617
31726
31835
31944
32053
32162
32271
32380
32489
32598
32707
32816
32925
33034
33143
33252
33361
33470
33579
33688
33797
33906
34015
34124
34233
34342
34451
34560
34669
34778
34887
34996
35105
35214
35323
35432
35541
35650
35759
35868
35977
36086
29547
29656
29765
29874
29983
30092
30201
30310
30419
30528
30637
30746
30855
30964
31073
31182
31291
31400
31509
31618
31727
31836
31945
32054
32163
32272
32381
32490
32599
32708
32817
32926
33035
33144
33253
33362
33471
33580
33689
33798
33907
34016
34125
34234
34343
34452
34561
34670
34779
34888
34997
35106
35215
35324
35433
35542
35651
35760
35869
35978
36087
29548
29657
29766
29875
29984
30093
30202
30311
30420
30529
30638
30747
30856
30965
31074
31183
31292
31401
31510
31619
31728
31837
31946
32055
32164
32273
32382
32491
32600
32709
32818
32927
33036
33145
33254
33363
33472
33581
33690
33799
33908
34017
34126
34235
34344
34453
34562
34671
34780
34889
34998
35107
35216
35325
35434
35543
35652
35761
35870
35979
36088
29549
29658
29767
29876
29985
30094
30203
30312
30421
30530
30639
30748
30857
30966
31075
31184
31293
31402
31511
31620
31729
31838
31947
32056
32165
32274
32383
32492
32601
32710
32819
32928
33037
33146
33255
33364
33473
33582
33691
33800
33909
34018
34127
34236
34345
34454
34563
34672
34781
34890
34999
35108
35217
35326
35435
35544
35653
35762
35871
35980
36089
29550
29659
29768
29877
29986
30095
30204
30313
30422
30531
30640
30749
30858
30967
31076
31185
31294
31403
31512
31621
31730
31839
31948
32057
32166
32275
32384
32493
32602
32711
32820
32929
33038
33147
33256
33365
33474
33583
33692
33801
33910
34019
34128
34237
34346
34455
34564
34673
34782
34891
35000
35109
35218
35327
35436
35545
35654
35763
35872
35981
36090
29551
29660
29769
29878
29987
30096
30205
30314
30423
30532
30641
30750
30859
30968
31077
31186
31295
31404
31513
31622
31731
31840
31949
32058
32167
32276
32385
32494
32603
32712
32821
32930
33039
33148
33257
33366
33475
33584
33693
33802
33911
34020
34129
34238
34347
34456
34565
34674
34783
34892
35001
35110
35219
35328
35437
35546
35655
35764
35873
35982
36091
29552
29661
29770
29879
29988
30097
30206
30315
30424
30533
30642
30751
30860
30969
31078
31187
31296
31405
31514
31623
31732
31841
31950
32059
32168
32277
32386
32495
32604
32713
32822
32931
33040
33149
33258
33367
33476
33585
33694
33803
33912
34021
34130
34239
34348
34457
34566
34675
34784
34893
35002
35111
35220
35329
35438
35547
35656
35765
35874
35983
36092
29553
29662
29771
29880
29989
30098
30207
30316
30425
30534
30643
30752
30861
30970
31079
31188
31297
31406
31515
31624
31733
31842
31951
32060
32169
32278
32387
32496
32605
32714
32823
32932
33041
33150
33259
33368
33477
33586
33695
33804
33913
34022
34131
34240
34349
34458
34567
34676
34785
34894
35003
35112
35221
35330
35439
35548
35657
35766
35875
35984
36093
29554
29663
29772
29881
29990
30099
30208
30317
30426
30535
30644
30753
30862
30971
31080
31189
31298
31407
31516
31625
31734
31843
31952
32061
32170
32279
32388
32497
32606
32715
32824
32933
33042
33151
33260
33369
33478
33587
33696
33805
33914
34023
34132
34241
34350
34459
34568
34677
34786
34895
35004
35113
35222
35331
35440
35549
35658
35767
35876
35985
36094
29555
29664
29773
29882
29991
30100
30209
30318
30427
30536
30645
30754
30863
30972
31081
31190
31299
31408
31517
31626
31735
31844
31953
32062
32171
32280
32389
32498
32607
32716
32825
32934
33043
33152
33261
33370
33479
33588
33697
33806
33915
34024
34133
34242
34351
34460
34569
34678
34787
34896
35005
35114
35223
35332
35441
35550
35659
35768
35877
35986
36095
29556
29665
29774
29883
29992
30101
30210
30319
30428
30537
30646
30755
30864
30973
31082
31191
31300
31409
31518
31627
31736
31845
31954
32063
32172
32281
32390
32499
32608
32717
32826
32935
33044
33153
33262
33371
33480
33589
33698
33807
33916
34025
34134
34243
34352
34461
34570
34679
34788
34897
35006
35115
35224
35333
35442
35551
35660
35769
35878
35987
36096
29557
29666
29775
29884
29993
30102
30211
30320
30429
30538
30647
30756
30865
30974
31083
31192
31301
31410
31519
31628
31737
31846
31955
32064
32173
32282
32391
32500
32609
32718
32827
32936
33045
33154
33263
33372
33481
33590
33699
33808
33917
34026
34135
34244
34353
34462
34571
34680
34789
34898
35007
35116
35225
35334
35443
35552
35661
35770
35879
35988
36097
29558
29667
29776
29885
29994
30103
30212
30321
30430
30539
30648
30757
30866
30975
31084
31193
31302
31411
31520
31629
31738
31847
31956
32065
32174
32283
32392
32501
32610
32719
32828
32937
33046
33155
33264
33373
33482
33591
33700
33809
33918
34027
34136
34245
34354
34463
34572
34681
34790
34899
35008
35117
35226
35335
35444
35553
35662
35771
35880
35989
36098
29559
29668
29777
29886
29995
30104
30213
30322
30431
30540
30649
30758
30867
30976
31085
31194
31303
31412
31521
31630
31739
31848
31957
32066
32175
32284
32393
32502
32611
32720
32829
32938
33047
33156
33265
33374
33483
33592
33701
33810
33919
34028
34137
34246
34355
34464
34573
34682
34791
34900
35009
35118
35227
35336
35445
35554
35663
35772
35881
35990
36099
29560
29669
29778
29887
29996
30105
30214
30323
30432
30541
30650
30759
30868
30977
31086
31195
31304
31413
31522
31631
31740
31849
31958
32067
32176
32285
32394
32503
32612
32721
32830
32939
33048
33157
33266
33375
33484
33593
33702
33811
33920
34029
34138
34247
34356
34465
34574
34683
34792
34901
35010
35119
35228
35337
35446
35555
35664
35773
35882
35991
36100
29561
29670
29779
29888
29997
30106
30215
30324
30433
30542
30651
30760
30869
30978
31087
31196
31305
31414
31523
31632
31741
31850
31959
32068
32177
32286
32395
32504
32613
32722
32831
32940
33049
33158
33267
33376
33485
33594
33703
33812
33921
34030
34139
34248
34357
34466
34575
34684
34793
34902
35011
35120
35229
35338
35447
35556
35665
35774
35883
35992
36101
29562
29671
29780
29889
29998
30107
30216
30325
30434
30543
30652
30761
30870
30979
31088
31197
31306
31415
31524
31633
31742
31851
31960
32069
32178
32287
32396
32505
32614
32723
32832
32941
33050
33159
33268
33377
33486
33595
33704
33813
33922
34031
34140
34249
34358
34467
34576
34685
34794
34903
35012
35121
35230
35339
35448
35557
35666
35775
35884
35993
36102
29563
29672
29781
29890
29999
30108
30217
30326
30435
30544
30653
30762
30871
30980
31089
31198
31307
31416
31525
31634
31743
31852
31961
32070
32179
32288
32397
32506
32615
32724
32833
32942
33051
33160
33269
33378
33487
33596
33705
33814
33923
34032
34141
34250
34359
34468
34577
34686
34795
34904
35013
35122
35231
35340
35449
35558
35667
35776
35885
35994
36103
29564
29673
29782
29891
30000
30109
30218
30327
30436
30545
30654
30763
30872
30981
31090
31199
31308
31417
31526
31635
31744
31853
31962
32071
32180
32289
32398
32507
32616
32725
32834
32943
33052
33161
33270
33379
33488
33597
33706
33815
33924
34033
34142
34251
34360
34469
34578
34687
34796
34905
35014
35123
35232
35341
35450
35559
35668
35777
35886
35995
36104
29565
29674
29783
29892
30001
30110
30219
30328
30437
30546
30655
30764
30873
30982
31091
31200
31309
31418
31527
31636
31745
31854
31963
32072
32181
32290
32399
32508
32617
32726
32835
32944
33053
33162
33271
33380
33489
33598
33707
33816
33925
34034
34143
34252
34361
34470
34579
34688
34797
34906
35015
35124
35233
35342
35451
35560
35669
35778
35887
35996
36105
29566
29675
29784
29893
30002
30111
30220
30329
30438
30547
30656
30765
30874
30983
31092
31201
31310
31419
31528
31637
31746
31855
31964
32073
32182
32291
32400
32509
32618
32727
32836
32945
33054
33163
33272
33381
33490
33599
33708
33817
33926
34035
34144
34253
34362
34471
34580
34689
34798
34907
35016
35125
35234
35343
35452
35561
35670
35779
35888
35997
36106
28477
28586
28695
28804
28913
29022
29131
29240
29349
28478
28587
28696
28805
28914
29023
29132
29241
29350
28479
28588
28697
28806
28915
29024
29133
29242
29351
28480
28589
28698
28807
28916
29025
29134
29243
29352
28481
28590
28699
28808
28917
29026
29135
29244
29353
28482
28591
28700
28809
28918
29027
29136
29245
29354
28483
28592
28701
28810
28919
29028
29137
29246
29355
28484
28593
28702
28811
28920
29029
29138
29247
29356
28485
28594
28703
28812
28921
29030
29139
29248
29357
28486
28595
28704
28813
28922
29031
29140
29249
29358
28487
28596
28705
28814
28923
29032
29141
29250
29359
28488
28597
28706
28815
28924
29033
29142
29251
29360
28489
28598
28707
28816
28925
29034
29143
29252
29361
28490
28599
28708
28817
28926
29035
29144
29253
29362
28491
28600
28709
28818
28927
29036
29145
29254
29363
28492
28601
28710
28819
28928
29037
29146
29255
29364
28493
28602
28711
28820
28929
29038
29147
29256
29365
28494
28603
28712
28821
28930
29039
29148
29257
29366
28495
28604
28713
28822
28931
29040
29149
29258
29367
28496
28605
28714
28823
28932
29041
29150
29259
29368
28497
28606
28715
28824
28933
29042
29151
29260
29369
28498
28607
28716
28825
28934
29043
29152
29261
29370
28499
28608
28717
28826
28935
29044
29153
29262
29371
28500
28609
28718
28827
28936
29045
29154
29263
29372
28501
28610
28719
28828
28937
29046
29155
29264
29373
28502
28611
28720
28829
28938
29047
29156
29265
29374
28503
28612
28721
28830
28939
29048
29157
29266
29375
28504
28613
28722
28831
28940
29049
29158
29267
29376
28505
28614
28723
28832
28941
29050
29159
29268
29377
28506
28615
28724
28833
28942
29051
29160
29269
29378
28507
28616
28725
28834
28943
29052
29161
29270
29379
28508
28617
28726
28835
28944
29053
29162
29271
29380
28509
28618
28727
28836
28945
29054
29163
29272
29381
28510
28619
28728
28837
28946
29055
29164
29273
29382
28511
28620
28729
28838
28947
29056
29165
29274
29383
28512
28621
28730
28839
28948
29057
29166
29275
29384
28513
28622
28731
28840
28949
29058
29167
29276
29385
28514
28623
28732
28841
28950
29059
29168
29277
29386
28515
28624
28733
28842
28951
29060
29169
29278
29387
28516
28625
28734
28843
28952
29061
29170
29279
29388
28517
28626
28735
28844
28953
29062
29171
29280
29389
28518
28627
28736
28845
28954
29063
29172
29281
29390
28519
28628
28737
28846
28955
29064
29173
29282
29391
28520
28629
28738
28847
28956
29065
29174
29283
29392
28521
28630
28739
28848
28957
29066
29175
29284
29393
28522
28631
28740
28849
28958
29067
29176
29285
29394
28523
28632
28741
28850
28959
29068
29177
29286
29395
28524
28633
28742
28851
28960
29069
29178
29287
29396
28525
28634
28743
28852
28961
29070
29179
29288
29397
28526
28635
28744
28853
28962
29071
29180
29289
29398
28527
28636
28745
28854
28963
29072
29181
29290
29399
28528
28637
28746
28855
28964
29073
29182
29291
29400
28529
28638
28747
28856
28965
29074
29183
29292
29401
28530
28639
28748
28857
28966
29075
29184
29293
29402
28531
28640
28749
28858
28967
29076
29185
29294
29403
28532
28641
28750
28859
28968
29077
29186
29295
29404
28533
28642
28751
28860
28969
29078
29187
29296
29405
28534
28643
28752
28861
28970
29079
29188
29297
29406
28535
28644
28753
28862
28971
29080
29189
29298
29407
28536
28645
28754
28863
28972
29081
29190
29299
29408
28537
28646
28755
28864
28973
29082
29191
29300
29409
28538
28647
28756
28865
28974
29083
29192
29301
29410
28539
28648
28757
28866
28975
29084
29193
29302
29411
28540
28649
28758
28867
28976
29085
29194
29303
29412
28541
28650
28759
28868
28977
29086
29195
29304
29413
28542
28651
28760
28869
28978
29087
29196
29305
29414
28543
28652
28761
28870
28979
29088
29197
29306
29415
28544
28653
28762
28871
28980
29089
29198
29307
29416
28545
28654
28763
28872
28981
29090
29199
29308
29417
28546
28655
28764
28873
28982
29091
29200
29309
29418
28547
28656
28765
28874
28983
29092
29201
29310
29419
28548
28657
28766
28875
28984
29093
29202
29311
29420
28549
28658
28767
28876
28985
29094
29203
29312
29421
28550
28659
28768
28877
28986
29095
29204
29313
29422
28551
28660
28769
28878
28987
29096
29205
29314
29423
28552
28661
28770
28879
28988
29097
29206
29315
29424
28553
28662
28771
28880
28989
29098
29207
29316
29425
28554
28663
28772
28881
28990
29099
29208
29317
29426
28555
28664
28773
28882
28991
29100
29209
29318
29427
28556
28665
28774
28883
28992
29101
29210
29319
29428
28557
28666
28775
28884
28993
29102
29211
29320
29429
28558
28667
28776
28885
28994
29103
29212
29321
29430
28559
28668
28777
28886
28995
29104
29213
29322
29431
28560
28669
28778
28887
28996
29105
29214
29323
29432
28561
28670
28779
28888
28997
29106
29215
29324
29433
28562
28671
28780
28889
28998
29107
29216
29325
29434
28563
28672
28781
28890
28999
29108
29217
29326
29435
28564
28673
28782
28891
29000
29109
29218
29327
29436
28565
28674
28783
28892
29001
29110
29219
29328
29437
28566
28675
28784
28893
29002
29111
29220
29329
29438
28567
28676
28785
28894
29003
29112
29221
29330
29439
28568
28677
28786
28895
29004
29113
29222
29331
29440
28569
28678
28787
28896
29005
29114
29223
29332
29441
28570
28679
28788
28897
29006
29115
29224
29333
29442
28571
28680
28789
28898
29007
29116
29225
29334
29443
28572
28681
28790
28899
29008
29117
29226
29335
29444
28573
28682
28791
28900
29009
29118
29227
29336
29445
28574
28683
28792
28901
29010
29119
29228
29337
29446
28575
28684
28793
28902
29011
29120
29229
29338
29447
28576
28685
28794
28903
29012
29121
29230
29339
29448
28577
28686
28795
28904
29013
29122
29231
29340
29449
28578
28687
28796
28905
29014
29123
29232
29341
29450
28579
28688
28797
28906
29015
29124
29233
29342
29451
28580
28689
28798
28907
29016
29125
29234
29343
29452
28581
28690
28799
28908
29017
29126
29235
29344
29453
28582
28691
28800
28909
29018
29127
29236
29345
29454
28583
28692
28801
28910
29019
29128
29237
29346
29455
28584
28693
28802
28911
29020
29129
29238
29347
29456
28585
28694
28803
28912
29021
29130
29239
29348
29457
90
100
110
120
130
140
150
160
170
91
101
111
121
131
141
151
161
171
92
102
112
122
132
142
152
162
172
93
103
113
123
133
143
153
163
173
94
104
114
124
134
144
154
164
174
95
105
115
125
135
145
155
165
175
96
106
116
126
136
146
156
166
176
97
107
117
127
137
147
157
167
177
98
108
118
128
138
148
158
168
178
99
109
119
129
139
149
159
169
179
0
10
20
30
40
50
60
70
80
1
11
21
31
41
51
61
71
81
2
12
22
32
42
52
62
72
82
3
13
23
33
43
53
63
73
83
4
14
24
34
44
54
64
74
84
5
15
25
35
45
55
65
75
85
6
16
26
36
46
56
66
76
86
7
17
27
37
47
57
67
77
87
8
18
28
38
48
58
68
78
88
9
19
29
39
49
59
69
79
89
9969
9979
9989
9999
10009
10019
10029
10039
10049
9970
9980
9990
10000
10010
10020
10030
10040
10050
9971
9981
9991
10001
10011
10021
10031
10041
10051
9972
9982
9992
10002
10012
10022
10032
10042
10052
9973
9983
9993
10003
10013
10023
10033
10043
10053
9974
9984
9994
10004
10014
10024
10034
10044
10054
9975
9985
9995
10005
10015
10025
10035
10045
10055
9976
9986
9996
10006
10016
10026
10036
10046
10056
9977
9987
9997
10007
10017
10027
10037
10047
10057
9978
9988
9998
10008
10018
10028
10038
10048
10058
10059
10069
10079
10089
10099
10109
10119
10129
10139
10060
10070
10080
10090
10100
10110
10120
10130
10140
10061
10071
10081
10091
10101
10111
10121
10131
10141
10062
10072
10082
10092
10102
10112
10122
10132
10142
10063
10073
10083
10093
10103
10113
10123
10133
10143
10064
10074
10084
10094
10104
10114
10124
10134
10144
10065
10075
10085
10095
10105
10115
10125
10135
10145
10066
10076
10086
10096
10106
10116
10126
10136
10146
10067
10077
10087
10097
10107
10117
10127
10137
10147
10068
10078
10088
10098
10108
10118
10128
10138
10148
180
312
444
576
708
840
972
1104
1236
181
313
445
577
709
841
973
1105
1237
182
314
446
578
710
842
974
1106
1238
183
315
447
579
711
843
975
1107
1239
184
316
448
580
712
844
976
1108
1240
185
317
449
581
713
845
977
1109
1241
186
318
450
582
714
846
978
1110
1242
187
319
451
583
715
847
979
1111
1243
188
320
452
584
716
848
980
1112
1244
189
321
453
585
717
849
981
1113
1245
190
322
454
586
718
850
982
1114
1246
191
323
455
587
719
851
983
1115
1247
192
324
456
588
720
852
984
1116
1248
193
325
457
589
721
853
985
1117
1249
194
326
458
590
722
854
986
1118
1250
195
327
459
591
723
855
987
1119
1251
196
328
460
592
724
856
988
1120
1252
197
329
461
593
725
857
989
1121
1253
198
330
462
594
726
858
990
1122
1254
199
331
463
595
727
859
991
1123
1255
200
332
464
596
728
860
992
1124
1256
201
333
465
597
729
861
993
1125
1257
202
334
466
598
730
862
994
1126
1258
203
335
467
599
731
863
995
1127
1259
204
336
468
600
732
864
996
1128
1260
205
337
469
601
733
865
997
1129
1261
206
338
470
602
734
866
998
1130
1262
207
339
471
603
735
867
999
1131
1263
208
340
472
604
736
868
1000
1132
1264
209
341
473
605
737
869
1001
1133
1265
210
342
474
606
738
870
1002
1134
1266
211
343
475
607
739
871
1003
1135
1267
212
344
476
608
740
872
1004
1136
1268
213
345
477
609
741
873
1005
1137
1269
214
346
478
610
742
874
1006
1138
1270
215
347
479
611
743
875
1007
1139
1271
216
348
480
612
744
876
1008
1140
1272
217
349
481
613
745
877
1009
1141
1273
218
350
482
614
746
878
1010
1142
1274
219
351
483
615
747
879
1011
1143
1275
220
352
484
616
748
880
1012
1144
1276
221
353
485
617
749
881
1013
1145
1277
222
354
486
618
750
882
1014
1146
1278
223
355
487
619
751
883
1015
1147
1279
224
356
488
620
752
884
1016
1148
1280
225
357
489
621
753
885
1017
1149
1281
226
358
490
622
754
886
1018
1150
1282
227
359
491
623
755
887
1019
1151
1283
228
360
492
624
756
888
1020
1152
1284
229
361
493
625
757
889
1021
1153
1285
230
362
494
626
758
890
1022
1154
1286
231
363
495
627
759
891
1023
1155
1287
232
364
496
628
760
892
1024
1156
1288
233
365
497
629
761
893
1025
1157
1289
234
366
498
630
762
894
1026
1158
1290
235
367
499
631
763
895
1027
1159
1291
236
368
500
632
764
896
1028
1160
1292
237
369
501
633
765
897
1029
1161
1293
238
370
502
634
766
898
1030
1162
1294
239
371
503
635
767
899
1031
1163
1295
240
372
504
636
768
900
1032
1164
1296
241
373
505
637
769
901
1033
1165
1297
242
374
506
638
770
902
1034
1166
1298
243
375
507
639
771
903
1035
1167
1299
244
376
508
640
772
904
1036
1168
1300
245
377
509
641
773
905
1037
1169
1301
246
378
510
642
774
906
1038
1170
1302
247
379
511
643
775
907
1039
1171
1303
248
380
512
644
776
908
1040
1172
1304
249
381
513
645
777
909
1041
1173
1305
250
382
514
646
778
910
1042
1174
1306
251
383
515
647
779
911
1043
1175
1307
252
384
516
648
780
912
1044
1176
1308
253
385
517
649
781
913
1045
1177
1309
254
386
518
650
782
914
1046
1178
1310
255
387
519
651
783
915
1047
1179
1311
256
388
520
652
784
916
1048
1180
1312
257
389
521
653
785
917
1049
1181
1313
258
390
522
654
786
918
1050
1182
1314
259
391
523
655
787
919
1051
1183
1315
260
392
524
656
788
920
1052
1184
1316
261
393
525
657
789
921
1053
1185
1317
262
394
526
658
790
922
1054
1186
1318
263
395
527
659
791
923
1055
1187
1319
264
396
528
660
792
924
1056
1188
1320
265
397
529
661
793
925
1057
1189
1321
266
398
530
662
794
926
1058
1190
1322
267
399
531
663
795
927
1059
1191
1323
268
400
532
664
796
928
1060
1192
1324
269
401
533
665
797
929
1061
1193
1325
270
402
534
666
798
930
1062
1194
1326
271
403
535
667
799
931
1063
1195
1327
272
404
536
668
800
932
1064
1196
1328
273
405
537
669
801
933
1065
1197
1329
274
406
538
670
802
934
1066
1198
1330
275
407
539
671
803
935
1067
1199
1331
276
408
540
672
804
936
1068
1200
1332
277
409
541
673
805
937
1069
1201
1333
278
410
542
674
806
938
1070
1202
1334
279
411
543
675
807
939
1071
1203
1335
280
412
544
676
808
940
1072
1204
1336
281
413
545
677
809
941
1073
1205
1337
282
414
546
678
810
942
1074
1206
1338
283
415
547
679
811
943
1075
1207
1339
284
416
548
680
812
944
1076
1208
1340
285
417
549
681
813
945
1077
1209
1341
286
418
550
682
814
946
1078
1210
1342
287
419
551
683
815
947
1079
1211
1343
288
420
552
684
816
948
1080
1212
1344
289
421
553
685
817
949
1081
1213
1345
290
422
554
686
818
950
1082
1214
1346
291
423
555
687
819
951
1083
1215
1347
292
424
556
688
820
952
1084
1216
1348
293
425
557
689
821
953
1085
1217
1349
294
426
558
690
822
954
1086
1218
1350
295
427
559
691
823
955
1087
1219
1351
296
428
560
692
824
956
1088
1220
1352
297
429
561
693
825
957
1089
1221
1353
298
430
562
694
826
958
1090
1222
1354
299
431
563
695
827
959
1091
1223
1355
300
432
564
696
828
960
1092
1224
1356
301
433
565
697
829
961
1093
1225
1357
302
434
566
698
830
962
1094
1226
1358
303
435
567
699
831
963
1095
1227
1359
304
436
568
700
832
964
1096
1228
1360
305
437
569
701
833
965
1097
1229
1361
306
438
570
702
834
966
1098
1230
1362
307
439
571
703
835
967
1099
1231
1363
308
440
572
704
836
968
1100
1232
1364
309
441
573
705
837
969
1101
1233
1365
310
442
574
706
838
970
1102
1234
1366
311
443
575
707
839
971
1103
1235
1367
1368
1500
1632
1764
1896
2028
2160
2292
2424
2556
2688
2820
2952
3084
3216
3348
3480
3612
3744
3876
4008
4140
4272
4404
4536
4668
4800
4932
5064
5196
5328
5460
5592
5724
5856
5988
6120
6252
6384
6516
6648
6780
6912
7044
7176
7308
7440
7572
7704
7836
7968
8100
8232
8364
8496
8628
8760
8892
9024
9156
9288
1369
1501
1633
1765
1897
2029
2161
2293
2425
2557
2689
2821
2953
3085
3217
3349
3481
3613
3745
3877
4009
4141
4273
4405
4537
4669
4801
4933
5065
5197
5329
5461
5593
5725
5857
5989
6121
6253
6385
6517
6649
6781
6913
7045
7177
7309
7441
7573
7705
7837
7969
8101
8233
8365
8497
8629
8761
8893
9025
9157
9289
1370
1502
1634
1766
1898
2030
2162
2294
2426
2558
2690
2822
2954
3086
3218
3350
3482
3614
3746
3878
4010
4142
4274
4406
4538
4670
4802
4934
5066
5198
5330
5462
5594
5726
5858
5990
6122
6254
6386
6518
6650
6782
6914
7046
7178
7310
7442
7574
7706
7838
7970
8102
8234
8366
8498
8630
8762
8894
9026
9158
9290
1371
1503
1635
1767
1899
2031
2163
2295
2427
2559
2691
2823
2955
3087
3219
3351
3483
3615
3747
3879
4011
4143
4275
4407
4539
4671
4803
4935
5067
5199
5331
5463
5595
5727
5859
5991
6123
6255
6387
6519
6651
6783
6915
7047
7179
7311
7443
7575
7707
7839
7971
8103
8235
8367
8499
8631
8763
8895
9027
9159
9291
1372
1504
1636
1768
1900
2032
2164
2296
2428
2560
2692
2824
2956
3088
3220
3352
3484
3616
3748
3880
4012
4144
4276
4408
4540
4672
4804
4936
5068
5200
5332
5464
5596
5728
5860
5992
6124
6256
6388
6520
6652
6784
6916
7048
7180
7312
7444
7576
7708
7840
7972
8104
8236
8368
8500
8632
8764
8896
9028
9160
9292
1373
1505
1637
1769
1901
2033
2165
2297
2429
2561
2693
2825
2957
3089
3221
3353
3485
3617
3749
3881
4013
4145
4277
4409
4541
4673
4805
4937
5069
5201
5333
5465
5597
5729
5861
5993
6125
6257
6389
6521
6653
6785
6917
7049
7181
7313
7445
7577
7709
7841
7973
8105
8237
8369
8501
8633
8765
8897
9029
9161
9293
1374
1506
1638
1770
1902
2034
2166
2298
2430
2562
2694
2826
2958
3090
3222
3354
3486
3618
3750
3882
4014
4146
4278
4410
4542
4674
4806
4938
5070
5202
5334
5466
5598
5730
5862
5994
6126
6258
6390
6522
6654
6786
6918
7050
7182
7314
7446
7578
7710
7842
7974
8106
8238
8370
8502
8634
8766
8898
9030
9162
9294
1375
1507
1639
1771
1903
2035
2167
2299
2431
2563
2695
2827
2959
3091
3223
3355
3487
3619
3751
3883
4015
4147
4279
4411
4543
4675
4807
4939
5071
5203
5335
5467
5599
5731
5863
5995
6127
6259
6391
6523
6655
6787
6919
7051
7183
7315
7447
7579
7711
7843
7975
8107
8239
8371
8503
8635
8767
8899
9031
9163
9295
1376
1508
1640
1772
1904
2036
2168
2300
2432
2564
2696
2828
2960
3092
3224
3356
3488
3620
3752
3884
4016
4148
4280
4412
4544
4676
4808
4940
5072
5204
5336
5468
5600
5732
5864
5996
6128
6260
6392
6524
6656
6788
6920
7052
7184
7316
7448
7580
7712
7844
7976
8108
8240
8372
8504
8636
8768
8900
9032
9164
9296
1377
1509
1641
1773
1905
2037
2169
2301
2433
2565
2697
2829
2961
3093
3225
3357
3489
3621
3753
3885
4017
4149
4281
4413
4545
4677
4809
4941
5073
5205
5337
5469
5601
5733
5865
5997
6129
6261
6393
6525
6657
6789
6921
7053
7185
7317
7449
7581
7713
7845
7977
8109
8241
8373
8505
8637
8769
8901
9033
9165
9297
1378
1510
1642
1774
1906
2038
2170
2302
2434
2566
2698
2830
2962
3094
3226
3358
3490
3622
3754
3886
4018
4150
4282
4414
4546
4678
4810
4942
5074
5206
5338
5470
5602
5734
5866
5998
6130
6262
6394
6526
6658
6790
6922
7054
7186
7318
7450
7582
7714
7846
7978
8110
8242
8374
8506
8638
8770
8902
9034
9166
9298
1379
1511
1643
1775
1907
2039
2171
2303
2435
2567
2699
2831
2963
3095
3227
3359
3491
3623
3755
3887
4019
4151
4283
4415
4547
4679
4811
4943
5075
5207
5339
5471
5603
5735
5867
5999
6131
6263
6395
6527
6659
6791
6923
7055
7187
7319
7451
7583
7715
7847
7979
8111
8243
8375
8507
8639
8771
8903
9035
9167
9299
1380
1512
1644
1776
1908
2040
2172
2304
2436
2568
2700
2832
2964
3096
3228
3360
3492
3624
3756
3888
4020
4152
4284
4416
4548
4680
4812
4944
5076
5208
5340
5472
5604
5736
5868
6000
6132
6264
6396
6528
6660
6792
6924
7056
7188
7320
7452
7584
7716
7848
7980
8112
8244
8376
8508
8640
8772
8904
9036
9168
9300
1381
1513
1645
1777
1909
2041
2173
2305
2437
2569
2701
2833
2965
3097
3229
3361
3493
3625
3757
3889
4021
4153
4285
4417
4549
4681
4813
4945
5077
5209
5341
5473
5605
5737
5869
6001
6133
6265
6397
6529
6661
6793
6925
7057
7189
7321
7453
7585
7717
7849
7981
8113
8245
8377
8509
8641
8773
8905
9037
9169
9301
1382
1514
1646
1778
1910
2042
2174
2306
2438
2570
2702
2834
2966
3098
3230
3362
3494
3626
3758
3890
4022
4154
4286
4418
4550
4682
4814
4946
5078
5210
5342
5474
5606
5738
5870
6002
6134
6266
6398
6530
6662
6794
6926
7058
7190
7322
7454
7586
7718
7850
7982
8114
8246
8378
8510
8642
8774
8906
9038
9170
9302
1383
1515
1647
1779
1911
2043
2175
2307
2439
2571
2703
2835
2967
3099
3231
3363
3495
3627
3759
3891
4023
4155
4287
4419
4551
4683
4815
4947
5079
5211
5343
5475
5607
5739
5871
6003
6135
6267
6399
6531
6663
6795
6927
7059
7191
7323
7455
7587
7719
7851
7983
8115
8247
8379
8511
8643
8775
8907
9039
9171
9303
1384
1516
1648
1780
1912
2044
2176
2308
2440
2572
2704
2836
2968
3100
3232
3364
3496
3628
3760
3892
4024
4156
4288
4420
4552
4684
4816
4948
5080
5212
5344
5476
5608
5740
5872
6004
6136
6268
6400
6532
6664
6796
6928
7060
7192
7324
7456
7588
7720
7852
7984
8116
8248
8380
8512
8644
8776
8908
9040
9172
9304
1385
1517
1649
1781
1913
2045
2177
2309
2441
2573
2705
2837
2969
3101
3233
3365
3497
3629
3761
3893
4025
4157
4289
4421
4553
4685
4817
4949
5081
5213
5345
5477
5609
5741
5873
6005
6137
6269
6401
6533
6665
6797
6929
7061
7193
7325
7457
7589
7721
7853
7985
8117
8249
8381
8513
8645
8777
8909
9041
9173
9305
1386
1518
1650
1782
1914
2046
2178
2310
2442
2574
2706
2838
2970
3102
3234
3366
3498
3630
3762
3894
4026
4158
4290
4422
4554
4686
4818
4950
5082
5214
5346
5478
5610
5742
5874
6006
6138
6270
6402
6534
6666
6798
6930
7062
7194
7326
7458
7590
7722
7854
7986
8118
8250
8382
8514
8646
8778
8910
9042
9174
9306
1387
1519
1651
1783
1915
2047
2179
2311
2443
2575
2707
2839
2971
3103
3235
3367
3499
3631
3763
3895
4027
4159
4291
4423
4555
4687
4819
4951
5083
5215
5347
5479
5611
5743
5875
6007
6139
6271
6403
6535
6667
6799
6931
7063
7195
7327
7459
7591
7723
7855
7987
8119
8251
8383
8515
8647
8779
8911
9043
9175
9307
1388
1520
1652
1784
1916
2048
2180
2312
2444
2576
2708
2840
2972
3104
3236
3368
3500
3632
3764
3896
4028
4160
4292
4424
4556
4688
4820
4952
5084
5216
5348
5480
5612
5744
5876
6008
6140
6272
6404
6536
6668
6800
6932
7064
7196
7328
7460
7592
7724
7856
7988
8120
8252
8384
8516
8648
8780
8912
9044
9176
9308
1389
1521
1653
1785
1917
2049
2181
2313
2445
2577
2709
2841
2973
3105
3237
3369
3501
3633
3765
3897
4029
4161
4293
4425
4557
4689
4821
4953
5085
5217
5349
5481
5613
5745
5877
6009
6141
6273
6405
6537
6669
6801
6933
7065
7197
7329
7461
7593
7725
7857
7989
8121
8253
8385
8517
8649
8781
8913
9045
9177
9309
1390
1522
1654
1786
1918
2050
2182
2314
2446
2578
2710
2842
2974
3106
3238
3370
3502
3634
3766
3898
4030
4162
4294
4426
4558
4690
4822
4954
5086
5218
5350
5482
5614
5746
5878
6010
6142
6274
6406
6538
6670
6802
6934
7066
7198
7330
7462
7594
7726
7858
7990
8122
8254
8386
8518
8650
8782
8914
9046
9178
9310
1391
1523
1655
1787
1919
2051
2183
2315
2447
2579
2711
2843
2975
3107
3239
3371
3503
3635
3767
3899
4031
4163
4295
4427
4559
4691
4823
4955
5087
5219
5351
5483
5615
5747
5879
6011
6143
6275
6407
6539
6671
6803
6935
7067
7199
7331
7463
7595
7727
7859
7991
8123
8255
8387
8519
8651
8783
8915
9047
9179
9311
1392
1524
1656
1788
1920
2052
2184
2316
2448
2580
2712
2844
2976
3108
3240
3372
3504
3636
3768
3900
4032
4164
4296
4428
4560
4692
4824
4956
5088
5220
5352
5484
5616
5748
5880
6012
6144
6276
6408
6540
6672
6804
6936
7068
7200
7332
7464
7596
7728
7860
7992
8124
8256
8388
8520
8652
8784
8916
9048
9180
9312
1393
1525
1657
1789
1921
2053
2185
2317
2449
2581
2713
2845
2977
3109
3241
3373
3505
3637
3769
3901
4033
4165
4297
4429
4561
4693
4825
4957
5089
5221
5353
5485
5617
5749
5881
6013
6145
6277
6409
6541
6673
6805
6937
7069
7201
7333
7465
7597
7729
7861
7993
8125
8257
8389
8521
8653
8785
8917
9049
9181
9313
1394
1526
1658
1790
1922
2054
2186
2318
2450
2582
2714
2846
2978
3110
3242
3374
3506
3638
3770
3902
4034
4166
4298
4430
4562
4694
4826
4958
5090
5222
5354
5486
5618
5750
5882
6014
6146
6278
6410
6542
6674
6806
6938
7070
7202
7334
7466
7598
7730
7862
7994
8126
8258
8390
8522
8654
8786
8918
9050
9182
9314
1395
1527
1659
1791
1923
2055
2187
2319
2451
2583
2715
2847
2979
3111
3243
3375
3507
3639
3771
3903
4035
4167
4299
4431
4563
4695
4827
4959
5091
5223
5355
5487
5619
5751
5883
6015
6147
6279
6411
6543
6675
6807
6939
7071
7203
7335
7467
7599
7731
7863
7995
8127
8259
8391
8523
8655
8787
8919
9051
9183
9315
1396
1528
1660
1792
1924
2056
2188
2320
2452
2584
2716
2848
2980
3112
3244
3376
3508
3640
3772
3904
4036
4168
4300
4432
4564
4696
4828
4960
5092
5224
5356
5488
5620
5752
5884
6016
6148
6280
6412
6544
6676
6808
6940
7072
7204
7336
7468
7600
7732
7864
7996
8128
8260
8392
8524
8656
8788
8920
9052
9184
9316
1397
1529
1661
1793
1925
2057
2189
2321
2453
2585
2717
2849
2981
3113
3245
3377
3509
3641
3773
3905
4037
4169
4301
4433
4565
4697
4829
4961
5093
5225
5357
5489
5621
5753
5885
6017
6149
6281
6413
6545
6677
6809
6941
7073
7205
7337
7469
7601
7733
7865
7997
8129
8261
8393
8525
8657
8789
8921
9053
9185
9317
1398
1530
1662
1794
1926
2058
2190
2322
2454
2586
2718
2850
2982
3114
3246
3378
3510
3642
3774
3906
4038
4170
4302
4434
4566
4698
4830
4962
5094
5226
5358
5490
5622
5754
5886
6018
6150
6282
6414
6546
6678
6810
6942
7074
7206
7338
7470
7602
7734
7866
7998
8130
8262
8394
8526
8658
8790
8922
9054
9186
9318
1399
1531
1663
1795
1927
2059
2191
2323
2455
2587
2719
2851
2983
3115
3247
3379
3511
3643
3775
3907
4039
4171
4303
4435
4567
4699
4831
4963
5095
5227
5359
5491
5623
5755
5887
6019
6151
6283
6415
6547
6679
6811
6943
7075
7207
7339
7471
7603
7735
7867
7999
8131
8263
8395
8527
8659
8791
8923
9055
9187
9319
1400
1532
1664
1796
1928
2060
2192
2324
2456
2588
2720
2852
2984
3116
3248
3380
3512
3644
3776
3908
4040
4172
4304
4436
4568
4700
4832
4964
5096
5228
5360
5492
5624
5756
5888
6020
6152
6284
6416
6548
6680
6812
6944
7076
7208
7340
7472
7604
7736
7868
8000
8132
8264
8396
8528
8660
8792
8924
9056
9188
9320
1401
1533
1665
1797
1929
2061
2193
2325
2457
2589
2721
2853
2985
3117
3249
3381
3513
3645
3777
3909
4041
4173
4305
4437
4569
4701
4833
4965
5097
5229
5361
5493
5625
5757
5889
6021
6153
6285
6417
6549
6681
6813
6945
7077
7209
7341
7473
7605
7737
7869
8001
8133
8265
8397
8529
8661
8793
8925
9057
9189
9321
1402
1534
1666
1798
1930
2062
2194
2326
2458
2590
2722
2854
2986
3118
3250
3382
3514
3646
3778
3910
4042
4174
4306
4438
4570
4702
4834
4966
5098
5230
5362
5494
5626
5758
5890
6022
6154
6286
6418
6550
6682
6814
6946
7078
7210
7342
7474
7606
7738
7870
8002
8134
8266
8398
8530
8662
8794
8926
9058
9190
9322
1403
1535
1667
1799
1931
2063
2195
2327
2459
2591
2723
2855
2987
3119
3251
3383
3515
3647
3779
3911
4043
4175
4307
4439
4571
4703
4835
4967
5099
5231
5363
5495
5627
5759
5891
6023
6155
6287
6419
6551
6683
6815
6947
7079
7211
7343
7475
7607
7739
7871
8003
8135
8267
8399
8531
8663
8795
8927
9059
9191
9323
1404
1536
1668
1800
1932
2064
2196
2328
2460
2592
2724
2856
2988
3120
3252
3384
3516
3648
3780
3912
4044
4176
4308
4440
4572
4704
4836
4968
5100
5232
5364
5496
5628
5760
5892
6024
6156
6288
6420
6552
6684
6816
6948
7080
7212
7344
7476
7608
7740
7872
8004
8136
8268
8400
8532
8664
8796
8928
9060
9192
9324
1405
1537
1669
1801
1933
2065
2197
2329
2461
2593
2725
2857
2989
3121
3253
3385
3517
3649
3781
3913
4045
4177
4309
4441
4573
4705
4837
4969
5101
5233
5365
5497
5629
5761
5893
6025
6157
6289
6421
6553
6685
6817
6949
7081
7213
7345
7477
7609
7741
7873
8005
8137
8269
8401
8533
8665
8797
8929
9061
9193
9325
1406
1538
1670
1802
1934
2066
2198
2330
2462
2594
2726
2858
2990
3122
3254
3386
3518
3650
3782
3914
4046
4178
4310
4442
4574
4706
4838
4970
5102
5234
5366
5498
5630
5762
5894
6026
6158
6290
6422
6554
6686
6818
6950
7082
7214
7346
7478
7610
7742
7874
8006
8138
8270
8402
8534
8666
8798
8930
9062
9194
9326
1407
1539
1671
1803
1935
2067
2199
2331
2463
2595
2727
2859
2991
3123
3255
3387
3519
3651
3783
3915
4047
4179
4311
4443
4575
4707
4839
4971
5103
5235
5367
5499
5631
5763
5895
6027
6159
6291
6423
6555
6687
6819
6951
7083
7215
7347
7479
7611
7743
7875
8007
8139
8271
8403
8535
8667
8799
8931
9063
9195
9327
1408
1540
1672
1804
1936
2068
2200
2332
2464
2596
2728
2860
2992
3124
3256
3388
3520
3652
3784
3916
4048
4180
4312
4444
4576
4708
4840
4972
5104
5236
5368
5500
5632
5764
5896
6028
6160
6292
6424
6556
6688
6820
6952
7084
7216
7348
7480
7612
7744
7876
8008
8140
8272
8404
8536
8668
8800
8932
9064
9196
9328
1409
1541
1673
1805
1937
2069
2201
2333
2465
2597
2729
2861
2993
3125
3257
3389
3521
3653
3785
3917
4049
4181
4313
4445
4577
4709
4841
4973
5105
5237
5369
5501
5633
5765
5897
6029
6161
6293
6425
6557
6689
6821
6953
7085
7217
7349
7481
7613
7745
7877
8009
8141
8273
8405
8537
8669
8801
8933
9065
9197
9329
1410
1542
1674
1806
1938
2070
2202
2334
2466
2598
2730
2862
2994
3126
3258
3390
3522
3654
3786
3918
4050
4182
4314
4446
4578
4710
4842
4974
5106
5238
5370
5502
5634
5766
5898
6030
6162
6294
6426
6558
6690
6822
6954
7086
7218
7350
7482
7614
7746
7878
8010
8142
8274
8406
8538
8670
8802
8934
9066
9198
9330
1411
1543
1675
1807
1939
2071
2203
2335
2467
2599
2731
2863
2995
3127
3259
3391
3523
3655
3787
3919
4051
4183
4315
4447
4579
4711
4843
4975
5107
5239
5371
5503
5635
5767
5899
6031
6163
6295
6427
6559
6691
6823
6955
7087
7219
7351
7483
7615
7747
7879
8011
8143
8275
8407
8539
8671
8803
8935
9067
9199
9331
1412
1544
1676
1808
1940
2072
2204
2336
2468
2600
2732
2864
2996
3128
3260
3392
3524
3656
3788
3920
4052
4184
4316
4448
4580
4712
4844
4976
5108
5240
5372
5504
5636
5768
5900
6032
6164
6296
6428
6560
6692
6824
6956
7088
7220
7352
7484
7616
7748
7880
8012
8144
8276
8408
8540
8672
8804
8936
9068
9200
9332
1413
1545
1677
1809
1941
2073
2205
2337
2469
2601
2733
2865
2997
3129
3261
3393
3525
3657
3789
3921
4053
4185
4317
4449
4581
4713
4845
4977
5109
5241
5373
5505
5637
5769
5901
6033
6165
6297
6429
6561
6693
6825
6957
7089
7221
7353
7485
7617
7749
7881
8013
8145
8277
8409
8541
8673
8805
8937
9069
9201
9333
1414
1546
1678
1810
1942
2074
2206
2338
2470
2602
2734
2866
2998
3130
3262
3394
3526
3658
3790
3922
4054
4186
4318
4450
4582
4714
4846
4978
5110
5242
5374
5506
5638
5770
5902
6034
6166
6298
6430
6562
6694
6826
6958
7090
7222
7354
7486
7618
7750
7882
8014
8146
8278
8410
8542
8674
8806
8938
9070
9202
9334
1415
1547
1679
1811
1943
2075
2207
2339
2471
2603
2735
2867
2999
3131
3263
3395
3527
3659
3791
3923
4055
4187
4319
4451
4583
4715
4847
4979
5111
5243
5375
5507
5639
5771
5903
6035
6167
6299
6431
6563
6695
6827
6959
7091
7223
7355
7487
7619
7751
7883
8015
8147
8279
8411
8543
8675
8807
8939
9071
9203
9335
1416
1548
1680
1812
1944
2076
2208
2340
2472
2604
2736
2868
3000
3132
3264
3396
3528
3660
3792
3924
4056
4188
4320
4452
4584
4716
4848
4980
5112
5244
5376
5508
5640
5772
5904
6036
6168
6300
6432
6564
6696
6828
6960
7092
7224
7356
7488
7620
7752
7884
8016
8148
8280
8412
8544
8676
8808
8940
9072
9204
9336
1417
1549
1681
1813
1945
2077
2209
2341
2473
2605
2737
2869
3001
3133
3265
3397
3529
3661
3793
3925
4057
4189
4321
4453
4585
4717
4849
4981
5113
5245
5377
5509
5641
5773
5905
6037
6169
6301
6433
6565
6697
6829
6961
7093
7225
7357
7489
7621
7753
7885
8017
8149
8281
8413
8545
8677
8809
8941
9073
9205
9337
1418
1550
1682
1814
1946
2078
2210
2342
2474
2606
2738
2870
3002
3134
3266
3398
3530
3662
3794
3926
4058
4190
4322
4454
4586
4718
4850
4982
5114
5246
5378
5510
5642
5774
5906
6038
6170
6302
6434
6566
6698
6830
6962
7094
7226
7358
7490
7622
7754
7886
8018
8150
8282
8414
8546
8678
8810
8942
9074
9206
9338
1419
1551
1683
1815
1947
2079
2211
2343
2475
2607
2739
2871
3003
3135
3267
3399
3531
3663
3795
3927
4059
4191
4323
4455
4587
4719
4851
4983
5115
5247
5379
5511
5643
5775
5907
6039
6171
6303
6435
6567
6699
6831
6963
7095
7227
7359
7491
7623
7755
7887
8019
8151
8283
8415
8547
8679
8811
8943
9075
9207
9339
1420
1552
1684
1816
1948
2080
2212
2344
2476
2608
2740
2872
3004
3136
3268
3400
3532
3664
3796
3928
4060
4192
4324
4456
4588
4720
4852
4984
5116
5248
5380
5512
5644
5776
5908
6040
6172
6304
6436
6568
6700
6832
6964
7096
7228
7360
7492
7624
7756
7888
8020
8152
8284
8416
8548
8680
8812
8944
9076
9208
9340
1421
1553
1685
1817
1949
2081
2213
2345
2477
2609
2741
2873
3005
3137
3269
3401
3533
3665
3797
3929
4061
4193
4325
4457
4589
4721
4853
4985
5117
5249
5381
5513
5645
5777
5909
6041
6173
6305
6437
6569
6701
6833
6965
7097
7229
7361
7493
7625
7757
7889
8021
8153
8285
8417
8549
8681
8813
8945
9077
9209
9341
1422
1554
1686
1818
1950
2082
2214
2346
2478
2610
2742
2874
3006
3138
3270
3402
3534
3666
3798
3930
4062
4194
4326
4458
4590
4722
4854
4986
5118
5250
5382
5514
5646
5778
5910
6042
6174
6306
6438
6570
6702
6834
6966
7098
7230
7362
7494
7626
7758
7890
8022
8154
8286
8418
8550
8682
8814
8946
9078
9210
9342
1423
1555
1687
1819
1951
2083
2215
2347
2479
2611
2743
2875
3007
3139
3271
3403
3535
3667
3799
3931
4063
4195
4327
4459
4591
4723
4855
4987
5119
5251
5383
5515
5647
5779
5911
6043
6175
6307
6439
6571
6703
6835
6967
7099
7231
7363
7495
7627
7759
7891
8023
8155
8287
8419
8551
8683
8815
8947
9079
9211
9343
1424
1556
1688
1820
1952
2084
2216
2348
2480
2612
2744
2876
3008
3140
3272
3404
3536
3668
3800
3932
4064
4196
4328
4460
4592
4724
4856
4988
5120
5252
5384
5516
5648
5780
5912
6044
6176
6308
6440
6572
6704
6836
6968
7100
7232
7364
7496
7628
7760
7892
8024
8156
8288
8420
8552
8684
8816
8948
9080
9212
9344
1425
1557
1689
1821
1953
2085
2217
2349
2481
2613
2745
2877
3009
3141
3273
3405
3537
3669
3801
3933
4065
4197
4329
4461
4593
4725
4857
4989
5121
5253
5385
5517
5649
5781
5913
6045
6177
6309
6441
6573
6705
6837
6969
7101
7233
7365
7497
7629
7761
7893
8025
8157
8289
8421
8553
8685
8817
8949
9081
9213
9345
1426
1558
1690
1822
1954
2086
2218
2350
2482
2614
2746
2878
3010
3142
3274
3406
3538
3670
3802
3934
4066
4198
4330
4462
4594
4726
4858
4990
5122
5254
5386
5518
5650
5782
5914
6046
6178
6310
6442
6574
6706
6838
6970
7102
7234
7366
7498
7630
7762
7894
8026
8158
8290
8422
8554
8686
8818
8950
9082
9214
9346
1427
1559
1691
1823
1955
2087
2219
2351
2483
2615
2747
2879
3011
3143
3275
3407
3539
3671
3803
3935
4067
4199
4331
4463
4595
4727
4859
4991
5123
5255
5387
5519
5651
5783
5915
6047
6179
6311
6443
6575
6707
6839
6971
7103
7235
7367
7499
7631
7763
7895
8027
8159
8291
8423
8555
8687
8819
8951
9083
9215
9347
1428
1560
1692
1824
1956
2088
2220
2352
2484
2616
2748
2880
3012
3144
3276
3408
3540
3672
3804
3936
4068
4200
4332
4464
4596
4728
4860
4992
5124
5256
5388
5520
5652
5784
5916
6048
6180
6312
6444
6576
6708
6840
6972
7104
7236
7368
7500
7632
7764
7896
8028
8160
8292
8424
8556
8688
8820
8952
9084
9216
9348
1429
1561
1693
1825
1957
2089
2221
2353
2485
2617
2749
2881
3013
3145
3277
3409
3541
3673
3805
3937
4069
4201
4333
4465
4597
4729
4861
4993
5125
5257
5389
5521
5653
5785
5917
6049
6181
6313
6445
6577
6709
6841
6973
7105
7237
7369
7501
7633
7765
7897
8029
8161
8293
8425
8557
8689
8821
8953
9085
9217
9349
1430
1562
1694
1826
1958
2090
2222
2354
2486
2618
2750
2882
3014
3146
3278
3410
3542
3674
3806
3938
4070
4202
4334
4466
4598
4730
4862
4994
5126
5258
5390
5522
5654
5786
5918
6050
6182
6314
6446
6578
6710
6842
6974
7106
7238
7370
7502
7634
7766
7898
8030
8162
8294
8426
8558
8690
8822
8954
9086
9218
9350
1431
1563
1695
1827
1959
2091
2223
2355
2487
2619
2751
2883
3015
3147
3279
3411
3543
3675
3807
3939
4071
4203
4335
4467
4599
4731
4863
4995
5127
5259
5391
5523
5655
5787
5919
6051
6183
6315
6447
6579
6711
6843
6975
7107
7239
7371
7503
7635
7767
7899
8031
8163
8295
8427
8559
8691
8823
8955
9087
9219
9351
1432
1564
1696
1828
1960
2092
2224
2356
2488
2620
2752
2884
3016
3148
3280
3412
3544
3676
3808
3940
4072
4204
4336
4468
4600
4732
4864
4996
5128
5260
5392
5524
5656
5788
5920
6052
6184
6316
6448
6580
6712
6844
6976
7108
7240
7372
7504
7636
7768
7900
8032
8164
8296
8428
8560
8692
8824
8956
9088
9220
9352
1433
1565
1697
1829
1961
2093
2225
2357
2489
2621
2753
2885
3017
3149
3281
3413
3545
3677
3809
3941
4073
4205
4337
4469
4601
4733
4865
4997
5129
5261
5393
5525
5657
5789
5921
6053
6185
6317
6449
6581
6713
6845
6977
7109
7241
7373
7505
7637
7769
7901
8033
8165
8297
8429
8561
8693
8825
8957
9089
9221
9353
1434
1566
1698
1830
1962
2094
2226
2358
2490
2622
2754
2886
3018
3150
3282
3414
3546
3678
3810
3942
4074
4206
4338
4470
4602
4734
4866
4998
5130
5262
5394
5526
5658
5790
5922
6054
6186
6318
6450
6582
6714
6846
6978
7110
7242
7374
7506
7638
7770
7902
8034
8166
8298
8430
8562
8694
8826
8958
9090
9222
9354
1435
1567
1699
1831
1963
2095
2227
2359
2491
2623
2755
2887
3019
3151
3283
3415
3547
3679
3811
3943
4075
4207
4339
4471
4603
4735
4867
4999
5131
5263
5395
5527
5659
5791
5923
6055
6187
6319
6451
6583
6715
6847
6979
7111
7243
7375
7507
7639
7771
7903
8035
8167
8299
8431
8563
8695
8827
8959
9091
9223
9355
1436
1568
1700
1832
1964
2096
2228
2360
2492
2624
2756
2888
3020
3152
3284
3416
3548
3680
3812
3944
4076
4208
4340
4472
4604
4736
4868
5000
5132
5264
5396
5528
5660
5792
5924
6056
6188
6320
6452
6584
6716
6848
6980
7112
7244
7376
7508
7640
7772
7904
8036
8168
8300
8432
8564
8696
8828
8960
9092
9224
9356
1437
1569
1701
1833
1965
2097
2229
2361
2493
2625
2757
2889
3021
3153
3285
3417
3549
3681
3813
3945
4077
4209
4341
4473
4605
4737
4869
5001
5133
5265
5397
5529
5661
5793
5925
6057
6189
6321
6453
6585
6717
6849
6981
7113
7245
7377
7509
7641
7773
7905
8037
8169
8301
8433
8565
8697
8829
8961
9093
9225
9357
1438
1570
1702
1834
1966
2098
2230
2362
2494
2626
2758
2890
3022
3154
3286
3418
3550
3682
3814
3946
4078
4210
4342
4474
4606
4738
4870
5002
5134
5266
5398
5530
5662
5794
5926
6058
6190
6322
6454
6586
6718
6850
6982
7114
7246
7378
7510
7642
7774
7906
8038
8170
8302
8434
8566
8698
8830
8962
9094
9226
9358
1439
1571
1703
1835
1967
2099
2231
2363
2495
2627
2759
2891
3023
3155
3287
3419
3551
3683
3815
3947
4079
4211
4343
4475
4607
4739
4871
5003
5135
5267
5399
5531
5663
5795
5927
6059
6191
6323
6455
6587
6719
6851
6983
7115
7247
7379
7511
7643
7775
7907
8039
8171
8303
8435
8567
8699
8831
8963
9095
9227
9359
1440
1572
1704
1836
1968
2100
2232
2364
2496
2628
2760
2892
3024
3156
3288
3420
3552
3684
3816
3948
4080
4212
4344
4476
4608
4740
4872
5004
5136
5268
5400
5532
5664
5796
5928
6060
6192
6324
6456
6588
6720
6852
6984
7116
7248
7380
7512
7644
7776
7908
8040
8172
8304
8436
8568
8700
8832
8964
9096
9228
9360
1441
1573
1705
1837
1969
2101
2233
2365
2497
2629
2761
2893
3025
3157
3289
3421
3553
3685
3817
3949
4081
4213
4345
4477
4609
4741
4873
5005
5137
5269
5401
5533
5665
5797
5929
6061
6193
6325
6457
6589
6721
6853
6985
7117
7249
7381
7513
7645
7777
7909
8041
8173
8305
8437
8569
8701
8833
8965
9097
9229
9361
1442
1574
1706
1838
1970
2102
2234
2366
2498
2630
2762
2894
3026
3158
3290
3422
3554
3686
3818
3950
4082
4214
4346
4478
4610
4742
4874
5006
5138
5270
5402
5534
5666
5798
5930
6062
6194
6326
6458
6590
6722
6854
6986
7118
7250
7382
7514
7646
7778
7910
8042
8174
8306
8438
8570
8702
8834
8966
9098
9230
9362
1443
1575
1707
1839
1971
2103
2235
2367
2499
2631
2763
2895
3027
3159
3291
3423
3555
3687
3819
3951
4083
4215
4347
4479
4611
4743
4875
5007
5139
5271
5403
5535
5667
5799
5931
6063
6195
6327
6459
6591
6723
6855
6987
7119
7251
7383
7515
7647
7779
7911
8043
8175
8307
8439
8571
8703
8835
8967
9099
9231
9363
1444
1576
1708
1840
1972
2104
2236
2368
2500
2632
2764
2896
3028
3160
3292
3424
3556
3688
3820
3952
4084
4216
4348
4480
4612
4744
4876
5008
5140
5272
5404
5536
5668
5800
5932
6064
6196
6328
6460
6592
6724
6856
6988
7120
7252
7384
7516
7648
7780
7912
8044
8176
8308
8440
8572
8704
8836
8968
9100
9232
9364
1445
1577
1709
1841
1973
2105
2237
2369
2501
2633
2765
2897
3029
3161
3293
3425
3557
3689
3821
3953
4085
4217
4349
4481
4613
4745
4877
5009
5141
5273
5405
5537
5669
5801
5933
6065
6197
6329
6461
6593
6725
6857
6989
7121
7253
7385
7517
7649
7781
7913
8045
8177
8309
8441
8573
8705
8837
8969
9101
9233
9365
1446
1578
1710
1842
1974
2106
2238
2370
2502
2634
2766
2898
3030
3162
3294
3426
3558
3690
3822
3954
4086
4218
4350
4482
4614
4746
4878
5010
5142
5274
5406
5538
5670
5802
5934
6066
6198
6330
6462
6594
6726
6858
6990
7122
7254
7386
7518
7650
7782
7914
8046
8178
8310
8442
8574
8706
8838
8970
9102
9234
9366
1447
1579
1711
1843
1975
2107
2239
2371
2503
2635
2767
2899
3031
3163
3295
3427
3559
3691
3823
3955
4087
4219
4351
4483
4615
4747
4879
5011
5143
5275
5407
5539
5671
5803
5935
6067
6199
6331
6463
6595
6727
6859
6991
7123
7255
7387
7519
7651
7783
7915
8047
8179
8311
8443
8575
8707
8839
8971
9103
9235
9367
1448
1580
1712
1844
1976
2108
2240
2372
2504
2636
2768
2900
3032
3164
3296
3428
3560
3692
3824
3956
4088
4220
4352
4484
4616
4748
4880
5012
5144
5276
5408
5540
5672
5804
5936
6068
6200
6332
6464
6596
6728
6860
6992
7124
7256
7388
7520
7652
7784
7916
8048
8180
8312
8444
8576
8708
8840
8972
9104
9236
9368
1449
1581
1713
1845
1977
2109
2241
2373
2505
2637
2769
2901
3033
3165
3297
3429
3561
3693
3825
3957
4089
4221
4353
4485
4617
4749
4881
5013
5145
5277
5409
5541
5673
5805
5937
6069
6201
6333
6465
6597
6729
6861
6993
7125
7257
7389
7521
7653
7785
7917
8049
8181
8313
8445
8577
8709
8841
8973
9105
9237
9369
1450
1582
1714
1846
1978
2110
2242
2374
2506
2638
2770
2902
3034
3166
3298
3430
3562
3694
3826
3958
4090
4222
4354
4486
4618
4750
4882
5014
5146
5278
5410
5542
5674
5806
5938
6070
6202
6334
6466
6598
6730
6862
6994
7126
7258
7390
7522
7654
7786
7918
8050
8182
8314
8446
8578
8710
8842
8974
9106
9238
9370
1451
1583
1715
1847
1979
2111
2243
2375
2507
2639
2771
2903
3035
3167
3299
3431
3563
3695
3827
3959
4091
4223
4355
4487
4619
4751
4883
5015
5147
5279
5411
5543
5675
5807
5939
6071
6203
6335
6467
6599
6731
6863
6995
7127
7259
7391
7523
7655
7787
7919
8051
8183
8315
8447
8579
8711
8843
8975
9107
9239
9371
1452
1584
1716
1848
1980
2112
2244
2376
2508
2640
2772
2904
3036
3168
3300
3432
3564
3696
3828
3960
4092
4224
4356
4488
4620
4752
4884
5016
5148
5280
5412
5544
5676
5808
5940
6072
6204
6336
6468
6600
6732
6864
6996
7128
7260
7392
7524
7656
7788
7920
8052
8184
8316
8448
8580
8712
8844
8976
9108
9240
9372
1453
1585
1717
1849
1981
2113
2245
2377
2509
2641
2773
2905
3037
3169
3301
3433
3565
3697
3829
3961
4093
4225
4357
4489
4621
4753
4885
5017
5149
5281
5413
5545
5677
5809
5941
6073
6205
6337
6469
6601
6733
6865
6997
7129
7261
7393
7525
7657
7789
7921
8053
8185
8317
8449
8581
8713
8845
8977
9109
9241
9373
1454
1586
1718
1850
1982
2114
2246
2378
2510
2642
2774
2906
3038
3170
3302
3434
3566
3698
3830
3962
4094
4226
4358
4490
4622
4754
4886
5018
5150
5282
5414
5546
5678
5810
5942
6074
6206
6338
6470
6602
6734
6866
6998
7130
7262
7394
7526
7658
7790
7922
8054
8186
8318
8450
8582
8714
8846
8978
9110
9242
9374
1455
1587
1719
1851
1983
2115
2247
2379
2511
2643
2775
2907
3039
3171
3303
3435
3567
3699
3831
3963
4095
4227
4359
4491
4623
4755
4887
5019
5151
5283
5415
5547
5679
5811
5943
6075
6207
6339
6471
6603
6735
6867
6999
7131
7263
7395
7527
7659
7791
7923
8055
8187
8319
8451
8583
8715
8847
8979
9111
9243
9375
1456
1588
1720
1852
1984
2116
2248
2380
2512
2644
2776
2908
3040
3172
3304
3436
3568
3700
3832
3964
4096
4228
4360
4492
4624
4756
4888
5020
5152
5284
5416
5548
5680
5812
5944
6076
6208
6340
6472
6604
6736
6868
7000
7132
7264
7396
7528
7660
7792
7924
8056
8188
8320
8452
8584
8716
8848
8980
9112
9244
9376
1457
1589
1721
1853
1985
2117
2249
2381
2513
2645
2777
2909
3041
3173
3305
3437
3569
3701
3833
3965
4097
4229
4361
4493
4625
4757
4889
5021
5153
5285
5417
5549
5681
5813
5945
6077
6209
6341
6473
6605
6737
6869
7001
7133
7265
7397
7529
7661
7793
7925
8057
8189
8321
8453
8585
8717
8849
8981
9113
9245
9377
1458
1590
1722
1854
1986
2118
2250
2382
2514
2646
2778
2910
3042
3174
3306
3438
3570
3702
3834
3966
4098
4230
4362
4494
4626
4758
4890
5022
5154
5286
5418
5550
5682
5814
5946
6078
6210
6342
6474
6606
6738
6870
7002
7134
7266
7398
7530
7662
7794
7926
8058
8190
8322
8454
8586
8718
8850
8982
9114
9246
9378
1459
1591
1723
1855
1987
2119
2251
2383
2515
2647
2779
2911
3043
3175
3307
3439
3571
3703
3835
3967
4099
4231
4363
4495
4627
4759
4891
5023
5155
5287
5419
5551
5683
5815
5947
6079
6211
6343
6475
6607
6739
6871
7003
7135
7267
7399
7531
7663
7795
7927
8059
8191
8323
8455
8587
8719
8851
8983
9115
9247
9379
1460
1592
1724
1856
1988
2120
2252
2384
2516
2648
2780
2912
3044
3176
3308
3440
3572
3704
3836
3968
4100
4232
4364
4496
4628
4760
4892
5024
5156
5288
5420
5552
5684
5816
5948
6080
6212
6344
6476
6608
6740
6872
7004
7136
7268
7400
7532
7664
7796
7928
8060
8192
8324
8456
8588
8720
8852
8984
9116
9248
9380
1461
1593
1725
1857
1989
2121
2253
2385
2517
2649
2781
2913
3045
3177
3309
3441
3573
3705
3837
3969
4101
4233
4365
4497
4629
4761
4893
5025
5157
5289
5421
5553
5685
5817
5949
6081
6213
6345
6477
6609
6741
6873
7005
7137
7269
7401
7533
7665
7797
7929
8061
8193
8325
8457
8589
8721
8853
8985
9117
9249
9381
1462
1594
1726
1858
1990
2122
2254
2386
2518
2650
2782
2914
3046
3178
3310
3442
3574
3706
3838
3970
4102
4234
4366
4498
4630
4762
4894
5026
5158
5290
5422
5554
5686
5818
5950
6082
6214
6346
6478
6610
6742
6874
7006
7138
7270
7402
7534
7666
7798
7930
8062
8194
8326
8458
8590
8722
8854
8986
9118
9250
9382
1463
1595
1727
1859
1991
2123
2255
2387
2519
2651
2783
2915
3047
3179
3311
3443
3575
3707
3839
3971
4103
4235
4367
4499
4631
4763
4895
5027
5159
5291
5423
5555
5687
5819
5951
6083
6215
6347
6479
6611
6743
6875
7007
7139
7271
7403
7535
7667
7799
7931
8063
8195
8327
8459
8591
8723
8855
8987
9119
9251
9383
1464
1596
1728
1860
1992
2124
2256
2388
2520
2652
2784
2916
3048
3180
3312
3444
3576
3708
3840
3972
4104
4236
4368
4500
4632
4764
4896
5028
5160
5292
5424
5556
5688
5820
5952
6084
6216
6348
6480
6612
6744
6876
7008
7140
7272
7404
7536
7668
7800
7932
8064
8196
8328
8460
8592
8724
8856
8988
9120
9252
9384
1465
1597
1729
1861
1993
2125
2257
2389
2521
2653
2785
2917
3049
3181
3313
3445
3577
3709
3841
3973
4105
4237
4369
4501
4633
4765
4897
5029
5161
5293
5425
5557
5689
5821
5953
6085
6217
6349
6481
6613
6745
6877
7009
7141
7273
7405
7537
7669
7801
7933
8065
8197
8329
8461
8593
8725
8857
8989
9121
9253
9385
1466
1598
1730
1862
1994
2126
2258
2390
2522
2654
2786
2918
3050
3182
3314
3446
3578
3710
3842
3974
4106
4238
4370
4502
4634
4766
4898
5030
5162
5294
5426
5558
5690
5822
5954
6086
6218
6350
6482
6614
6746
6878
7010
7142
7274
7406
7538
7670
7802
7934
8066
8198
8330
8462
8594
8726
8858
8990
9122
9254
9386
1467
1599
1731
1863
1995
2127
2259
2391
2523
2655
2787
2919
3051
3183
3315
3447
3579
3711
3843
3975
4107
4239
4371
4503
4635
4767
4899
5031
5163
5295
5427
5559
5691
5823
5955
6087
6219
6351
6483
6615
6747
6879
7011
7143
7275
7407
7539
7671
7803
7935
8067
8199
8331
8463
8595
8727
8859
8991
9123
9255
9387
1468
1600
1732
1864
1996
2128
2260
2392
2524
2656
2788
2920
3052
3184
3316
3448
3580
3712
3844
3976
4108
4240
4372
4504
4636
4768
4900
5032
5164
5296
5428
5560
5692
5824
5956
6088
6220
6352
6484
6616
6748
6880
7012
7144
7276
7408
7540
7672
7804
7936
8068
8200
8332
8464
8596
8728
8860
8992
9124
9256
9388
1469
1601
1733
1865
1997
2129
2261
2393
2525
2657
2789
2921
3053
3185
3317
3449
3581
3713
3845
3977
4109
4241
4373
4505
4637
4769
4901
5033
5165
5297
5429
5561
5693
5825
5957
6089
6221
6353
6485
6617
6749
6881
7013
7145
7277
7409
7541
7673
7805
7937
8069
8201
8333
8465
8597
8729
8861
8993
9125
9257
9389
1470
1602
1734
1866
1998
2130
2262
2394
2526
2658
2790
2922
3054
3186
3318
3450
3582
3714
3846
3978
4110
4242
4374
4506
4638
4770
4902
5034
5166
5298
5430
5562
5694
5826
5958
6090
6222
6354
6486
6618
6750
6882
7014
7146
7278
7410
7542
7674
7806
7938
8070
8202
8334
8466
8598
8730
8862
8994
9126
9258
9390
1471
1603
1735
1867
1999
2131
2263
2395
2527
2659
2791
2923
3055
3187
3319
3451
3583
3715
3847
3979
4111
4243
4375
4507
4639
4771
4903
5035
5167
5299
5431
5563
5695
5827
5959
6091
6223
6355
6487
6619
6751
6883
7015
7147
7279
7411
7543
7675
7807
7939
8071
8203
8335
8467
8599
8731
8863
8995
9127
9259
9391
1472
1604
1736
1868
2000
2132
2264
2396
2528
2660
2792
2924
3056
3188
3320
3452
3584
3716
3848
3980
4112
4244
4376
4508
4640
4772
4904
5036
5168
5300
5432
5564
5696
5828
5960
6092
6224
6356
6488
6620
6752
6884
7016
7148
7280
7412
7544
7676
7808
7940
8072
8204
8336
8468
8600
8732
8864
8996
9128
9260
9392
1473
1605
1737
1869
2001
2133
2265
2397
2529
2661
2793
2925
3057
3189
3321
3453
3585
3717
3849
3981
4113
4245
4377
4509
4641
4773
4905
5037
5169
5301
5433
5565
5697
5829
5961
6093
6225
6357
6489
6621
6753
6885
7017
7149
7281
7413
7545
7677
7809
7941
8073
8205
8337
8469
8601
8733
8865
8997
9129
9261
9393
1474
1606
1738
1870
2002
2134
2266
2398
2530
2662
2794
2926
3058
3190
3322
3454
3586
3718
3850
3982
4114
4246
4378
4510
4642
4774
4906
5038
5170
5302
5434
5566
5698
5830
5962
6094
6226
6358
6490
6622
6754
6886
7018
7150
7282
7414
7546
7678
7810
7942
8074
8206
8338
8470
8602
8734
8866
8998
9130
9262
9394
1475
1607
1739
1871
2003
2135
2267
2399
2531
2663
2795
2927
3059
3191
3323
3455
3587
3719
3851
3983
4115
4247
4379
4511
4643
4775
4907
5039
5171
5303
5435
5567
5699
5831
5963
6095
6227
6359
6491
6623
6755
6887
7019
7151
7283
7415
7547
7679
7811
7943
8075
8207
8339
8471
8603
8735
8867
8999
9131
9263
9395
1476
1608
1740
1872
2004
2136
2268
2400
2532
2664
2796
2928
3060
3192
3324
3456
3588
3720
3852
3984
4116
4248
4380
4512
4644
4776
4908
5040
5172
5304
5436
5568
5700
5832
5964
6096
6228
6360
6492
6624
6756
6888
7020
7152
7284
7416
7548
7680
7812
7944
8076
8208
8340
8472
8604
8736
8868
9000
9132
9264
9396
1477
1609
1741
1873
2005
2137
2269
2401
2533
2665
2797
2929
3061
3193
3325
3457
3589
3721
3853
3985
4117
4249
4381
4513
4645
4777
4909
5041
5173
5305
5437
5569
5701
5833
5965
6097
6229
6361
6493
6625
6757
6889
7021
7153
7285
7417
7549
7681
7813
7945
8077
8209
8341
8473
8605
8737
8869
9001
9133
9265
9397
1478
1610
1742
1874
2006
2138
2270
2402
2534
2666
2798
2930
3062
3194
3326
3458
3590
3722
3854
3986
4118
4250
4382
4514
4646
4778
4910
5042
5174
5306
5438
5570
5702
5834
5966
6098
6230
6362
6494
6626
6758
6890
7022
7154
7286
7418
7550
7682
7814
7946
8078
8210
8342
8474
8606
8738
8870
9002
9134
9266
9398
1479
1611
1743
1875
2007
2139
2271
2403
2535
2667
2799
2931
3063
3195
3327
3459
3591
3723
3855
3987
4119
4251
4383
4515
4647
4779
4911
5043
5175
5307
5439
5571
5703
5835
5967
6099
6231
6363
6495
6627
6759
6891
7023
7155
7287
7419
7551
7683
7815
7947
8079
8211
8343
8475
8607
8739
8871
9003
9135
9267
9399
1480
1612
1744
1876
2008
2140
2272
2404
2536
2668
2800
2932
3064
3196
3328
3460
3592
3724
3856
3988
4120
4252
4384
4516
4648
4780
4912
5044
5176
5308
5440
5572
5704
5836
5968
6100
6232
6364
6496
6628
6760
6892
7024
7156
7288
7420
7552
7684
7816
7948
8080
8212
8344
8476
8608
8740
8872
9004
9136
9268
9400
1481
1613
1745
1877
2009
2141
2273
2405
2537
2669
2801
2933
3065
3197
3329
3461
3593
3725
3857
3989
4121
4253
4385
4517
4649
4781
4913
5045
5177
5309
5441
5573
5705
5837
5969
6101
6233
6365
6497
6629
6761
6893
7025
7157
7289
7421
7553
7685
7817
7949
8081
8213
8345
8477
8609
8741
8873
9005
9137
9269
9401
1482
1614
1746
1878
2010
2142
2274
2406
2538
2670
2802
2934
3066
3198
3330
3462
3594
3726
3858
3990
4122
4254
4386
4518
4650
4782
4914
5046
5178
5310
5442
5574
5706
5838
5970
6102
6234
6366
6498
6630
6762
6894
7026
7158
7290
7422
7554
7686
7818
7950
8082
8214
8346
8478
8610
8742
8874
9006
9138
9270
9402
1483
1615
1747
1879
2011
2143
2275
2407
2539
2671
2803
2935
3067
3199
3331
3463
3595
3727
3859
3991
4123
4255
4387
4519
4651
4783
4915
5047
5179
5311
5443
5575
5707
5839
5971
6103
6235
6367
6499
6631
6763
6895
7027
7159
7291
7423
7555
7687
7819
7951
8083
8215
8347
8479
8611
8743
8875
9007
9139
9271
9403
1484
1616
1748
1880
2012
2144
2276
2408
2540
2672
2804
2936
3068
3200
3332
3464
3596
3728
3860
3992
4124
4256
4388
4520
4652
4784
4916
5048
5180
5312
5444
5576
5708
5840
5972
6104
6236
6368
6500
6632
6764
6896
7028
7160
7292
7424
7556
7688
7820
7952
8084
8216
8348
8480
8612
8744
8876
9008
9140
9272
9404
1485
1617
1749
1881
2013
2145
2277
2409
2541
2673
2805
2937
3069
3201
3333
3465
3597
3729
3861
3993
4125
4257
4389
4521
4653
4785
4917
5049
5181
5313
5445
5577
5709
5841
5973
6105
6237
6369
6501
6633
6765
6897
7029
7161
7293
7425
7557
7689
7821
7953
8085
8217
8349
8481
8613
8745
8877
9009
9141
9273
9405
1486
1618
1750
1882
2014
2146
2278
2410
2542
2674
2806
2938
3070
3202
3334
3466
3598
3730
3862
3994
4126
4258
4390
4522
4654
4786
4918
5050
5182
5314
5446
5578
5710
5842
5974
6106
6238
6370
6502
6634
6766
6898
7030
7162
7294
7426
7558
7690
7822
7954
8086
8218
8350
8482
8614
8746
8878
9010
9142
9274
9406
1487
1619
1751
1883
2015
2147
2279
2411
2543
2675
2807
2939
3071
3203
3335
3467
3599
3731
3863
3995
4127
4259
4391
4523
4655
4787
4919
5051
5183
5315
5447
5579
5711
5843
5975
6107
6239
6371
6503
6635
6767
6899
7031
7163
7295
7427
7559
7691
7823
7955
8087
8219
8351
8483
8615
8747
8879
9011
9143
9275
9407
1488
1620
1752
1884
2016
2148
2280
2412
2544
2676
2808
2940
3072
3204
3336
3468
3600
3732
3864
3996
4128
4260
4392
4524
4656
4788
4920
5052
5184
5316
5448
5580
5712
5844
5976
6108
6240
6372
6504
6636
6768
6900
7032
7164
7296
7428
7560
7692
7824
7956
8088
8220
8352
8484
8616
8748
8880
9012
9144
9276
9408
1489
1621
1753
1885
2017
2149
2281
2413
2545
2677
2809
2941
3073
3205
3337
3469
3601
3733
3865
3997
4129
4261
4393
4525
4657
4789
4921
5053
5185
5317
5449
5581
5713
5845
5977
6109
6241
6373
6505
6637
6769
6901
7033
7165
7297
7429
7561
7693
7825
7957
8089
8221
8353
8485
8617
8749
8881
9013
9145
9277
9409
1490
1622
1754
1886
2018
2150
2282
2414
2546
2678
2810
2942
3074
3206
3338
3470
3602
3734
3866
3998
4130
4262
4394
4526
4658
4790
4922
5054
5186
5318
5450
5582
5714
5846
5978
6110
6242
6374
6506
6638
6770
6902
7034
7166
7298
7430
7562
7694
7826
7958
8090
8222
8354
8486
8618
8750
8882
9014
9146
9278
9410
1491
1623
1755
1887
2019
2151
2283
2415
2547
2679
2811
2943
3075
3207
3339
3471
3603
3735
3867
3999
4131
4263
4395
4527
4659
4791
4923
5055
5187
5319
5451
5583
5715
5847
5979
6111
6243
6375
6507
6639
6771
6903
7035
7167
7299
7431
7563
7695
7827
7959
8091
8223
8355
8487
8619
8751
8883
9015
9147
9279
9411
1492
1624
1756
1888
2020
2152
2284
2416
2548
2680
2812
2944
3076
3208
3340
3472
3604
3736
3868
4000
4132
4264
4396
4528
4660
4792
4924
5056
5188
5320
5452
5584
5716
5848
5980
6112
6244
6376
6508
6640
6772
6904
7036
7168
7300
7432
7564
7696
7828
7960
8092
8224
8356
8488
8620
8752
8884
9016
9148
9280
9412
1493
1625
1757
1889
2021
2153
2285
2417
2549
2681
2813
2945
3077
3209
3341
3473
3605
3737
3869
4001
4133
4265
4397
4529
4661
4793
4925
5057
5189
5321
5453
5585
5717
5849
5981
6113
6245
6377
6509
6641
6773
6905
7037
7169
7301
7433
7565
7697
7829
7961
8093
8225
8357
8489
8621
8753
8885
9017
9149
9281
9413
1494
1626
1758
1890
2022
2154
2286
2418
2550
2682
2814
2946
3078
3210
3342
3474
3606
3738
3870
4002
4134
4266
4398
4530
4662
4794
4926
5058
5190
5322
5454
5586
5718
5850
5982
6114
6246
6378
6510
6642
6774
6906
7038
7170
7302
7434
7566
7698
7830
7962
8094
8226
8358
8490
8622
8754
8886
9018
9150
9282
9414
1495
1627
1759
1891
2023
2155
2287
2419
2551
2683
2815
2947
3079
3211
3343
3475
3607
3739
3871
4003
4135
4267
4399
4531
4663
4795
4927
5059
5191
5323
5455
5587
5719
5851
5983
6115
6247
6379
6511
6643
6775
6907
7039
7171
7303
7435
7567
7699
7831
7963
8095
8227
8359
8491
8623
8755
8887
9019
9151
9283
9415
1496
1628
1760
1892
2024
2156
2288
2420
2552
2684
2816
2948
3080
3212
3344
3476
3608
3740
3872
4004
4136
4268
4400
4532
4664
4796
4928
5060
5192
5324
5456
5588
5720
5852
5984
6116
6248
6380
6512
6644
6776
6908
7040
7172
7304
7436
7568
7700
7832
7964
8096
8228
8360
8492
8624
8756
8888
9020
9152
9284
9416
1497
1629
1761
1893
2025
2157
2289
2421
2553
2685
2817
2949
3081
3213
3345
3477
3609
3741
3873
4005
4137
4269
4401
4533
4665
4797
4929
5061
5193
5325
5457
5589
5721
5853
5985
6117
6249
6381
6513
6645
6777
6909
7041
7173
7305
7437
7569
7701
7833
7965
8097
8229
8361
8493
8625
8757
8889
9021
9153
9285
9417
1498
1630
1762
1894
2026
2158
2290
2422
2554
2686
2818
2950
3082
3214
3346
3478
3610
3742
3874
4006
4138
4270
4402
4534
4666
4798
4930
5062
5194
5326
5458
5590
5722
5854
5986
6118
6250
6382
6514
6646
6778
6910
7042
7174
7306
7438
7570
7702
7834
7966
8098
8230
8362
8494
8626
8758
8890
9022
9154
9286
9418
1499
1631
1763
1895
2027
2159
2291
2423
2555
2687
2819
2951
3083
3215
3347
3479
3611
3743
3875
4007
4139
4271
4403
4535
4667
4799
4931
5063
5195
5327
5459
5591
5723
5855
5987
6119
6251
6383
6515
6647
6779
6911
7043
7175
7307
7439
7571
7703
7835
7967
8099
8231
8363
8495
8627
8759
8891
9023
9155
9287
9419
9420
9429
9438
9447
9456
9465
9474
9483
9492
9501
9510
9519
9528
9537
9546
9555
9564
9573
9582
9591
9600
9609
9618
9627
9636
9645
9654
9663
9672
9681
9690
9699
9708
9717
9726
9735
9744
9753
9762
9771
9780
9789
9798
9807
9816
9825
9834
9843
9852
9861
9870
9879
9888
9897
9906
9915
9924
9933
9942
9951
9960
9421
9430
9439
9448
9457
9466
9475
9484
9493
9502
9511
9520
9529
9538
9547
9556
9565
9574
9583
9592
9601
9610
9619
9628
9637
9646
9655
9664
9673
9682
9691
9700
9709
9718
9727
9736
9745
9754
9763
9772
9781
9790
9799
9808
9817
9826
9835
9844
9853
9862
9871
9880
9889
9898
9907
9916
9925
9934
9943
9952
9961
9422
9431
9440
9449
9458
9467
9476
9485
9494
9503
9512
9521
9530
9539
9548
9557
9566
9575
9584
9593
9602
9611
9620
9629
9638
9647
9656
9665
9674
9683
9692
9701
9710
9719
9728
9737
9746
9755
9764
9773
9782
9791
9800
9809
9818
9827
9836
9845
9854
9863
9872
9881
9890
9899
9908
9917
9926
9935
9944
9953
9962
9423
9432
9441
9450
9459
9468
9477
9486
9495
9504
9513
9522
9531
9540
9549
9558
9567
9576
9585
9594
9603
9612
9621
9630
9639
9648
9657
9666
9675
9684
9693
9702
9711
9720
9729
9738
9747
9756
9765
9774
9783
9792
9801
9810
9819
9828
9837
9846
9855
9864
9873
9882
9891
9900
9909
9918
9927
9936
9945
9954
9963
9424
9433
9442
9451
9460
9469
9478
9487
9496
9505
9514
9523
9532
9541
9550
9559
9568
9577
9586
9595
9604
9613
9622
9631
9640
9649
9658
9667
9676
9685
9694
9703
9712
9721
9730
9739
9748
9757
9766
9775
9784
9793
9802
9811
9820
9829
9838
9847
9856
9865
9874
9883
9892
9901
9910
9919
9928
9937
9946
9955
9964
9425
9434
9443
9452
9461
9470
9479
9488
9497
9506
9515
9524
9533
9542
9551
9560
9569
9578
9587
9596
9605
9614
9623
9632
9641
9650
9659
9668
9677
9686
9695
9704
9713
9722
9731
9740
9749
9758
9767
9776
9785
9794
9803
9812
9821
9830
9839
9848
9857
9866
9875
9884
9893
9902
9911
9920
9929
9938
9947
9956
9965
9426
9435
9444
9453
9462
9471
9480
9489
9498
9507
9516
9525
9534
9543
9552
9561
9570
9579
9588
9597
9606
9615
9624
9633
9642
9651
9660
9669
9678
9687
9696
9705
9714
9723
9732
9741
9750
9759
9768
9777
9786
9795
9804
9813
9822
9831
9840
9849
9858
9867
9876
9885
9894
9903
9912
9921
9930
9939
9948
9957
9966
9427
9436
9445
9454
9463
9472
9481
9490
9499
9508
9517
9526
9535
9544
9553
9562
9571
9580
9589
9598
9607
9616
9625
9634
9643
9652
9661
9670
9679
9688
9697
9706
9715
9724
9733
9742
9751
9760
9769
9778
9787
9796
9805
9814
9823
9832
9841
9850
9859
9868
9877
9886
9895
9904
9913
9922
9931
9940
9949
9958
9967
9428
9437
9446
9455
9464
9473
9482
9491
9500
9509
9518
9527
9536
9545
9554
9563
9572
9581
9590
9599
9608
9617
9626
9635
9644
9653
9662
9671
9680
9689
9698
9707
9716
9725
9734
9743
9752
9761
9770
9779
9788
9797
9806
9815
9824
9833
9842
9851
9860
9869
9878
9887
9896
9905
9914
9923
9932
9941
9950
9959
9968
17779
17788
17797
17806
17815
17824
17833
17842
17851
17860
17869
17878
17887
17896
17905
17914
17923
17932
17941
17950
17959
17968
17977
17986
17995
18004
18013
18022
18031
18040
18049
18058
18067
18076
18085
18094
18103
18112
18121
18130
18139
18148
18157
18166
18175
18184
18193
18202
18211
18220
18229
18238
18247
18256
18265
18274
18283
18292
18301
18310
18319
17780
17789
17798
17807
17816
17825
17834
17843
17852
17861
17870
17879
17888
17897
17906
17915
17924
17933
17942
17951
17960
17969
17978
17987
17996
18005
18014
18023
18032
18041
18050
18059
18068
18077
18086
18095
18104
18113
18122
18131
18140
18149
18158
18167
18176
18185
18194
18203
18212
18221
18230
18239
18248
18257
18266
18275
18284
18293
18302
18311
18320
17781
17790
17799
17808
17817
17826
17835
17844
17853
17862
17871
17880
17889
17898
17907
17916
17925
17934
17943
17952
17961
17970
17979
17988
17997
18006
18015
18024
18033
18042
18051
18060
18069
18078
18087
18096
18105
18114
18123
18132
18141
18150
18159
18168
18177
18186
18195
18204
18213
18222
18231
18240
18249
18258
18267
18276
18285
18294
18303
18312
18321
17782
17791
17800
17809
17818
17827
17836
17845
17854
17863
17872
17881
17890
17899
17908
17917
17926
17935
17944
17953
17962
17971
17980
17989
17998
18007
18016
18025
18034
18043
18052
18061
18070
18079
18088
18097
18106
18115
18124
18133
18142
18151
18160
18169
18178
18187
18196
18205
18214
18223
18232
18241
18250
18259
18268
18277
18286
18295
18304
18313
18322
17783
17792
17801
17810
17819
17828
17837
17846
17855
17864
17873
17882
17891
17900
17909
17918
17927
17936
17945
17954
17963
17972
17981
17990
17999
18008
18017
18026
18035
18044
18053
18062
18071
18080
18089
18098
18107
18116
18125
18134
18143
18152
18161
18170
18179
18188
18197
18206
18215
18224
18233
18242
18251
18260
18269
18278
18287
18296
18305
18314
18323
17784
17793
17802
17811
17820
17829
17838
17847
17856
17865
17874
17883
17892
17901
17910
17919
17928
17937
17946
17955
17964
17973
17982
17991
18000
18009
18018
18027
18036
18045
18054
18063
18072
18081
18090
18099
18108
18117
18126
18135
18144
18153
18162
18171
18180
18189
18198
18207
18216
18225
18234
18243
18252
18261
18270
18279
18288
18297
18306
18315
18324
17785
17794
17803
17812
17821
17830
17839
17848
17857
17866
17875
17884
17893
17902
17911
17920
17929
17938
17947
17956
17965
17974
17983
17992
18001
18010
18019
18028
18037
18046
18055
18064
18073
18082
18091
18100
18109
18118
18127
18136
18145
18154
18163
18172
18181
18190
18199
18208
18217
18226
18235
18244
18253
18262
18271
18280
18289
18298
18307
18316
18325
17786
17795
17804
17813
17822
17831
17840
17849
17858
17867
17876
17885
17894
17903
17912
17921
17930
17939
17948
17957
17966
17975
17984
17993
18002
18011
18020
18029
18038
18047
18056
18065
18074
18083
18092
18101
18110
18119
18128
18137
18146
18155
18164
18173
18182
18191
18200
18209
18218
18227
18236
18245
18254
18263
18272
18281
18290
18299
18308
18317
18326
17787
17796
17805
17814
17823
17832
17841
17850
17859
17868
17877
17886
17895
17904
17913
17922
17931
17940
17949
17958
17967
17976
17985
17994
18003
18012
18021
18030
18039
18048
18057
18066
18075
18084
18093
18102
18111
18120
18129
18138
18147
18156
18165
18174
18183
18192
18201
18210
18219
18228
18237
18246
18255
18264
18273
18282
18291
18300
18309
18318
18327
11130
11239
11348
11457
11566
11675
11784
11893
12002
12111
12220
12329
12438
12547
12656
12765
12874
12983
13092
13201
13310
13419
13528
13637
13746
13855
13964
14073
14182
14291
14400
14509
14618
14727
14836
14945
15054
15163
15272
15381
15490
15599
15708
15817
15926
16035
16144
16253
16362
16471
16580
16689
16798
16907
17016
17125
17234
17343
17452
17561
17670
11131
11240
11349
11458
11567
11676
11785
11894
12003
12112
12221
12330
12439
12548
12657
12766
12875
12984
13093
13202
13311
13420
13529
13638
13747
13856
13965
14074
14183
14292
14401
14510
14619
14728
14837
14946
15055
15164
15273
15382
15491
15600
15709
15818
15927
16036
16145
16254
16363
16472
16581
16690
16799
16908
17017
17126
17235
17344
17453
17562
17671
11132
11241
11350
11459
11568
11677
11786
11895
12004
12113
12222
12331
12440
12549
12658
12767
12876
12985
13094
13203
13312
13421
13530
13639
13748
13857
13966
14075
14184
14293
14402
14511
14620
14729
14838
14947
15056
15165
15274
15383
15492
15601
15710
15819
15928
16037
16146
16255
16364
16473
16582
16691
16800
16909
17018
17127
17236
17345
17454
17563
17672
11133
11242
11351
11460
11569
11678
11787
11896
12005
12114
12223
12332
12441
12550
12659
12768
12877
12986
13095
13204
13313
13422
13531
13640
13749
13858
13967
14076
14185
14294
14403
14512
14621
14730
14839
14948
15057
15166
15275
15384
15493
15602
15711
15820
15929
16038
16147
16256
16365
16474
16583
16692
16801
16910
17019
17128
17237
17346
17455
17564
17673
11134
11243
11352
11461
11570
11679
11788
11897
12006
12115
12224
12333
12442
12551
12660
12769
12878
12987
13096
13205
13314
13423
13532
13641
13750
13859
13968
14077
14186
14295
14404
14513
14622
14731
14840
14949
15058
15167
15276
15385
15494
15603
15712
15821
15930
16039
16148
16257
16366
16475
16584
16693
16802
16911
17020
17129
17238
17347
17456
17565
17674
11135
11244
11353
11462
11571
11680
11789
11898
12007
12116
12225
12334
12443
12552
12661
12770
12879
12988
13097
13206
13315
13424
13533
13642
13751
13860
13969
14078
14187
14296
14405
14514
14623
14732
14841
14950
15059
15168
15277
15386
15495
15604
15713
15822
15931
16040
16149
16258
16367
16476
16585
16694
16803
16912
17021
17130
17239
17348
17457
17566
17675
11136
11245
11354
11463
11572
11681
11790
11899
12008
12117
12226
12335
12444
12553
12662
12771
12880
12989
13098
13207
13316
13425
13534
13643
13752
13861
13970
14079
14188
14297
14406
14515
14624
14733
14842
14951
15060
15169
15278
15387
15496
15605
15714
15823
15932
16041
16150
16259
16368
16477
16586
16695
16804
16913
17022
17131
17240
17349
17458
17567
17676
11137
11246
11355
11464
11573
11682
11791
11900
12009
12118
12227
12336
12445
12554
12663
12772
12881
12990
13099
13208
13317
13426
13535
13644
13753
13862
13971
14080
14189
14298
14407
14516
14625
14734
14843
14952
15061
15170
15279
15388
15497
15606
15715
15824
15933
16042
16151
16260
16369
16478
16587
16696
16805
16914
17023
17132
17241
17350
17459
17568
17677
11138
11247
11356
11465
11574
11683
11792
11901
12010
12119
12228
12337
12446
12555
12664
12773
12882
12991
13100
13209
13318
13427
13536
13645
13754
13863
13972
14081
14190
14299
14408
14517
14626
14735
14844
14953
15062
15171
15280
15389
15498
15607
15716
15825
15934
16043
16152
16261
16370
16479
16588
16697
16806
16915
17024
17133
17242
17351
17460
17569
17678
11139
11248
11357
11466
11575
11684
11793
11902
12011
12120
12229
12338
12447
12556
12665
12774
12883
12992
13101
13210
13319
13428
13537
13646
13755
13864
13973
14082
14191
14300
14409
14518
14627
14736
14845
14954
15063
15172
15281
15390
15499
15608
15717
15826
15935
16044
16153
16262
16371
16480
16589
16698
16807
16916
17025
17134
17243
17352
17461
17570
17679
11140
11249
11358
11467
11576
11685
11794
11903
12012
12121
12230
12339
12448
12557
12666
12775
12884
12993
13102
13211
13320
13429
13538
13647
13756
13865
13974
14083
14192
14301
14410
14519
14628
14737
14846
14955
15064
15173
15282
15391
15500
15609
15718
15827
15936
16045
16154
16263
16372
16481
16590
16699
16808
16917
17026
17135
17244
17353
17462
17571
17680
11141
11250
11359
11468
11577
11686
11795
11904
12013
12122
12231
12340
12449
12558
12667
12776
12885
12994
13103
13212
13321
13430
13539
13648
13757
13866
13975
14084
14193
14302
14411
14520
14629
14738
14847
14956
15065
15174
15283
15392
15501
15610
15719
15828
15937
16046
16155
16264
16373
16482
16591
16700
16809
16918
17027
17136
17245
17354
17463
17572
17681
11142
11251
11360
11469
11578
11687
11796
11905
12014
12123
12232
12341
12450
12559
12668
12777
12886
12995
13104
13213
13322
13431
13540
13649
13758
13867
13976
14085
14194
14303
14412
14521
14630
14739
14848
14957
15066
15175
15284
15393
15502
15611
15720
15829
15938
16047
16156
16265
16374
16483
16592
16701
16810
16919
17028
17137
17246
17355
17464
17573
17682
11143
11252
11361
11470
11579
11688
11797
11906
12015
12124
12233
12342
12451
12560
12669
12778
12887
12996
13105
13214
13323
13432
13541
13650
13759
13868
13977
14086
14195
14304
14413
14522
14631
14740
14849
14958
15067
15176
15285
15394
15503
15612
15721
15830
15939
16048
16157
16266
16375
16484
16593
16702
16811
16920
17029
17138
17247
17356
17465
17574
17683
11144
11253
11362
11471
11580
11689
11798
11907
12016
12125
12234
12343
12452
12561
12670
12779
12888
12997
13106
13215
13324
13433
13542
13651
13760
13869
13978
14087
14196
14305
14414
14523
14632
14741
14850
14959
15068
15177
15286
15395
15504
15613
15722
15831
15940
16049
16158
16267
16376
16485
16594
16703
16812
16921
17030
17139
17248
17357
17466
17575
17684
11145
11254
11363
11472
11581
11690
11799
11908
12017
12126
12235
12344
12453
12562
12671
12780
12889
12998
13107
13216
13325
13434
13543
13652
13761
13870
13979
14088
14197
14306
14415
14524
14633
14742
14851
14960
15069
15178
15287
15396
15505
15614
15723
15832
15941
16050
16159
16268
16377
16486
16595
16704
16813
16922
17031
17140
17249
17358
17467
17576
17685
11146
11255
11364
11473
11582
11691
11800
11909
12018
12127
12236
12345
12454
12563
12672
12781
12890
12999
13108
13217
13326
13435
13544
13653
13762
13871
13980
14089
14198
14307
14416
14525
14634
14743
14852
14961
15070
15179
15288
15397
15506
15615
15724
15833
15942
16051
16160
16269
16378
16487
16596
16705
16814
16923
17032
17141
17250
17359
17468
17577
17686
11147
11256
11365
11474
11583
11692
11801
11910
12019
12128
12237
12346
12455
12564
12673
12782
12891
13000
13109
13218
13327
13436
13545
13654
13763
13872
13981
14090
14199
14308
14417
14526
14635
14744
14853
14962
15071
15180
15289
15398
15507
15616
15725
15834
15943
16052
16161
16270
16379
16488
16597
16706
16815
16924
17033
17142
17251
17360
17469
17578
17687
11148
11257
11366
11475
11584
11693
11802
11911
12020
12129
12238
12347
12456
12565
12674
12783
12892
13001
13110
13219
13328
13437
13546
13655
13764
13873
13982
14091
14200
14309
14418
14527
14636
14745
14854
14963
15072
15181
15290
15399
15508
15617
15726
15835
15944
16053
16162
16271
16380
16489
16598
16707
16816
16925
17034
17143
17252
17361
17470
17579
17688
11149
11258
11367
11476
11585
11694
11803
11912
12021
12130
12239
12348
12457
12566
12675
12784
12893
13002
13111
13220
13329
13438
13547
13656
13765
13874
13983
14092
14201
14310
14419
14528
14637
14746
14855
14964
15073
15182
15291
15400
15509
15618
15727
15836
15945
16054
16163
16272
16381
16490
16599
16708
16817
16926
17035
17144
17253
17362
17471
17580
17689
11150
11259
11368
11477
11586
11695
11804
11913
12022
12131
12240
12349
12458
12567
12676
12785
12894
13003
13112
13221
13330
13439
13548
13657
13766
13875
13984
14093
14202
14311
14420
14529
14638
14747
14856
14965
15074
15183
15292
15401
15510
15619
15728
15837
15946
16055
16164
16273
16382
16491
16600
16709
16818
16927
17036
17145
17254
17363
17472
17581
17690
11151
11260
11369
11478
11587
11696
11805
11914
12023
12132
12241
12350
12459
12568
12677
12786
12895
13004
13113
13222
13331
13440
13549
13658
13767
13876
13985
14094
14203
14312
14421
14530
14639
14748
14857
14966
15075
15184
15293
15402
15511
15620
15729
15838
15947
16056
16165
16274
16383
16492
16601
16710
16819
16928
17037
17146
17255
17364
17473
17582
17691
11152
11261
11370
11479
11588
11697
11806
11915
12024
12133
12242
12351
12460
12569
12678
12787
12896
13005
13114
13223
13332
13441
13550
13659
13768
13877
13986
14095
14204
14313
14422
14531
14640
14749
14858
14967
15076
15185
15294
15403
15512
15621
15730
15839
15948
16057
16166
16275
16384
16493
16602
16711
16820
16929
17038
17147
17256
17365
17474
17583
17692
11153
11262
11371
11480
11589
11698
11807
11916
12025
12134
12243
12352
12461
12570
12679
12788
12897
13006
13115
13224
13333
13442
13551
13660
13769
13878
13987
14096
14205
14314
14423
14532
14641
14750
14859
14968
15077
15186
15295
15404
15513
15622
15731
15840
15949
16058
16167
16276
16385
16494
16603
16712
16821
16930
17039
17148
17257
17366
17475
17584
17693
11154
11263
11372
11481
11590
11699
11808
11917
12026
12135
12244
12353
12462
12571
12680
12789
12898
13007
13116
13225
13334
13443
13552
13661
13770
13879
13988
14097
14206
14315
14424
14533
14642
14751
14860
14969
15078
15187
15296
15405
15514
15623
15732
15841
15950
16059
16168
16277
16386
16495
16604
16713
16822
16931
17040
17149
17258
17367
17476
17585
17694
11155
11264
11373
11482
11591
11700
11809
11918
12027
12136
12245
12354
12463
12572
12681
12790
12899
13008
13117
13226
13335
13444
13553
13662
13771
13880
13989
14098
14207
14316
14425
14534
14643
14752
14861
14970
15079
15188
15297
15406
15515
15624
15733
15842
15951
16060
16169
16278
16387
16496
16605
16714
16823
16932
17041
17150
17259
17368
17477
17586
17695
11156
11265
11374
11483
11592
11701
11810
11919
12028
12137
12246
12355
12464
12573
12682
12791
12900
13009
13118
13227
13336
13445
13554
13663
13772
13881
13990
14099
14208
14317
14426
14535
14644
14753
14862
14971
15080
15189
15298
15407
15516
15625
15734
15843
15952
16061
16170
16279
16388
16497
16606
16715
16824
16933
17042
17151
17260
17369
17478
17587
17696
11157
11266
11375
11484
11593
11702
11811
11920
12029
12138
12247
12356
12465
12574
12683
12792
12901
13010
13119
13228
13337
13446
13555
13664
13773
13882
13991
14100
14209
14318
14427
14536
14645
14754
14863
14972
15081
15190
15299
15408
15517
15626
15735
15844
15953
16062
16171
16280
16389
16498
16607
16716
16825
16934
17043
17152
17261
17370
17479
17588
17697
11158
11267
11376
11485
11594
11703
11812
11921
12030
12139
12248
12357
12466
12575
12684
12793
12902
13011
13120
13229
13338
13447
13556
13665
13774
13883
13992
14101
14210
14319
14428
14537
14646
14755
14864
14973
15082
15191
15300
15409
15518
15627
15736
15845
15954
16063
16172
16281
16390
16499
16608
16717
16826
16935
17044
17153
17262
17371
17480
17589
17698
11159
11268
11377
11486
11595
11704
11813
11922
12031
12140
12249
12358
12467
12576
12685
12794
12903
13012
13121
13230
13339
13448
13557
13666
13775
13884
13993
14102
14211
14320
14429
14538
14647
14756
14865
14974
15083
15192
15301
15410
15519
15628
15737
15846
15955
16064
16173
16282
16391
16500
16609
16718
16827
16936
17045
17154
17263
17372
17481
17590
17699
11160
11269
11378
11487
11596
11705
11814
11923
12032
12141
12250
12359
12468
12577
12686
12795
12904
13013
13122
13231
13340
13449
13558
13667
13776
13885
13994
14103
14212
14321
14430
14539
14648
14757
14866
14975
15084
15193
15302
15411
15520
15629
15738
15847
15956
16065
16174
16283
16392
16501
16610
16719
16828
16937
17046
17155
17264
17373
17482
17591
17700
11161
11270
11379
11488
11597
11706
11815
11924
12033
12142
12251
12360
12469
12578
12687
12796
12905
13014
13123
13232
13341
13450
13559
13668
13777
13886
13995
14104
14213
14322
14431
14540
14649
14758
14867
14976
15085
15194
15303
15412
15521
15630
15739
15848
15957
16066
16175
16284
16393
16502
16611
16720
16829
16938
17047
17156
17265
17374
17483
17592
17701
11162
11271
11380
11489
11598
11707
11816
11925
12034
12143
12252
12361
12470
12579
12688
12797
12906
13015
13124
13233
13342
13451
13560
13669
13778
13887
13996
14105
14214
14323
14432
14541
14650
14759
14868
14977
15086
15195
15304
15413
15522
15631
15740
15849
15958
16067
16176
16285
16394
16503
16612
16721
16830
16939
17048
17157
17266
17375
17484
17593
17702
11163
11272
11381
11490
11599
11708
11817
11926
12035
12144
12253
12362
12471
12580
12689
12798
12907
13016
13125
13234
13343
13452
13561
13670
13779
13888
13997
14106
14215
14324
14433
14542
14651
14760
14869
14978
15087
15196
15305
15414
15523
15632
15741
15850
15959
16068
16177
16286
16395
16504
16613
16722
16831
16940
17049
17158
17267
17376
17485
17594
17703
11164
11273
11382
11491
11600
11709
11818
11927
12036
12145
12254
12363
12472
12581
12690
12799
12908
13017
13126
13235
13344
13453
13562
13671
13780
13889
13998
14107
14216
14325
14434
14543
14652
14761
14870
14979
15088
15197
15306
15415
15524
15633
15742
15851
15960
16069
16178
16287
16396
16505
16614
16723
16832
16941
17050
17159
17268
17377
17486
17595
17704
11165
11274
11383
11492
11601
11710
11819
11928
12037
12146
12255
12364
12473
12582
12691
12800
12909
13018
13127
13236
13345
13454
13563
13672
13781
13890
13999
14108
14217
14326
14435
14544
14653
14762
14871
14980
15089
15198
15307
15416
15525
15634
15743
15852
15961
16070
16179
16288
16397
16506
16615
16724
16833
16942
17051
17160
17269
17378
17487
17596
17705
11166
11275
11384
11493
11602
11711
11820
11929
12038
12147
12256
12365
12474
12583
12692
12801
12910
13019
13128
13237
13346
13455
13564
13673
13782
13891
14000
14109
14218
14327
14436
14545
14654
14763
14872
14981
15090
15199
15308
15417
15526
15635
15744
15853
15962
16071
16180
16289
16398
16507
16616
16725
16834
16943
17052
17161
17270
17379
17488
17597
17706
11167
11276
11385
11494
11603
11712
11821
11930
12039
12148
12257
12366
12475
12584
12693
12802
12911
13020
13129
13238
13347
13456
13565
13674
13783
13892
14001
14110
14219
14328
14437
14546
14655
14764
14873
14982
15091
15200
15309
15418
15527
15636
15745
15854
15963
16072
16181
16290
16399
16508
16617
16726
16835
16944
17053
17162
17271
17380
17489
17598
17707
11168
11277
11386
11495
11604
11713
11822
11931
12040
12149
12258
12367
12476
12585
12694
12803
12912
13021
13130
13239
13348
13457
13566
13675
13784
13893
14002
14111
14220
14329
14438
14547
14656
14765
14874
14983
15092
15201
15310
15419
15528
15637
15746
15855
15964
16073
16182
16291
16400
16509
16618
16727
16836
16945
17054
17163
17272
17381
17490
17599
17708
11169
11278
11387
11496
11605
11714
11823
11932
12041
12150
12259
12368
12477
12586
12695
12804
12913
13022
13131
13240
13349
13458
13567
13676
13785
13894
14003
14112
14221
14330
14439
14548
14657
14766
14875
14984
15093
15202
15311
15420
15529
15638
15747
15856
15965
16074
16183
16292
16401
16510
16619
16728
16837
16946
17055
17164
17273
17382
17491
17600
17709
11170
11279
11388
11497
11606
11715
11824
11933
12042
12151
12260
12369
12478
12587
12696
12805
12914
13023
13132
13241
13350
13459
13568
13677
13786
13895
14004
14113
14222
14331
14440
14549
14658
14767
14876
14985
15094
15203
15312
15421
15530
15639
15748
15857
15966
16075
16184
16293
16402
16511
16620
16729
16838
16947
17056
17165
17274
17383
17492
17601
17710
11171
11280
11389
11498
11607
11716
11825
11934
12043
12152
12261
12370
12479
12588
12697
12806
12915
13024
13133
13242
13351
13460
13569
13678
13787
13896
14005
14114
14223
14332
14441
14550
14659
14768
14877
14986
15095
15204
15313
15422
15531
15640
15749
15858
15967
16076
16185
16294
16403
16512
16621
16730
16839
16948
17057
17166
17275
17384
17493
17602
17711
11172
11281
11390
11499
11608
11717
11826
11935
12044
12153
12262
12371
12480
12589
12698
12807
12916
13025
13134
13243
13352
13461
13570
13679
13788
13897
14006
14115
14224
14333
14442
14551
14660
14769
14878
14987
15096
15205
15314
15423
15532
15641
15750
15859
15968
16077
16186
16295
16404
16513
16622
16731
16840
16949
17058
17167
17276
17385
17494
17603
17712
11173
11282
11391
11500
11609
11718
11827
11936
12045
12154
12263
12372
12481
12590
12699
12808
12917
13026
13135
13244
13353
13462
13571
13680
13789
13898
14007
14116
14225
14334
14443
14552
14661
14770
14879
14988
15097
15206
15315
15424
15533
15642
15751
15860
15969
16078
16187
16296
16405
16514
16623
16732
16841
16950
17059
17168
17277
17386
17495
17604
17713
11174
11283
11392
11501
11610
11719
11828
11937
12046
12155
12264
12373
12482
12591
12700
12809
12918
13027
13136
13245
13354
13463
13572
13681
13790
13899
14008
14117
14226
14335
14444
14553
14662
14771
14880
14989
15098
15207
15316
15425
15534
15643
15752
15861
15970
16079
16188
16297
16406
16515
16624
16733
16842
16951
17060
17169
17278
17387
17496
17605
17714
11175
11284
11393
11502
11611
11720
11829
11938
12047
12156
12265
12374
12483
12592
12701
12810
12919
13028
13137
13246
13355
13464
13573
13682
13791
13900
14009
14118
14227
14336
14445
14554
14663
14772
14881
14990
15099
15208
15317
15426
15535
15644
15753
15862
15971
16080
16189
16298
16407
16516
16625
16734
16843
16952
17061
17170
17279
17388
17497
17606
17715
11176
11285
11394
11503
11612
11721
11830
11939
12048
12157
12266
12375
12484
12593
12702
12811
12920
13029
13138
13247
13356
13465
13574
13683
13792
13901
14010
14119
14228
14337
14446
14555
14664
14773
14882
14991
15100
15209
15318
15427
15536
15645
15754
15863
15972
16081
16190
16299
16408
16517
16626
16735
16844
16953
17062
17171
17280
17389
17498
17607
17716
11177
11286
11395
11504
11613
11722
11831
11940
12049
12158
12267
12376
12485
12594
12703
12812
12921
13030
13139
13248
13357
13466
13575
13684
13793
13902
14011
14120
14229
14338
14447
14556
14665
14774
14883
14992
15101
15210
15319
15428
15537
15646
15755
15864
15973
16082
16191
16300
16409
16518
16627
16736
16845
16954
17063
17172
17281
17390
17499
17608
17717
11178
11287
11396
11505
11614
11723
11832
11941
12050
12159
12268
12377
12486
12595
12704
12813
12922
13031
13140
13249
13358
13467
13576
13685
13794
13903
14012
14121
14230
14339
14448
14557
14666
14775
14884
14993
15102
15211
15320
15429
15538
15647
15756
15865
15974
16083
16192
16301
16410
16519
16628
16737
16846
16955
17064
17173
17282
17391
17500
17609
17718
11179
11288
11397
11506
11615
11724
11833
11942
12051
12160
12269
12378
12487
12596
12705
12814
12923
13032
13141
13250
13359
13468
13577
13686
13795
13904
14013
14122
14231
14340
14449
14558
14667
14776
14885
14994
15103
15212
15321
15430
15539
15648
15757
15866
15975
16084
16193
16302
16411
16520
16629
16738
16847
16956
17065
17174
17283
17392
17501
17610
17719
11180
11289
11398
11507
11616
11725
11834
11943
12052
12161
12270
12379
12488
12597
12706
12815
12924
13033
13142
13251
13360
13469
13578
13687
13796
13905
14014
14123
14232
14341
14450
14559
14668
14777
14886
14995
15104
15213
15322
15431
15540
15649
15758
15867
15976
16085
16194
16303
16412
16521
16630
16739
16848
16957
17066
17175
17284
17393
17502
17611
17720
11181
11290
11399
11508
11617
11726
11835
11944
12053
12162
12271
12380
12489
12598
12707
12816
12925
13034
13143
13252
13361
13470
13579
13688
13797
13906
14015
14124
14233
14342
14451
14560
14669
14778
14887
14996
15105
15214
15323
15432
15541
15650
15759
15868
15977
16086
16195
16304
16413
16522
16631
16740
16849
16958
17067
17176
17285
17394
17503
17612
17721
11182
11291
11400
11509
11618
11727
11836
11945
12054
12163
12272
12381
12490
12599
12708
12817
12926
13035
13144
13253
13362
13471
13580
13689
13798
13907
14016
14125
14234
14343
14452
14561
14670
14779
14888
14997
15106
15215
15324
15433
15542
15651
15760
15869
15978
16087
16196
16305
16414
16523
16632
16741
16850
16959
17068
17177
17286
17395
17504
17613
17722
11183
11292
11401
11510
11619
11728
11837
11946
12055
12164
12273
12382
12491
12600
12709
12818
12927
13036
13145
13254
13363
13472
13581
13690
13799
13908
14017
14126
14235
14344
14453
14562
14671
14780
14889
14998
15107
15216
15325
15434
15543
15652
15761
15870
15979
16088
16197
16306
16415
16524
16633
16742
16851
16960
17069
17178
17287
17396
17505
17614
17723
11184
11293
11402
11511
11620
11729
11838
11947
12056
12165
12274
12383
12492
12601
12710
12819
12928
13037
13146
13255
13364
13473
13582
13691
13800
13909
14018
14127
14236
14345
14454
14563
14672
14781
14890
14999
15108
15217
15326
15435
15544
15653
15762
15871
15980
16089
16198
16307
16416
16525
16634
16743
16852
16961
17070
17179
17288
17397
17506
17615
17724
11185
11294
11403
11512
11621
11730
11839
11948
12057
12166
12275
12384
12493
12602
12711
12820
12929
13038
13147
13256
13365
13474
13583
13692
13801
13910
14019
14128
14237
14346
14455
14564
14673
14782
14891
15000
15109
15218
15327
15436
15545
15654
15763
15872
15981
16090
16199
16308
16417
16526
16635
16744
16853
16962
17071
17180
17289
17398
17507
17616
17725
11186
11295
11404
11513
11622
11731
11840
11949
12058
12167
12276
12385
12494
12603
12712
12821
12930
13039
13148
13257
13366
13475
13584
13693
13802
13911
14020
14129
14238
14347
14456
14565
14674
14783
14892
15001
15110
15219
15328
15437
15546
15655
15764
15873
15982
16091
16200
16309
16418
16527
16636
16745
16854
16963
17072
17181
17290
17399
17508
17617
17726
11187
11296
11405
11514
11623
11732
11841
11950
12059
12168
12277
12386
12495
12604
12713
12822
12931
13040
13149
13258
13367
13476
13585
13694
13803
13912
14021
14130
14239
14348
14457
14566
14675
14784
14893
15002
15111
15220
15329
15438
15547
15656
15765
15874
15983
16092
16201
16310
16419
16528
16637
16746
16855
16964
17073
17182
17291
17400
17509
17618
17727
11188
11297
11406
11515
11624
11733
11842
11951
12060
12169
12278
12387
12496
12605
12714
12823
12932
13041
13150
13259
13368
13477
13586
13695
13804
13913
14022
14131
14240
14349
14458
14567
14676
14785
14894
15003
15112
15221
15330
15439
15548
15657
15766
15875
15984
16093
16202
16311
16420
16529
16638
16747
16856
16965
17074
17183
17292
17401
17510
17619
17728
11189
11298
11407
11516
11625
11734
11843
11952
12061
12170
12279
12388
12497
12606
12715
12824
12933
13042
13151
13260
13369
13478
13587
13696
13805
13914
14023
14132
14241
14350
14459
14568
14677
14786
14895
15004
15113
15222
15331
15440
15549
15658
15767
15876
15985
16094
16203
16312
16421
16530
16639
16748
16857
16966
17075
17184
17293
17402
17511
17620
17729
11190
11299
11408
11517
11626
11735
11844
11953
12062
12171
12280
12389
12498
12607
12716
12825
12934
13043
13152
13261
13370
13479
13588
13697
13806
13915
14024
14133
14242
14351
14460
14569
14678
14787
14896
15005
15114
15223
15332
15441
15550
15659
15768
15877
15986
16095
16204
16313
16422
16531
16640
16749
16858
16967
17076
17185
17294
17403
17512
17621
17730
11191
11300
11409
11518
11627
11736
11845
11954
12063
12172
12281
12390
12499
12608
12717
12826
12935
13044
13153
13262
13371
13480
13589
13698
13807
13916
14025
14134
14243
14352
14461
14570
14679
14788
14897
15006
15115
15224
15333
15442
15551
15660
15769
15878
15987
16096
16205
16314
16423
16532
16641
16750
16859
16968
17077
17186
17295
17404
17513
17622
17731
11192
11301
11410
11519
11628
11737
11846
11955
12064
12173
12282
12391
12500
12609
12718
12827
12936
13045
13154
13263
13372
13481
13590
13699
13808
13917
14026
14135
14244
14353
14462
14571
14680
14789
14898
15007
15116
15225
15334
15443
15552
15661
15770
15879
15988
16097
16206
16315
16424
16533
16642
16751
16860
16969
17078
17187
17296
17405
17514
17623
17732
11193
11302
11411
11520
11629
11738
11847
11956
12065
12174
12283
12392
12501
12610
12719
12828
12937
13046
13155
13264
13373
13482
13591
13700
13809
13918
14027
14136
14245
14354
14463
14572
14681
14790
14899
15008
15117
15226
15335
15444
15553
15662
15771
15880
15989
16098
16207
16316
16425
16534
16643
16752
16861
16970
17079
17188
17297
17406
17515
17624
17733
11194
11303
11412
11521
11630
11739
11848
11957
12066
12175
12284
12393
12502
12611
12720
12829
12938
13047
13156
13265
13374
13483
13592
13701
13810
13919
14028
14137
14246
14355
14464
14573
14682
14791
14900
15009
15118
15227
15336
15445
15554
15663
15772
15881
15990
16099
16208
16317
16426
16535
16644
16753
16862
16971
17080
17189
17298
17407
17516
17625
17734
11195
11304
11413
11522
11631
11740
11849
11958
12067
12176
12285
12394
12503
12612
12721
12830
12939
13048
13157
13266
13375
13484
13593
13702
13811
13920
14029
14138
14247
14356
14465
14574
14683
14792
14901
15010
15119
15228
15337
15446
15555
15664
15773
15882
15991
16100
16209
16318
16427
16536
16645
16754
16863
16972
17081
17190
17299
17408
17517
17626
17735
11196
11305
11414
11523
11632
11741
11850
11959
12068
12177
12286
12395
12504
12613
12722
12831
12940
13049
13158
13267
13376
13485
13594
13703
13812
13921
14030
14139
14248
14357
14466
14575
14684
14793
14902
15011
15120
15229
15338
15447
15556
15665
15774
15883
15992
16101
16210
16319
16428
16537
16646
16755
16864
16973
17082
17191
17300
17409
17518
17627
17736
11197
11306
11415
11524
11633
11742
11851
11960
12069
12178
12287
12396
12505
12614
12723
12832
12941
13050
13159
13268
13377
13486
13595
13704
13813
13922
14031
14140
14249
14358
14467
14576
14685
14794
14903
15012
15121
15230
15339
15448
15557
15666
15775
15884
15993
16102
16211
16320
16429
16538
16647
16756
16865
16974
17083
17192
17301
17410
17519
17628
17737
11198
11307
11416
11525
11634
11743
11852
11961
12070
12179
12288
12397
12506
12615
12724
12833
12942
13051
13160
13269
13378
13487
13596
13705
13814
13923
14032
14141
14250
14359
14468
14577
14686
14795
14904
15013
15122
15231
15340
15449
15558
15667
15776
15885
15994
16103
16212
16321
16430
16539
16648
16757
16866
16975
17084
17193
17302
17411
17520
17629
17738
11199
11308
11417
11526
11635
11744
11853
11962
12071
12180
12289
12398
12507
12616
12725
12834
12943
13052
13161
13270
13379
13488
13597
13706
13815
13924
14033
14142
14251
14360
14469
14578
14687
14796
14905
15014
15123
15232
15341
15450
15559
15668
15777
15886
15995
16104
16213
16322
16431
16540
16649
16758
16867
16976
17085
17194
17303
17412
17521
17630
17739
11200
11309
11418
11527
11636
11745
11854
11963
12072
12181
12290
12399
12508
12617
12726
12835
12944
13053
13162
13271
13380
13489
13598
13707
13816
13925
14034
14143
14252
14361
14470
14579
14688
14797
14906
15015
15124
15233
15342
15451
15560
15669
15778
15887
15996
16105
16214
16323
16432
16541
16650
16759
16868
16977
17086
17195
17304
17413
17522
17631
17740
11201
11310
11419
11528
11637
11746
11855
11964
12073
12182
12291
12400
12509
12618
12727
12836
12945
13054
13163
13272
13381
13490
13599
13708
13817
13926
14035
14144
14253
14362
14471
14580
14689
14798
14907
15016
15125
15234
15343
15452
15561
15670
15779
15888
15997
16106
16215
16324
16433
16542
16651
16760
16869
16978
17087
17196
17305
17414
17523
17632
17741
11202
11311
11420
11529
11638
11747
11856
11965
12074
12183
12292
12401
12510
12619
12728
12837
12946
13055
13164
13273
13382
13491
13600
13709
13818
13927
14036
14145
14254
14363
14472
14581
14690
14799
14908
15017
15126
15235
15344
15453
15562
15671
15780
15889
15998
16107
16216
16325
16434
16543
16652
16761
16870
16979
17088
17197
17306
17415
17524
17633
17742
11203
11312
11421
11530
11639
11748
11857
11966
12075
12184
12293
12402
12511
12620
12729
12838
12947
13056
13165
13274
13383
13492
13601
13710
13819
13928
14037
14146
14255
14364
14473
14582
14691
14800
14909
15018
15127
15236
15345
15454
15563
15672
15781
15890
15999
16108
16217
16326
16435
16544
16653
16762
16871
16980
17089
17198
17307
17416
17525
17634
17743
11204
11313
11422
11531
11640
11749
11858
11967
12076
12185
12294
12403
12512
12621
12730
12839
12948
13057
13166
13275
13384
13493
13602
13711
13820
13929
14038
14147
14256
14365
14474
14583
14692
14801
14910
15019
15128
15237
15346
15455
15564
15673
15782
15891
16000
16109
16218
16327
16436
16545
16654
16763
16872
16981
17090
17199
17308
17417
17526
17635
17744
11205
11314
11423
11532
11641
11750
11859
11968
12077
12186
12295
12404
12513
12622
12731
12840
12949
13058
13167
13276
13385
13494
13603
13712
13821
13930
14039
14148
14257
14366
14475
14584
14693
14802
14911
15020
15129
15238
15347
15456
15565
15674
15783
15892
16001
16110
16219
16328
16437
16546
16655
16764
16873
16982
17091
17200
17309
17418
17527
17636
17745
11206
11315
11424
11533
11642
11751
11860
11969
12078
12187
12296
12405
12514
12623
12732
12841
12950
13059
13168
13277
13386
13495
13604
13713
13822
13931
14040
14149
14258
14367
14476
14585
14694
14803
14912
15021
15130
15239
15348
15457
15566
15675
15784
15893
16002
16111
16220
16329
16438
16547
16656
16765
16874
16983
17092
17201
17310
17419
17528
17637
17746
11207
11316
11425
11534
11643
11752
11861
11970
12079
12188
12297
12406
12515
12624
12733
12842
12951
13060
13169
13278
13387
13496
13605
13714
13823
13932
14041
14150
14259
14368
14477
14586
14695
14804
14913
15022
15131
15240
15349
15458
15567
15676
15785
15894
16003
16112
16221
16330
16439
16548
16657
16766
16875
16984
17093
17202
17311
17420
17529
17638
17747
11208
11317
11426
11535
11644
11753
11862
11971
12080
12189
12298
12407
12516
12625
12734
12843
12952
13061
13170
13279
13388
13497
13606
13715
13824
13933
14042
14151
14260
14369
14478
14587
14696
14805
14914
15023
15132
15241
15350
15459
15568
15677
15786
15895
16004
16113
16222
16331
16440
16549
16658
16767
16876
16985
17094
17203
17312
17421
17530
17639
17748
11209
11318
11427
11536
11645
11754
11863
11972
12081
12190
12299
12408
12517
12626
12735
12844
12953
13062
13171
13280
13389
13498
13607
13716
13825
13934
14043
14152
14261
14370
14479
14588
14697
14806
14915
15024
15133
15242
15351
15460
15569
15678
15787
15896
16005
16114
16223
16332
16441
16550
16659
16768
16877
16986
17095
17204
17313
17422
17531
17640
17749
11210
11319
11428
11537
11646
11755
11864
11973
12082
12191
12300
12409
12518
12627
12736
12845
12954
13063
13172
13281
13390
13499
13608
13717
13826
13935
14044
14153
14262
14371
14480
14589
14698
14807
14916
15025
15134
15243
15352
15461
15570
15679
15788
15897
16006
16115
16224
16333
16442
16551
16660
16769
16878
16987
17096
17205
17314
17423
17532
17641
17750
11211
11320
11429
11538
11647
11756
11865
11974
12083
12192
12301
12410
12519
12628
12737
12846
12955
13064
13173
13282
13391
13500
13609
13718
13827
13936
14045
14154
14263
14372
14481
14590
14699
14808
14917
15026
15135
15244
15353
15462
15571
15680
15789
15898
16007
16116
16225
16334
16443
16552
16661
16770
16879
16988
17097
17206
17315
17424
17533
17642
17751
11212
11321
11430
11539
11648
11757
11866
11975
12084
12193
12302
12411
12520
12629
12738
12847
12956
13065
13174
13283
13392
13501
13610
13719
13828
13937
14046
14155
14264
14373
14482
14591
14700
14809
14918
15027
15136
15245
15354
15463
15572
15681
15790
15899
16008
16117
16226
16335
16444
16553
16662
16771
16880
16989
17098
17207
17316
17425
17534
17643
17752
11213
11322
11431
11540
11649
11758
11867
11976
12085
12194
12303
12412
12521
12630
12739
12848
12957
13066
13175
13284
13393
13502
13611
13720
13829
13938
14047
14156
14265
14374
14483
14592
14701
14810
14919
15028
15137
15246
15355
15464
15573
15682
15791
15900
16009
16118
16227
16336
16445
16554
16663
16772
16881
16990
17099
17208
17317
17426
17535
17644
17753
11214
11323
11432
11541
11650
11759
11868
11977
12086
12195
12304
12413
12522
12631
12740
12849
12958
13067
13176
13285
13394
13503
13612
13721
13830
13939
14048
14157
14266
14375
14484
14593
14702
14811
14920
15029
15138
15247
15356
15465
15574
15683
15792
15901
16010
16119
16228
16337
16446
16555
16664
16773
16882
16991
17100
17209
17318
17427
17536
17645
17754
11215
11324
11433
11542
11651
11760
11869
11978
12087
12196
12305
12414
12523
12632
12741
12850
12959
13068
13177
13286
13395
13504
13613
13722
13831
13940
14049
14158
14267
14376
14485
14594
14703
14812
14921
15030
15139
15248
15357
15466
15575
15684
15793
15902
16011
16120
16229
16338
16447
16556
16665
16774
16883
16992
17101
17210
17319
17428
17537
17646
17755
11216
11325
11434
11543
11652
11761
11870
11979
12088
12197
12306
12415
12524
12633
12742
12851
12960
13069
13178
13287
13396
13505
13614
13723
13832
13941
14050
14159
14268
14377
14486
14595
14704
14813
14922
15031
15140
15249
15358
15467
15576
15685
15794
15903
16012
16121
16230
16339
16448
16557
16666
16775
16884
16993
17102
17211
17320
17429
17538
17647
17756
11217
11326
11435
11544
11653
11762
11871
11980
12089
12198
12307
12416
12525
12634
12743
12852
12961
13070
13179
13288
13397
13506
13615
13724
13833
13942
14051
14160
14269
14378
14487
14596
14705
14814
14923
15032
15141
15250
15359
15468
15577
15686
15795
15904
16013
16122
16231
16340
16449
16558
16667
16776
16885
16994
17103
17212
17321
17430
17539
17648
17757
11218
11327
11436
11545
11654
11763
11872
11981
12090
12199
12308
12417
12526
12635
12744
12853
12962
13071
13180
13289
13398
13507
13616
13725
13834
13943
14052
14161
14270
14379
14488
14597
14706
14815
14924
15033
15142
15251
15360
15469
15578
15687
15796
15905
16014
16123
16232
16341
16450
16559
16668
16777
16886
16995
17104
17213
17322
17431
17540
17649
17758
11219
11328
11437
11546
11655
11764
11873
11982
12091
12200
12309
12418
12527
12636
12745
12854
12963
13072
13181
13290
13399
13508
13617
13726
13835
13944
14053
14162
14271
14380
14489
14598
14707
14816
14925
15034
15143
15252
15361
15470
15579
15688
15797
15906
16015
16124
16233
16342
16451
16560
16669
16778
16887
16996
17105
17214
17323
17432
17541
17650
17759
11220
11329
11438
11547
11656
11765
11874
11983
12092
12201
12310
12419
12528
12637
12746
12855
12964
13073
13182
13291
13400
13509
13618
13727
13836
13945
14054
14163
14272
14381
14490
14599
14708
14817
14926
15035
15144
15253
15362
15471
15580
15689
15798
15907
16016
16125
16234
16343
16452
16561
16670
16779
16888
16997
17106
17215
17324
17433
17542
17651
17760
11221
11330
11439
11548
11657
11766
11875
11984
12093
12202
12311
12420
12529
12638
12747
12856
12965
13074
13183
13292
13401
13510
13619
13728
13837
13946
14055
14164
14273
14382
14491
14600
14709
14818
14927
15036
15145
15254
15363
15472
15581
15690
15799
15908
16017
16126
16235
16344
16453
16562
16671
16780
16889
16998
17107
17216
17325
17434
17543
17652
17761
11222
11331
11440
11549
11658
11767
11876
11985
12094
12203
12312
12421
12530
12639
12748
12857
12966
13075
13184
13293
13402
13511
13620
13729
13838
13947
14056
14165
14274
14383
14492
14601
14710
14819
14928
15037
15146
15255
15364
15473
15582
15691
15800
15909
16018
16127
16236
16345
16454
16563
16672
16781
16890
16999
17108
17217
17326
17435
17544
17653
17762
11223
11332
11441
11550
11659
11768
11877
11986
12095
12204
12313
12422
12531
12640
12749
12858
12967
13076
13185
13294
13403
13512
13621
13730
13839
13948
14057
14166
14275
14384
14493
14602
14711
14820
14929
15038
15147
15256
15365
15474
15583
15692
15801
15910
16019
16128
16237
16346
16455
16564
16673
16782
16891
17000
17109
17218
17327
17436
17545
17654
17763
11224
11333
11442
11551
11660
11769
11878
11987
12096
12205
12314
12423
12532
12641
12750
12859
12968
13077
13186
13295
13404
13513
13622
13731
13840
13949
14058
14167
14276
14385
14494
14603
14712
14821
14930
15039
15148
15257
15366
15475
15584
15693
15802
15911
16020
16129
16238
16347
16456
16565
16674
16783
16892
17001
17110
17219
17328
17437
17546
17655
17764
11225
11334
11443
11552
11661
11770
11879
11988
12097
12206
12315
12424
12533
12642
12751
12860
12969
13078
13187
13296
13405
13514
13623
13732
13841
13950
14059
14168
14277
14386
14495
14604
14713
14822
14931
15040
15149
15258
15367
15476
15585
15694
15803
15912
16021
16130
16239
16348
16457
16566
16675
16784
16893
17002
17111
17220
17329
17438
17547
17656
17765
11226
11335
11444
11553
11662
11771
11880
11989
12098
12207
12316
12425
12534
12643
12752
12861
12970
13079
13188
13297
13406
13515
13624
13733
13842
13951
14060
14169
14278
14387
14496
14605
14714
14823
14932
15041
15150
15259
15368
15477
15586
15695
15804
15913
16022
16131
16240
16349
16458
16567
16676
16785
16894
17003
17112
17221
17330
17439
17548
17657
17766
11227
11336
11445
11554
11663
11772
11881
11990
12099
12208
12317
12426
12535
12644
12753
12862
12971
13080
13189
13298
13407
13516
13625
13734
13843
13952
14061
14170
14279
14388
14497
14606
14715
14824
14933
15042
15151
15260
15369
15478
15587
15696
15805
15914
16023
16132
16241
16350
16459
16568
16677
16786
16895
17004
17113
17222
17331
17440
17549
17658
17767
11228
11337
11446
11555
11664
11773
11882
11991
12100
12209
12318
12427
12536
12645
12754
12863
12972
13081
13190
13299
13408
13517
13626
13735
13844
13953
14062
14171
14280
14389
14498
14607
14716
14825
14934
15043
15152
15261
15370
15479
15588
15697
15806
15915
16024
16133
16242
16351
16460
16569
16678
16787
16896
17005
17114
17223
17332
17441
17550
17659
17768
11229
11338
11447
11556
11665
11774
11883
11992
12101
12210
12319
12428
12537
12646
12755
12864
12973
13082
13191
13300
13409
13518
13627
13736
13845
13954
14063
14172
14281
14390
14499
14608
14717
14826
14935
15044
15153
15262
15371
15480
15589
15698
15807
15916
16025
16134
16243
16352
16461
16570
16679
16788
16897
17006
17115
17224
17333
17442
17551
17660
17769
11230
11339
11448
11557
11666
11775
11884
11993
12102
12211
12320
12429
12538
12647
12756
12865
12974
13083
13192
13301
13410
13519
13628
13737
13846
13955
14064
14173
14282
14391
14500
14609
14718
14827
14936
15045
15154
15263
15372
15481
15590
15699
15808
15917
16026
16135
16244
16353
16462
16571
16680
16789
16898
17007
17116
17225
17334
17443
17552
17661
17770
11231
11340
11449
11558
11667
11776
11885
11994
12103
12212
12321
12430
12539
12648
12757
12866
12975
13084
13193
13302
13411
13520
13629
13738
13847
13956
14065
14174
14283
14392
14501
14610
14719
14828
14937
15046
15155
15264
15373
15482
15591
15700
15809
15918
16027
16136
16245
16354
16463
16572
16681
16790
16899
17008
17117
17226
17335
17444
17553
17662
17771
11232
11341
11450
11559
11668
11777
11886
11995
12104
12213
12322
12431
12540
12649
12758
12867
12976
13085
13194
13303
13412
13521
13630
13739
13848
13957
14066
14175
14284
14393
14502
14611
14720
14829
14938
15047
15156
15265
15374
15483
15592
15701
15810
15919
16028
16137
16246
16355
16464
16573
16682
16791
16900
17009
17118
17227
17336
17445
17554
17663
17772
11233
11342
11451
11560
11669
11778
11887
11996
12105
12214
12323
12432
12541
12650
12759
12868
12977
13086
13195
13304
13413
13522
13631
13740
13849
13958
14067
14176
14285
14394
14503
14612
14721
14830
14939
15048
15157
15266
15375
15484
15593
15702
15811
15920
16029
16138
16247
16356
16465
16574
16683
16792
16901
17010
17119
17228
17337
17446
17555
17664
17773
11234
11343
11452
11561
11670
11779
11888
11997
12106
12215
12324
12433
12542
12651
12760
12869
12978
13087
13196
13305
13414
13523
13632
13741
13850
13959
14068
14177
14286
14395
14504
14613
14722
14831
14940
15049
15158
15267
15376
15485
15594
15703
15812
15921
16030
16139
16248
16357
16466
16575
16684
16793
16902
17011
17120
17229
17338
17447
17556
17665
17774
11235
11344
11453
11562
11671
11780
11889
11998
12107
12216
12325
12434
12543
12652
12761
12870
12979
13088
13197
13306
13415
13524
13633
13742
13851
13960
14069
14178
14287
14396
14505
14614
14723
14832
14941
15050
15159
15268
15377
15486
15595
15704
15813
15922
16031
16140
16249
16358
16467
16576
16685
16794
16903
17012
17121
17230
17339
17448
17557
17666
17775
11236
11345
11454
11563
11672
11781
11890
11999
12108
12217
12326
12435
12544
12653
12762
12871
12980
13089
13198
13307
13416
13525
13634
13743
13852
13961
14070
14179
14288
14397
14506
14615
14724
14833
14942
15051
15160
15269
15378
15487
15596
15705
15814
15923
16032
16141
16250
16359
16468
16577
16686
16795
16904
17013
17122
17231
17340
17449
17558
17667
17776
11237
11346
11455
11564
11673
11782
11891
12000
12109
12218
12327
12436
12545
12654
12763
12872
12981
13090
13199
13308
13417
13526
13635
13744
13853
13962
14071
14180
14289
14398
14507
14616
14725
14834
14943
15052
15161
15270
15379
15488
15597
15706
15815
15924
16033
16142
16251
16360
16469
16578
16687
16796
16905
17014
17123
17232
17341
17450
17559
17668
17777
11238
11347
11456
11565
11674
11783
11892
12001
12110
12219
12328
12437
12546
12655
12764
12873
12982
13091
13200
13309
13418
13527
13636
13745
13854
13963
14072
14181
14290
14399
14508
14617
14726
14835
14944
15053
15162
15271
15380
15489
15598
15707
15816
15925
16034
16143
16252
16361
16470
16579
16688
16797
16906
17015
17124
17233
17342
17451
17560
17669
17778
10149
10258
10367
10476
10585
10694
10803
10912
11021
10150
10259
10368
10477
10586
10695
10804
10913
11022
10151
10260
10369
10478
10587
10696
10805
10914
11023
10152
10261
10370
10479
10588
10697
10806
10915
11024
10153
10262
10371
10480
10589
10698
10807
10916
11025
10154
10263
10372
10481
10590
10699
10808
10917
11026
10155
10264
10373
10482
10591
10700
10809
10918
11027
10156
10265
10374
10483
10592
10701
10810
10919
11028
10157
10266
10375
10484
10593
10702
10811
10920
11029
10158
10267
10376
10485
10594
10703
10812
10921
11030
10159
10268
10377
10486
10595
10704
10813
10922
11031
10160
10269
10378
10487
10596
10705
10814
10923
11032
10161
10270
10379
10488
10597
10706
10815
10924
11033
10162
10271
10380
10489
10598
10707
10816
10925
11034
10163
10272
10381
10490
10599
10708
10817
10926
11035
10164
10273
10382
10491
10600
10709
10818
10927
11036
10165
10274
10383
10492
10601
10710
10819
10928
11037
10166
10275
10384
10493
10602
10711
10820
10929
11038
10167
10276
10385
10494
10603
10712
10821
10930
11039
10168
10277
10386
10495
10604
10713
10822
10931
11040
10169
10278
10387
10496
10605
10714
10823
10932
11041
10170
10279
10388
10497
10606
10715
10824
10933
11042
10171
10280
10389
10498
10607
10716
10825
10934
11043
10172
10281
10390
10499
10608
10717
10826
10935
11044
10173
10282
10391
10500
10609
10718
10827
10936
11045
10174
10283
10392
10501
10610
10719
10828
10937
11046
10175
10284
10393
10502
10611
10720
10829
10938
11047
10176
10285
10394
10503
10612
10721
10830
10939
11048
10177
10286
10395
10504
10613
10722
10831
10940
11049
10178
10287
10396
10505
10614
10723
10832
10941
11050
10179
10288
10397
10506
10615
10724
10833
10942
11051
10180
10289
10398
10507
10616
10725
10834
10943
11052
10181
10290
10399
10508
10617
10726
10835
10944
11053
10182
10291
10400
10509
10618
10727
10836
10945
11054
10183
10292
10401
10510
10619
10728
10837
10946
11055
10184
10293
10402
10511
10620
10729
10838
10947
11056
10185
10294
10403
10512
10621
10730
10839
10948
11057
10186
10295
10404
10513
10622
10731
10840
10949
11058
10187
10296
10405
10514
10623
10732
10841
10950
11059
10188
10297
10406
10515
10624
10733
10842
10951
11060
10189
10298
10407
10516
10625
10734
10843
10952
11061
10190
10299
10408
10517
10626
10735
10844
10953
11062
10191
10300
10409
10518
10627
10736
10845
10954
11063
10192
10301
10410
10519
10628
10737
10846
10955
11064
10193
10302
10411
10520
10629
10738
10847
10956
11065
10194
10303
10412
10521
10630
10739
10848
10957
11066
10195
10304
10413
10522
10631
10740
10849
10958
11067
10196
10305
10414
10523
10632
10741
10850
10959
11068
10197
10306
10415
10524
10633
10742
10851
10960
11069
10198
10307
10416
10525
10634
10743
10852
10961
11070
10199
10308
10417
10526
10635
10744
10853
10962
11071
10200
10309
10418
10527
10636
10745
10854
10963
11072
10201
10310
10419
10528
10637
10746
10855
10964
11073
10202
10311
10420
10529
10638
10747
10856
10965
11074
10203
10312
10421
10530
10639
10748
10857
10966
11075
10204
10313
10422
10531
10640
10749
10858
10967
11076
10205
10314
10423
10532
10641
10750
10859
10968
11077
10206
10315
10424
10533
10642
10751
10860
10969
11078
10207
10316
10425
10534
10643
10752
10861
10970
11079
10208
10317
10426
10535
10644
10753
10862
10971
11080
10209
10318
10427
10536
10645
10754
10863
10972
11081
10210
10319
10428
10537
10646
10755
10864
10973
11082
10211
10320
10429
10538
10647
10756
10865
10974
11083
10212
10321
10430
10539
10648
10757
10866
10975
11084
10213
10322
10431
10540
10649
10758
10867
10976
11085
10214
10323
10432
10541
10650
10759
10868
10977
11086
10215
10324
10433
10542
10651
10760
10869
10978
11087
10216
10325
10434
10543
10652
10761
10870
10979
11088
10217
10326
10435
10544
10653
10762
10871
10980
11089
10218
10327
10436
10545
10654
10763
10872
10981
11090
10219
10328
10437
10546
10655
10764
10873
10982
11091
10220
10329
10438
10547
10656
10765
10874
10983
11092
10221
10330
10439
10548
10657
10766
10875
10984
11093
10222
10331
10440
10549
10658
10767
10876
10985
11094
10223
10332
10441
10550
10659
10768
10877
10986
11095
10224
10333
10442
10551
10660
10769
10878
10987
11096
10225
10334
10443
10552
10661
10770
10879
10988
11097
10226
10335
10444
10553
10662
10771
10880
10989
11098
10227
10336
10445
10554
10663
10772
10881
10990
11099
10228
10337
10446
10555
10664
10773
10882
10991
11100
10229
10338
10447
10556
10665
10774
10883
10992
11101
10230
10339
10448
10557
10666
10775
10884
10993
11102
10231
10340
10449
10558
10667
10776
10885
10994
11103
10232
10341
10450
10559
10668
10777
10886
10995
11104
10233
10342
10451
10560
10669
10778
10887
10996
11105
10234
10343
10452
10561
10670
10779
10888
10997
11106
10235
10344
10453
10562
10671
10780
10889
10998
11107
10236
10345
10454
10563
10672
10781
10890
10999
11108
10237
10346
10455
10564
10673
10782
10891
11000
11109
10238
10347
10456
10565
10674
10783
10892
11001
11110
10239
10348
10457
10566
10675
10784
10893
11002
11111
10240
10349
10458
10567
10676
10785
10894
11003
11112
10241
10350
10459
10568
10677
10786
10895
11004
11113
10242
10351
10460
10569
10678
10787
10896
11005
11114
10243
10352
10461
10570
10679
10788
10897
11006
11115
10244
10353
10462
10571
10680
10789
10898
11007
11116
10245
10354
10463
10572
10681
10790
10899
11008
11117
10246
10355
10464
10573
10682
10791
10900
11009
11118
10247
10356
10465
10574
10683
10792
10901
11010
11119
10248
10357
10466
10575
10684
10793
10902
11011
11120
10249
10358
10467
10576
10685
10794
10903
11012
11121
10250
10359
10468
10577
10686
10795
10904
11013
11122
10251
10360
10469
10578
10687
10796
10905
11014
11123
10252
10361
10470
10579
10688
10797
10906
11015
11124
10253
10362
10471
10580
10689
10798
10907
11016
11125
10254
10363
10472
10581
10690
10799
10908
11017
11126
10255
10364
10473
10582
10691
10800
10909
11018
11127
10256
10365
10474
10583
10692
10801
10910
11019
11128
10257
10366
10475
10584
10693
10802
10911
11020
11129
18418
18428
18438
18448
18458
18468
18478
18488
18498
18419
18429
18439
18449
18459
18469
18479
18489
18499
18420
18430
18440
18450
18460
18470
18480
18490
18500
18421
18431
18441
18451
18461
18471
18481
18491
18501
18422
18432
18442
18452
18462
18472
18482
18492
18502
18423
18433
18443
18453
18463
18473
18483
18493
18503
18424
18434
18444
18454
18464
18474
18484
18494
18504
18425
18435
18445
18455
18465
18475
18485
18495
18505
18426
18436
18446
18456
18466
18476
18486
18496
18506
18427
18437
18447
18457
18467
18477
18487
18497
18507
18328
18338
18348
18358
18368
18378
18388
18398
18408
18329
18339
18349
18359
18369
18379
18389
18399
18409
18330
18340
18350
18360
18370
18380
18390
18400
18410
18331
18341
18351
18361
18371
18381
18391
18401
18411
18332
18342
18352
18362
18372
18382
18392
18402
18412
18333
18343
18353
18363
18373
18383
18393
18403
18413
18334
18344
18354
18364
18374
18384
18394
18404
18414
18335
18345
18355
18365
18375
18385
18395
18405
18415
18336
18346
18356
18366
18376
18386
18396
18406
18416
18337
18347
18357
18367
18377
18387
18397
18407
18417
28297
28307
28317
28327
28337
28347
28357
28367
28377
28298
28308
28318
28328
28338
28348
28358
28368
28378
28299
28309
28319
28329
28339
28349
28359
28369
28379
28300
28310
28320
28330
28340
28350
28360
28370
28380
28301
28311
28321
28331
28341
28351
28361
28371
28381
28302
28312
28322
28332
28342
28352
28362
28372
28382
28303
28313
28323
28333
28343
28353
28363
28373
28383
28304
28314
28324
28334
28344
28354
28364
28374
28384
28305
28315
28325
28335
28345
28355
28365
28375
28385
28306
28316
28326
28336
28346
28356
28366
28376
28386
28387
28397
28407
28417
28427
28437
28447
28457
28467
28388
28398
28408
28418
28428
28438
28448
28458
28468
28389
28399
28409
28419
28429
28439
28449
28459
28469
28390
28400
28410
28420
28430
28440
28450
28460
28470
28391
28401
28411
28421
28431
28441
28451
28461
28471
28392
28402
28412
28422
28432
28442
28452
28462
28472
28393
28403
28413
28423
28433
28443
28453
28463
28473
28394
28404
28414
28424
28434
28444
28454
28464
28474
28395
28405
28415
28425
28435
28445
28455
28465
28475
28396
28406
28416
28426
28436
28446
28456
28466
28476
18508
18640
18772
18904
19036
19168
19300
19432
19564
18509
18641
18773
18905
19037
19169
19301
19433
19565
18510
18642
18774
18906
19038
19170
19302
19434
19566
18511
18643
18775
18907
19039
19171
19303
19435
19567
18512
18644
18776
18908
19040
19172
19304
19436
19568
18513
18645
18777
18909
19041
19173
19305
19437
19569
18514
18646
18778
18910
19042
19174
19306
19438
19570
18515
18647
18779
18911
19043
19175
19307
19439
19571
18516
18648
18780
18912
19044
19176
19308
19440
19572
18517
18649
18781
18913
19045
19177
19309
19441
19573
18518
18650
18782
18914
19046
19178
19310
19442
19574
18519
18651
18783
18915
19047
19179
19311
19443
19575
18520
18652
18784
18916
19048
19180
19312
19444
19576
18521
18653
18785
18917
19049
19181
19313
19445
19577
18522
18654
18786
18918
19050
19182
19314
19446
19578
18523
18655
18787
18919
19051
19183
19315
19447
19579
18524
18656
18788
18920
19052
19184
19316
19448
19580
18525
18657
18789
18921
19053
19185
19317
19449
19581
18526
18658
18790
18922
19054
19186
19318
19450
19582
18527
18659
18791
18923
19055
19187
19319
19451
19583
18528
18660
18792
18924
19056
19188
19320
19452
19584
18529
18661
18793
18925
19057
19189
19321
19453
19585
18530
18662
18794
18926
19058
19190
19322
19454
19586
18531
18663
18795
18927
19059
19191
19323
19455
19587
18532
18664
18796
18928
19060
19192
19324
19456
19588
18533
18665
18797
18929
19061
19193
19325
19457
19589
18534
18666
18798
18930
19062
19194
19326
19458
19590
18535
18667
18799
18931
19063
19195
19327
19459
19591
18536
18668
18800
18932
19064
19196
19328
19460
19592
18537
18669
18801
18933
19065
19197
19329
19461
19593
18538
18670
18802
18934
19066
19198
19330
19462
19594
18539
18671
18803
18935
19067
19199
19331
19463
19595
18540
18672
18804
18936
19068
19200
19332
19464
19596
18541
18673
18805
18937
19069
19201
19333
19465
19597
18542
18674
18806
18938
19070
19202
19334
19466
19598
18543
18675
18807
18939
19071
19203
19335
19467
19599
18544
18676
18808
18940
19072
19204
19336
19468
19600
18545
18677
18809
18941
19073
19205
19337
19469
19601
18546
18678
18810
18942
19074
19206
19338
19470
19602
18547
18679
18811
18943
19075
19207
19339
19471
19603
18548
18680
18812
18944
19076
19208
19340
19472
19604
18549
18681
18813
18945
19077
19209
19341
19473
19605
18550
18682
18814
18946
19078
19210
19342
19474
19606
18551
18683
18815
18947
19079
19211
19343
19475
19607
18552
18684
18816
18948
19080
19212
19344
19476
19608
18553
18685
18817
18949
19081
19213
19345
19477
19609
18554
18686
18818
18950
19082
19214
19346
19478
19610
18555
18687
18819
18951
19083
19215
19347
19479
19611
18556
18688
18820
18952
19084
19216
19348
19480
19612
18557
18689
18821
18953
19085
19217
19349
19481
19613
18558
18690
18822
18954
19086
19218
19350
19482
19614
18559
18691
18823
18955
19087
19219
19351
19483
19615
18560
18692
18824
18956
19088
19220
19352
19484
19616
18561
18693
18825
18957
19089
19221
19353
19485
19617
18562
18694
18826
18958
19090
19222
19354
19486
19618
18563
18695
18827
18959
19091
19223
19355
19487
19619
18564
18696
18828
18960
19092
19224
19356
19488
19620
18565
18697
18829
18961
19093
19225
19357
19489
19621
18566
18698
18830
18962
19094
19226
19358
19490
19622
18567
18699
18831
18963
19095
19227
19359
19491
19623
18568
18700
18832
18964
19096
19228
19360
19492
19624
18569
18701
18833
18965
19097
19229
19361
19493
19625
18570
18702
18834
18966
19098
19230
19362
19494
19626
18571
18703
18835
18967
19099
19231
19363
19495
19627
18572
18704
18836
18968
19100
19232
19364
19496
19628
18573
18705
18837
18969
19101
19233
19365
19497
19629
18574
18706
18838
18970
19102
19234
19366
19498
19630
18575
18707
18839
18971
19103
19235
19367
19499
19631
18576
18708
18840
18972
19104
19236
19368
19500
19632
18577
18709
18841
18973
19105
19237
19369
19501
19633
18578
18710
18842
18974
19106
19238
19370
19502
19634
18579
18711
18843
18975
19107
19239
19371
19503
19635
18580
18712
18844
18976
19108
19240
19372
19504
19636
18581
18713
18845
18977
19109
19241
19373
19505
19637
18582
18714
18846
18978
19110
19242
19374
19506
19638
18583
18715
18847
18979
19111
19243
19375
19507
19639
18584
18716
18848
18980
19112
19244
19376
19508
19640
18585
18717
18849
18981
19113
19245
19377
19509
19641
18586
18718
18850
18982
19114
19246
19378
19510
19642
18587
18719
18851
18983
19115
19247
19379
19511
19643
18588
18720
18852
18984
19116
19248
19380
19512
19644
18589
18721
18853
18985
19117
19249
19381
19513
19645
18590
18722
18854
18986
19118
19250
19382
19514
19646
18591
18723
18855
18987
19119
19251
19383
19515
19647
18592
18724
18856
18988
19120
19252
19384
19516
19648
18593
18725
18857
18989
19121
19253
19385
19517
19649
18594
18726
18858
18990
19122
19254
19386
19518
19650
18595
18727
18859
18991
19123
19255
19387
19519
19651
18596
18728
18860
18992
19124
19256
19388
19520
19652
18597
18729
18861
18993
19125
19257
19389
19521
19653
18598
18730
18862
18994
19126
19258
19390
19522
19654
18599
18731
18863
18995
19127
19259
19391
19523
19655
18600
18732
18864
18996
19128
19260
19392
19524
19656
18601
18733
18865
18997
19129
19261
19393
19525
19657
18602
18734
18866
18998
19130
19262
19394
19526
19658
18603
18735
18867
18999
19131
19263
19395
19527
19659
18604
18736
18868
19000
19132
19264
19396
19528
19660
18605
18737
18869
19001
19133
19265
19397
19529
19661
18606
18738
18870
19002
19134
19266
19398
19530
19662
18607
18739
18871
19003
19135
19267
19399
19531
19663
18608
18740
18872
19004
19136
19268
19400
19532
19664
18609
18741
18873
19005
19137
19269
19401
19533
19665
18610
18742
18874
19006
19138
19270
19402
19534
19666
18611
18743
18875
19007
19139
19271
19403
19535
19667
18612
18744
18876
19008
19140
19272
19404
19536
19668
18613
18745
18877
19009
19141
19273
19405
19537
19669
18614
18746
18878
19010
19142
19274
19406
19538
19670
18615
18747
18879
19011
19143
19275
19407
19539
19671
18616
18748
18880
19012
19144
19276
19408
19540
19672
18617
18749
18881
19013
19145
19277
19409
19541
19673
18618
18750
18882
19014
19146
19278
19410
19542
19674
18619
18751
18883
19015
19147
19279
19411
19543
19675
18620
18752
18884
19016
19148
19280
19412
19544
19676
18621
18753
18885
19017
19149
19281
19413
19545
19677
18622
18754
18886
19018
19150
19282
19414
19546
19678
18623
18755
18887
19019
19151
19283
19415
19547
19679
18624
18756
18888
19020
19152
19284
19416
19548
19680
18625
18757
18889
19021
19153
19285
19417
19549
19681
18626
18758
18890
19022
19154
19286
19418
19550
19682
18627
18759
18891
19023
19155
19287
19419
19551
19683
18628
18760
18892
19024
19156
19288
19420
19552
19684
18629
18761
18893
19025
19157
19289
19421
19553
19685
18630
18762
18894
19026
19158
19290
19422
19554
19686
18631
18763
18895
19027
19159
19291
19423
19555
19687
18632
18764
18896
19028
19160
19292
19424
19556
19688
18633
18765
18897
19029
19161
19293
19425
19557
19689
18634
18766
18898
19030
19162
19294
19426
19558
19690
18635
18767
18899
19031
19163
19295
19427
19559
19691
18636
18768
18900
19032
19164
19296
19428
19560
19692
18637
18769
18901
19033
19165
19297
19429
19561
19693
18638
18770
18902
19034
19166
19298
19430
19562
19694
18639
18771
18903
19035
19167
19299
19431
19563
19695
19696
19828
19960
20092
20224
20356
20488
20620
20752
20884
21016
21148
21280
21412
21544
21676
21808
21940
22072
22204
22336
22468
22600
22732
22864
22996
23128
23260
23392
23524
23656
23788
23920
24052
24184
24316
24448
24580
24712
24844
24976
25108
25240
25372
25504
25636
25768
25900
26032
26164
26296
26428
26560
26692
26824
26956
27088
27220
27352
27484
27616
19697
19829
19961
20093
20225
20357
20489
20621
20753
20885
21017
21149
21281
21413
21545
21677
21809
21941
22073
22205
22337
22469
22601
22733
22865
22997
23129
23261
23393
23525
23657
23789
23921
24053
24185
24317
24449
24581
24713
24845
24977
25109
25241
25373
25505
25637
25769
25901
26033
26165
26297
26429
26561
26693
26825
26957
27089
27221
27353
27485
27617
19698
19830
19962
20094
20226
20358
20490
20622
20754
20886
21018
21150
21282
21414
21546
21678
21810
21942
22074
22206
22338
22470
22602
22734
22866
22998
23130
23262
23394
23526
23658
23790
23922
24054
24186
24318
24450
24582
24714
24846
24978
25110
25242
25374
25506
25638
25770
25902
26034
26166
26298
26430
26562
26694
26826
26958
27090
27222
27354
27486
27618
19699
19831
19963
20095
20227
20359
20491
20623
20755
20887
21019
21151
21283
21415
21547
21679
21811
21943
22075
22207
22339
22471
22603
22735
22867
22999
23131
23263
23395
23527
23659
23791
23923
24055
24187
24319
24451
24583
24715
24847
24979
25111
25243
25375
25507
25639
25771
25903
26035
26167
26299
26431
26563
26695
26827
26959
27091
27223
27355
27487
27619
19700
19832
19964
20096
20228
20360
20492
20624
20756
20888
21020
21152
21284
21416
21548
21680
21812
21944
22076
22208
22340
22472
22604
22736
22868
23000
23132
23264
23396
23528
23660
23792
23924
24056
24188
24320
24452
24584
24716
24848
24980
25112
25244
25376
25508
25640
25772
25904
26036
26168
26300
26432
26564
26696
26828
26960
27092
27224
27356
27488
27620
19701
19833
19965
20097
20229
20361
20493
20625
20757
20889
21021
21153
21285
21417
21549
21681
21813
21945
22077
22209
22341
22473
22605
22737
22869
23001
23133
23265
23397
23529
23661
23793
23925
24057
24189
24321
24453
24585
24717
24849
24981
25113
25245
25377
25509
25641
25773
25905
26037
26169
26301
26433
26565
26697
26829
26961
27093
27225
27357
27489
27621
19702
19834
19966
20098
20230
20362
20494
20626
20758
20890
21022
21154
21286
21418
21550
21682
21814
21946
22078
22210
22342
22474
22606
22738
22870
23002
23134
23266
23398
23530
23662
23794
23926
24058
24190
24322
24454
24586
24718
24850
24982
25114
25246
25378
25510
25642
25774
25906
26038
26170
26302
26434
26566
26698
26830
26962
27094
27226
27358
27490
27622
19703
19835
19967
20099
20231
20363
20495
20627
20759
20891
21023
21155
21287
21419
21551
21683
21815
21947
22079
22211
22343
22475
22607
22739
22871
23003
23135
23267
23399
23531
23663
23795
23927
24059
24191
24323
24455
24587
24719
24851
24983
25115
25247
25379
25511
25643
25775
25907
26039
26171
26303
26435
26567
26699
26831
26963
27095
27227
27359
27491
27623
19704
19836
19968
20100
20232
20364
20496
20628
20760
20892
21024
21156
21288
21420
21552
21684
21816
21948
22080
22212
22344
22476
22608
22740
22872
23004
23136
23268
23400
23532
23664
23796
23928
24060
24192
24324
24456
24588
24720
24852
24984
25116
25248
25380
25512
25644
25776
25908
26040
26172
26304
26436
26568
26700
26832
26964
27096
27228
27360
27492
27624
19705
19837
19969
20101
20233
20365
20497
20629
20761
20893
21025
21157
21289
21421
21553
21685
21817
21949
22081
22213
22345
22477
22609
22741
22873
23005
23137
23269
23401
23533
23665
23797
23929
24061
24193
24325
24457
24589
24721
24853
24985
25117
25249
25381
25513
25645
25777
25909
26041
26173
26305
26437
26569
26701
26833
26965
27097
27229
27361
27493
27625
19706
19838
19970
20102
20234
20366
20498
20630
20762
20894
21026
21158
21290
21422
21554
21686
21818
21950
22082
22214
22346
22478
22610
22742
22874
23006
23138
23270
23402
23534
23666
23798
23930
24062
24194
24326
24458
24590
24722
24854
24986
25118
25250
25382
25514
25646
25778
25910
26042
26174
26306
26438
26570
26702
26834
26966
27098
27230
27362
27494
27626
19707
19839
19971
20103
20235
20367
20499
20631
20763
20895
21027
21159
21291
21423
21555
21687
21819
21951
22083
22215
22347
22479
22611
22743
22875
23007
23139
23271
23403
23535
23667
23799
23931
24063
24195
24327
24459
24591
24723
24855
24987
25119
25251
25383
25515
25647
25779
25911
26043
26175
26307
26439
26571
26703
26835
26967
27099
27231
27363
27495
27627
19708
19840
19972
20104
20236
20368
20500
20632
20764
20896
21028
21160
21292
21424
21556
21688
21820
21952
22084
22216
22348
22480
22612
22744
22876
23008
23140
23272
23404
23536
23668
23800
23932
24064
24196
24328
24460
24592
24724
24856
24988
25120
25252
25384
25516
25648
25780
25912
26044
26176
26308
26440
26572
26704
26836
26968
27100
27232
27364
27496
27628
19709
19841
19973
20105
20237
20369
20501
20633
20765
20897
21029
21161
21293
21425
21557
21689
21821
21953
22085
22217
22349
22481
22613
22745
22877
23009
23141
23273
23405
23537
23669
23801
23933
24065
24197
24329
24461
24593
24725
24857
24989
25121
25253
25385
25517
25649
25781
25913
26045
26177
26309
26441
26573
26705
26837
26969
27101
27233
27365
27497
27629
19710
19842
19974
20106
20238
20370
20502
20634
20766
20898
21030
21162
21294
21426
21558
21690
21822
21954
22086
22218
22350
22482
22614
22746
22878
23010
23142
23274
23406
23538
23670
23802
23934
24066
24198
24330
24462
24594
24726
24858
24990
25122
25254
25386
25518
25650
25782
25914
26046
26178
26310
26442
26574
26706
26838
26970
27102
27234
27366
27498
27630
19711
19843
19975
20107
20239
20371
20503
20635
20767
20899
21031
21163
21295
21427
21559
21691
21823
21955
22087
22219
22351
22483
22615
22747
22879
23011
23143
23275
23407
23539
23671
23803
23935
24067
24199
24331
24463
24595
24727
24859
24991
25123
25255
25387
25519
25651
25783
25915
26047
26179
26311
26443
26575
26707
26839
26971
27103
27235
27367
27499
27631
19712
19844
19976
20108
20240
20372
20504
20636
20768
20900
21032
21164
21296
21428
21560
21692
21824
21956
22088
22220
22352
22484
22616
22748
22880
23012
23144
23276
23408
23540
23672
23804
23936
24068
24200
24332
24464
24596
24728
24860
24992
25124
25256
25388
25520
25652
25784
25916
26048
26180
26312
26444
26576
26708
26840
26972
27104
27236
27368
27500
27632
19713
19845
19977
20109
20241
20373
20505
20637
20769
20901
21033
21165
21297
21429
21561
21693
21825
21957
22089
22221
22353
22485
22617
22749
22881
23013
23145
23277
23409
23541
23673
23805
23937
24069
24201
24333
24465
24597
24729
24861
24993
25125
25257
25389
25521
25653
25785
25917
26049
26181
26313
26445
26577
26709
26841
26973
27105
27237
27369
27501
27633
19714
19846
19978
20110
20242
20374
20506
20638
20770
20902
21034
21166
21298
21430
21562
21694
21826
21958
22090
22222
22354
22486
22618
22750
22882
23014
23146
23278
23410
23542
23674
23806
23938
24070
24202
24334
24466
24598
24730
24862
24994
25126
25258
25390
25522
25654
25786
25918
26050
26182
26314
26446
26578
26710
26842
26974
27106
27238
27370
27502
27634
19715
19847
19979
20111
20243
20375
20507
20639
20771
20903
21035
21167
21299
21431
21563
21695
21827
21959
22091
22223
22355
22487
22619
22751
22883
23015
23147
23279
23411
23543
23675
23807
23939
24071
24203
24335
24467
24599
24731
24863
24995
25127
25259
25391
25523
25655
25787
25919
26051
26183
26315
26447
26579
26711
26843
26975
27107
27239
27371
27503
27635
19716
19848
19980
20112
20244
20376
20508
20640
20772
20904
21036
21168
21300
21432
21564
21696
21828
21960
22092
22224
22356
22488
22620
22752
22884
23016
23148
23280
23412
23544
23676
23808
23940
24072
24204
24336
24468
24600
24732
24864
24996
25128
25260
25392
25524
25656
25788
25920
26052
26184
26316
26448
26580
26712
26844
26976
27108
27240
27372
27504
27636
19717
19849
19981
20113
20245
20377
20509
20641
20773
20905
21037
21169
21301
21433
21565
21697
21829
21961
22093
22225
22357
22489
22621
22753
22885
23017
23149
23281
23413
23545
23677
23809
23941
24073
24205
24337
24469
24601
24733
24865
24997
25129
25261
25393
25525
25657
25789
25921
26053
26185
26317
26449
26581
26713
26845
26977
27109
27241
27373
27505
27637
19718
19850
19982
20114
20246
20378
20510
20642
20774
20906
21038
21170
21302
21434
21566
21698
21830
21962
22094
22226
22358
22490
22622
22754
22886
23018
23150
23282
23414
23546
23678
23810
23942
24074
24206
24338
24470
24602
24734
24866
24998
25130
25262
25394
25526
25658
25790
25922
26054
26186
26318
26450
26582
26714
26846
26978
27110
27242
27374
27506
27638
19719
19851
19983
20115
20247
20379
20511
20643
20775
20907
21039
21171
21303
21435
21567
21699
21831
21963
22095
22227
22359
22491
22623
22755
22887
23019
23151
23283
23415
23547
23679
23811
23943
24075
24207
24339
24471
24603
24735
24867
24999
25131
25263
25395
25527
25659
25791
25923
26055
26187
26319
26451
26583
26715
26847
26979
27111
27243
27375
27507
27639
19720
19852
19984
20116
20248
20380
20512
20644
20776
20908
21040
21172
21304
21436
21568
21700
21832
21964
22096
22228
22360
22492
22624
22756
22888
23020
23152
23284
23416
23548
23680
23812
23944
24076
24208
24340
24472
24604
24736
24868
25000
25132
25264
25396
25528
25660
25792
25924
26056
26188
26320
26452
26584
26716
26848
26980
27112
27244
27376
27508
27640
19721
19853
19985
20117
20249
20381
20513
20645
20777
20909
21041
21173
21305
21437
21569
21701
21833
21965
22097
22229
22361
22493
22625
22757
22889
23021
23153
23285
23417
23549
23681
23813
23945
24077
24209
24341
24473
24605
24737
24869
25001
25133
25265
25397
25529
25661
25793
25925
26057
26189
26321
26453
26585
26717
26849
26981
27113
27245
27377
27509
27641
19722
19854
19986
20118
20250
20382
20514
20646
20778
20910
21042
21174
21306
21438
21570
21702
21834
21966
22098
22230
22362
22494
22626
22758
22890
23022
23154
23286
23418
23550
23682
23814
23946
24078
24210
24342
24474
24606
24738
24870
25002
25134
25266
25398
25530
25662
25794
25926
26058
26190
26322
26454
26586
26718
26850
26982
27114
27246
27378
27510
27642
19723
19855
19987
20119
20251
20383
20515
20647
20779
20911
21043
21175
21307
21439
21571
21703
21835
21967
22099
22231
22363
22495
22627
22759
22891
23023
23155
23287
23419
23551
23683
23815
23947
24079
24211
24343
24475
24607
24739
24871
25003
25135
25267
25399
25531
25663
25795
25927
26059
26191
26323
26455
26587
26719
26851
26983
27115
27247
27379
27511
27643
19724
19856
19988
20120
20252
20384
20516
20648
20780
20912
21044
21176
21308
21440
21572
21704
21836
21968
22100
22232
22364
22496
22628
22760
22892
23024
23156
23288
23420
23552
23684
23816
23948
24080
24212
24344
24476
24608
24740
24872
25004
25136
25268
25400
25532
25664
25796
25928
26060
26192
26324
26456
26588
26720
26852
26984
27116
27248
27380
27512
27644
19725
19857
19989
20121
20253
20385
20517
20649
20781
20913
21045
21177
21309
21441
21573
21705
21837
21969
22101
22233
22365
22497
22629
22761
22893
23025
23157
23289
23421
23553
23685
23817
23949
24081
24213
24345
24477
24609
24741
24873
25005
25137
25269
25401
25533
25665
25797
25929
26061
26193
26325
26457
26589
26721
26853
26985
27117
27249
27381
27513
27645
19726
19858
19990
20122
20254
20386
20518
20650
20782
20914
21046
21178
21310
21442
21574
21706
21838
21970
22102
22234
22366
22498
22630
22762
22894
23026
23158
23290
23422
23554
23686
23818
23950
24082
24214
24346
24478
24610
24742
24874
25006
25138
25270
25402
25534
25666
25798
25930
26062
26194
26326
26458
26590
26722
26854
26986
27118
27250
27382
27514
27646
19727
19859
19991
20123
20255
20387
20519
20651
20783
20915
21047
21179
21311
21443
21575
21707
21839
21971
22103
22235
22367
22499
22631
22763
22895
23027
23159
23291
23423
23555
23687
23819
23951
24083
24215
24347
24479
24611
24743
24875
25007
25139
25271
25403
25535
25667
25799
25931
26063
26195
26327
26459
26591
26723
26855
26987
27119
27251
27383
27515
27647
19728
19860
19992
20124
20256
20388
20520
20652
20784
20916
21048
21180
21312
21444
21576
21708
21840
21972
22104
22236
22368
22500
22632
22764
22896
23028
23160
23292
23424
23556
23688
23820
23952
24084
24216
24348
24480
24612
24744
24876
25008
25140
25272
25404
25536
25668
25800
25932
26064
26196
26328
26460
26592
26724
26856
26988
27120
27252
27384
27516
27648
19729
19861
19993
20125
20257
20389
20521
20653
20785
20917
21049
21181
21313
21445
21577
21709
21841
21973
22105
22237
22369
22501
22633
22765
22897
23029
23161
23293
23425
23557
23689
23821
23953
24085
24217
24349
24481
24613
24745
24877
25009
25141
25273
25405
25537
25669
25801
25933
26065
26197
26329
26461
26593
26725
26857
26989
27121
27253
27385
27517
27649
19730
19862
19994
20126
20258
20390
20522
20654
20786
20918
21050
21182
21314
21446
21578
21710
21842
21974
22106
22238
22370
22502
22634
22766
22898
23030
23162
23294
23426
23558
23690
23822
23954
24086
24218
24350
24482
24614
24746
24878
25010
25142
25274
25406
25538
25670
25802
25934
26066
26198
26330
26462
26594
26726
26858
26990
27122
27254
27386
27518
27650
19731
19863
19995
20127
20259
20391
20523
20655
20787
20919
21051
21183
21315
21447
21579
21711
21843
21975
22107
22239
22371
22503
22635
22767
22899
23031
23163
23295
23427
23559
23691
23823
23955
24087
24219
24351
24483
24615
24747
24879
25011
25143
25275
25407
25539
25671
25803
25935
26067
26199
26331
26463
26595
26727
26859
26991
27123
27255
27387
27519
27651
19732
19864
19996
20128
20260
20392
20524
20656
20788
20920
21052
21184
21316
21448
21580
21712
21844
21976
22108
22240
22372
22504
22636
22768
22900
23032
23164
23296
23428
23560
23692
23824
23956
24088
24220
24352
24484
24616
24748
24880
25012
25144
25276
25408
25540
25672
25804
25936
26068
26200
26332
26464
26596
26728
26860
26992
27124
27256
27388
27520
27652
19733
19865
19997
20129
20261
20393
20525
20657
20789
20921
21053
21185
21317
21449
21581
21713
21845
21977
22109
22241
22373
22505
22637
22769
22901
23033
23165
23297
23429
23561
23693
23825
23957
24089
24221
24353
24485
24617
24749
24881
25013
25145
25277
25409
25541
25673
25805
25937
26069
26201
26333
26465
26597
26729
26861
26993
27125
27257
27389
27521
27653
19734
19866
19998
20130
20262
20394
20526
20658
20790
20922
21054
21186
21318
21450
21582
21714
21846
21978
22110
22242
22374
22506
22638
22770
22902
23034
23166
23298
23430
23562
23694
23826
23958
24090
24222
24354
24486
24618
24750
24882
25014
25146
25278
25410
25542
25674
25806
25938
26070
26202
26334
26466
26598
26730
26862
26994
27126
27258
27390
27522
27654
19735
19867
19999
20131
20263
20395
20527
20659
20791
20923
21055
21187
21319
21451
21583
21715
21847
21979
22111
22243
22375
22507
22639
22771
22903
23035
23167
23299
23431
23563
23695
23827
23959
24091
24223
24355
24487
24619
24751
24883
25015
25147
25279
25411
25543
25675
25807
25939
26071
26203
26335
26467
26599
26731
26863
26995
27127
27259
27391
27523
27655
19736
19868
20000
20132
20264
20396
20528
20660
20792
20924
21056
21188
21320
21452
21584
21716
21848
21980
22112
22244
22376
22508
22640
22772
22904
23036
23168
23300
23432
23564
23696
23828
23960
24092
24224
24356
24488
24620
24752
24884
25016
25148
25280
25412
25544
25676
25808
25940
26072
26204
26336
26468
26600
26732
26864
26996
27128
27260
27392
27524
27656
19737
19869
20001
20133
20265
20397
20529
20661
20793
20925
21057
21189
21321
21453
21585
21717
21849
21981
22113
22245
22377
22509
22641
22773
22905
23037
23169
23301
23433
23565
23697
23829
23961
24093
24225
24357
24489
24621
24753
24885
25017
25149
25281
25413
25545
25677
25809
25941
26073
26205
26337
26469
26601
26733
26865
26997
27129
27261
27393
27525
27657
19738
19870
20002
20134
20266
20398
20530
20662
20794
20926
21058
21190
21322
21454
21586
21718
21850
21982
22114
22246
22378
22510
22642
22774
22906
23038
23170
23302
23434
23566
23698
23830
23962
24094
24226
24358
24490
24622
24754
24886
25018
25150
25282
25414
25546
25678
25810
25942
26074
26206
26338
26470
26602
26734
26866
26998
27130
27262
27394
27526
27658
19739
19871
20003
20135
20267
20399
20531
20663
20795
20927
21059
21191
21323
21455
21587
21719
21851
21983
22115
22247
22379
22511
22643
22775
22907
23039
23171
23303
23435
23567
23699
23831
23963
24095
24227
24359
24491
24623
24755
24887
25019
25151
25283
25415
25547
25679
25811
25943
26075
26207
26339
26471
26603
26735
26867
26999
27131
27263
27395
27527
27659
19740
19872
20004
20136
20268
20400
20532
20664
20796
20928
21060
21192
21324
21456
21588
21720
21852
21984
22116
22248
22380
22512
22644
22776
22908
23040
23172
23304
23436
23568
23700
23832
23964
24096
24228
24360
24492
24624
24756
24888
25020
25152
25284
25416
25548
25680
25812
25944
26076
26208
26340
26472
26604
26736
26868
27000
27132
27264
27396
27528
27660
19741
19873
20005
20137
20269
20401
20533
20665
20797
20929
21061
21193
21325
21457
21589
21721
21853
21985
22117
22249
22381
22513
22645
22777
22909
23041
23173
23305
23437
23569
23701
23833
23965
24097
24229
24361
24493
24625
24757
24889
25021
25153
25285
25417
25549
25681
25813
25945
26077
26209
26341
26473
26605
26737
26869
27001
27133
27265
27397
27529
27661
19742
19874
20006
20138
20270
20402
20534
20666
20798
20930
21062
21194
21326
21458
21590
21722
21854
21986
22118
22250
22382
22514
22646
22778
22910
23042
23174
23306
23438
23570
23702
23834
23966
24098
24230
24362
24494
24626
24758
24890
25022
25154
25286
25418
25550
25682
25814
25946
26078
26210
26342
26474
26606
26738
26870
27002
27134
27266
27398
27530
27662
19743
19875
20007
20139
20271
20403
20535
20667
20799
20931
21063
21195
21327
21459
21591
21723
21855
21987
22119
22251
22383
22515
22647
22779
22911
23043
23175
23307
23439
23571
23703
23835
23967
24099
24231
24363
24495
24627
24759
24891
25023
25155
25287
25419
25551
25683
25815
25947
26079
26211
26343
26475
26607
26739
26871
27003
27135
27267
27399
27531
27663
19744
19876
20008
20140
20272
20404
20536
20668
20800
20932
21064
21196
21328
21460
21592
21724
21856
21988
22120
22252
22384
22516
22648
22780
22912
23044
23176
23308
23440
23572
23704
23836
23968
24100
24232
24364
24496
24628
24760
24892
25024
25156
25288
25420
25552
25684
25816
25948
26080
26212
26344
26476
26608
26740
26872
27004
27136
27268
27400
27532
27664
19745
19877
20009
20141
20273
20405
20537
20669
20801
20933
21065
21197
21329
21461
21593
21725
21857
21989
22121
22253
22385
22517
22649
22781
22913
23045
23177
23309
23441
23573
23705
23837
23969
24101
24233
24365
24497
24629
24761
24893
25025
25157
25289
25421
25553
25685
25817
25949
26081
26213
26345
26477
26609
26741
26873
27005
27137
27269
27401
27533
27665
19746
19878
20010
20142
20274
20406
20538
20670
20802
20934
21066
21198
21330
21462
21594
21726
21858
21990
22122
22254
22386
22518
22650
22782
22914
23046
23178
23310
23442
23574
23706
23838
23970
24102
24234
24366
24498
24630
24762
24894
25026
25158
25290
25422
25554
25686
25818
25950
26082
26214
26346
26478
26610
26742
26874
27006
27138
27270
27402
27534
27666
19747
19879
20011
20143
20275
20407
20539
20671
20803
20935
21067
21199
21331
21463
21595
21727
21859
21991
22123
22255
22387
22519
22651
22783
22915
23047
23179
23311
23443
23575
23707
23839
23971
24103
24235
24367
24499
24631
24763
24895
25027
25159
25291
25423
25555
25687
25819
25951
26083
26215
26347
26479
26611
26743
26875
27007
27139
27271
27403
27535
27667
19748
19880
20012
20144
20276
20408
20540
20672
20804
20936
21068
21200
21332
21464
21596
21728
21860
21992
22124
22256
22388
22520
22652
22784
22916
23048
23180
23312
23444
23576
23708
23840
23972
24104
24236
24368
24500
24632
24764
24896
25028
25160
25292
25424
25556
25688
25820
25952
26084
26216
26348
26480
26612
26744
26876
27008
27140
27272
27404
27536
27668
19749
19881
20013
20145
20277
20409
20541
20673
20805
20937
21069
21201
21333
21465
21597
21729
21861
21993
22125
22257
22389
22521
22653
22785
22917
23049
23181
23313
23445
23577
23709
23841
23973
24105
24237
24369
24501
24633
24765
24897
25029
25161
25293
25425
25557
25689
25821
25953
26085
26217
26349
26481
26613
26745
26877
27009
27141
27273
27405
27537
27669
19750
19882
20014
20146
20278
20410
20542
20674
20806
20938
21070
21202
21334
21466
21598
21730
21862
21994
22126
22258
22390
22522
22654
22786
22918
23050
23182
23314
23446
23578
23710
23842
23974
24106
24238
24370
24502
24634
24766
24898
25030
25162
25294
25426
25558
25690
25822
25954
26086
26218
26350
26482
26614
26746
26878
27010
27142
27274
27406
27538
27670
19751
19883
20015
20147
20279
20411
20543
20675
20807
20939
21071
21203
21335
21467
21599
21731
21863
21995
22127
22259
22391
22523
22655
22787
22919
23051
23183
23315
23447
23579
23711
23843
23975
24107
24239
24371
24503
24635
24767
24899
25031
25163
25295
25427
25559
25691
25823
25955
26087
26219
26351
26483
26615
26747
26879
27011
27143
27275
27407
27539
27671
19752
19884
20016
20148
20280
20412
20544
20676
20808
20940
21072
21204
21336
21468
21600
21732
21864
21996
22128
22260
22392
22524
22656
22788
22920
23052
23184
23316
23448
23580
23712
23844
23976
24108
24240
24372
24504
24636
24768
24900
25032
25164
25296
25428
25560
25692
25824
25956
26088
26220
26352
26484
26616
26748
26880
27012
27144
27276
27408
27540
27672
19753
19885
20017
20149
20281
20413
20545
20677
20809
20941
21073
21205
21337
21469
21601
21733
21865
21997
22129
22261
22393
22525
22657
22789
22921
23053
23185
23317
23449
23581
23713
23845
23977
24109
24241
24373
24505
24637
24769
24901
25033
25165
25297
25429
25561
25693
25825
25957
26089
26221
26353
26485
26617
26749
26881
27013
27145
27277
27409
27541
27673
19754
19886
20018
20150
20282
20414
20546
20678
20810
20942
21074
21206
21338
21470
21602
21734
21866
21998
22130
22262
22394
22526
22658
22790
22922
23054
23186
23318
23450
23582
23714
23846
23978
24110
24242
24374
24506
24638
24770
24902
25034
25166
25298
25430
25562
25694
25826
25958
26090
26222
26354
26486
26618
26750
26882
27014
27146
27278
27410
27542
27674
19755
19887
20019
20151
20283
20415
20547
20679
20811
20943
21075
21207
21339
21471
21603
21735
21867
21999
22131
22263
22395
22527
22659
22791
22923
23055
23187
23319
23451
23583
23715
23847
23979
24111
24243
24375
24507
24639
24771
24903
25035
25167
25299
25431
25563
25695
25827
25959
26091
26223
26355
26487
26619
26751
26883
27015
27147
27279
27411
27543
27675
19756
19888
20020
20152
20284
20416
20548
20680
20812
20944
21076
21208
21340
21472
21604
21736
21868
22000
22132
22264
22396
22528
22660
22792
22924
23056
23188
23320
23452
23584
23716
23848
23980
24112
24244
24376
24508
24640
24772
24904
25036
25168
25300
25432
25564
25696
25828
25960
26092
26224
26356
26488
26620
26752
26884
27016
27148
27280
27412
27544
27676
19757
19889
20021
20153
20285
20417
20549
20681
20813
20945
21077
21209
21341
21473
21605
21737
21869
22001
22133
22265
22397
22529
22661
22793
22925
23057
23189
23321
23453
23585
23717
23849
23981
24113
24245
24377
24509
24641
24773
24905
25037
25169
25301
25433
25565
25697
25829
25961
26093
26225
26357
26489
26621
26753
26885
27017
27149
27281
27413
27545
27677
19758
19890
20022
20154
20286
20418
20550
20682
20814
20946
21078
21210
21342
21474
21606
21738
21870
22002
22134
22266
22398
22530
22662
22794
22926
23058
23190
23322
23454
23586
23718
23850
23982
24114
24246
24378
24510
24642
24774
24906
25038
25170
25302
25434
25566
25698
25830
25962
26094
26226
26358
26490
26622
26754
26886
27018
27150
27282
27414
27546
27678
19759
19891
20023
20155
20287
20419
20551
20683
20815
20947
21079
21211
21343
21475
21607
21739
21871
22003
22135
22267
22399
22531
22663
22795
22927
23059
23191
23323
23455
23587
23719
23851
23983
24115
24247
24379
24511
24643
24775
24907
25039
25171
25303
25435
25567
25699
25831
25963
26095
26227
26359
26491
26623
26755
26887
27019
27151
27283
27415
27547
27679
19760
19892
20024
20156
20288
20420
20552
20684
20816
20948
21080
21212
21344
21476
21608
21740
21872
22004
22136
22268
22400
22532
22664
22796
22928
23060
23192
23324
23456
23588
23720
23852
23984
24116
24248
24380
24512
24644
24776
24908
25040
25172
25304
25436
25568
25700
25832
25964
26096
26228
26360
26492
26624
26756
26888
27020
27152
27284
27416
27548
27680
19761
19893
20025
20157
20289
20421
20553
20685
20817
20949
21081
21213
21345
21477
21609
21741
21873
22005
22137
22269
22401
22533
22665
22797
22929
23061
23193
23325
23457
23589
23721
23853
23985
24117
24249
24381
24513
24645
24777
24909
25041
25173
25305
25437
25569
25701
25833
25965
26097
26229
26361
26493
26625
26757
26889
27021
27153
27285
27417
27549
27681
19762
19894
20026
20158
20290
20422
20554
20686
20818
20950
21082
21214
21346
21478
21610
21742
21874
22006
22138
22270
22402
22534
22666
22798
22930
23062
23194
23326
23458
23590
23722
23854
23986
24118
24250
24382
24514
24646
24778
24910
25042
25174
25306
25438
25570
25702
25834
25966
26098
26230
26362
26494
26626
26758
26890
27022
27154
27286
27418
27550
27682
19763
19895
20027
20159
20291
20423
20555
20687
20819
20951
21083
21215
21347
21479
21611
21743
21875
22007
22139
22271
22403
22535
22667
22799
22931
23063
23195
23327
23459
23591
23723
23855
23987
24119
24251
24383
24515
24647
24779
24911
25043
25175
25307
25439
25571
25703
25835
25967
26099
26231
26363
26495
26627
26759
26891
27023
27155
27287
27419
27551
27683
19764
19896
20028
20160
20292
20424
20556
20688
20820
20952
21084
21216
21348
21480
21612
21744
21876
22008
22140
22272
22404
22536
22668
22800
22932
23064
23196
23328
23460
23592
23724
23856
23988
24120
24252
24384
24516
24648
24780
24912
25044
25176
25308
25440
25572
25704
25836
25968
26100
26232
26364
26496
26628
26760
26892
27024
27156
27288
27420
27552
27684
19765
19897
20029
20161
20293
20425
20557
20689
20821
20953
21085
21217
21349
21481
21613
21745
21877
22009
22141
22273
22405
22537
22669
22801
22933
23065
23197
23329
23461
23593
23725
23857
23989
24121
24253
24385
24517
24649
24781
24913
25045
25177
25309
25441
25573
25705
25837
25969
26101
26233
26365
26497
26629
26761
26893
27025
27157
27289
27421
27553
27685
19766
19898
20030
20162
20294
20426
20558
20690
20822
20954
21086
21218
21350
21482
21614
21746
21878
22010
22142
22274
22406
22538
22670
22802
22934
23066
23198
23330
23462
23594
23726
23858
23990
24122
24254
24386
24518
24650
24782
24914
25046
25178
25310
25442
25574
25706
25838
25970
26102
26234
26366
26498
26630
26762
26894
27026
27158
27290
27422
27554
27686
19767
19899
20031
20163
20295
20427
20559
20691
20823
20955
21087
21219
21351
21483
21615
21747
21879
22011
22143
22275
22407
22539
22671
22803
22935
23067
23199
23331
23463
23595
23727
23859
23991
24123
24255
24387
24519
24651
24783
24915
25047
25179
25311
25443
25575
25707
25839
25971
26103
26235
26367
26499
26631
26763
26895
27027
27159
27291
27423
27555
27687
19768
19900
20032
20164
20296
20428
20560
20692
20824
20956
21088
21220
21352
21484
21616
21748
21880
22012
22144
22276
22408
22540
22672
22804
22936
23068
23200
23332
23464
23596
23728
23860
23992
24124
24256
24388
24520
24652
24784
24916
25048
25180
25312
25444
25576
25708
25840
25972
26104
26236
26368
26500
26632
26764
26896
27028
27160
27292
27424
27556
27688
19769
19901
20033
20165
20297
20429
20561
20693
20825
20957
21089
21221
21353
21485
21617
21749
21881
22013
22145
22277
22409
22541
22673
22805
22937
23069
23201
23333
23465
23597
23729
23861
23993
24125
24257
24389
24521
24653
24785
24917
25049
25181
25313
25445
25577
25709
25841
25973
26105
26237
26369
26501
26633
26765
26897
27029
27161
27293
27425
27557
27689
19770
19902
20034
20166
20298
20430
20562
20694
20826
20958
21090
21222
21354
21486
21618
21750
21882
22014
22146
22278
22410
22542
22674
22806
22938
23070
23202
23334
23466
23598
23730
23862
23994
24126
24258
24390
24522
24654
24786
24918
25050
25182
25314
25446
25578
25710
25842
25974
26106
26238
26370
26502
26634
26766
26898
27030
27162
27294
27426
27558
27690
19771
19903
20035
20167
20299
20431
20563
20695
20827
20959
21091
21223
21355
21487
21619
21751
21883
22015
22147
22279
22411
22543
22675
22807
22939
23071
23203
23335
23467
23599
23731
23863
23995
24127
24259
24391
24523
24655
24787
24919
25051
25183
25315
25447
25579
25711
25843
25975
26107
26239
26371
26503
26635
26767
26899
27031
27163
27295
27427
27559
27691
19772
19904
20036
20168
20300
20432
20564
20696
20828
20960
21092
21224
21356
21488
21620
21752
21884
22016
22148
22280
22412
22544
22676
22808
22940
23072
23204
23336
23468
23600
23732
23864
23996
24128
24260
24392
24524
24656
24788
24920
25052
25184
25316
25448
25580
25712
25844
25976
26108
26240
26372
26504
26636
26768
26900
27032
27164
27296
27428
27560
27692
19773
19905
20037
20169
20301
20433
20565
20697
20829
20961
21093
21225
21357
21489
21621
21753
21885
22017
22149
22281
22413
22545
22677
22809
22941
23073
23205
23337
23469
23601
23733
23865
23997
24129
24261
24393
24525
24657
24789
24921
25053
25185
25317
25449
25581
25713
25845
25977
26109
26241
26373
26505
26637
26769
26901
27033
27165
27297
27429
27561
27693
19774
19906
20038
20170
20302
20434
20566
20698
20830
20962
21094
21226
21358
21490
21622
21754
21886
22018
22150
22282
22414
22546
22678
22810
22942
23074
23206
23338
23470
23602
23734
23866
23998
24130
24262
24394
24526
24658
24790
24922
25054
25186
25318
25450
25582
25714
25846
25978
26110
26242
26374
26506
26638
26770
26902
27034
27166
27298
27430
27562
27694
19775
19907
20039
20171
20303
20435
20567
20699
20831
20963
21095
21227
21359
21491
21623
21755
21887
22019
22151
22283
22415
22547
22679
22811
22943
23075
23207
23339
23471
23603
23735
23867
23999
24131
24263
24395
24527
24659
24791
24923
25055
25187
25319
25451
25583
25715
25847
25979
26111
26243
26375
26507
26639
26771
26903
27035
27167
27299
27431
27563
27695
19776
19908
20040
20172
20304
20436
20568
20700
20832
20964
21096
21228
21360
21492
21624
21756
21888
22020
22152
22284
22416
22548
22680
22812
22944
23076
23208
23340
23472
23604
23736
23868
24000
24132
24264
24396
24528
24660
24792
24924
25056
25188
25320
25452
25584
25716
25848
25980
26112
26244
26376
26508
26640
26772
26904
27036
27168
27300
27432
27564
27696
19777
19909
20041
20173
20305
20437
20569
20701
20833
20965
21097
21229
21361
21493
21625
21757
21889
22021
22153
22285
22417
22549
22681
22813
22945
23077
23209
23341
23473
23605
23737
23869
24001
24133
24265
24397
24529
24661
24793
24925
25057
25189
25321
25453
25585
25717
25849
25981
26113
26245
26377
26509
26641
26773
26905
27037
27169
27301
27433
27565
27697
19778
19910
20042
20174
20306
20438
20570
20702
20834
20966
21098
21230
21362
21494
21626
21758
21890
22022
22154
22286
22418
22550
22682
22814
22946
23078
23210
23342
23474
23606
23738
23870
24002
24134
24266
24398
24530
24662
24794
24926
25058
25190
25322
25454
25586
25718
25850
25982
26114
26246
26378
26510
26642
26774
26906
27038
27170
27302
27434
27566
27698
19779
19911
20043
20175
20307
20439
20571
20703
20835
20967
21099
21231
21363
21495
21627
21759
21891
22023
22155
22287
22419
22551
22683
22815
22947
23079
23211
23343
23475
23607
23739
23871
24003
24135
24267
24399
24531
24663
24795
24927
25059
25191
25323
25455
25587
25719
25851
25983
26115
26247
26379
26511
26643
26775
26907
27039
27171
27303
27435
27567
27699
19780
19912
20044
20176
20308
20440
20572
20704
20836
20968
21100
21232
21364
21496
21628
21760
21892
22024
22156
22288
22420
22552
22684
22816
22948
23080
23212
23344
23476
23608
23740
23872
24004
24136
24268
24400
24532
24664
24796
24928
25060
25192
25324
25456
25588
25720
25852
25984
26116
26248
26380
26512
26644
26776
26908
27040
27172
27304
27436
27568
27700
19781
19913
20045
20177
20309
20441
20573
20705
20837
20969
21101
21233
21365
21497
21629
21761
21893
22025
22157
22289
22421
22553
22685
22817
22949
23081
23213
23345
23477
23609
23741
23873
24005
24137
24269
24401
24533
24665
24797
24929
25061
25193
25325
25457
25589
25721
25853
25985
26117
26249
26381
26513
26645
26777
26909
27041
27173
27305
27437
27569
27701
19782
19914
20046
20178
20310
20442
20574
20706
20838
20970
21102
21234
21366
21498
21630
21762
21894
22026
22158
22290
22422
22554
22686
22818
22950
23082
23214
23346
23478
23610
23742
23874
24006
24138
24270
24402
24534
24666
24798
24930
25062
25194
25326
25458
25590
25722
25854
25986
26118
26250
26382
26514
26646
26778
26910
27042
27174
27306
27438
27570
27702
19783
19915
20047
20179
20311
20443
20575
20707
20839
20971
21103
21235
21367
21499
21631
21763
21895
22027
22159
22291
22423
22555
22687
22819
22951
23083
23215
23347
23479
23611
23743
23875
24007
24139
24271
24403
24535
24667
24799
24931
25063
25195
25327
25459
25591
25723
25855
25987
26119
26251
26383
26515
26647
26779
26911
27043
27175
27307
27439
27571
27703
19784
19916
20048
20180
20312
20444
20576
20708
20840
20972
21104
21236
21368
21500
21632
21764
21896
22028
22160
22292
22424
22556
22688
22820
22952
23084
23216
23348
23480
23612
23744
23876
24008
24140
24272
24404
24536
24668
24800
24932
25064
25196
25328
25460
25592
25724
25856
25988
26120
26252
26384
26516
26648
26780
26912
27044
27176
27308
27440
27572
27704
19785
19917
20049
20181
20313
20445
20577
20709
20841
20973
21105
21237
21369
21501
21633
21765
21897
22029
22161
22293
22425
22557
22689
22821
22953
23085
23217
23349
23481
23613
23745
23877
24009
24141
24273
24405
24537
24669
24801
24933
25065
25197
25329
25461
25593
25725
25857
25989
26121
26253
26385
26517
26649
26781
26913
27045
27177
27309
27441
27573
27705
19786
19918
20050
20182
20314
20446
20578
20710
20842
20974
21106
21238
21370
21502
21634
21766
21898
22030
22162
22294
22426
22558
22690
22822
22954
23086
23218
23350
23482
23614
23746
23878
24010
24142
24274
24406
24538
24670
24802
24934
25066
25198
25330
25462
25594
25726
25858
25990
26122
26254
26386
26518
26650
26782
26914
27046
27178
27310
27442
27574
27706
19787
19919
20051
20183
20315
20447
20579
20711
20843
20975
21107
21239
21371
21503
21635
21767
21899
22031
22163
22295
22427
22559
22691
22823
22955
23087
23219
23351
23483
23615
23747
23879
24011
24143
24275
24407
24539
24671
24803
24935
25067
25199
25331
25463
25595
25727
25859
25991
26123
26255
26387
26519
26651
26783
26915
27047
27179
27311
27443
27575
27707
19788
19920
20052
20184
20316
20448
20580
20712
20844
20976
21108
21240
21372
21504
21636
21768
21900
22032
22164
22296
22428
22560
22692
22824
22956
23088
23220
23352
23484
23616
23748
23880
24012
24144
24276
24408
24540
24672
24804
24936
25068
25200
25332
25464
25596
25728
25860
25992
26124
26256
26388
26520
26652
26784
26916
27048
27180
27312
27444
27576
27708
19789
19921
20053
20185
20317
20449
20581
20713
20845
20977
21109
21241
21373
21505
21637
21769
21901
22033
22165
22297
22429
22561
22693
22825
22957
23089
23221
23353
23485
23617
23749
23881
24013
24145
24277
24409
24541
24673
24805
24937
25069
25201
25333
25465
25597
25729
25861
25993
26125
26257
26389
26521
26653
26785
26917
27049
27181
27313
27445
27577
27709
19790
19922
20054
20186
20318
20450
20582
20714
20846
20978
21110
21242
21374
21506
21638
21770
21902
22034
22166
22298
22430
22562
22694
22826
22958
23090
23222
23354
23486
23618
23750
23882
24014
24146
24278
24410
24542
24674
24806
24938
25070
25202
25334
25466
25598
25730
25862
25994
26126
26258
26390
26522
26654
26786
26918
27050
27182
27314
27446
27578
27710
19791
19923
20055
20187
20319
20451
20583
20715
20847
20979
21111
21243
21375
21507
21639
21771
21903
22035
22167
22299
22431
22563
22695
22827
22959
23091
23223
23355
23487
23619
23751
23883
24015
24147
24279
24411
24543
24675
24807
24939
25071
25203
25335
25467
25599
25731
25863
25995
26127
26259
26391
26523
26655
26787
26919
27051
27183
27315
27447
27579
27711
19792
19924
20056
20188
20320
20452
20584
20716
20848
20980
21112
21244
21376
21508
21640
21772
21904
22036
22168
22300
22432
22564
22696
22828
22960
23092
23224
23356
23488
23620
23752
23884
24016
24148
24280
24412
24544
24676
24808
24940
25072
25204
25336
25468
25600
25732
25864
25996
26128
26260
26392
26524
26656
26788
26920
27052
27184
27316
27448
27580
27712
19793
19925
20057
20189
20321
20453
20585
20717
20849
20981
21113
21245
21377
21509
21641
21773
21905
22037
22169
22301
22433
22565
22697
22829
22961
23093
23225
23357
23489
23621
23753
23885
24017
24149
24281
24413
24545
24677
24809
24941
25073
25205
25337
25469
25601
25733
25865
25997
26129
26261
26393
26525
26657
26789
26921
27053
27185
27317
27449
27581
27713
19794
19926
20058
20190
20322
20454
20586
20718
20850
20982
21114
21246
21378
21510
21642
21774
21906
22038
22170
22302
22434
22566
22698
22830
22962
23094
23226
23358
23490
23622
23754
23886
24018
24150
24282
24414
24546
24678
24810
24942
25074
25206
25338
25470
25602
25734
25866
25998
26130
26262
26394
26526
26658
26790
26922
27054
27186
27318
27450
27582
27714
19795
19927
20059
20191
20323
20455
20587
20719
20851
20983
21115
21247
21379
21511
21643
21775
21907
22039
22171
22303
22435
22567
22699
22831
22963
23095
23227
23359
23491
23623
23755
23887
24019
24151
24283
24415
24547
24679
24811
24943
25075
25207
25339
25471
25603
25735
25867
25999
26131
26263
26395
26527
26659
26791
26923
27055
27187
27319
27451
27583
27715
19796
19928
20060
20192
20324
20456
20588
20720
20852
20984
21116
21248
21380
21512
21644
21776
21908
22040
22172
22304
22436
22568
22700
22832
22964
23096
23228
23360
23492
23624
23756
23888
24020
24152
24284
24416
24548
24680
24812
24944
25076
25208
25340
25472
25604
25736
25868
26000
26132
26264
26396
26528
26660
26792
26924
27056
27188
27320
27452
27584
27716
19797
19929
20061
20193
20325
20457
20589
20721
20853
20985
21117
21249
21381
21513
21645
21777
21909
22041
22173
22305
22437
22569
22701
22833
22965
23097
23229
23361
23493
23625
23757
23889
24021
24153
24285
24417
24549
24681
24813
24945
25077
25209
25341
25473
25605
25737
25869
26001
26133
26265
26397
26529
26661
26793
26925
27057
27189
27321
27453
27585
27717
19798
19930
20062
20194
20326
20458
20590
20722
20854
20986
21118
21250
21382
21514
21646
21778
21910
22042
22174
22306
22438
22570
22702
22834
22966
23098
23230
23362
23494
23626
23758
23890
24022
24154
24286
24418
24550
24682
24814
24946
25078
25210
25342
25474
25606
25738
25870
26002
26134
26266
26398
26530
26662
26794
26926
27058
27190
27322
27454
27586
27718
19799
19931
20063
20195
20327
20459
20591
20723
20855
20987
21119
21251
21383
21515
21647
21779
21911
22043
22175
22307
22439
22571
22703
22835
22967
23099
23231
23363
23495
23627
23759
23891
24023
24155
24287
24419
24551
24683
24815
24947
25079
25211
25343
25475
25607
25739
25871
26003
26135
26267
26399
26531
26663
26795
26927
27059
27191
27323
27455
27587
27719
19800
19932
20064
20196
20328
20460
20592
20724
20856
20988
21120
21252
21384
21516
21648
21780
21912
22044
22176
22308
22440
22572
22704
22836
22968
23100
23232
23364
23496
23628
23760
23892
24024
24156
24288
24420
24552
24684
24816
24948
25080
25212
25344
25476
25608
25740
25872
26004
26136
26268
26400
26532
26664
26796
26928
27060
27192
27324
27456
27588
27720
19801
19933
20065
20197
20329
20461
20593
20725
20857
20989
21121
21253
21385
21517
21649
21781
21913
22045
22177
22309
22441
22573
22705
22837
22969
23101
23233
23365
23497
23629
23761
23893
24025
24157
24289
24421
24553
24685
24817
24949
25081
25213
25345
25477
25609
25741
25873
26005
26137
26269
26401
26533
26665
26797
26929
27061
27193
27325
27457
27589
27721
19802
19934
20066
20198
20330
20462
20594
20726
20858
20990
21122
21254
21386
21518
21650
21782
21914
22046
22178
22310
22442
22574
22706
22838
22970
23102
23234
23366
23498
23630
23762
23894
24026
24158
24290
24422
24554
24686
24818
24950
25082
25214
25346
25478
25610
25742
25874
26006
26138
26270
26402
26534
26666
26798
26930
27062
27194
27326
27458
27590
27722
19803
19935
20067
20199
20331
20463
20595
20727
20859
20991
21123
21255
21387
21519
21651
21783
21915
22047
22179
22311
22443
22575
22707
22839
22971
23103
23235
23367
23499
23631
23763
23895
24027
24159
24291
24423
24555
24687
24819
24951
25083
25215
25347
25479
25611
25743
25875
26007
26139
26271
26403
26535
26667
26799
26931
27063
27195
27327
27459
27591
27723
19804
19936
20068
20200
20332
20464
20596
20728
20860
20992
21124
21256
21388
21520
21652
21784
21916
22048
22180
22312
22444
22576
22708
22840
22972
23104
23236
23368
23500
23632
23764
23896
24028
24160
24292
24424
24556
24688
24820
24952
25084
25216
25348
25480
25612
25744
25876
26008
26140
26272
26404
26536
26668
26800
26932
27064
27196
27328
27460
27592
27724
19805
19937
20069
20201
20333
20465
20597
20729
20861
20993
21125
21257
21389
21521
21653
21785
21917
22049
22181
22313
22445
22577
22709
22841
22973
23105
23237
23369
23501
23633
23765
23897
24029
24161
24293
24425
24557
24689
24821
24953
25085
25217
25349
25481
25613
25745
25877
26009
26141
26273
26405
26537
26669
26801
26933
27065
27197
27329
27461
27593
27725
19806
19938
20070
20202
20334
20466
20598
20730
20862
20994
21126
21258
21390
21522
21654
21786
21918
22050
22182
22314
22446
22578
22710
22842
22974
23106
23238
23370
23502
23634
23766
23898
24030
24162
24294
24426
24558
24690
24822
24954
25086
25218
25350
25482
25614
25746
25878
26010
26142
26274
26406
26538
26670
26802
26934
27066
27198
27330
27462
27594
27726
19807
19939
20071
20203
20335
20467
20599
20731
20863
20995
21127
21259
21391
21523
21655
21787
21919
22051
22183
22315
22447
22579
22711
22843
22975
23107
23239
23371
23503
23635
23767
23899
24031
24163
24295
24427
24559
24691
24823
24955
25087
25219
25351
25483
25615
25747
25879
26011
26143
26275
26407
26539
26671
26803
26935
27067
27199
27331
27463
27595
27727
19808
19940
20072
20204
20336
20468
20600
20732
20864
20996
21128
21260
21392
21524
21656
21788
21920
22052
22184
22316
22448
22580
22712
22844
22976
23108
23240
23372
23504
23636
23768
23900
24032
24164
24296
24428
24560
24692
24824
24956
25088
25220
25352
25484
25616
25748
25880
26012
26144
26276
26408
26540
26672
26804
26936
27068
27200
27332
27464
27596
27728
19809
19941
20073
20205
20337
20469
20601
20733
20865
20997
21129
21261
21393
21525
21657
21789
21921
22053
22185
22317
22449
22581
22713
22845
22977
23109
23241
23373
23505
23637
23769
23901
24033
24165
24297
24429
24561
24693
24825
24957
25089
25221
25353
25485
25617
25749
25881
26013
26145
26277
26409
26541
26673
26805
26937
27069
27201
27333
27465
27597
27729
19810
19942
20074
20206
20338
20470
20602
20734
20866
20998
21130
21262
21394
21526
21658
21790
21922
22054
22186
22318
22450
22582
22714
22846
22978
23110
23242
23374
23506
23638
23770
23902
24034
24166
24298
24430
24562
24694
24826
24958
25090
25222
25354
25486
25618
25750
25882
26014
26146
26278
26410
26542
26674
26806
26938
27070
27202
27334
27466
27598
27730
19811
19943
20075
20207
20339
20471
20603
20735
20867
20999
21131
21263
21395
21527
21659
21791
21923
22055
22187
22319
22451
22583
22715
22847
22979
23111
23243
23375
23507
23639
23771
23903
24035
24167
24299
24431
24563
24695
24827
24959
25091
25223
25355
25487
25619
25751
25883
26015
26147
26279
26411
26543
26675
26807
26939
27071
27203
27335
27467
27599
27731
19812
19944
20076
20208
20340
20472
20604
20736
20868
21000
21132
21264
21396
21528
21660
21792
21924
22056
22188
22320
22452
22584
22716
22848
22980
23112
23244
23376
23508
23640
23772
23904
24036
24168
24300
24432
24564
24696
24828
24960
25092
25224
25356
25488
25620
25752
25884
26016
26148
26280
26412
26544
26676
26808
26940
27072
27204
27336
27468
27600
27732
19813
19945
20077
20209
20341
20473
20605
20737
20869
21001
21133
21265
21397
21529
21661
21793
21925
22057
22189
22321
22453
22585
22717
22849
22981
23113
23245
23377
23509
23641
23773
23905
24037
24169
24301
24433
24565
24697
24829
24961
25093
25225
25357
25489
25621
25753
25885
26017
26149
26281
26413
26545
26677
26809
26941
27073
27205
27337
27469
27601
27733
19814
19946
20078
20210
20342
20474
20606
20738
20870
21002
21134
21266
21398
21530
21662
21794
21926
22058
22190
22322
22454
22586
22718
22850
22982
23114
23246
23378
23510
23642
23774
23906
24038
24170
24302
24434
24566
24698
24830
24962
25094
25226
25358
25490
25622
25754
25886
26018
26150
26282
26414
26546
26678
26810
26942
27074
27206
27338
27470
27602
27734
19815
19947
20079
20211
20343
20475
20607
20739
20871
21003
21135
21267
21399
21531
21663
21795
21927
22059
22191
22323
22455
22587
22719
22851
22983
23115
23247
23379
23511
23643
23775
23907
24039
24171
24303
24435
24567
24699
24831
24963
25095
25227
25359
25491
25623
25755
25887
26019
26151
26283
26415
26547
26679
26811
26943
27075
27207
27339
27471
27603
27735
19816
19948
20080
20212
20344
20476
20608
20740
20872
21004
21136
21268
21400
21532
21664
21796
21928
22060
22192
22324
22456
22588
22720
22852
22984
23116
23248
23380
23512
23644
23776
23908
24040
24172
24304
24436
24568
24700
24832
24964
25096
25228
25360
25492
25624
25756
25888
26020
26152
26284
26416
26548
26680
26812
26944
27076
27208
27340
27472
27604
27736
19817
19949
20081
20213
20345
20477
20609
20741
20873
21005
21137
21269
21401
21533
21665
21797
21929
22061
22193
22325
22457
22589
22721
22853
22985
23117
23249
23381
23513
23645
23777
23909
24041
24173
24305
24437
24569
24701
24833
24965
25097
25229
25361
25493
25625
25757
25889
26021
26153
26285
26417
26549
26681
26813
26945
27077
27209
27341
27473
27605
27737
19818
19950
20082
20214
20346
20478
20610
20742
20874
21006
21138
21270
21402
21534
21666
21798
21930
22062
22194
22326
22458
22590
22722
22854
22986
23118
23250
23382
23514
23646
23778
23910
24042
24174
24306
24438
24570
24702
24834
24966
25098
25230
25362
25494
25626
25758
25890
26022
26154
26286
26418
26550
26682
26814
26946
27078
27210
27342
27474
27606
27738
19819
19951
20083
20215
20347
20479
20611
20743
20875
21007
21139
21271
21403
21535
21667
21799
21931
22063
22195
22327
22459
22591
22723
22855
22987
23119
23251
23383
23515
23647
23779
23911
24043
24175
24307
24439
24571
24703
24835
24967
25099
25231
25363
25495
25627
25759
25891
26023
26155
26287
26419
26551
26683
26815
26947
27079
27211
27343
27475
27607
27739
19820
19952
20084
20216
20348
20480
20612
20744
20876
21008
21140
21272
21404
21536
21668
21800
21932
22064
22196
22328
22460
22592
22724
22856
22988
23120
23252
23384
23516
23648
23780
23912
24044
24176
24308
24440
24572
24704
24836
24968
25100
25232
25364
25496
25628
25760
25892
26024
26156
26288
26420
26552
26684
26816
26948
27080
27212
27344
27476
27608
27740
19821
19953
20085
20217
20349
20481
20613
20745
20877
21009
21141
21273
21405
21537
21669
21801
21933
22065
22197
22329
22461
22593
22725
22857
22989
23121
23253
23385
23517
23649
23781
23913
24045
24177
24309
24441
24573
24705
24837
24969
25101
25233
25365
25497
25629
25761
25893
26025
26157
26289
26421
26553
26685
26817
26949
27081
27213
27345
27477
27609
27741
19822
19954
20086
20218
20350
20482
20614
20746
20878
21010
21142
21274
21406
21538
21670
21802
21934
22066
22198
22330
22462
22594
22726
22858
22990
23122
23254
23386
23518
23650
23782
23914
24046
24178
24310
24442
24574
24706
24838
24970
25102
25234
25366
25498
25630
25762
25894
26026
26158
26290
26422
26554
26686
26818
26950
27082
27214
27346
27478
27610
27742
19823
19955
20087
20219
20351
20483
20615
20747
20879
21011
21143
21275
21407
21539
21671
21803
21935
22067
22199
22331
22463
22595
22727
22859
22991
23123
23255
23387
23519
23651
23783
23915
24047
24179
24311
24443
24575
24707
24839
24971
25103
25235
25367
25499
25631
25763
25895
26027
26159
26291
26423
26555
26687
26819
26951
27083
27215
27347
27479
27611
27743
19824
19956
20088
20220
20352
20484
20616
20748
20880
21012
21144
21276
21408
21540
21672
21804
21936
22068
22200
22332
22464
22596
22728
22860
22992
23124
23256
23388
23520
23652
23784
23916
24048
24180
24312
24444
24576
24708
24840
24972
25104
25236
25368
25500
25632
25764
25896
26028
26160
26292
26424
26556
26688
26820
26952
27084
27216
27348
27480
27612
27744
19825
19957
20089
20221
20353
20485
20617
20749
20881
21013
21145
21277
21409
21541
21673
21805
21937
22069
22201
22333
22465
22597
22729
22861
22993
23125
23257
23389
23521
23653
23785
23917
24049
24181
24313
24445
24577
24709
24841
24973
25105
25237
25369
25501
25633
25765
25897
26029
26161
26293
26425
26557
26689
26821
26953
27085
27217
27349
27481
27613
27745
19826
19958
20090
20222
20354
20486
20618
20750
20882
21014
21146
21278
21410
21542
21674
21806
21938
22070
22202
22334
22466
22598
22730
22862
22994
23126
23258
23390
23522
23654
23786
23918
24050
24182
24314
24446
24578
24710
24842
24974
25106
25238
25370
25502
25634
25766
25898
26030
26162
26294
26426
26558
26690
26822
26954
27086
27218
27350
27482
27614
27746
19827
19959
20091
20223
20355
20487
20619
20751
20883
21015
21147
21279
21411
21543
21675
21807
21939
22071
22203
22335
22467
22599
22731
22863
22995
23127
23259
23391
23523
23655
23787
23919
24051
24183
24315
24447
24579
24711
24843
24975
25107
25239
25371
25503
25635
25767
25899
26031
26163
26295
26427
26559
26691
26823
26955
27087
27219
27351
27483
27615
27747
27748
27757
27766
27775
27784
27793
27802
27811
27820
27829
27838
27847
27856
27865
27874
27883
27892
27901
27910
27919
27928
27937
27946
27955
27964
27973
27982
27991
28000
28009
28018
28027
28036
28045
28054
28063
28072
28081
28090
28099
28108
28117
28126
28135
28144
28153
28162
28171
28180
28189
28198
28207
28216
28225
28234
28243
28252
28261
28270
28279
28288
27749
27758
27767
27776
27785
27794
27803
27812
27821
27830
27839
27848
27857
27866
27875
27884
27893
27902
27911
27920
27929
27938
27947
27956
27965
27974
27983
27992
28001
28010
28019
28028
28037
28046
28055
28064
28073
28082
28091
28100
28109
28118
28127
28136
28145
28154
28163
28172
28181
28190
28199
28208
28217
28226
28235
28244
28253
28262
28271
28280
28289
27750
27759
27768
27777
27786
27795
27804
27813
27822
27831
27840
27849
27858
27867
27876
27885
27894
27903
27912
27921
27930
27939
27948
27957
27966
27975
27984
27993
28002
28011
28020
28029
28038
28047
28056
28065
28074
28083
28092
28101
28110
28119
28128
28137
28146
28155
28164
28173
28182
28191
28200
28209
28218
28227
28236
28245
28254
28263
28272
28281
28290
27751
27760
27769
27778
27787
27796
27805
27814
27823
27832
27841
27850
27859
27868
27877
27886
27895
27904
27913
27922
27931
27940
27949
27958
27967
27976
27985
27994
28003
28012
28021
28030
28039
28048
28057
28066
28075
28084
28093
28102
28111
28120
28129
28138
28147
28156
28165
28174
28183
28192
28201
28210
28219
28228
28237
28246
28255
28264
28273
28282
28291
27752
27761
27770
27779
27788
27797
27806
27815
27824
27833
27842
27851
27860
27869
27878
27887
27896
27905
27914
27923
27932
27941
27950
27959
27968
27977
27986
27995
28004
28013
28022
28031
28040
28049
28058
28067
28076
28085
28094
28103
28112
28121
28130
28139
28148
28157
28166
28175
28184
28193
28202
28211
28220
28229
28238
28247
28256
28265
28274
28283
28292
27753
27762
27771
27780
27789
27798
27807
27816
27825
27834
27843
27852
27861
27870
27879
27888
27897
27906
27915
27924
27933
27942
27951
27960
27969
27978
27987
27996
28005
28014
28023
28032
28041
28050
28059
28068
28077
28086
28095
28104
28113
28122
28131
28140
28149
28158
28167
28176
28185
28194
28203
28212
28221
28230
28239
28248
28257
28266
28275
28284
28293
27754
27763
27772
27781
27790
27799
27808
27817
27826
27835
27844
27853
27862
27871
27880
27889
27898
27907
27916
27925
27934
27943
27952
27961
27970
27979
27988
27997
28006
28015
28024
28033
28042
28051
28060
28069
28078
28087
28096
28105
28114
28123
28132
28141
28150
28159
28168
28177
28186
28195
28204
28213
28222
28231
28240
28249
28258
28267
28276
28285
28294
27755
27764
27773
27782
27791
27800
27809
27818
27827
27836
27845
27854
27863
27872
27881
27890
27899
27908
27917
27926
27935
27944
27953
27962
27971
27980
27989
27998
28007
28016
28025
28034
28043
28052
28061
28070
28079
28088
28097
28106
28115
28124
28133
28142
28151
28160
28169
28178
28187
28196
28205
28214
28223
28232
28241
28250
28259
28268
28277
28286
28295
27756
27765
27774
27783
27792
27801
27810
27819
27828
27837
27846
27855
27864
27873
27882
27891
27900
27909
27918
27927
27936
27945
27954
27963
27972
27981
27990
27999
28008
28017
28026
28035
28044
28053
28062
28071
28080
28089
28098
28107
28116
28125
28134
28143
28152
28161
28170
28179
28188
28197
28206
28215
28224
28233
28242
28251
28260
28269
28278
28287
28296
36107
36116
36125
36134
36143
36152
36161
36170
36179
36188
36197
36206
36215
36224
36233
36242
36251
36260
36269
36278
36287
36296
36305
36314
36323
36332
36341
36350
36359
36368
36377
36386
36395
36404
36413
36422
36431
36440
36449
36458
36467
36476
36485
36494
36503
36512
36521
36530
36539
36548
36557
36566
36575
36584
36593
36602
36611
36620
36629
36638
36647
36108
36117
36126
36135
36144
36153
36162
36171
36180
36189
36198
36207
36216
36225
36234
36243
36252
36261
36270
36279
36288
36297
36306
36315
36324
36333
36342
36351
36360
36369
36378
36387
36396
36405
36414
36423
36432
36441
36450
36459
36468
36477
36486
36495
36504
36513
36522
36531
36540
36549
36558
36567
36576
36585
36594
36603
36612
36621
36630
36639
36648
36109
36118
36127
36136
36145
36154
36163
36172
36181
36190
36199
36208
36217
36226
36235
36244
36253
36262
36271
36280
36289
36298
36307
36316
36325
36334
36343
36352
36361
36370
36379
36388
36397
36406
36415
36424
36433
36442
36451
36460
36469
36478
36487
36496
36505
36514
36523
36532
36541
36550
36559
36568
36577
36586
36595
36604
36613
36622
36631
36640
36649
36110
36119
36128
36137
36146
36155
36164
36173
36182
36191
36200
36209
36218
36227
36236
36245
36254
36263
36272
36281
36290
36299
36308
36317
36326
36335
36344
36353
36362
36371
36380
36389
36398
36407
36416
36425
36434
36443
36452
36461
36470
36479
36488
36497
36506
36515
36524
36533
36542
36551
36560
36569
36578
36587
36596
36605
36614
36623
36632
36641
36650
36111
36120
36129
36138
36147
36156
36165
36174
36183
36192
36201
36210
36219
36228
36237
36246
36255
36264
36273
36282
36291
36300
36309
36318
36327
36336
36345
36354
36363
36372
36381
36390
36399
36408
36417
36426
36435
36444
36453
36462
36471
36480
36489
36498
36507
36516
36525
36534
36543
36552
36561
36570
36579
36588
36597
36606
36615
36624
36633
36642
36651
36112
36121
36130
36139
36148
36157
36166
36175
36184
36193
36202
36211
36220
36229
36238
36247
36256
36265
36274
36283
36292
36301
36310
36319
36328
36337
36346
36355
36364
36373
36382
36391
36400
36409
36418
36427
36436
36445
36454
36463
36472
36481
36490
36499
36508
36517
36526
36535
36544
36553
36562
36571
36580
36589
36598
36607
36616
36625
36634
36643
36652
36113
36122
36131
36140
36149
36158
36167
36176
36185
36194
36203
36212
36221
36230
36239
36248
36257
36266
36275
36284
36293
36302
36311
36320
36329
36338
36347
36356
36365
36374
36383
36392
36401
36410
36419
36428
36437
36446
36455
36464
36473
36482
36491
36500
36509
36518
36527
36536
36545
36554
36563
36572
36581
36590
36599
36608
36617
36626
36635
36644
36653
36114
36123
36132
36141
36150
36159
36168
36177
36186
36195
36204
36213
36222
36231
36240
36249
36258
36267
36276
36285
36294
36303
36312
36321
36330
36339
36348
36357
36366
36375
36384
36393
36402
36411
36420
36429
36438
36447
36456
36465
36474
36483
36492
36501
36510
36519
36528
36537
36546
36555
36564
36573
36582
36591
36600
36609
36618
36627
36636
36645
36654
36115
36124
36133
36142
36151
36160
36169
36178
36187
36196
36205
36214
36223
36232
36241
36250
36259
36268
36277
36286
36295
36304
36313
36322
36331
36340
36349
36358
36367
36376
36385
36394
36403
36412
36421
36430
36439
36448
36457
36466
36475
36484
36493
36502
36511
36520
36529
36538
36547
36556
36565
36574
36583
36592
36601
36610
36619
36628
36637
36646
36655
29458
29567
29676
29785
29894
30003
30112
30221
30330
30439
30548
30657
30766
30875
30984
31093
31202
31311
31420
31529
31638
31747
31856
31965
32074
32183
32292
32401
32510
32619
32728
32837
32946
33055
33164
33273
33382
33491
33600
33709
33818
33927
34036
34145
34254
34363
34472
34581
34690
34799
34908
35017
35126
35235
35344
35453
35562
35671
35780
35889
35998
29459
29568
29677
29786
29895
30004
30113
30222
30331
30440
30549
30658
30767
30876
30985
31094
31203
31312
31421
31530
31639
31748
31857
31966
32075
32184
32293
32402
32511
32620
32729
32838
32947
33056
33165
33274
33383
33492
33601
33710
33819
33928
34037
34146
34255
34364
34473
34582
34691
34800
34909
35018
35127
35236
35345
35454
35563
35672
35781
35890
35999
29460
29569
29678
29787
29896
30005
30114
30223
30332
30441
30550
30659
30768
30877
30986
31095
31204
31313
31422
31531
31640
31749
31858
31967
32076
32185
32294
32403
32512
32621
32730
32839
32948
33057
33166
33275
33384
33493
33602
33711
33820
33929
34038
34147
34256
34365
34474
34583
34692
34801
34910
35019
35128
35237
35346
35455
35564
35673
35782
35891
36000
29461
29570
29679
29788
29897
30006
30115
30224
30333
30442
30551
30660
30769
30878
30987
31096
31205
31314
31423
31532
31641
31750
31859
31968
32077
32186
32295
32404
32513
32622
32731
32840
32949
33058
33167
33276
33385
33494
33603
33712
33821
33930
34039
34148
34257
34366
34475
34584
34693
34802
34911
35020
35129
35238
35347
35456
35565
35674
35783
35892
36001
29462
29571
29680
29789
29898
30007
30116
30225
30334
30443
30552
30661
30770
30879
30988
31097
31206
31315
31424
31533
31642
31751
31860
31969
32078
32187
32296
32405
32514
32623
32732
32841
32950
33059
33168
33277
33386
33495
33604
33713
33822
33931
34040
34149
34258
34367
34476
34585
34694
34803
34912
35021
35130
35239
35348
35457
35566
35675
35784
35893
36002
29463
29572
29681
29790
29899
30008
30117
30226
30335
30444
30553
30662
30771
30880
30989
31098
31207
31316
31425
31534
31643
31752
31861
31970
32079
32188
32297
32406
32515
32624
32733
32842
32951
33060
33169
33278
33387
33496
33605
33714
33823
33932
34041
34150
34259
34368
34477
34586
34695
34804
34913
35022
35131
35240
35349
35458
35567
35676
35785
35894
36003
29464
29573
29682
29791
29900
30009
30118
30227
30336
30445
30554
30663
30772
30881
30990
31099
31208
31317
31426
31535
31644
31753
31862
31971
32080
32189
32298
32407
32516
32625
32734
32843
32952
33061
33170
33279
33388
33497
33606
33715
33824
33933
34042
34151
34260
34369
34478
34587
34696
34805
34914
35023
35132
35241
35350
35459
35568
35677
35786
35895
36004
29465
29574
29683
29792
29901
30010
30119
30228
30337
30446
30555
30664
30773
30882
30991
31100
31209
31318
31427
31536
31645
31754
31863
31972
32081
32190
32299
32408
32517
32626
32735
32844
32953
33062
33171
33280
33389
33498
33607
33716
33825
33934
34043
34152
34261
34370
34479
34588
34697
34806
34915
35024
35133
35242
35351
35460
35569
35678
35787
35896
36005
29466
29575
29684
29793
29902
30011
30120
30229
30338
30447
30556
30665
30774
30883
30992
31101
31210
31319
31428
31537
31646
31755
31864
31973
32082
32191
32300
32409
32518
32627
32736
32845
32954
33063
33172
33281
33390
33499
33608
33717
33826
33935
34044
34153
34262
34371
34480
34589
34698
34807
34916
35025
35134
35243
35352
35461
35570
35679
35788
35897
36006
29467
29576
29685
29794
29903
30012
30121
30230
30339
30448
30557
30666
30775
30884
30993
31102
31211
31320
31429
31538
31647
31756
31865
31974
32083
32192
32301
32410
32519
32628
32737
32846
32955
33064
33173
33282
33391
33500
33609
33718
33827
33936
34045
34154
34263
34372
34481
34590
34699
34808
34917
35026
35135
35244
35353
35462
35571
35680
35789
35898
36007
29468
29577
29686
29795
29904
30013
30122
30231
30340
30449
30558
30667
30776
30885
30994
31103
31212
31321
31430
31539
31648
31757
31866
31975
32084
32193
32302
32411
32520
32629
32738
32847
32956
33065
33174
33283
33392
33501
33610
33719
33828
33937
34046
34155
34264
34373
34482
34591
34700
34809
34918
35027
35136
35245
35354
35463
35572
35681
35790
35899
36008
29469
29578
29687
29796
29905
30014
30123
30232
30341
30450
30559
30668
30777
30886
30995
31104
31213
31322
31431
31540
31649
31758
31867
31976
32085
32194
32303
32412
32521
32630
32739
32848
32957
33066
33175
33284
33393
33502
33611
33720
33829
33938
34047
34156
34265
34374
34483
34592
34701
34810
34919
35028
35137
35246
35355
35464
35573
35682
35791
35900
36009
29470
29579
29688
29797
29906
30015
30124
30233
30342
30451
30560
30669
30778
30887
30996
31105
31214
31323
31432
31541
31650
31759
31868
31977
32086
32195
32304
32413
32522
32631
32740
32849
32958
33067
33176
33285
33394
33503
33612
33721
33830
33939
34048
34157
34266
34375
34484
34593
34702
34811
34920
35029
35138
35247
35356
35465
35574
35683
35792
35901
36010
29471
29580
29689
29798
29907
30016
30125
30234
30343
30452
30561
30670
30779
30888
30997
31106
31215
31324
31433
31542
31651
31760
31869
31978
32087
32196
32305
32414
32523
32632
32741
32850
32959
33068
33177
33286
33395
33504
33613
33722
33831
33940
34049
34158
34267
34376
34485
34594
34703
34812
34921
35030
35139
35248
35357
35466
35575
35684
35793
35902
36011
29472
29581
29690
29799
29908
30017
30126
30235
30344
30453
30562
30671
30780
30889
30998
31107
31216
31325
31434
31543
31652
31761
31870
31979
32088
32197
32306
32415
32524
32633
32742
32851
32960
33069
33178
33287
33396
33505
33614
33723
33832
33941
34050
34159
34268
34377
34486
34595
34704
34813
34922
35031
35140
35249
35358
35467
35576
35685
35794
35903
36012
29473
29582
29691
29800
29909
30018
30127
30236
30345
30454
30563
30672
30781
30890
30999
31108
31217
31326
31435
31544
31653
31762
31871
31980
32089
32198
32307
32416
32525
32634
32743
32852
32961
33070
33179
33288
33397
33506
33615
33724
33833
33942
34051
34160
34269
34378
34487
34596
34705
34814
34923
35032
35141
35250
35359
35468
35577
35686
35795
35904
36013
29474
29583
29692
29801
29910
30019
30128
30237
30346
30455
30564
30673
30782
30891
31000
31109
31218
31327
31436
31545
31654
31763
31872
31981
32090
32199
32308
32417
32526
32635
32744
32853
32962
33071
33180
33289
33398
33507
33616
33725
33834
33943
34052
34161
34270
34379
34488
34597
34706
34815
34924
35033
35142
35251
35360
35469
35578
35687
35796
35905
36014
29475
29584
29693
29802
29911
30020
30129
30238
30347
30456
30565
30674
30783
30892
31001
31110
31219
31328
31437
31546
31655
31764
31873
31982
32091
32200
32309
32418
32527
32636
32745
32854
32963
33072
33181
33290
33399
33508
33617
33726
33835
33944
34053
34162
34271
34380
34489
34598
34707
34816
34925
35034
35143
35252
35361
35470
35579
35688
35797
35906
36015
29476
29585
29694
29803
29912
30021
30130
30239
30348
30457
30566
30675
30784
30893
31002
31111
31220
31329
31438
31547
31656
31765
31874
31983
32092
32201
32310
32419
32528
32637
32746
32855
32964
33073
33182
33291
33400
33509
33618
33727
33836
33945
34054
34163
34272
34381
34490
34599
34708
34817
34926
35035
35144
35253
35362
35471
35580
35689
35798
35907
36016
29477
29586
29695
29804
29913
30022
30131
30240
30349
30458
30567
30676
30785
30894
31003
31112
31221
31330
31439
31548
31657
31766
31875
31984
32093
32202
32311
32420
32529
32638
32747
32856
32965
33074
33183
33292
33401
33510
33619
33728
33837
33946
34055
34164
34273
34382
34491
34600
34709
34818
34927
35036
35145
35254
35363
35472
35581
35690
35799
35908
36017
29478
29587
29696
29805
29914
30023
30132
30241
30350
30459
30568
30677
30786
30895
31004
31113
31222
31331
31440
31549
31658
31767
31876
31985
32094
32203
32312
32421
32530
32639
32748
32857
32966
33075
33184
33293
33402
33511
33620
33729
33838
33947
34056
34165
34274
34383
34492
34601
34710
34819
34928
35037
35146
35255
35364
35473
35582
35691
35800
35909
36018
29479
29588
29697
29806
29915
30024
30133
30242
30351
30460
30569
30678
30787
30896
31005
31114
31223
31332
31441
31550
31659
31768
31877
31986
32095
32204
32313
32422
32531
32640
32749
32858
32967
33076
33185
33294
33403
33512
33621
33730
33839
33948
34057
34166
34275
34384
34493
34602
34711
34820
34929
35038
35147
35256
35365
35474
35583
35692
35801
35910
36019
29480
29589
29698
29807
29916
30025
30134
30243
30352
30461
30570
30679
30788
30897
31006
31115
31224
31333
31442
31551
31660
31769
31878
31987
32096
32205
32314
32423
32532
32641
32750
32859
32968
33077
33186
33295
33404
33513
33622
33731
33840
33949
34058
34167
34276
34385
34494
34603
34712
34821
34930
35039
35148
35257
35366
35475
35584
35693
35802
35911
36020
29481
29590
29699
29808
29917
30026
30135
30244
30353
30462
30571
30680
30789
30898
31007
31116
31225
31334
31443
31552
31661
31770
31879
31988
32097
32206
32315
32424
32533
32642
32751
32860
32969
33078
33187
33296
33405
33514
33623
33732
33841
33950
34059
34168
34277
34386
34495
34604
34713
34822
34931
35040
35149
35258
35367
35476
35585
35694
35803
35912
36021
29482
29591
29700
29809
29918
30027
30136
30245
30354
30463
30572
30681
30790
30899
31008
31117
31226
31335
31444
31553
31662
31771
31880
31989
32098
32207
32316
32425
32534
32643
32752
32861
32970
33079
33188
33297
33406
33515
33624
33733
33842
33951
34060
34169
34278
34387
34496
34605
34714
34823
34932
35041
35150
35259
35368
35477
35586
35695
35804
35913
36022
29483
29592
29701
29810
29919
30028
30137
30246
30355
30464
30573
30682
30791
30900
31009
31118
31227
31336
31445
31554
31663
31772
31881
31990
32099
32208
32317
32426
32535
32644
32753
32862
32971
33080
33189
33298
33407
33516
33625
33734
33843
33952
34061
34170
34279
34388
34497
34606
34715
34824
34933
35042
35151
35260
35369
35478
35587
35696
35805
35914
36023
29484
29593
29702
29811
29920
30029
30138
30247
30356
30465
30574
30683
30792
30901
31010
31119
31228
31337
31446
31555
31664
31773
31882
31991
32100
32209
32318
32427
32536
32645
32754
32863
32972
33081
33190
33299
33408
33517
33626
33735
33844
33953
34062
34171
34280
34389
34498
34607
34716
34825
34934
35043
35152
35261
35370
35479
35588
35697
35806
35915
36024
29485
29594
29703
29812
29921
30030
30139
30248
30357
30466
30575
30684
30793
30902
31011
31120
31229
31338
31447
31556
31665
31774
31883
31992
32101
32210
32319
32428
32537
32646
32755
32864
32973
33082
33191
33300
33409
33518
33627
33736
33845
33954
34063
34172
34281
34390
34499
34608
34717
34826
34935
35044
35153
35262
35371
35480
35589
35698
35807
35916
36025
29486
29595
29704
29813
29922
30031
30140
30249
30358
30467
30576
30685
30794
30903
31012
31121
31230
31339
31448
31557
31666
31775
31884
31993
32102
32211
32320
32429
32538
32647
32756
32865
32974
33083
33192
33301
33410
33519
33628
33737
33846
33955
34064
34173
34282
34391
34500
34609
34718
34827
34936
35045
35154
35263
35372
35481
35590
35699
35808
35917
36026
29487
29596
29705
29814
29923
30032
30141
30250
30359
30468
30577
30686
30795
30904
31013
31122
31231
31340
31449
31558
31667
31776
31885
31994
32103
32212
32321
32430
32539
32648
32757
32866
32975
33084
33193
33302
33411
33520
33629
33738
33847
33956
34065
34174
34283
34392
34501
34610
34719
34828
34937
35046
35155
35264
35373
35482
35591
35700
35809
35918
36027
29488
29597
29706
29815
29924
30033
30142
30251
30360
30469
30578
30687
30796
30905
31014
31123
31232
31341
31450
31559
31668
31777
31886
31995
32104
32213
32322
32431
32540
32649
32758
32867
32976
33085
33194
33303
33412
33521
33630
33739
33848
33957
34066
34175
34284
34393
34502
34611
34720
34829
34938
35047
35156
35265
35374
35483
35592
35701
35810
35919
36028
29489
29598
29707
29816
29925
30034
30143
30252
30361
30470
30579
30688
30797
30906
31015
31124
31233
31342
31451
31560
31669
31778
31887
31996
32105
32214
32323
32432
32541
32650
32759
32868
32977
33086
33195
33304
33413
33522
33631
33740
33849
33958
34067
34176
34285
34394
34503
34612
34721
34830
34939
35048
35157
35266
35375
35484
35593
35702
35811
35920
36029
29490
29599
29708
29817
29926
30035
30144
30253
30362
30471
30580
30689
30798
30907
31016
31125
31234
31343
31452
31561
31670
31779
31888
31997
32106
32215
32324
32433
32542
32651
32760
32869
32978
33087
33196
33305
33414
33523
33632
33741
33850
33959
34068
34177
34286
34395
34504
34613
34722
34831
34940
35049
35158
35267
35376
35485
35594
35703
35812
35921
36030
29491
29600
29709
29818
29927
30036
30145
30254
30363
30472
30581
30690
30799
30908
31017
31126
31235
31344
31453
31562
31671
31780
31889
31998
32107
32216
32325
32434
32543
32652
32761
32870
32979
33088
33197
33306
33415
33524
33633
33742
33851
33960
34069
34178
34287
34396
34505
34614
34723
34832
34941
35050
35159
35268
35377
35486
35595
35704
35813
35922
36031
29492
29601
29710
29819
29928
30037
30146
30255
30364
30473
30582
30691
30800
30909
31018
31127
31236
31345
31454
31563
31672
31781
31890
31999
32108
32217
32326
32435
32544
32653
32762
32871
32980
33089
33198
33307
33416
33525
33634
33743
33852
33961
34070
34179
34288
34397
34506
34615
34724
34833
34942
35051
35160
35269
35378
35487
35596
35705
35814
35923
36032
29493
29602
29711
29820
29929
30038
30147
30256
30365
30474
30583
30692
30801
30910
31019
31128
31237
31346
31455
31564
31673
31782
31891
32000
32109
32218
32327
32436
32545
32654
32763
32872
32981
33090
33199
33308
33417
33526
33635
33744
33853
33962
34071
34180
34289
34398
34507
34616
34725
34834
34943
35052
35161
35270
35379
35488
35597
35706
35815
35924
36033
29494
29603
29712
29821
29930
30039
30148
30257
30366
30475
30584
30693
30802
30911
31020
31129
31238
31347
31456
31565
31674
31783
31892
32001
32110
32219
32328
32437
32546
32655
32764
32873
32982
33091
33200
33309
33418
33527
33636
33745
33854
33963
34072
34181
34290
34399
34508
34617
34726
34835
34944
35053
35162
35271
35380
35489
35598
35707
35816
35925
36034
29495
29604
29713
29822
29931
30040
30149
30258
30367
30476
30585
30694
30803
30912
31021
31130
31239
31348
31457
31566
31675
31784
31893
32002
32111
32220
32329
32438
32547
32656
32765
32874
32983
33092
33201
33310
33419
33528
33637
33746
33855
33964
34073
34182
34291
34400
34509
34618
34727
34836
34945
35054
35163
35272
35381
35490
35599
35708
35817
35926
36035
29496
29605
29714
29823
29932
30041
30150
30259
30368
30477
30586
30695
30804
30913
31022
31131
31240
31349
31458
31567
31676
31785
31894
32003
32112
32221
32330
32439
32548
32657
32766
32875
32984
33093
33202
33311
33420
33529
33638
33747
33856
33965
34074
34183
34292
34401
34510
34619
34728
34837
34946
35055
35164
35273
35382
35491
35600
35709
35818
35927
36036
29497
29606
29715
29824
29933
30042
30151
30260
30369
30478
30587
30696
30805
30914
31023
31132
31241
31350
31459
31568
31677
31786
31895
32004
32113
32222
32331
32440
32549
32658
32767
32876
32985
33094
33203
33312
33421
33530
33639
33748
33857
33966
34075
34184
34293
34402
34511
34620
34729
34838
34947
35056
35165
35274
35383
35492
35601
35710
35819
35928
36037
29498
29607
29716
29825
29934
30043
30152
30261
30370
30479
30588
30697
30806
30915
31024
31133
31242
31351
31460
31569
31678
31787
31896
32005
32114
32223
32332
32441
32550
32659
32768
32877
32986
33095
33204
33313
33422
33531
33640
33749
33858
33967
34076
34185
34294
34403
34512
34621
34730
34839
34948
35057
35166
35275
35384
35493
35602
35711
35820
35929
36038
29499
29608
29717
29826
29935
30044
30153
30262
30371
30480
30589
30698
30807
30916
31025
31134
31243
31352
31461
31570
31679
31788
31897
32006
32115
32224
32333
32442
32551
32660
32769
32878
32987
33096
33205
33314
33423
33532
33641
33750
33859
33968
34077
34186
34295
34404
34513
34622
34731
34840
34949
35058
35167
35276
35385
35494
35603
35712
35821
35930
36039
29500
29609
29718
29827
29936
30045
30154
30263
30372
30481
30590
30699
30808
30917
31026
31135
31244
31353
31462
31571
31680
31789
31898
32007
32116
32225
32334
32443
32552
32661
32770
32879
32988
33097
33206
33315
33424
33533
33642
33751
33860
33969
34078
34187
34296
34405
34514
34623
34732
34841
34950
35059
35168
35277
35386
35495
35604
35713
35822
35931
36040
29501
29610
29719
29828
29937
30046
30155
30264
30373
30482
30591
30700
30809
30918
31027
31136
31245
31354
31463
31572
31681
31790
31899
32008
32117
32226
32335
32444
32553
32662
32771
32880
32989
33098
33207
33316
33425
33534
33643
33752
33861
33970
34079
34188
34297
34406
34515
34624
34733
34842
34951
35060
35169
35278
35387
35496
35605
35714
35823
35932
36041
29502
29611
29720
29829
29938
30047
30156
30265
30374
30483
30592
30701
30810
30919
31028
31137
31246
31355
31464
31573
31682
31791
31900
32009
32118
32227
32336
32445
32554
32663
32772
32881
32990
33099
33208
33317
33426
33535
33644
33753
33862
33971
34080
34189
34298
34407
34516
34625
34734
34843
34952
35061
35170
35279
35388
35497
35606
35715
35824
35933
36042
29503
29612
29721
29830
29939
30048
30157
30266
30375
30484
30593
30702
30811
30920
31029
31138
31247
31356
31465
31574
31683
31792
31901
32010
32119
32228
32337
32446
32555
32664
32773
32882
32991
33100
33209
33318
33427
33536
33645
33754
33863
33972
34081
34190
34299
34408
34517
34626
34735
34844
34953
35062
35171
35280
35389
35498
35607
35716
35825
35934
36043
29504
29613
29722
29831
29940
30049
30158
30267
30376
30485
30594
30703
30812
30921
31030
31139
31248
31357
31466
31575
31684
31793
31902
32011
32120
32229
32338
32447
32556
32665
32774
32883
32992
33101
33210
33319
33428
33537
33646
33755
33864
33973
34082
34191
34300
34409
34518
34627
34736
34845
34954
35063
35172
35281
35390
35499
35608
35717
35826
35935
36044
29505
29614
29723
29832
29941
30050
30159
30268
30377
30486
30595
30704
30813
30922
31031
31140
31249
31358
31467
31576
31685
31794
31903
32012
32121
32230
32339
32448
32557
32666
32775
32884
32993
33102
33211
33320
33429
33538
33647
33756
33865
33974
34083
34192
34301
34410
34519
34628
34737
34846
34955
35064
35173
35282
35391
35500
35609
35718
35827
35936
36045
29506
29615
29724
29833
29942
30051
30160
30269
30378
30487
30596
30705
30814
30923
31032
31141
31250
31359
31468
31577
31686
31795
31904
32013
32122
32231
32340
32449
32558
32667
32776
32885
32994
33103
33212
33321
33430
33539
33648
33757
33866
33975
34084
34193
34302
34411
34520
34629
34738
34847
34956
35065
35174
35283
35392
35501
35610
35719
35828
35937
36046
29507
29616
29725
29834
29943
30052
30161
30270
30379
30488
30597
30706
30815
30924
31033
31142
31251
31360
31469
31578
31687
31796
31905
32014
32123
32232
32341
32450
32559
32668
32777
32886
32995
33104
33213
33322
33431
33540
33649
33758
33867
33976
34085
34194
34303
34412
34521
34630
34739
34848
34957
35066
35175
35284
35393
35502
35611
35720
35829
35938
36047
29508
29617
29726
29835
29944
30053
30162
30271
30380
30489
30598
30707
30816
30925
31034
31143
31252
31361
31470
31579
31688
31797
31906
32015
32124
32233
32342
32451
32560
32669
32778
32887
32996
33105
33214
33323
33432
33541
33650
33759
33868
33977
34086
34195
34304
34413
34522
34631
34740
34849
34958
35067
35176
35285
35394
35503
35612
35721
35830
35939
36048
29509
29618
29727
29836
29945
30054
30163
30272
30381
30490
30599
30708
30817
30926
31035
31144
31253
31362
31471
31580
31689
31798
31907
32016
32125
32234
32343
32452
32561
32670
32779
32888
32997
33106
33215
33324
33433
33542
33651
33760
33869
33978
34087
34196
34305
34414
34523
34632
34741
34850
34959
35068
35177
35286
35395
35504
35613
35722
35831
35940
36049
29510
29619
29728
29837
29946
30055
30164
30273
30382
30491
30600
30709
30818
30927
31036
31145
31254
31363
31472
31581
31690
31799
31908
32017
32126
32235
32344
32453
32562
32671
32780
32889
32998
33107
33216
33325
33434
33543
33652
33761
33870
33979
34088
34197
34306
34415
34524
34633
34742
34851
34960
35069
35178
35287
35396
35505
35614
35723
35832
35941
36050
29511
29620
29729
29838
29947
30056
30165
30274
30383
30492
30601
30710
30819
30928
31037
31146
31255
31364
31473
31582
31691
31800
31909
32018
32127
32236
32345
32454
32563
32672
32781
32890
32999
33108
33217
33326
33435
33544
33653
33762
33871
33980
34089
34198
34307
34416
34525
34634
34743
34852
34961
35070
35179
35288
35397
35506
35615
35724
35833
35942
36051
29512
29621
29730
29839
29948
30057
30166
30275
30384
30493
30602
30711
30820
30929
31038
31147
31256
31365
31474
31583
31692
31801
31910
32019
32128
32237
32346
32455
32564
32673
32782
32891
33000
33109
33218
33327
33436
33545
33654
33763
33872
33981
34090
34199
34308
34417
34526
34635
34744
34853
34962
35071
35180
35289
35398
35507
35616
35725
35834
35943
36052
29513
29622
29731
29840
29949
30058
30167
30276
30385
30494
30603
30712
30821
30930
31039
31148
31257
31366
31475
31584
31693
31802
31911
32020
32129
32238
32347
32456
32565
32674
32783
32892
33001
33110
33219
33328
33437
33546
33655
33764
33873
33982
34091
34200
34309
34418
34527
34636
34745
34854
34963
35072
35181
35290
35399
35508
35617
35726
35835
35944
36053
29514
29623
29732
29841
29950
30059
30168
30277
30386
30495
30604
30713
30822
30931
31040
31149
31258
31367
31476
31585
31694
31803
31912
32021
32130
32239
32348
32457
32566
32675
32784
32893
33002
33111
33220
33329
33438
33547
33656
33765
33874
33983
34092
34201
34310
34419
34528
34637
34746
34855
34964
35073
35182
35291
35400
35509
35618
35727
35836
35945
36054
29515
29624
29733
29842
29951
30060
30169
30278
30387
30496
30605
30714
30823
30932
31041
31150
31259
31368
31477
31586
31695
31804
31913
32022
32131
32240
32349
32458
32567
32676
32785
32894
33003
33112
33221
33330
33439
33548
33657
33766
33875
33984
34093
34202
34311
34420
34529
34638
34747
34856
34965
35074
35183
35292
35401
35510
35619
35728
35837
35946
36055
29516
29625
29734
29843
29952
30061
30170
30279
30388
30497
30606
30715
30824
30933
31042
31151
31260
31369
31478
31587
31696
31805
31914
32023
32132
32241
32350
32459
32568
32677
32786
32895
33004
33113
33222
33331
33440
33549
33658
33767
33876
33985
34094
34203
34312
34421
34530
34639
34748
34857
34966
35075
35184
35293
35402
35511
35620
35729
35838
35947
36056
29517
29626
29735
29844
29953
30062
30171
30280
30389
30498
30607
30716
30825
30934
31043
31152
31261
31370
31479
31588
31697
31806
31915
32024
32133
32242
32351
32460
32569
32678
32787
32896
33005
33114
33223
33332
33441
33550
33659
33768
33877
33986
34095
34204
34313
34422
34531
34640
34749
34858
34967
35076
35185
35294
35403
35512
35621
35730
35839
35948
36057
29518
29627
29736
29845
29954
30063
30172
30281
30390
30499
30608
30717
30826
30935
31044
31153
31262
31371
31480
31589
31698
31807
31916
32025
32134
32243
32352
32461
32570
32679
32788
32897
33006
33115
33224
33333
33442
33551
33660
33769
33878
33987
34096
34205
34314
34423
34532
34641
34750
34859
34968
35077
35186
35295
35404
35513
35622
35731
35840
35949
36058
29519
29628
29737
29846
29955
30064
30173
30282
30391
30500
30609
30718
30827
30936
31045
31154
31263
31372
31481
31590
31699
31808
31917
32026
32135
32244
32353
32462
32571
32680
32789
32898
33007
33116
33225
33334
33443
33552
33661
33770
33879
33988
34097
34206
34315
34424
34533
34642
34751
34860
34969
35078
35187
35296
35405
35514
35623
35732
35841
35950
36059
29520
29629
29738
29847
29956
30065
30174
30283
30392
30501
30610
30719
30828
30937
31046
31155
31264
31373
31482
31591
31700
31809
31918
32027
32136
32245
32354
32463
32572
32681
32790
32899
33008
33117
33226
33335
33444
33553
33662
33771
33880
33989
34098
34207
34316
34425
34534
34643
34752
34861
34970
35079
35188
35297
35406
35515
35624
35733
35842
35951
36060
29521
29630
29739
29848
29957
30066
30175
30284
30393
30502
30611
30720
30829
30938
31047
31156
31265
31374
31483
31592
31701
31810
31919
32028
32137
32246
32355
32464
32573
32682
32791
32900
33009
33118
33227
33336
33445
33554
33663
33772
33881
33990
34099
34208
34317
34426
34535
34644
34753
34862
34971
35080
35189
35298
35407
35516
35625
35734
35843
35952
36061
29522
29631
29740
29849
29958
30067
30176
30285
30394
30503
30612
30721
30830
30939
31048
31157
31266
31375
31484
31593
31702
31811
31920
32029
32138
32247
32356
32465
32574
32683
32792
32901
33010
33119
33228
33337
33446
33555
33664
33773
33882
33991
34100
34209
34318
34427
34536
34645
34754
34863
34972
35081
35190
35299
35408
35517
35626
35735
35844
35953
36062
29523
29632
29741
29850
29959
30068
30177
30286
30395
30504
30613
30722
30831
30940
31049
31158
31267
31376
31485
31594
31703
31812
31921
32030
32139
32248
32357
32466
32575
32684
32793
32902
33011
33120
33229
33338
33447
33556
33665
33774
33883
33992
34101
34210
34319
34428
34537
34646
34755
34864
34973
35082
35191
35300
35409
35518
35627
35736
35845
35954
36063
29524
29633
29742
29851
29960
30069
30178
30287
30396
30505
30614
30723
30832
30941
31050
31159
31268
31377
31486
31595
31704
31813
31922
32031
32140
32249
32358
32467
32576
32685
32794
32903
33012
33121
33230
33339
33448
33557
33666
33775
33884
33993
34102
34211
34320
34429
34538
34647
34756
34865
34974
35083
35192
35301
35410
35519
35628
35737
35846
35955
36064
29525
29634
29743
29852
29961
30070
30179
30288
30397
30506
30615
30724
30833
30942
31051
31160
31269
31378
31487
31596
31705
31814
31923
32032
32141
32250
32359
32468
32577
32686
32795
32904
33013
33122
33231
33340
33449
33558
33667
33776
33885
33994
34103
34212
34321
34430
34539
34648
34757
34866
34975
35084
35193
35302
35411
35520
35629
35738
35847
35956
36065
29526
29635
29744
29853
29962
30071
30180
30289
30398
30507
30616
30725
30834
30943
31052
31161
31270
31379
31488
31597
31706
31815
31924
32033
32142
32251
32360
32469
32578
32687
32796
32905
33014
33123
33232
33341
33450
33559
33668
33777
33886
33995
34104
34213
34322
34431
34540
34649
34758
34867
34976
35085
35194
35303
35412
35521
35630
35739
35848
35957
36066
29527
29636
29745
29854
29963
30072
30181
30290
30399
30508
30617
30726
30835
30944
31053
31162
31271
31380
31489
31598
31707
31816
31925
32034
32143
32252
32361
32470
32579
32688
32797
32906
33015
33124
33233
33342
33451
33560
33669
33778
33887
33996
34105
34214
34323
34432
34541
34650
34759
34868
34977
35086
35195
35304
35413
35522
35631
35740
35849
35958
36067
29528
29637
29746
29855
29964
30073
30182
30291
30400
30509
30618
30727
30836
30945
31054
31163
31272
31381
31490
31599
31708
31817
31926
32035
32144
32253
32362
32471
32580
32689
32798
32907
33016
33125
33234
33343
33452
33561
33670
33779
33888
33997
34106
34215
34324
34433
34542
34651
34760
34869
34978
35087
35196
35305
35414
35523
35632
35741
35850
35959
36068
29529
29638
29747
29856
29965
30074
30183
30292
30401
30510
30619
30728
30837
30946
31055
31164
31273
31382
31491
31600
31709
31818
31927
32036
32145
32254
32363
32472
32581
32690
32799
32908
33017
33126
33235
33344
33453
33562
33671
33780
33889
33998
34107
34216
34325
34434
34543
34652
34761
34870
34979
35088
35197
35306
35415
35524
35633
35742
35851
35960
36069
29530
29639
29748
29857
29966
30075
30184
30293
30402
30511
30620
30729
30838
30947
31056
31165
31274
31383
31492
31601
31710
31819
31928
32037
32146
32255
32364
32473
32582
32691
32800
32909
33018
33127
33236
33345
33454
33563
33672
33781
33890
33999
34108
34217
34326
34435
34544
34653
34762
34871
34980
35089
35198
35307
35416
35525
35634
35743
35852
35961
36070
29531
29640
29749
29858
29967
30076
30185
30294
30403
30512
30621
30730
30839
30948
31057
31166
31275
31384
31493
31602
31711
31820
31929
32038
32147
32256
32365
32474
32583
32692
32801
32910
33019
33128
33237
33346
33455
33564
33673
33782
33891
34000
34109
34218
34327
34436
34545
34654
34763
34872
34981
35090
35199
35308
35417
35526
35635
35744
35853
35962
36071
29532
29641
29750
29859
29968
30077
30186
30295
30404
30513
30622
30731
30840
30949
31058
31167
31276
31385
31494
31603
31712
31821
31930
32039
32148
32257
32366
32475
32584
32693
32802
32911
33020
33129
33238
33347
33456
33565
33674
33783
33892
34001
34110
34219
34328
34437
34546
34655
34764
34873
34982
35091
35200
35309
35418
35527
35636
35745
35854
35963
36072
29533
29642
29751
29860
29969
30078
30187
30296
30405
30514
30623
30732
30841
30950
31059
31168
31277
31386
31495
31604
31713
31822
31931
32040
32149
32258
32367
32476
32585
32694
32803
32912
33021
33130
33239
33348
33457
33566
33675
33784
33893
34002
34111
34220
34329
34438
34547
34656
34765
34874
34983
35092
35201
35310
35419
35528
35637
35746
35855
35964
36073
29534
29643
29752
29861
29970
30079
30188
30297
30406
30515
30624
30733
30842
30951
31060
31169
31278
31387
31496
31605
31714
31823
31932
32041
32150
32259
32368
32477
32586
32695
32804
32913
33022
33131
33240
33349
33458
33567
33676
33785
33894
34003
34112
34221
34330
34439
34548
34657
34766
34875
34984
35093
35202
35311
35420
35529
35638
35747
35856
35965
36074
29535
29644
29753
29862
29971
30080
30189
30298
30407
30516
30625
30734
30843
30952
31061
31170
31279
31388
31497
31606
31715
31824
31933
32042
32151
32260
32369
32478
32587
32696
32805
32914
33023
33132
33241
33350
33459
33568
33677
33786
33895
34004
34113
34222
34331
34440
34549
34658
34767
34876
34985
35094
35203
35312
35421
35530
35639
35748
35857
35966
36075
29536
29645
29754
29863
29972
30081
30190
30299
30408
30517
30626
30735
30844
30953
31062
31171
31280
31389
31498
31607
31716
31825
31934
32043
32152
32261
32370
32479
32588
32697
32806
32915
33024
33133
33242
33351
33460
33569
33678
33787
33896
34005
34114
34223
34332
34441
34550
34659
34768
34877
34986
35095
35204
35313
35422
35531
35640
35749
35858
35967
36076
29537
29646
29755
29864
29973
30082
30191
30300
30409
30518
30627
30736
30845
30954
31063
31172
31281
31390
31499
31608
31717
31826
31935
32044
32153
32262
32371
32480
32589
32698
32807
32916
33025
33134
33243
33352
33461
33570
33679
33788
33897
34006
34115
34224
34333
34442
34551
34660
34769
34878
34987
35096
35205
35314
35423
35532
35641
35750
35859
35968
36077
29538
29647
29756
29865
29974
30083
30192
30301
30410
30519
30628
30737
30846
30955
31064
31173
31282
31391
31500
31609
31718
31827
31936
32045
32154
32263
32372
32481
32590
32699
32808
32917
33026
33135
33244
33353
33462
33571
33680
33789
33898
34007
34116
34225
34334
34443
34552
34661
34770
34879
34988
35097
35206
35315
35424
35533
35642
35751
35860
35969
36078
29539
29648
29757
29866
29975
30084
30193
30302
30411
30520
30629
30738
30847
30956
31065
31174
31283
31392
31501
31610
31719
31828
31937
32046
32155
32264
32373
32482
32591
32700
32809
32918
33027
33136
33245
33354
33463
33572
33681
33790
33899
34008
34117
34226
34335
34444
34553
34662
34771
34880
34989
35098
35207
35316
35425
35534
35643
35752
35861
35970
36079
29540
29649
29758
29867
29976
30085
30194
30303
30412
30521
30630
30739
30848
30957
31066
31175
31284
31393
31502
31611
31720
31829
31938
32047
32156
32265
32374
32483
32592
32701
32810
32919
33028
33137
33246
33355
33464
33573
33682
33791
33900
34009
34118
34227
34336
34445
34554
34663
34772
34881
34990
35099
35208
35317
35426
35535
35644
35753
35862
35971
36080
29541
29650
29759
29868
29977
30086
30195
30304
30413
30522
30631
30740
30849
30958
31067
31176
31285
31394
31503
31612
31721
31830
31939
32048
32157
32266
32375
32484
32593
32702
32811
32920
33029
33138
33247
33356
33465
33574
33683
33792
33901
34010
34119
34228
34337
34446
34555
34664
34773
34882
34991
35100
35209
35318
35427
35536
35645
35754
35863
35972
36081
29542
29651
29760
29869
29978
30087
30196
30305
30414
30523
30632
30741
30850
30959
31068
31177
31286
31395
31504
31613
31722
31831
31940
32049
32158
32267
32376
32485
32594
32703
32812
32921
33030
33139
33248
33357
33466
33575
33684
33793
33902
34011
34120
34229
34338
34447
34556
34665
34774
34883
34992
35101
35210
35319
35428
35537
35646
35755
35864
35973
36082
29543
29652
29761
29870
29979
30088
30197
30306
30415
30524
30633
30742
30851
30960
31069
31178
31287
31396
31505
31614
31723
31832
31941
32050
32159
32268
32377
32486
32595
32704
32813
32922
33031
33140
33249
33358
33467
33576
33685
33794
33903
34012
34121
34230
34339
34448
34557
34666
34775
34884
34993
35102
35211
35320
35429
35538
35647
35756
35865
35974
36083
29544
29653
29762
29871
29980
30089
30198
30307
30416
30525
30634
30743
30852
30961
31070
31179
31288
31397
31506
31615
31724
31833
31942
32051
32160
32269
32378
32487
32596
32705
32814
32923
33032
33141
33250
33359
33468
33577
33686
33795
33904
34013
34122
34231
34340
34449
34558
34667
34776
34885
34994
35103
35212
35321
35430
35539
35648
35757
35866
35975
36084
29545
29654
29763
29872
29981
30090
30199
30308
30417
30526
30635
30744
30853
30962
31071
31180
31289
31398
31507
31616
31725
31834
31943
32052
32161
32270
32379
32488
32597
32706
32815
32924
33033
33142
33251
33360
33469
33578
33687
33796
33905
34014
34123
34232
34341
34450
34559
34668
34777
34886
34995
35104
35213
35322
35431
35540
35649
35758
35867
35976
36085
29546
29655
29764
29873
29982
30091
30200
30309
30418
30527
30636
30745
30854
30963
31072
31181
31290
31399
31508
31617
31726
31835
31944
32053
32162
32271
32380
32489
32598
32707
32816
32925
33034
33143
33252
33361
33470
33579
33688
33797
33906
34015
34124
34233
34342
34451
34560
34669
34778
34887
34996
35105
35214
35323
35432
35541
35650
35759
35868
35977
36086
29547
29656
29765
29874
29983
30092
30201
30310
30419
30528
30637
30746
30855
30964
31073
31182
31291
31400
31509
31618
31727
31836
31945
32054
32163
32272
32381
32490
32599
32708
32817
32926
33035
33144
33253
33362
33471
33580
33689
33798
33907
34016
34125
34234
34343
34452
34561
34670
34779
34888
34997
35106
35215
35324
35433
35542
35651
35760
35869
35978
36087
29548
29657
29766
29875
29984
30093
30202
30311
30420
30529
30638
30747
30856
30965
31074
31183
31292
31401
31510
31619
31728
31837
31946
32055
32164
32273
32382
32491
32600
32709
32818
32927
33036
33145
33254
33363
33472
33581
33690
33799
33908
34017
34126
34235
34344
34453
34562
34671
34780
34889
34998
35107
35216
35325
35434
35543
35652
35761
35870
35979
36088
29549
29658
29767
29876
29985
30094
30203
30312
30421
30530
30639
30748
30857
30966
31075
31184
31293
31402
31511
31620
31729
31838
31947
32056
32165
32274
32383
32492
32601
32710
32819
32928
33037
33146
33255
33364
33473
33582
33691
33800
33909
34018
34127
34236
34345
34454
34563
34672
34781
34890
34999
35108
35217
35326
35435
35544
35653
35762
35871
35980
36089
29550
29659
29768
29877
29986
30095
30204
30313
30422
30531
30640
30749
30858
30967
31076
31185
31294
31403
31512
31621
31730
31839
31948
32057
32166
32275
32384
32493
32602
32711
32820
32929
33038
33147
33256
33365
33474
33583
33692
33801
33910
34019
34128
34237
34346
34455
34564
34673
34782
34891
35000
35109
35218
35327
35436
35545
35654
35763
35872
35981
36090
29551
29660
29769
29878
29987
30096
30205
30314
30423
30532
30641
30750
30859
30968
31077
31186
31295
31404
31513
31622
31731
31840
31949
32058
32167
32276
32385
32494
32603
32712
32821
32930
33039
33148
33257
33366
33475
33584
33693
33802
33911
34020
34129
34238
34347
34456
34565
34674
34783
34892
35001
35110
35219
35328
35437
35546
35655
35764
35873
35982
36091
29552
29661
29770
29879
29988
30097
30206
30315
30424
30533
30642
30751
30860
30969
31078
31187
31296
31405
31514
31623
31732
31841
31950
32059
32168
32277
32386
32495
32604
32713
32822
32931
33040
33149
33258
33367
33476
33585
33694
33803
33912
34021
34130
34239
34348
34457
34566
34675
34784
34893
35002
35111
35220
35329
35438
35547
35656
35765
35874
35983
36092
29553
29662
29771
29880
29989
30098
30207
30316
30425
30534
30643
30752
30861
30970
31079
31188
31297
31406
31515
31624
31733
31842
31951
32060
32169
32278
32387
32496
32605
32714
32823
32932
33041
33150
33259
33368
33477
33586
33695
33804
33913
34022
34131
34240
34349
34458
34567
34676
34785
34894
35003
35112
35221
35330
35439
35548
35657
35766
35875
35984
36093
29554
29663
29772
29881
29990
30099
30208
30317
30426
30535
30644
30753
30862
30971
31080
31189
31298
31407
31516
31625
31734
31843
31952
32061
32170
32279
32388
32497
32606
32715
32824
32933
33042
33151
33260
33369
33478
33587
33696
33805
33914
34023
34132
34241
34350
34459
34568
34677
34786
34895
35004
35113
35222
35331
35440
35549
35658
35767
35876
35985
36094
29555
29664
29773
29882
29991
30100
30209
30318
30427
30536
30645
30754
30863
30972
31081
31190
31299
31408
31517
31626
31735
31844
31953
32062
32171
32280
32389
32498
32607
32716
32825
32934
33043
33152
33261
33370
33479
33588
33697
33806
33915
34024
34133
34242
34351
34460
34569
34678
34787
34896
35005
35114
35223
35332
35441
35550
35659
35768
35877
35986
36095
29556
29665
29774
29883
29992
30101
30210
30319
30428
30537
30646
30755
30864
30973
31082
31191
31300
31409
31518
31627
31736
31845
31954
32063
32172
32281
32390
32499
32608
32717
32826
32935
33044
33153
33262
33371
33480
33589
33698
33807
33916
34025
34134
34243
34352
34461
34570
34679
34788
34897
35006
35115
35224
35333
35442
35551
35660
35769
35878
35987
36096
29557
29666
29775
29884
29993
30102
30211
30320
30429
30538
30647
30756
30865
30974
31083
31192
31301
31410
31519
31628
31737
31846
31955
32064
32173
32282
32391
32500
32609
32718
32827
32936
33045
33154
33263
33372
33481
33590
33699
33808
33917
34026
34135
34244
34353
34462
34571
34680
34789
34898
35007
35116
35225
35334
35443
35552
35661
35770
35879
35988
36097
29558
29667
29776
29885
29994
30103
30212
30321
30430
30539
30648
30757
30866
30975
31084
31193
31302
31411
31520
31629
31738
31847
31956
32065
32174
32283
32392
32501
32610
32719
32828
32937
33046
33155
33264
33373
33482
33591
33700
33809
33918
34027
34136
34245
34354
34463
34572
34681
34790
34899
35008
35117
35226
35335
35444
35553
35662
35771
35880
35989
36098
29559
29668
29777
29886
29995
30104
30213
30322
30431
30540
30649
30758
30867
30976
31085
31194
31303
31412
31521
31630
31739
31848
31957
32066
32175
32284
32393
32502
32611
32720
32829
32938
33047
33156
33265
33374
33483
33592
33701
33810
33919
34028
34137
34246
34355
34464
34573
34682
34791
34900
35009
35118
35227
35336
35445
35554
35663
35772
35881
35990
36099
29560
29669
29778
29887
29996
30105
30214
30323
30432
30541
30650
30759
30868
30977
31086
31195
31304
31413
31522
31631
31740
31849
31958
32067
32176
32285
32394
32503
32612
32721
32830
32939
33048
33157
33266
33375
33484
33593
33702
33811
33920
34029
34138
34247
34356
34465
34574
34683
34792
34901
35010
35119
35228
35337
35446
35555
35664
35773
35882
35991
36100
29561
29670
29779
29888
29997
30106
30215
30324
30433
30542
30651
30760
30869
30978
31087
31196
31305
31414
31523
31632
31741
31850
31959
32068
32177
32286
32395
32504
32613
32722
32831
32940
33049
33158
33267
33376
33485
33594
33703
33812
33921
34030
34139
34248
34357
34466
34575
34684
34793
34902
35011
35120
35229
35338
35447
35556
35665
35774
35883
35992
36101
29562
29671
29780
29889
29998
30107
30216
30325
30434
30543
30652
30761
30870
30979
31088
31197
31306
31415
31524
31633
31742
31851
31960
32069
32178
32287
32396
32505
32614
32723
32832
32941
33050
33159
33268
33377
33486
33595
33704
33813
33922
34031
34140
34249
34358
34467
34576
34685
34794
34903
35012
35121
35230
35339
35448
35557
35666
35775
35884
35993
36102
29563
29672
29781
29890
29999
30108
30217
30326
30435
30544
30653
30762
30871
30980
31089
31198
31307
31416
31525
31634
31743
31852
31961
32070
32179
32288
32397
32506
32615
32724
32833
32942
33051
33160
33269
33378
33487
33596
33705
33814
33923
34032
34141
34250
34359
34468
34577
34686
34795
34904
35013
35122
35231
35340
35449
35558
35667
35776
35885
35994
36103
29564
29673
29782
29891
30000
30109
30218
30327
30436
30545
30654
30763
30872
30981
31090
31199
31308
31417
31526
31635
31744
31853
31962
32071
32180
32289
32398
32507
32616
32725
32834
32943
33052
33161
33270
33379
33488
33597
33706
33815
33924
34033
34142
34251
34360
34469
34578
34687
34796
34905
35014
35123
35232
35341
35450
35559
35668
35777
35886
35995
36104
29565
29674
29783
29892
30001
30110
30219
30328
30437
30546
30655
30764
30873
30982
31091
31200
31309
31418
31527
31636
31745
31854
31963
32072
32181
32290
32399
32508
32617
32726
32835
32944
33053
33162
33271
33380
33489
33598
33707
33816
33925
34034
34143
34252
34361
34470
34579
34688
34797
34906
35015
35124
35233
35342
35451
35560
35669
35778
35887
35996
36105
29566
29675
29784
29893
30002
30111
30220
30329
30438
30547
30656
30765
30874
30983
31092
31201
31310
31419
31528
31637
31746
31855
31964
32073
32182
32291
32400
32509
32618
32727
32836
32945
33054
33163
33272
33381
33490
33599
33708
33817
33926
34035
34144
34253
34362
34471
34580
34689
34798
34907
35016
35125
35234
35343
35452
35561
35670
35779
35888
35997
36106
28477
28586
28695
28804
28913
29022
29131
29240
29349
28478
28587
28696
28805
28914
29023
29132
29241
29350
28479
28588
28697
28806
28915
29024
29133
29242
29351
28480
28589
28698
28807
28916
29025
29134
29243
29352
28481
28590
28699
28808
28917
29026
29135
29244
29353
28482
28591
28700
28809
28918
29027
29136
29245
29354
28483
28592
28701
28810
28919
29028
29137
29246
29355
28484
28593
28702
28811
28920
29029
29138
29247
29356
28485
28594
28703
28812
28921
29030
29139
29248
29357
28486
28595
28704
28813
28922
29031
29140
29249
29358
28487
28596
28705
28814
28923
29032
29141
29250
29359
28488
28597
28706
28815
28924
29033
29142
29251
29360
28489
28598
28707
28816
28925
29034
29143
29252
29361
28490
28599
28708
28817
28926
29035
29144
29253
29362
28491
28600
28709
28818
28927
29036
29145
29254
29363
28492
28601
28710
28819
28928
29037
29146
29255
29364
28493
28602
28711
28820
28929
29038
29147
29256
29365
28494
28603
28712
28821
28930
29039
29148
29257
29366
28495
28604
28713
28822
28931
29040
29149
29258
29367
28496
28605
28714
28823
28932
29041
29150
29259
29368
28497
28606
28715
28824
28933
29042
29151
29260
29369
28498
28607
28716
28825
28934
29043
29152
29261
29370
28499
28608
28717
28826
28935
29044
29153
29262
29371
28500
28609
28718
28827
28936
29045
29154
29263
29372
28501
28610
28719
28828
28937
29046
29155
29264
29373
28502
28611
28720
28829
28938
29047
29156
29265
29374
28503
28612
28721
28830
28939
29048
29157
29266
29375
28504
28613
28722
28831
28940
29049
29158
29267
29376
28505
28614
28723
28832
28941
29050
29159
29268
29377
28506
28615
28724
28833
28942
29051
29160
29269
29378
28507
28616
28725
28834
28943
29052
29161
29270
29379
28508
28617
28726
28835
28944
29053
29162
29271
29380
28509
28618
28727
28836
28945
29054
29163
29272
29381
28510
28619
28728
28837
28946
29055
29164
29273
29382
28511
28620
28729
28838
28947
29056
29165
29274
29383
28512
28621
28730
28839
28948
29057
29166
29275
29384
28513
28622
28731
28840
28949
29058
29167
29276
29385
28514
28623
28732
28841
28950
29059
29168
29277
29386
28515
28624
28733
28842
28951
29060
29169
29278
29387
28516
28625
28734
28843
28952
29061
29170
29279
29388
28517
28626
28735
28844
28953
29062
29171
29280
29389
28518
28627
28736
28845
28954
29063
29172
29281
29390
28519
28628
28737
28846
28955
29064
29173
29282
29391
28520
28629
28738
28847
28956
29065
29174
29283
29392
28521
28630
28739
28848
28957
29066
29175
29284
29393
28522
28631
28740
28849
28958
29067
29176
29285
29394
28523
28632
28741
28850
28959
29068
29177
29286
29395
28524
28633
28742
28851
28960
29069
29178
29287
29396
28525
28634
28743
28852
28961
29070
29179
29288
29397
28526
28635
28744
28853
28962
29071
29180
29289
29398
28527
28636
28745
28854
28963
29072
29181
29290
29399
28528
28637
28746
28855
28964
29073
29182
29291
29400
28529
28638
28747
28856
28965
29074
29183
29292
29401
28530
28639
28748
28857
28966
29075
29184
29293
29402
28531
28640
28749
28858
28967
29076
29185
29294
29403
28532
28641
28750
28859
28968
29077
29186
29295
29404
28533
28642
28751
28860
28969
29078
29187
29296
29405
28534
28643
28752
28861
28970
29079
29188
29297
29406
28535
28644
28753
28862
28971
29080
29189
29298
29407
28536
28645
28754
28863
28972
29081
29190
29299
29408
28537
28646
28755
28864
28973
29082
29191
29300
29409
28538
28647
28756
28865
28974
29083
29192
29301
29410
28539
28648
28757
28866
28975
29084
29193
29302
29411
28540
28649
28758
28867
28976
29085
29194
29303
29412
28541
28650
28759
28868
28977
29086
29195
29304
29413
28542
28651
28760
28869
28978
29087
29196
29305
29414
28543
28652
28761
28870
28979
29088
29197
29306
29415
28544
28653
28762
28871
28980
29089
29198
29307
29416
28545
28654
28763
28872
28981
29090
29199
29308
29417
28546
28655
28764
28873
28982
29091
29200
29309
29418
28547
28656
28765
28874
28983
29092
29201
29310
29419
28548
28657
28766
28875
28984
29093
29202
29311
29420
28549
28658
28767
28876
28985
29094
29203
29312
29421
28550
28659
28768
28877
28986
29095
29204
29313
29422
28551
28660
28769
28878
28987
29096
29205
29314
29423
28552
28661
28770
28879
28988
29097
29206
29315
29424
28553
28662
28771
28880
28989
29098
29207
29316
29425
28554
28663
28772
28881
28990
29099
29208
29317
29426
28555
28664
28773
28882
28991
29100
29209
29318
29427
28556
28665
28774
28883
28992
29101
29210
29319
29428
28557
28666
28775
28884
28993
29102
29211
29320
29429
28558
28667
28776
28885
28994
29103
29212
29321
29430
28559
28668
28777
28886
28995
29104
29213
29322
29431
28560
28669
28778
28887
28996
29105
29214
29323
29432
28561
28670
28779
28888
28997
29106
29215
29324
29433
28562
28671
28780
28889
28998
29107
29216
29325
29434
28563
28672
28781
28890
28999
29108
29217
29326
29435
28564
28673
28782
28891
29000
29109
29218
29327
29436
28565
28674
28783
28892
29001
29110
29219
29328
29437
28566
28675
28784
28893
29002
29111
29220
29329
29438
28567
28676
28785
28894
29003
29112
29221
29330
29439
28568
28677
28786
28895
29004
29113
29222
29331
29440
28569
28678
28787
28896
29005
29114
29223
29332
29441
28570
28679
28788
28897
29006
29115
29224
29333
29442
28571
28680
28789
28898
29007
29116
29225
29334
29443
28572
28681
28790
28899
29008
29117
29226
29335
29444
28573
28682
28791
28900
29009
29118
29227
29336
29445
28574
28683
28792
28901
29010
29119
29228
29337
29446
28575
28684
28793
28902
29011
29120
29229
29338
29447
28576
28685
28794
28903
29012
29121
29230
29339
29448
28577
28686
28795
28904
29013
29122
29231
29340
29449
28578
28687
28796
28905
29014
29123
29232
29341
29450
28579
28688
28797
28906
29015
29124
29233
29342
29451
28580
28689
28798
28907
29016
29125
29234
29343
29452
28581
28690
28799
28908
29017
29126
29235
29344
29453
28582
28691
28800
28909
29018
29127
29236
29345
29454
28583
28692
28801
28910
29019
29128
29237
29346
29455
28584
28693
28802
28911
29020
29129
29238
29347
29456
28585
28694
28803
28912
29021
29130
29239
29348
29457
311
443
575
707
839
971
1103
1235
1367
1499
1631
1763
1895
2027
2159
2291
2423
2555
2687
2819
2951
3083
3215
3347
3479
3611
3743
3875
4007
4139
4271
4403
4535
4667
4799
4931
5063
5195
5327
5459
5591
5723
5855
5987
6119
6251
6383
6515
6647
6779
6911
7043
7175
7307
7439
7571
7703
7835
7967
8099
8231
8363
8495
8627
8759
8891
9023
9155
9287
9419
18639
18771
18903
19035
19167
19299
19431
19563
19695
19827
19959
20091
20223
20355
20487
20619
20751
20883
21015
21147
21279
21411
21543
21675
21807
21939
22071
22203
22335
22467
22599
22731
22863
22995
23127
23259
23391
23523
23655
23787
23919
24051
24183
24315
24447
24579
24711
24843
24975
25107
25239
25371
25503
25635
25767
25899
26031
26163
26295
26427
26559
26691
26823
26955
27087
27219
27351
27483
27615
27747
9960
9961
9962
9963
9964
9965
9966
9967
9968
9288
9289
9290
9291
9292
9293
9294
9295
9296
9297
9298
9299
9300
9301
9302
9303
9304
9305
9306
9307
9308
9309
9310
9311
9312
9313
9314
9315
9316
9317
9318
9319
9320
9321
9322
9323
9324
9325
9326
9327
9328
9329
9330
9331
9332
9333
9334
9335
9336
9337
9338
9339
9340
9341
9342
9343
9344
9345
9346
9347
9348
9349
9350
9351
9352
9353
9354
9355
9356
9357
9358
9359
9360
9361
9362
9363
9364
9365
9366
9367
9368
9369
9370
9371
9372
9373
9374
9375
9376
9377
9378
9379
9380
9381
9382
9383
9384
9385
9386
9387
9388
9389
9390
9391
9392
9393
9394
9395
9396
9397
9398
9399
9400
9401
9402
9403
9404
9405
9406
9407
9408
9409
9410
9411
9412
9413
9414
9415
9416
9417
9418
9419
18319
18320
18321
18322
18323
18324
18325
18326
18327
17670
17671
17672
17673
17674
17675
17676
17677
17678
17679
17680
17681
17682
17683
17684
17685
17686
17687
17688
17689
17690
17691
17692
17693
17694
17695
17696
17697
17698
17699
17700
17701
17702
17703
17704
17705
17706
17707
17708
17709
17710
17711
17712
17713
17714
17715
17716
17717
17718
17719
17720
17721
17722
17723
17724
17725
17726
17727
17728
17729
17730
17731
17732
17733
17734
17735
17736
17737
17738
17739
17740
17741
17742
17743
17744
17745
17746
17747
17748
17749
17750
17751
17752
17753
17754
17755
17756
17757
17758
17759
17760
17761
17762
17763
17764
17765
17766
17767
17768
17769
17770
17771
17772
17773
17774
17775
17776
17777
17778
27748
27749
27750
27751
27752
27753
27754
27755
27756
19696
19697
19698
19699
19700
19701
19702
19703
19704
19705
19706
19707
19708
19709
19710
19711
19712
19713
19714
19715
19716
19717
19718
19719
19720
19721
19722
19723
19724
19725
19726
19727
19728
19729
19730
19731
19732
19733
19734
19735
19736
19737
19738
19739
19740
19741
19742
19743
19744
19745
19746
19747
19748
19749
19750
19751
19752
19753
19754
19755
19756
19757
19758
19759
19760
19761
19762
19763
19764
19765
19766
19767
19768
19769
19770
19771
19772
19773
19774
19775
19776
19777
19778
19779
19780
19781
19782
19783
19784
19785
19786
19787
19788
19789
19790
19791
19792
19793
19794
19795
19796
19797
19798
19799
19800
19801
19802
19803
19804
19805
19806
19807
19808
19809
19810
19811
19812
19813
19814
19815
19816
19817
19818
19819
19820
19821
19822
19823
19824
19825
19826
19827
36107
36108
36109
36110
36111
36112
36113
36114
36115
29458
29459
29460
29461
29462
29463
29464
29465
29466
29467
29468
29469
29470
29471
29472
29473
29474
29475
29476
29477
29478
29479
29480
29481
29482
29483
29484
29485
29486
29487
29488
29489
29490
29491
29492
29493
29494
29495
29496
29497
29498
29499
29500
29501
29502
29503
29504
29505
29506
29507
29508
29509
29510
29511
29512
29513
29514
29515
29516
29517
29518
29519
29520
29521
29522
29523
29524
29525
29526
29527
29528
29529
29530
29531
29532
29533
29534
29535
29536
29537
29538
29539
29540
29541
29542
29543
29544
29545
29546
29547
29548
29549
29550
29551
29552
29553
29554
29555
29556
29557
29558
29559
29560
29561
29562
29563
29564
29565
29566
10149
10258
10367
10476
10585
10694
10803
10912
11021
11130
11239
11348
11457
11566
11675
11784
11893
12002
12111
12220
12329
12438
12547
12656
12765
12874
12983
13092
13201
13310
13419
13528
13637
13746
13855
13964
14073
14182
14291
14400
14509
14618
14727
14836
14945
15054
15163
15272
15381
15490
15599
15708
15817
15926
16035
16144
16253
16362
16471
16580
16689
16798
16907
17016
17125
17234
17343
17452
17561
17670
28477
28586
28695
28804
28913
29022
29131
29240
29349
29458
29567
29676
29785
29894
30003
30112
30221
30330
30439
30548
30657
30766
30875
30984
31093
31202
31311
31420
31529
31638
31747
31856
31965
32074
32183
32292
32401
32510
32619
32728
32837
32946
33055
33164
33273
33382
33491
33600
33709
33818
33927
34036
34145
34254
34363
34472
34581
34690
34799
34908
35017
35126
35235
35344
35453
35562
35671
35780
35889
35998
0
10
20
30
40
50
60
70
80
90
100
110
120
130
140
150
160
170
9978
9988
9998
10008
10018
10028
10038
10048
10058
10068
10078
10088
10098
10108
10118
10128
10138
10148
18328
18338
18348
18358
18368
18378
18388
18398
18408
18418
18428
18438
18448
18458
18468
18478
18488
18498
28306
28316
28326
28336
28346
28356
28366
28376
28386
28396
28406
28416
28426
28436
28446
28456
28466
28476
)


// ************************************************************************* //
