/*--------------------------------*- C++ -*----------------------------------*\
| =========                 |                                                 |
| \\      /  F ield         | OpenFOAM: The Open Source CFD Toolbox           |
|  \\    /   O peration     | Version:  2212                                  |
|   \\  /    A nd           | Website:  www.openfoam.com                      |
|    \\/     M anipulation  |                                                 |
\*---------------------------------------------------------------------------*/
FoamFile
{
    version     2.0;
    format      ascii;
    arch        "LSB;label=32;scalar=64";
    class       volScalarField;
    location    "0";
    object      curv;
}
// * * * * * * * * * * * * * * * * * * * * * * * * * * * * * * * * * * * * * //

dimensions      [0 -1 0 0 0 0 0];

internalField   nonuniform List<scalar> 
36656
(
3814.79132381494
0
2.12197894394344e-13
1.65263680892743e-13
0
1.95661017448757e-13
1.48534982104049e-13
0
3.32637748525556e-13
1.22618328521681e-13
3437.43558073713
0
0
3.30527361785483e-13
2.55396617206432e-13
0
1.48534982104047e-13
2.23373776268142e-13
4.9895662278832e-13
1.22618328521678e-13
3033.91887730938
2.70515927959853e-13
0
3.30527361785482e-13
2.55396617206429e-13
0
0
2.23373776268135e-13
0
1.22618328521675e-13
2607.31221929502
5.41031855919701e-13
4.24395788788653e-13
3.3052736178547e-13
0
0
0
0
0
6.13091642608364e-14
2160.86234095361
2.70515927959845e-13
0
3.30527361785464e-13
0
0
2.97069964208069e-13
2.23373776268128e-13
0
0
1697.96699543349
2.70515927959836e-13
0
0
0
0
0
0
0
0
1222.14909581751
5.41031855919662e-13
0
0
2.55396617206402e-13
1.9566101744873e-13
0
2.23373776268113e-13
1.66318874262753e-13
4.29164149825824e-13
737.029903628453
5.41031855919661e-13
4.24395788788617e-13
3.30527361785433e-13
2.55396617206391e-13
1.95661017448726e-13
0
0
1.66318874262749e-13
1.22618328521661e-13
246.301468842026
2.70515927959824e-13
4.24395788788603e-13
3.30527361785426e-13
0
0
0
2.23373776268104e-13
1.66318874262746e-13
0
5641.23109660464
2.02886945969868e-13
1.06098947197151e-13
2.06579601115892e-14
3.19245771507985e-13
2.93491526173081e-13
2.41369345919035e-13
1.39608610167565e-13
4.15797185656864e-14
0
5598.29792169124
6.76289819899572e-14
6.36593683182928e-13
4.54475122454968e-13
0
1.46745763086547e-13
3.34203709734056e-13
0
2.07898592828438e-13
1.22618328521661e-13
5512.75831924901
2.02886945969873e-13
4.24395788788627e-13
3.30527361785438e-13
2.553966172064e-13
9.78305087243655e-14
1.48534982104028e-13
5.58434440670281e-14
0
1.22618328521664e-13
5385.26329730259
1.35257963979918e-13
1.0609894719716e-13
1.65263680892727e-13
3.8309492580961e-13
3.91322034897471e-13
1.48534982104031e-13
1.1168688813406e-13
8.31594371313784e-14
0
5216.78316995297
1.35257963979922e-13
3.18296841591483e-13
0
2.55396617206415e-13
4.89152543621856e-13
2.97069964208065e-13
1.11686888134063e-13
8.315943713138e-14
0
5008.60017270029
1.35257963979926e-13
4.24395788788654e-13
0
2.55396617206417e-13
9.78305087243732e-14
0
2.23373776268132e-13
1.66318874262766e-13
0
4762.29870385803
2.70515927959853e-13
6.36593683182995e-13
0
1.27698308603214e-13
0
1.4853498210404e-13
2.23373776268136e-13
1.66318874262768e-13
0
4479.75326632452
2.7051592795986e-13
6.36593683183021e-13
3.30527361785482e-13
2.55396617206428e-13
3.91322034897506e-13
0
1.11686888134073e-13
1.66318874262774e-13
0
4163.11420148537
5.41031855919742e-13
4.2439578878869e-13
3.3052736178548e-13
2.55396617206442e-13
0
0
0
0
0
6.19752176717039e-14
3.56885043009804e-14
9.63869052384861e-14
6.50968727741971e-14
2.84176057191901e-14
7.27367580862456e-14
2.82791379831722e-15
3.25825069488877e-14
3.61024582683064e-14
5.96103176186865e-14
7.95537769250885e-14
7.27789289370438e-14
5.02611642200522e-14
1.5606158010175e-14
3.89891454318229e-14
3.56517913406353e-14
1.11038608630299e-13
1.01628553817179e-13
6.38522796480149e-14
3.87442675035176e-14
4.50129764984753e-14
6.02741394331395e-14
3.85761579417239e-14
3.33280407114705e-14
1.69192278068041e-14
5.37745692321013e-14
4.99448201790562e-14
4.48272299894825e-14
5.70258120806614e-14
5.23777223198529e-14
2.18108600412104e-14
3.89874595059077e-14
3.27728113334673e-14
2.0159829364909e-14
2.44350592028829e-14
4.15691539162247e-16
6.83809916218939e-14
7.15273268989815e-14
2.05717460967813e-14
1.56804250194138e-14
5.6856577050267e-14
3.46789603046834e-14
2.81838081391641e-14
7.36239269748308e-14
8.71046721911684e-14
2.5728535342041e-14
2.09133327834915e-15
7.54588069462272e-15
4.39687604989666e-14
3.69824648446039e-14
3.83251658713287e-14
3.4247413947194e-14
2.90839443755324e-14
4.01215334252311e-14
1.75304557873198e-15
3.78201964417393e-14
6.28923638092807e-14
5.16562941428833e-14
2.57882954044215e-14
5.13781617038626e-14
6.03086729802733e-14
3.91649124834113e-14
1.38768815874759e-14
6.71675834263813e-14
2.67935892503173e-14
1.0210889784924e-14
2.30250800362868e-14
3.54908453696381e-14
2.10596950326777e-14
9.44403916019208e-15
1.10420120987405e-15
3.13564915891038e-14
4.85550753077216e-15
6.06042056174025e-15
4.5531712854428e-15
5.02224924251736e-15
2.01403636383619e-14
4.59326480065433e-14
8.51409086473252e-15
1.62457565663971e-14
2.1876568637479e-14
1.33127094303018e-14
2.36991999644516e-14
3.14273778861481e-14
2.80363762417324e-14
1.17043459053656e-14
3.34204129850909e-15
3.55205680167639e-15
3.8345280727087e-14
2.23275806580703e-14
2.42714501455386e-14
4.97723702425837e-14
1.95522892094124e-14
8.56653414439818e-15
2.54493104006005e-14
1.32799567189796e-14
2.38750157775616e-14
1.39434794542291e-14
4.57767348547695e-14
1.19026289865579e-15
8.45301047553998e-15
3.14606973661196e-14
3.94469057484291e-14
2.95931355345923e-14
1.67814221410918e-14
2.56356255511368e-14
3.40254571086568e-15
1.12166478501723e-14
1.74878465446109e-14
1.42622582781315e-14
9.2547719636217e-15
1.66020793720148e-14
1.76689043529735e-14
1.82166782519683e-14
2.56524059033601e-14
4.25899705009316e-14
4.51141177388157e-14
1.55444931001163e-14
1.78898074657526e-14
8.73238469963785e-15
1.05829729846419e-14
0
2.18316365551179e-14
8.74952980730188e-15
1.13399937146902e-14
8.07518744458846e-15
1.37258534899577e-14
2.99171944392022e-14
2.96511837087673e-14
1.5109427635535e-14
8.11677123539502e-15
193.11112373096
1.90608072877187e-14
7.56758058284055e-14
3.15783386231375e-15
5.64974031784835e-14
2.20212204677264e-16
4.02536787920532e-14
8.90078427088724e-14
1.5273991804277e-13
1.43364544732351e-13
3.42218970087091e-15
1.02058754978449e-13
1.49646953339313e-13
3.33151635360979e-14
3.9245897821211e-14
5.18687913198025e-14
8.56140207383356e-14
3.10921236759666e-14
2.03563505144968e-14
4.16264111435602e-14
2.01522135825079e-13
2.0786147705232e-13
4.86987910106492e-14
4.43927452811398e-14
3.44793981240055e-14
5.20170299485699e-14
9.63775925309173e-14
1.89628199685327e-14
2.58491856240507e-14
6.28257407960575e-14
4.81146296218089e-14
2.13918215733139e-14
3.59766499938128e-14
1.21318591199344e-13
4.05078269092793e-14
5.60423294504126e-14
1.36172494507819e-14
7.11934928455162e-14
8.03848063226438e-14
2.92205663324132e-14
4.96275687201928e-14
4.33079576447695e-14
6.02304512930078e-14
8.87943772426272e-14
8.02778717309606e-15
1.01905691832059e-14
2.64281000271684e-14
2.05072443445432e-14
1.4721643995948e-14
7.50299426925478e-15
3.49481533971732e-14
2.30050512626976e-14
9.9384116674094e-14
1.6457670993362e-13
2.69451732259603e-14
3.28324745290503e-15
2.11523483440376e-14
6.66373900351565e-14
3.78027463362392e-14
5.23310676498864e-14
2.25926984684908e-14
2.4710441090449e-14
2.06142383807584e-14
1.71636647679845e-14
1.91535227735808e-14
2.70449629833256e-14
1.06926580829905e-16
1.41622856988559e-14
5.43223306591785e-15
7.4449277710293e-14
1.99027795718351e-14
1.72517400656929e-14
3.37066039004751e-14
4.77099587459427e-14
1.31542703682129e-14
1.17507647105485e-14
2.7325338071055e-14
6.52226331604027e-14
4.85647546211934e-14
8.87498902682327e-14
9.06420579551287e-14
7.90889281696529e-14
7.10764642114655e-15
2.67881628639546e-14
1.25030901199374e-14
1.1416234120129e-14
3.41977292900643e-14
2.13084395223849e-14
4.09708861834552e-14
1.21351582404139e-14
3.85050389076354e-14
2.39629538781848e-14
4.34210155892041e-14
1.69994365771756e-14
4.41479169632378e-15
6.1262001615805e-15
5.90564005647041e-15
1.25015952754878e-14
3.6934446700068e-14
4.70575905080658e-14
1.09990611413471e-14
1.15195881907486e-14
2.83700641220191e-14
1.30118682405304e-14
2.22048835211642e-14
1.88104414566824e-14
4.17330808245922e-14
1.51160722948617e-14
8.86292144185272e-15
2.90404328996549e-14
3.50569351257974e-14
5.32180737438884e-14
1.13481782990425e-13
8.54533550319664e-14
2.75927448740809e-14
3.91587365542447e-15
7.06784988211527e-14
3.87813112626737e-14
5.56398161688866e-15
5.67867960356266e-14
3.65946897778169e-14
4.69621398913069e-14
1.05362918764596e-14
1.00854686477674e-15
8.97832555262256e-15
2.19283133532e-14
7.91719363658992e-15
2.30657954962357e-14
3.48091898880956e-14
2.00517457664647e-14
3.3337374383328e-14
2.05481541712157e-16
193.080453386459
2.54469959869583e-14
2.78070779702821e-14
3.99519667096224e-14
1.4907268856486e-13
3.76603059484296e-14
4.10742366009846e-14
2.94553581797422e-15
1.37970386376443e-13
5.95339210019515e-14
2.9042897921995e-14
1.26116320699212e-13
7.97174308527905e-14
1.55805400973409e-13
6.76958353071288e-14
8.125640317219e-14
1.48824497905324e-14
8.1264108060614e-14
2.15076136583688e-14
5.76144417605012e-15
1.02656779795049e-13
2.56350878952417e-14
1.08608293370096e-13
2.15170649803756e-14
1.90370214583226e-14
4.81689967939135e-14
1.2159581813268e-15
3.26121571856375e-14
2.47620101822829e-14
6.83757548549724e-14
4.42144265971768e-14
8.73789090295398e-14
1.32908173036004e-13
5.06472129456221e-14
2.00501840340883e-14
1.8564442678094e-14
2.57438634244242e-14
2.49818966767947e-14
4.51574240335759e-16
9.22206129325009e-15
2.93965802574334e-14
3.47134146528956e-14
1.42091924221529e-14
1.30484512978469e-14
1.59777321701102e-14
3.19936391299852e-14
1.3823457258531e-14
5.58587588719808e-14
5.3729838503083e-14
2.19254327893177e-14
3.25006780895123e-14
2.33467833702295e-14
6.75588423899093e-15
1.47384740944794e-14
7.34482607086229e-15
6.08975881848939e-14
3.84193441135726e-14
3.36427492926507e-14
2.26798432357664e-14
6.33689277625264e-15
2.01795039014574e-14
5.23791964656851e-14
4.81410712417047e-14
2.68673653440639e-15
7.06975860990583e-14
8.83502705117392e-14
4.3118650523133e-14
3.31095048810638e-15
6.10127478655879e-14
4.93467674056588e-14
1.92817791116815e-14
3.82162301782899e-14
1.42020148135699e-14
5.37578779310268e-15
3.58154596146868e-14
8.36357024382433e-15
3.14317449714222e-14
8.07552121098476e-14
2.4884669040748e-14
5.10489192602328e-14
7.11913138799645e-14
2.53903301309924e-14
8.9631156544689e-15
5.31572663826336e-15
5.25434739419501e-15
1.02143207305437e-14
1.28346063269197e-14
5.63291560379422e-14
6.18674795127908e-15
3.30572257697425e-16
6.37207385421642e-15
1.6151025843456e-16
4.94936991671113e-15
4.78215012259454e-14
2.777136606221e-14
7.55743380010167e-15
3.0493952965451e-15
5.30562245357943e-14
2.56292930539066e-14
4.41924981134839e-16
2.5339634352689e-14
4.18960065968205e-14
1.36642006736719e-14
1.49161623965726e-14
2.11464765447374e-14
3.35608122044546e-14
3.94360977510742e-15
3.5628724409383e-14
5.1842114493215e-15
1.80056033141646e-14
2.0791292624968e-15
5.04933191443385e-14
2.76938455429122e-14
1.28120306125343e-14
2.24798338175392e-14
1.1912111918635e-14
1.6514457649945e-14
1.05662871170606e-14
9.85458168596275e-15
2.60639099891694e-14
8.47504783925031e-15
2.59457809720035e-14
4.07566203284197e-14
2.64952251755577e-14
3.66376857597196e-15
1.42732413376546e-15
1.41154442831238e-15
2.20132356916773e-14
2.06023877346142e-14
1.00827720258753e-14
1.36075546867432e-14
1.30472771580659e-14
193.019380137113
6.88643708419606e-14
8.55771899425801e-14
6.19463259528865e-14
4.30370817488728e-14
9.48678176020933e-15
6.40273871436278e-14
5.35509073090139e-15
8.37689456282013e-15
1.93618152601701e-13
1.48900540560101e-13
1.76234772674896e-13
1.43871765196841e-13
1.15996740705019e-13
3.48524201581092e-14
4.11179235702174e-14
2.0011854872689e-16
5.43717548804698e-14
3.06686556319984e-14
2.97215442244423e-14
9.49591244485893e-14
1.3187524220194e-15
2.41973402034271e-14
3.25505090018609e-14
4.17901375199803e-15
7.45000784108966e-14
9.2230780457775e-15
8.18379197406509e-14
1.17390736003229e-13
5.2689316555588e-14
1.59048834939078e-13
1.00031787786977e-13
4.9499879198997e-16
6.14606663265937e-14
3.31816161831685e-14
7.32089092906185e-14
4.02553184506783e-14
2.42374273822466e-14
3.66893390359182e-14
3.89813285555679e-14
4.42108165515748e-14
1.42747352043847e-13
7.88616424846897e-14
2.9635924430359e-14
3.7567257320898e-14
2.39934867701699e-14
2.06394661879326e-14
1.40549996410617e-14
4.28880977240598e-14
1.38567276143633e-14
3.8948432584576e-14
1.6287133823538e-14
1.45359474871459e-14
6.4120872110075e-16
2.40762522032528e-15
2.15363149161918e-14
3.0930891513459e-15
2.24947711091481e-14
6.12470123709261e-14
3.9153075229491e-14
5.70892581026625e-14
8.40355886217787e-14
8.06207683598892e-14
7.37474151360433e-14
3.73366031429175e-14
2.17810975292886e-14
1.07616485436795e-14
2.92986515852008e-14
4.33210028172442e-14
1.7165939318044e-14
3.72769320409001e-14
1.0761264869839e-14
1.5542312203881e-14
1.33379873627856e-14
4.89281822100778e-14
5.44692055018585e-14
3.90052690681407e-14
8.28734569574925e-15
1.80936734148048e-14
1.44928055869104e-14
6.36134480611473e-14
7.84899978752793e-14
1.68941193953216e-14
3.17756640745752e-14
1.34836150442139e-14
3.12094990871546e-14
3.11900477536968e-14
5.97652074670797e-14
4.48488298244818e-14
2.25800060103487e-14
5.10783252258239e-14
4.49264009628796e-14
1.32396490103839e-14
3.30315997775998e-14
2.05022844979105e-15
1.43400085462836e-14
2.94239320476091e-14
1.97933622852533e-14
2.09171766735856e-14
4.19423366133653e-14
1.16131250441278e-14
9.58931837219121e-15
1.7376179792565e-14
1.34840715670636e-14
6.13071068937778e-14
1.09544832039184e-14
1.50763575406861e-14
1.01603230937239e-14
1.59345333177073e-14
7.80897802200178e-15
1.24285171435268e-14
1.18970922782569e-14
2.5820549903846e-14
1.5162134820766e-15
1.52372943550031e-14
1.13581802207415e-14
5.4917452209075e-15
4.94609844465701e-15
2.18230361236486e-14
1.57964053726295e-14
2.09758531046989e-14
1.34781712741664e-14
2.04984008209031e-15
2.63432981145634e-14
2.55972580821636e-14
7.48152992832478e-15
1.74029157187603e-15
2.75275290551906e-14
7.01618766535979e-15
2.52233829549091e-15
1.89105087341401e-14
2.67085232601084e-14
192.92843581551
4.13316354698636e-14
1.8336852424537e-14
2.17372126578748e-14
8.25535356399308e-14
6.41102011621346e-14
7.10161555177053e-14
3.7262487926192e-14
7.72566199794705e-15
8.66451957194316e-14
6.16457048718692e-14
1.8400880783714e-14
4.13327642937267e-14
5.34445367704488e-15
1.58389820914904e-14
6.38396657045836e-14
3.15329255378767e-14
3.33903390335922e-14
8.30676021622721e-14
6.08006458911829e-14
3.14059837004047e-15
1.51249235258559e-14
2.10716215368454e-15
2.17625773454249e-14
2.37423639160516e-14
3.1396226096834e-14
3.22931664214284e-14
5.01062098108231e-14
1.26241732420075e-13
1.54264795010856e-13
8.04561639833941e-14
3.17586286310248e-14
1.50935810327899e-14
2.58009605187785e-14
1.23140684535189e-13
1.12821483545285e-14
3.44062251513852e-14
2.68090880973244e-14
1.13821926130882e-13
3.00581785112505e-14
4.96964243516883e-14
3.31357682591678e-14
1.57669775515245e-14
6.66077507362774e-14
1.8465834358131e-14
8.55670440062551e-14
6.60818792620275e-14
8.93057786732745e-14
4.3555185956748e-14
3.82022174964535e-14
2.39798099476335e-14
2.97474920334825e-14
2.23405128049696e-14
2.07571385337472e-14
2.45301113591305e-14
2.16696814249234e-14
3.53426353067385e-14
1.87722226656091e-14
3.7091655918115e-14
8.55035931855187e-16
3.25823411752958e-14
3.57662019123316e-14
2.30856202453115e-14
1.14037143323412e-14
5.51819637154954e-15
5.26999797090748e-14
3.43361306035325e-14
7.02841760873774e-14
3.94284862166651e-15
1.53651282367481e-14
2.03115300448836e-14
2.17569701797498e-14
4.38251710732333e-14
2.8040603449559e-14
3.23884895206246e-14
3.01877653870647e-15
1.07369425737518e-14
2.35730794401872e-14
1.74673426377695e-14
1.49564752072396e-14
4.64143357909028e-14
2.37707165378393e-14
4.99293509935804e-15
2.06454962703582e-14
4.26005051713753e-14
2.31847871001649e-14
5.81476113695862e-15
1.91500531784308e-14
1.63403539633475e-14
5.2681886088776e-15
3.69390136655561e-15
3.3178507421031e-15
1.96686063524632e-14
3.64369173937917e-14
3.96806565123338e-14
6.63965974024695e-14
5.26377265595436e-14
1.48153012347663e-14
4.4219175425657e-14
2.45569830697734e-14
3.97442975650176e-14
2.04435321705201e-14
2.8918329989172e-14
2.6849869943719e-14
1.78752876329653e-14
6.44798064073851e-15
8.03301894417565e-15
2.02534467142097e-14
4.32688325357069e-14
9.35217825136591e-15
1.17488636446198e-14
1.52610510240018e-14
4.03401279675039e-14
3.78220776011659e-14
3.27159809068852e-15
1.38009484161225e-14
9.21400162657861e-15
9.9541384009998e-15
1.27145280830545e-14
2.20451806140205e-14
1.24140852028687e-14
1.57382967683581e-14
2.51566795637919e-15
6.77946739765846e-16
6.69901829751627e-16
7.72281202747446e-15
4.3607066742799e-15
1.07725449773483e-15
1.14964963023546e-14
1.55678601732111e-14
1.64229739702213e-14
5.75191334690319e-15
192.808410612271
2.83263621814576e-14
6.117254830393e-14
1.96342171178488e-13
2.20860202986293e-14
7.10833762110592e-15
2.66320780727437e-15
6.05027257895756e-14
9.61370085741884e-14
7.72263815311696e-14
2.21233118732954e-14
1.06756095788359e-13
1.93356570418295e-14
1.57895748089749e-13
1.79429643492152e-13
1.36496399949241e-14
3.16724615515777e-14
3.8470748699084e-14
5.07346141957246e-14
4.88747961370036e-14
1.28326210298183e-14
7.08199095937671e-14
4.23282065226361e-14
1.76656655282521e-14
4.3816010265614e-14
1.13940446003926e-13
2.9506776345805e-14
7.73452021378143e-14
1.7714944324834e-14
3.75466285061377e-14
6.66101263129081e-14
3.3785206580419e-15
4.74210121256172e-14
4.83999555924947e-14
6.47688055688828e-14
6.68504185972801e-14
1.11831902802464e-13
7.62805371954267e-14
2.28313492898949e-14
5.28334245134123e-14
1.49552521999847e-14
3.61430071447322e-15
9.31274782058331e-16
1.88565149061027e-14
5.81455979857226e-14
5.04016073840923e-14
6.94289788185501e-14
3.03482915198432e-14
4.92861125507312e-14
1.93581772104916e-14
1.85577842409579e-14
9.74799900860824e-14
9.64182833571758e-14
4.47036764713993e-14
4.12102044894265e-14
7.55917409282124e-14
3.22402978960901e-14
6.52342818629137e-14
2.97964139262033e-14
7.33227860708417e-14
1.51548618218652e-14
1.58271633449421e-14
4.24133048257141e-15
2.10652635646529e-14
1.65501480648229e-15
4.67038743496557e-15
1.45305474888361e-14
4.00933227413826e-14
3.03745977723865e-14
2.2000308525285e-14
1.79979754972944e-14
2.57971900370917e-14
3.04038672080191e-14
3.89110314256175e-14
4.17732958370834e-16
1.48530091958359e-14
8.96493636943969e-15
2.87768014381092e-14
2.90182117086205e-14
7.26323624716168e-15
1.22145928770164e-14
2.83406298211528e-14
4.7282066898331e-15
1.73719021426092e-14
4.57534027193482e-14
1.45770048678941e-14
2.01559012776888e-14
1.54635294527206e-14
7.02188664984664e-16
9.7092474196341e-15
1.71238146524172e-15
6.25755203539583e-15
2.38858252950794e-14
3.03544758001987e-14
2.41138498683003e-14
2.26894039028262e-14
2.54285909865688e-15
8.7899797586423e-15
1.68975237196973e-14
1.28609114011311e-14
1.23994200014602e-14
2.43427330181265e-14
1.04720917292312e-14
1.66062828946866e-14
4.31599021025977e-15
3.80789284752502e-14
4.20979561227155e-15
2.93808624913207e-14
2.16258791041859e-14
1.14900702421307e-14
1.76223499761259e-14
2.63696925764946e-15
9.37544269815697e-15
1.4146050798142e-15
2.19720654898239e-14
3.0103519815356e-14
1.28830774880758e-14
7.82970634445936e-15
5.19531806231292e-15
2.38644163864595e-16
5.65637425253092e-15
3.72410469530193e-15
2.52853228144306e-15
1.65718692140545e-14
4.93222665228398e-15
2.16978650232261e-14
1.26820180013545e-14
1.57634590896208e-14
4.24374096097331e-14
4.21203268371986e-15
9.9831530004012e-15
1.82801620499795e-14
192.660344168724
6.93767629828571e-14
3.96667467621163e-14
1.97717053626533e-13
1.12024288425716e-14
4.32238189175747e-14
9.76965366920325e-14
7.15147290338894e-15
5.8978569698653e-14
5.82451398540321e-14
4.79741736836454e-14
8.11500799195352e-15
2.21564258107539e-14
1.59449437903939e-14
6.31006864742759e-14
7.38925696503072e-14
1.40563988394937e-13
6.82994411161796e-14
5.62980493661517e-14
8.6039373321297e-14
5.3517286238285e-14
1.34546158590173e-13
4.87598086721287e-14
1.80696242137512e-14
1.21664419182013e-13
6.20752514233451e-15
1.11526713802781e-13
5.79959669619518e-14
8.38823640162142e-14
1.37676006983863e-13
6.80715401567449e-14
1.12714867189746e-13
2.01706154716317e-14
1.26209377149988e-13
9.76297726394126e-14
3.81392867546154e-14
7.41029160652346e-14
3.97726248425303e-14
8.16089424805775e-15
1.34310217599797e-14
3.28250278506356e-14
1.21140888409634e-14
4.91416793697057e-14
4.53325720038387e-14
3.70402325841794e-14
7.62630092384647e-15
3.07367567445399e-15
1.62375371811924e-14
3.26662543581825e-14
2.66329897891324e-15
1.82624940265414e-14
7.51603019349056e-14
3.97423693309369e-14
9.56434516070291e-15
1.03188170433368e-13
4.78585203406037e-14
1.65190230957872e-14
7.43340738304176e-14
8.31649261032773e-14
7.03846257204109e-15
1.19687621022557e-14
2.9099252679509e-14
1.29229435344926e-14
3.81549231817331e-14
2.78874053819685e-14
6.12283199410817e-14
4.13754450274055e-14
1.28323499106281e-14
6.20704781078504e-14
1.02139939769152e-14
8.31689080850134e-14
1.18584443124975e-14
2.08755586959553e-14
1.70119015288278e-14
1.07665782389611e-16
3.1889363127059e-16
1.34331812316305e-14
3.31558823062898e-15
6.01488055935917e-14
1.19170316774919e-14
3.50963909180651e-14
1.73246091500225e-14
1.43827098210575e-14
3.62657146419968e-14
6.81961023866873e-15
8.41568232672814e-15
3.65560188899381e-14
5.03056485586457e-14
1.54745183751138e-14
2.84214813994347e-15
7.71586158752707e-15
1.3502939765621e-14
1.11082585107005e-14
2.88485845404066e-14
2.88115835403249e-14
2.6304524090638e-14
2.22339821586659e-14
1.45787752456102e-14
1.89775683514067e-15
3.66862668947595e-14
1.71053361268755e-14
3.34657749916727e-15
1.62169095026284e-14
1.51184463532248e-14
4.94518825779357e-14
7.22090641538397e-16
3.09338115628529e-14
1.30859424922381e-14
2.66666200125847e-14
5.48362449733209e-15
4.51951054307065e-14
9.88348446970991e-15
3.82301459206846e-15
3.07075861256868e-14
2.7483323477333e-14
2.35768761137004e-14
2.15186788074376e-14
1.16071288097491e-14
6.09358201268932e-15
1.16674504294813e-14
2.48112082552798e-14
4.04216372412193e-14
4.20905984453131e-14
2.32808313884943e-14
7.88399976722943e-16
8.00307526992213e-15
2.8521288816976e-15
2.12186997547124e-14
8.54702625274301e-16
6.74780912174884e-15
2.25785305717426e-14
2.10493282049556e-14
192.485513965648
2.21974184334826e-13
1.71695917226297e-13
3.37237176363923e-14
3.30905201398422e-14
3.8060961086266e-14
7.9469924782515e-14
1.53472153931113e-13
6.93311512205826e-14
6.89722708609268e-14
8.65317845337487e-14
3.31126522536254e-14
2.37086925395577e-14
7.63843886279985e-15
2.60305391818793e-14
8.53872439581715e-14
1.19518583047515e-13
1.24205054840794e-13
4.28789583407927e-14
1.35902024291547e-13
7.13114241520495e-14
9.00905032317161e-14
6.80803228207059e-15
2.91618732803438e-14
3.64962301864867e-14
5.93823896856629e-14
2.27406451719187e-14
7.88854969592904e-14
9.04852215013379e-15
1.2987880544054e-13
1.2465166704358e-13
7.26803065137177e-14
1.12309152658209e-13
3.14596476943725e-15
1.72223507397444e-14
8.93747311975998e-14
7.70396279802661e-15
7.85862694858257e-14
2.39524866593524e-14
1.03225575316505e-14
1.12088839127891e-13
7.58283287644931e-14
3.30981138389638e-14
1.23148276952409e-14
7.09524260807308e-14
5.13447587455871e-14
3.00549721021182e-14
4.6051582989965e-14
1.26399925036008e-14
2.37133934506506e-14
4.30653891676782e-14
3.02766886816562e-14
4.87396103646423e-14
2.79527437804547e-15
3.47783603104095e-14
4.29985430226451e-16
5.41114214301127e-14
2.65296913014001e-15
7.32485429421231e-14
6.40663149463806e-14
3.68519309954423e-14
4.24006823768148e-15
2.15778236387178e-14
4.69809421556406e-14
1.88527395710095e-14
9.80608146169414e-15
1.42686392074066e-14
2.51025612265122e-14
1.65561666044186e-14
8.34848844835258e-16
2.224527096805e-14
3.57757005324928e-14
5.22708072782381e-14
4.55881216329513e-14
2.24383181294485e-14
4.84718691272073e-15
2.27206854401444e-14
2.57465826582334e-15
2.29718726536467e-14
4.59634598928611e-15
8.79280499961668e-14
2.13604812373707e-15
3.81402524612838e-14
9.5076739008014e-15
4.42689397709379e-14
1.37888984755852e-14
3.59643854889279e-14
4.01796877230483e-14
3.26048327887303e-14
5.53838306943752e-14
2.36252919109048e-14
2.34876604922845e-14
4.41527869241784e-14
1.4636102693997e-14
1.71742450616456e-14
1.87142151459671e-14
4.4743720928419e-14
1.36201899197542e-14
2.39599582298855e-14
2.49150732113104e-14
9.05967338188638e-15
1.01032015945952e-15
4.66904117929566e-14
2.50338052505695e-14
1.3951554629054e-14
1.54552491566548e-14
4.59546729686486e-14
7.16124771584232e-15
4.09706475332331e-14
2.22968903595812e-14
4.67354041916485e-15
1.5049638092511e-14
5.75043477612469e-15
1.91259259562189e-15
1.09932586594955e-14
2.05304256253254e-14
4.06874130551847e-14
7.05214949836451e-15
1.47105088314406e-14
3.36900924965542e-14
8.86018915159417e-15
1.25164670792374e-14
6.40465447297167e-15
5.74185958153472e-16
3.71448248713079e-14
5.02540635867547e-15
1.85009647271196e-14
4.56092529805628e-15
2.67703676748792e-14
2.85089198678707e-15
2.1031148171432e-14
9.95794755289629e-15
192.285421224355
1.57840718660304e-13
0
0
0
0
0
0
0
0
1.40416700520246e-13
0
0
0
1.33273874605517e-13
1.31542745429005e-13
1.29832918898334e-13
1.28144136530075e-13
1.26476143008736e-13
0
1.23201516852271e-13
0
0
1.18439288975075e-13
0
1.15361477152608e-13
0
0
1.10885613880409e-13
1.09430315035699e-13
1.07992974713799e-13
1.06573375424196e-13
0
0
0
1.01068131427798e-13
9.97340671398661e-14
0
0
0
9.45607368283449e-14
9.33071566935888e-14
0
0
0
8.84461484696934e-14
0
0
0
8.38216820048129e-14
8.2701198172877e-14
8.15946244098475e-14
8.05017928667718e-14
0
7.83566953087868e-14
0
7.62646034115192e-14
7.52380363803855e-14
7.42242468157738e-14
0
0
0
7.0293812092829e-14
0
6.84013449920271e-14
0
0
6.56503346243017e-14
0
0
0
0
0
0
0
0
5.79942538495135e-14
5.71960254706534e-14
0
0
5.48610492677479e-14
0
5.33529707459952e-14
0
0
0
0
0
0
4.83663498974973e-14
0
4.70213301104641e-14
0
0
4.5067105575085e-14
4.44321770806225e-14
0
4.31864516643994e-14
0
0
4.13767624660192e-14
0
0
3.96355258615154e-14
0
3.85115310987038e-14
0
0
0
0
0
3.53087414896514e-14
0
0
0
3.33079528377031e-14
0
0
3.18743415194128e-14
0
0
0
0
0
0
0
0
0
0
0
0
0
192.061774576948
0
0
0
0
0
0
0
0
0
0
0
0
0
0
0
0
0
0
0
0
0
0
0
0
0
0
0
0
0
0
0
0
0
0
0
0
0
0
0
0
0
0
0
0
0
0
0
0
0
0
0
0
0
0
0
0
0
0
0
0
0
0
0
0
0
0
0
0
0
0
0
0
0
0
0
0
0
0
0
0
0
0
0
0
0
0
0
0
0
0
0
0
0
0
0
0
0
0
0
0
0
0
0
0
0
0
0
0
0
0
0
0
0
0
0
0
0
0
0
0
0
0
0
0
0
0
0
0
0
0
0
191.631725594599
0
0
0
3.07508469343017e-14
3.03753599215948e-14
0
0
2.92761852107731e-14
1.09740724361331e-13
0
7.88602956364893e-14
1.05769603384444e-13
7.69461869028593e-14
2.71957219733689e-14
0
0
0
2.58915468290677e-14
2.55753949001792e-14
2.52631033834468e-14
2.49546251408306e-14
9.35415123044332e-14
6.80503893239644e-14
2.40516072689909e-14
0
6.55878911939231e-14
6.4787022151614e-14
0
0
0
8.37497553334686e-14
6.09269971783396e-14
2.15339283547093e-14
0
2.10112536677783e-14
2.07546931610133e-14
0
0
2.00036556782534e-14
1.97593985711262e-14
0
0
0
1.8811833490559e-14
1.85821292753859e-14
0
0
1.7909709043151e-14
1.76910203299107e-14
0
0
0
0
0
0
1.62331700965357e-14
0
1.58391561963163e-14
0
0
1.52659942658336e-14
1.50795869582554e-14
0
1.47135729982053e-14
1.45339110987108e-14
1.43564429830148e-14
1.41811418636584e-14
0
0
0
1.35010829648925e-14
0
1.31733826867212e-14
1.30125274711646e-14
1.28536363980655e-14
0
0
0
0
0
0
0
1.16503995406137e-14
1.15081408987734e-14
0
0
1.10917027898213e-14
1.09562661836227e-14
0
0
0
0
0
0
0
0
0
0
0
9.45441775629999e-15
0
9.22493873326717e-15
0
0
0
0
8.67531486254776e-15
8.56938385944568e-15
0
0
0
0
0
0
0
7.76719853335962e-15
0
7.57867194430088e-15
7.48613163493268e-15
0
7.30442714311092e-15
7.21523553374177e-15
7.12713300953126e-15
7.04010627206782e-15
6.95414218532633e-15
0
6.78535021993524e-15
6.70249686341638e-15
6.62065519803758e-15
6.53981287041706e-15
1.80542949959602e-14
191.631725594598
2.04679189607257e-13
0
0
0
0
0
0
0
0
0
1.81016098391882e-13
1.78805778975865e-13
0
0
0
0
0
0
0
0
0
1.58133929210087e-13
0
0
0
1.50550591648832e-13
1.48712275063894e-13
0
0
0
1.41580754415886e-13
0
0
0
0
0
0
0
0
0
0
0
0
0
0
0
0
0
0
0
0
0
0
0
0
0
0
0
0
0
0
0
0
0
0
0
0
0
0
0
0
0
0
0
0
0
0
0
0
0
0
0
0
0
0
0
0
0
0
0
0
0
0
0
0
0
0
0
0
0
0
0
0
0
0
0
0
0
0
0
0
0
0
0
0
0
0
0
0
0
0
0
0
0
0
0
0
0
0
0
4.14418689786478e-14
191.631725594599
1.99261864044058e-13
0
0
0
0
0
0
0
0
0
0
0
0
0
0
0
0
0
0
0
0
0
0
0
0
0
0
0
0
0
0
0
0
0
0
0
0
0
0
0
0
0
0
0
0
0
0
0
0
0
0
0
0
0
0
0
0
0
0
0
0
0
0
0
0
0
0
0
0
0
0
0
0
0
0
0
0
0
0
0
0
0
0
0
0
0
0
0
0
0
0
0
0
0
0
0
0
0
0
0
0
0
0
0
0
0
0
0
0
0
0
0
0
0
0
0
0
0
0
0
0
0
0
0
0
0
0
0
0
0
0
191.6317255946
0
0
0
0
0
0
0
0
0
0
0
0
0
0
0
0
0
0
0
0
0
0
0
0
0
0
0
0
0
0
0
0
0
0
0
0
0
0
0
0
0
0
0
0
0
0
0
0
0
0
0
0
0
0
0
0
0
0
0
0
0
0
0
0
0
0
0
0
0
0
0
0
0
0
0
0
0
0
0
0
0
0
0
0
0
0
0
0
0
0
0
0
0
0
0
0
0
0
0
0
0
0
0
0
0
0
0
0
0
0
0
0
0
0
0
0
0
0
0
0
0
0
0
0
0
0
0
0
0
0
0
191.6317255946
0
0
0
0
0
0
0
0
0
0
0
0
0
0
0
0
0
0
0
0
0
0
0
0
0
0
0
0
0
0
0
0
0
0
0
0
0
0
0
0
0
0
0
0
0
0
0
0
0
0
0
0
0
0
0
0
0
0
0
0
0
0
0
0
0
0
0
0
0
0
0
0
0
0
0
0
0
0
0
0
0
0
0
0
0
0
0
0
0
0
0
0
0
0
0
0
0
0
0
0
0
0
0
0
0
0
0
0
0
0
0
0
0
0
0
0
0
0
0
0
0
0
0
0
0
0
0
0
0
0
0
191.631725594599
0
0
0
0
0
0
0
0
0
0
0
0
0
0
0
0
0
0
0
0
0
0
0
0
0
0
0
0
0
0
0
0
0
0
0
0
0
0
0
0
0
0
0
0
0
0
0
0
0
0
0
0
0
0
0
0
0
0
0
0
0
0
0
0
0
0
0
0
0
0
0
0
0
0
0
0
0
0
0
0
0
0
0
0
0
0
0
0
0
0
0
0
0
0
0
0
0
0
0
0
0
0
0
0
0
0
0
0
0
0
0
0
0
0
0
0
0
0
0
0
0
0
0
0
0
0
0
0
0
0
0
191.631725594599
0
0
0
0
0
0
0
0
0
0
0
0
0
0
0
0
0
0
0
0
0
0
0
0
0
0
0
0
0
0
0
0
0
0
0
0
0
0
0
0
0
0
0
0
0
0
0
0
0
0
0
0
0
0
0
0
0
0
0
0
0
0
0
0
0
0
0
0
0
0
0
0
0
0
0
0
0
0
0
0
0
0
0
0
0
0
0
0
0
0
0
0
0
0
0
0
0
0
0
0
0
0
0
0
0
0
0
0
0
0
0
0
0
0
0
0
0
0
0
0
0
0
0
0
0
0
0
0
0
0
0
191.631725594598
0
0
0
0
0
0
0
0
0
0
0
0
0
0
0
0
0
0
0
0
0
0
0
0
0
0
0
0
0
0
0
0
0
0
0
0
0
0
0
0
0
0
0
0
0
0
0
0
0
0
0
0
0
0
0
0
0
0
0
0
0
0
0
0
0
0
0
0
0
0
0
0
0
0
0
0
0
0
0
0
0
0
0
0
0
0
0
0
0
0
0
0
0
0
0
0
0
0
0
0
0
0
0
0
0
0
0
0
0
0
0
0
0
0
0
0
0
0
0
0
0
0
0
0
0
0
0
0
0
0
0
191.631725594599
0
0
0
0
0
0
0
0
0
0
0
0
0
0
0
0
0
0
0
0
0
0
0
0
0
0
0
0
0
0
0
0
0
0
0
0
0
0
0
0
0
0
0
0
0
0
0
0
0
0
0
0
0
0
0
0
0
0
0
0
0
0
0
0
0
0
0
0
0
0
0
0
0
0
0
0
0
0
0
0
0
0
0
0
0
0
0
0
0
0
0
0
0
0
0
0
0
0
0
0
0
0
0
0
0
0
0
0
0
0
0
0
0
0
0
0
0
0
0
0
0
0
0
0
0
0
0
0
0
0
0
191.631725594599
0
0
0
0
0
0
0
0
0
0
0
0
0
0
0
0
0
0
0
0
0
0
0
0
0
0
0
0
0
0
0
0
0
0
0
0
0
0
0
0
0
0
0
0
0
0
0
0
0
0
0
0
0
0
0
0
0
0
0
0
0
0
0
0
0
0
0
0
0
0
0
0
0
0
0
0
0
0
0
0
0
0
0
0
0
0
0
0
0
0
0
0
0
0
0
0
0
0
0
0
0
0
0
0
0
0
0
0
0
0
0
0
0
0
0
0
0
0
0
0
0
0
0
0
0
0
0
0
0
0
0
191.6317255946
0
0
0
0
0
0
0
0
0
0
0
0
0
0
0
0
0
0
0
0
0
0
0
0
0
0
0
0
0
0
0
0
0
0
0
0
0
0
0
0
0
0
0
0
0
0
0
0
0
0
0
0
0
0
0
0
0
0
0
0
0
0
0
0
0
0
0
0
0
0
0
0
0
0
0
0
0
0
0
0
0
0
0
0
0
0
0
0
0
0
0
0
0
0
0
0
0
0
0
0
0
0
0
0
0
0
0
0
0
0
0
0
0
0
0
0
0
0
0
0
0
0
0
0
0
0
0
0
0
0
0
191.631725594599
1.56523189158602e-13
0
0
0
0
0
0
0
0
0
0
0
0
0
0
0
0
0
0
0
0
0
0
0
0
0
0
0
0
0
0
0
0
0
0
0
0
0
0
0
0
0
0
0
0
0
0
0
0
0
0
0
0
0
0
0
0
0
0
0
0
0
0
0
0
0
0
0
0
0
0
0
0
0
0
0
0
0
0
0
0
0
0
0
0
0
0
0
0
0
0
0
0
0
0
0
0
0
0
0
0
0
0
0
0
0
0
0
0
0
0
0
0
0
0
0
0
0
0
0
0
0
0
0
0
0
0
0
0
0
0
191.631725594598
1.52380427622899e-13
0
0
0
0
0
0
0
0
0
0
0
0
0
0
0
0
0
0
0
0
0
0
0
0
0
0
0
0
0
0
0
0
0
0
0
0
0
0
0
0
0
0
0
0
0
0
0
0
0
0
0
0
0
0
0
0
0
0
0
0
0
0
0
0
0
0
0
0
0
0
0
0
0
0
0
0
0
0
0
0
0
0
0
0
0
0
0
0
0
0
0
0
0
0
0
0
0
0
0
0
0
0
0
0
0
0
0
0
0
0
0
0
0
0
0
0
0
0
0
0
0
0
0
0
0
0
0
0
0
0
191.631725594599
0
0
0
0
0
0
0
0
0
0
0
0
0
0
0
0
0
0
0
0
0
0
0
0
0
0
0
0
0
0
0
0
0
0
0
0
0
0
0
0
0
0
0
0
0
0
0
0
0
0
0
0
0
0
0
0
0
0
0
0
0
0
0
0
0
0
0
0
0
0
0
0
0
0
0
0
0
0
0
0
0
0
0
0
0
0
0
0
0
0
0
0
0
0
0
0
0
0
0
0
0
0
0
0
0
0
0
0
0
0
0
0
0
0
0
0
0
0
0
0
0
0
0
0
0
0
0
0
0
0
0
191.631725594599
1.44420946805646e-13
0
0
0
0
0
0
0
0
0
0
0
0
0
0
0
0
0
0
0
0
0
0
0
0
0
0
0
0
0
0
0
0
0
0
0
0
0
0
0
0
0
0
0
0
0
0
0
0
0
0
0
0
0
0
0
0
0
0
0
0
0
0
0
0
0
0
0
0
0
0
0
0
0
0
0
0
0
0
0
0
0
0
0
0
0
0
0
0
0
0
0
0
0
0
0
0
0
0
0
0
0
0
0
0
0
0
0
0
0
0
0
0
0
0
0
0
0
0
0
0
0
0
0
0
0
0
0
0
0
0
191.6317255946
0
0
0
0
0
0
0
0
0
0
0
0
0
0
0
0
0
0
0
0
0
0
0
0
0
0
0
0
0
0
0
0
0
0
0
0
0
0
0
0
0
0
0
0
0
0
0
0
0
0
0
0
0
0
0
0
0
0
0
0
0
0
0
0
0
0
0
0
0
0
0
0
0
0
0
0
0
0
0
0
0
0
0
0
0
0
0
0
0
0
0
0
0
0
0
0
0
0
0
0
0
0
0
0
0
0
0
0
0
0
0
0
0
0
0
0
0
0
0
0
0
0
0
0
0
0
0
0
0
0
0
191.631725594598
0
0
0
0
0
0
0
0
0
0
0
0
0
0
0
0
0
0
0
0
0
0
0
0
0
0
0
0
0
0
0
0
0
0
0
0
0
0
0
0
0
0
0
0
0
0
0
0
0
0
0
0
0
0
0
0
0
0
0
0
0
0
0
0
0
0
0
0
0
0
0
0
0
0
0
0
0
0
0
0
0
0
0
0
0
0
0
0
0
0
0
0
0
0
0
0
0
0
0
0
0
0
0
0
0
0
0
0
0
0
0
0
0
0
0
0
0
0
0
0
0
0
0
0
0
0
0
0
0
0
0
191.631725594599
0
0
0
0
0
0
0
0
0
0
0
0
0
0
0
0
0
0
0
0
0
0
0
0
0
0
0
0
0
0
0
0
0
0
0
0
0
0
0
0
0
0
0
0
0
0
0
0
0
0
0
0
0
0
0
0
0
0
0
0
0
0
0
0
0
0
0
0
0
0
0
0
0
0
0
0
0
0
0
0
0
0
0
0
0
0
0
0
0
0
0
0
0
0
0
0
0
0
0
0
0
0
0
0
0
0
0
0
0
0
0
0
0
0
0
0
0
0
0
0
0
0
0
0
0
0
0
0
0
0
0
191.631725594599
0
0
0
0
0
0
0
0
0
0
0
0
6.99820182132916e-14
6.9127494140568e-14
0
0
0
0
0
0
0
0
0
0
0
1.19303455592912e-13
1.17846686020273e-13
0
0
0
0
0
0
1.08135385286156e-13
1.06814984814714e-13
0
0
0
0
0
0
0
0
0
0
0
0
0
0
0
0
8.66814468937918e-14
4.28115061928009e-14
4.22887510113188e-14
0
0
0
0
0
7.85671430088849e-14
7.76077892099877e-14
7.66601497191157e-14
7.57240814971976e-14
7.47994432518631e-14
7.38860954159976e-14
0
0
0
0
0
0
0
0
0
0
0
0
0
0
0
0
0
0
0
5.77896066856605e-14
5.7083959559062e-14
0
0
0
5.43464892588455e-14
5.36828847426312e-14
0
0
0
0
0
0
0
0
0
4.74765723138526e-14
4.68968537665937e-14
0
0
0
0
0
0
0
0
0
0
0
0
0
0
0
0
0
0
0
0
0
0
0
0
0
0
0
0
0
191.6317255946
1.26293990981773e-13
0
0
0
0
0
0
0
0
0
0
0
1.08982031911259e-13
1.07651293356692e-13
0
0
0
0
0
0
0
0
0
0
0
0
0
0
0
0
0
0
0
0
0
0
0
0
0
0
0
0
0
0
0
0
0
0
0
0
0
0
0
6.58556887878822e-14
0
0
0
0
0
0
0
0
0
0
0
0
0
0
0
0
0
0
0
0
0
0
0
0
0
0
0
0
0
0
0
0
0
0
0
0
0
0
0
0
0
0
0
0
0
0
0
0
0
0
0
0
0
0
0
0
0
0
0
0
0
0
0
0
0
0
0
0
0
0
0
0
0
0
0
0
0
191.631725594597
0
0
0
0
0
0
0
0
0
0
0
0
0
0
0
0
0
0
0
0
0
0
0
0
0
0
0
0
0
0
0
0
0
0
0
0
0
0
0
0
0
0
0
0
0
0
0
0
0
0
0
0
0
0
0
0
0
0
0
0
0
0
0
0
0
0
0
0
0
0
0
0
0
0
0
0
0
0
0
0
0
0
0
0
0
0
0
0
0
0
0
0
0
0
0
0
0
0
0
0
0
0
0
0
0
0
0
0
0
0
0
0
0
0
0
0
0
0
0
0
0
0
0
0
0
0
0
0
0
0
0
191.631725594599
0
0
0
0
0
0
0
0
0
0
0
0
0
0
0
0
0
0
0
0
0
0
0
0
0
0
0
0
0
0
0
0
0
0
0
0
0
0
0
0
0
0
0
0
0
0
0
0
0
0
0
0
0
0
0
0
0
0
0
0
0
0
0
0
0
0
0
0
0
0
0
0
0
0
0
0
0
0
0
0
0
0
0
0
0
0
0
0
0
0
0
0
0
0
0
0
0
0
0
0
0
0
0
0
0
0
0
0
0
0
0
0
0
0
0
0
0
0
0
0
0
0
0
0
0
0
0
0
0
0
0
191.631725594598
0
0
0
0
0
0
0
0
0
0
0
0
0
0
0
0
0
0
0
0
0
0
0
0
0
0
0
0
0
0
0
0
0
0
0
0
0
0
0
0
0
0
0
0
0
0
0
0
0
0
0
0
0
0
0
0
0
0
0
0
0
0
0
0
0
0
0
0
0
0
0
0
0
0
0
0
0
0
0
0
0
0
0
0
0
0
0
0
0
0
0
0
0
0
0
0
0
0
0
0
0
0
0
0
0
0
0
0
0
0
0
0
0
0
0
0
0
0
0
0
0
0
0
0
0
0
0
0
0
0
0
191.631725594599
0
0
0
0
0
0
0
0
0
0
0
0
0
0
0
0
0
0
0
0
0
0
0
0
0
0
0
0
0
0
0
0
0
0
0
0
0
0
0
0
0
0
0
0
0
0
0
0
0
0
0
0
0
0
0
0
0
0
0
0
0
0
0
0
0
0
0
0
0
0
0
0
0
0
0
0
0
0
0
0
0
0
0
0
0
0
0
0
0
0
0
0
0
0
0
0
0
0
0
0
0
0
0
0
0
0
0
0
0
0
0
0
0
0
0
0
0
0
0
0
0
0
0
0
0
0
0
0
0
0
0
191.631725594598
0
0
0
0
0
0
0
0
0
0
0
0
0
0
0
0
0
0
0
0
0
0
0
0
0
0
0
0
0
0
0
0
0
0
0
0
0
0
0
0
0
0
0
0
0
0
0
0
0
0
0
0
0
0
0
0
0
0
0
0
0
0
0
0
0
0
0
0
0
0
0
0
0
0
0
0
0
0
0
0
0
0
0
0
0
0
0
0
0
0
0
0
0
0
0
0
0
0
0
0
0
0
0
0
0
0
0
0
0
0
0
0
0
0
0
0
0
0
0
0
0
0
0
0
0
0
0
0
0
0
0
191.631725594599
1.07519116497255e-13
0
0
0
0
0
0
0
0
0
0
0
0
0
0
0
0
0
0
0
0
0
0
0
0
0
0
0
0
0
0
0
0
0
0
0
0
0
0
0
0
0
0
0
0
0
0
0
0
0
0
0
0
0
0
0
0
0
0
0
0
0
0
0
0
0
0
0
0
0
0
0
0
0
0
0
0
0
0
0
0
0
0
0
0
0
0
0
0
0
0
0
0
0
0
0
0
0
0
0
0
0
0
0
0
0
0
0
0
0
0
0
0
0
0
0
0
0
0
0
0
0
0
0
0
0
0
0
0
0
0
191.631725594599
0
0
0
0
0
0
0
0
0
0
0
0
0
0
0
0
0
0
0
0
0
0
0
0
0
0
0
0
0
0
0
0
0
0
0
0
0
0
0
0
0
0
0
0
0
0
0
0
0
0
0
0
0
0
0
0
0
0
0
0
0
0
0
0
0
0
0
0
0
0
0
0
0
0
0
0
0
0
0
0
0
0
0
0
0
0
0
0
0
0
0
0
0
0
0
0
0
0
0
0
0
0
0
0
0
0
0
0
0
0
0
0
0
0
0
0
0
0
0
0
0
0
0
0
0
0
0
0
0
0
0
191.631725594599
0
0
0
0
0
0
0
0
0
0
0
0
0
0
0
0
0
0
0
0
0
0
0
0
0
0
0
0
0
0
0
0
0
0
0
0
0
0
0
0
0
0
0
0
0
0
0
0
0
0
0
0
0
0
0
0
0
0
0
0
0
0
0
0
0
0
0
0
0
0
0
0
0
0
0
0
0
0
0
0
0
0
0
0
0
0
0
0
0
0
0
0
0
0
0
0
0
0
0
0
0
0
0
0
0
0
0
0
0
0
0
0
0
0
0
0
0
0
0
0
0
0
0
0
0
0
0
0
0
0
0
191.6317255946
0
0
0
0
0
0
0
0
0
0
0
0
0
0
0
0
0
0
0
0
0
0
0
0
0
0
0
0
0
0
0
0
0
0
0
0
0
0
0
0
0
0
0
0
0
0
0
0
0
0
0
0
0
0
0
0
0
0
0
0
0
0
0
0
0
0
0
0
0
0
0
0
0
0
0
0
0
0
0
0
0
0
0
0
0
0
0
0
0
0
0
0
0
0
0
0
0
0
0
0
0
0
0
0
0
0
0
0
0
0
0
0
0
0
0
0
0
0
0
0
0
0
0
0
0
0
0
0
0
0
0
191.631725594599
1.93160216023572e-13
1.19279029149215e-13
1.17822557838695e-13
1.16383870950905e-13
0
0
1.12172358460957e-13
0
0
1.08113245416975e-13
0
0
0
1.02928657650552e-13
0
1.00430358082195e-13
9.92040407966189e-14
0
9.67961456782064e-14
0
0
9.32934423124208e-14
9.21542712179082e-14
9.10290101126826e-14
4.49587445735458e-14
4.44097702727417e-14
8.77349985807935e-14
8.66636995496678e-14
0
0
8.35276528612676e-14
0
8.1500257344292e-14
0
3.97610355352503e-14
3.92755285023141e-14
7.75918996258768e-14
7.66444541567084e-14
7.57085775874112e-14
0
0
0
0
0
0
0
6.86214507886271e-14
6.7783540092395e-14
0
6.6138288004008e-14
0
6.45329697171098e-14
3.18724909618672e-14
3.14833079762921e-14
6.21977543152069e-14
6.14382809577795e-14
0
0
5.92150511794534e-14
2.92459992434407e-14
2.88888873592327e-14
0
5.63753840438555e-14
0
2.75035162013289e-14
2.71676811214185e-14
2.68359467972163e-14
2.65082631559283e-14
0
0
5.10980494566618e-14
5.04741104156814e-14
0
4.92489953588821e-14
4.86476344212045e-14
2.40268082377638e-14
2.3733425929647e-14
0
4.63147294259622e-14
4.5749197704711e-14
0
0
0
2.17776438500897e-14
2.15117252413833e-14
0
0
0
0
4.04601038774709e-14
0
3.94780502651893e-14
0
0
3.80494820244918e-14
3.75848741269819e-14
3.71259393815653e-14
3.66726085155292e-14
0
0
0
0
0
0
0
0
0
0
0
0
0
0
3.05005077358671e-14
3.01280775208439e-14
1.48800974554736e-14
1.46984021885307e-14
2.90378510681545e-14
2.86832808029418e-14
0
0
2.76453363320485e-14
2.73077695399241e-14
0
0
2.63195998601411e-14
2.59982211368685e-14
0
0
0
2.47514723343984e-14
0
191.631725594594
1.88047767718171e-13
1.85751587235796e-13
1.83483444548671e-13
1.81242997297812e-13
0
0
1.74684466973989e-13
0
0
1.68363266205781e-13
0
0
0
1.60289379172616e-13
0
1.56398811706374e-13
1.54489084708467e-13
0
1.50739302845446e-13
0
0
1.45284591196201e-13
1.43510575759891e-13
1.41758222158077e-13
0
0
1.36628503423899e-13
1.34960184215944e-13
0
0
1.30076461954192e-13
0
1.269192268734e-13
0
0
0
1.20832795294781e-13
1.19357351530921e-13
1.17899923855296e-13
0
0
0
0
0
0
0
1.06863239023056e-13
1.05558372250606e-13
0
1.02996243861395e-13
0
1.00496303830552e-13
0
0
9.6859705087799e-14
9.56769877014169e-14
0
0
9.22147826259767e-14
0
0
0
8.77926081547311e-14
0
0
0
0
0
0
0
7.95742877765594e-14
7.86026361121619e-14
0
7.66947813285502e-14
7.57582902330738e-14
0
0
0
7.21252894547518e-14
7.12445947039325e-14
0
0
0
0
0
0
0
0
0
6.30079618233958e-14
0
6.14786232755132e-14
0
0
5.9253933654236e-14
5.85304061823887e-14
5.78157134320633e-14
5.71097475258197e-14
0
0
0
0
0
0
0
0
0
0
0
0
0
0
4.74980200949456e-14
4.69180396569042e-14
0
0
4.52202450363576e-14
4.46680776518679e-14
0
0
4.30517010406035e-14
4.25260129302756e-14
0
0
4.09871499148134e-14
4.04866712608751e-14
0
0
0
3.8545126543459e-14
0
191.631725594603
0
0
0
1.10304644092683e-13
1.08957755618802e-13
1.07627313492884e-13
1.06313116894803e-13
0
0
0
0
0
4.93790763444329e-14
0
4.81805401161995e-14
0
0
0
0
0
0
0
0
8.62741759708634e-14
8.52207144945547e-14
8.41801164396521e-14
8.31522247357565e-14
8.21368842304083e-14
8.11339416656543e-14
0
0
0
0
7.62999636464524e-14
7.53682935210547e-14
0
3.67694715890566e-14
0
3.58769975483339e-14
0
0
0
0
3.37394381745008e-14
3.33274585995104e-14
0
0
0
0
3.13418013148029e-14
0
3.05810684879703e-14
0
5.96776005611633e-14
5.89488998522616e-14
0
2.87590417277864e-14
2.84078758984386e-14
0
0
0
2.70455717211428e-14
2.67153284288376e-14
0
0
0
0
2.51236233082775e-14
2.48168482043363e-14
2.45138190156784e-14
2.42144900023349e-14
4.78376319657335e-14
0
0
2.30532803082554e-14
2.277178538311e-14
0
2.22190652477049e-14
0
0
0
2.11535464630185e-14
4.179049694503e-14
0
0
0
3.97864270609148e-14
3.9300609981616e-14
0
0
0
3.74159430202464e-14
1.84795355144853e-14
1.82538888647677e-14
0
3.56216555607941e-14
3.51866929380427e-14
0
0
0
0
0
0
0
1.59464224187496e-14
1.57517066592046e-14
0
0
0
1.49963310775093e-14
1.48132165255772e-14
0
0
0
0
0
0
0
0
0
0
0
0
0
0
0
0
0
0
0
0
191.631725594599
0
0
0
1.71775901144067e-13
1.69678410297281e-13
1.676065311214e-13
1.65559950881976e-13
0
0
0
0
0
0
0
0
0
0
0
0
0
0
0
0
1.34353584518206e-13
1.32713043488382e-13
1.31092534487338e-13
1.29491812911487e-13
1.27910637144065e-13
1.26348768518549e-13
0
0
0
0
1.18820881209827e-13
1.17370004171278e-13
0
0
0
0
0
0
0
0
0
0
0
0
0
0
0
0
0
0
9.29351043995592e-14
9.18003088343651e-14
0
0
0
0
0
0
0
0
0
0
0
0
0
0
0
0
7.44968845791033e-14
0
0
0
0
0
0
0
0
0
0
6.50797646013773e-14
0
0
0
6.19588542069698e-14
6.12022979688141e-14
0
0
0
5.82673320994308e-14
0
0
0
5.54731129820566e-14
5.47957516877795e-14
0
0
0
0
0
0
0
0
0
0
0
0
0
0
0
0
0
0
0
0
0
0
0
0
0
0
0
0
0
0
0
0
0
0
191.631725594599
0
0
5.29176379652306e-14
5.22714806141235e-14
0
0
0
0
4.91571343475472e-14
4.85568950901047e-14
0
0
0
0
0
4.51062803863746e-14
4.45555045813061e-14
0
0
0
5.08707152928325e-14
5.02495521437208e-14
0
0
0
0
0
0
0
0
0
3.70566907336942e-14
3.6604205436811e-14
0
0
0
0
0
0
3.35877909822784e-14
3.31776631140473e-14
3.93024132371194e-14
3.88225062683751e-14
0
0
0
0
3.65094528397023e-14
6.61355311972463e-14
0
2.93419723919595e-14
3.47586362600884e-14
3.43342116410546e-14
0
2.79348734697166e-14
2.75937712486325e-14
0
0
3.18943081976823e-14
3.15048588100554e-14
3.11201648422513e-14
3.07401682276437e-14
0
0
0
0
0
0
0
2.32333575072177e-14
2.29496637272075e-14
0
0
2.21191981769788e-14
2.18491089769958e-14
0
0
0
0
0
0
0
0
0
0
0
0
2.23346611922318e-14
2.20619410545131e-14
0
0
0
1.75142704162443e-14
1.73004102551706e-14
0
0
0
0
0
0
0
0
0
0
0
0
0
0
0
0
0
0
1.36986911142424e-14
1.35314215552765e-14
1.33661944619139e-14
1.32029848943663e-14
0
0
0
1.25698336676189e-14
1.24163481618614e-14
0
0
1.43514574863988e-14
1.41762172430627e-14
0
1.38321300060608e-14
0
1.34963945052541e-14
0
0
191.631725594599
0
0
1.64815815737631e-13
1.62803311872904e-13
0
0
0
0
1.53103454884713e-13
1.51233966248093e-13
0
0
0
0
0
1.40486776859829e-13
1.3877134572777e-13
0
0
0
1.32116543916788e-13
1.30503318547404e-13
0
0
0
0
0
0
0
0
0
1.15415746935343e-13
1.14006448709218e-13
0
0
0
0
0
0
1.04611607441866e-13
1.03334234494803e-13
1.02072459067806e-13
1.00826090705433e-13
0
0
0
0
9.4818850132309e-14
9.36610528573002e-14
0
9.13876979601681e-14
9.02717971923368e-14
8.91695222685977e-14
0
8.70051864647499e-14
8.59427988945637e-14
0
0
8.28328390005633e-14
8.18213983941634e-14
8.08223081081439e-14
7.98354173374311e-14
0
0
0
0
0
0
0
7.23619745157983e-14
7.14783896928546e-14
0
0
6.8891844594356e-14
6.8050632221154e-14
0
0
0
0
0
0
0
0
0
0
0
0
5.80054404441479e-14
5.72971578527976e-14
0
0
0
5.45494635947191e-14
5.3883380635312e-14
0
0
0
0
0
0
0
0
0
0
0
0
0
0
0
0
0
0
4.26655655344111e-14
4.21445923793517e-14
4.16299806313271e-14
4.11216526135663e-14
0
0
0
3.9149657265053e-14
3.86716155419539e-14
0
0
3.72722292650539e-14
3.68171121083275e-14
0
3.59234817298894e-14
0
3.50515416798732e-14
0
0
191.6317255946
0
0
0
0
0
0
0
0
0
5.51900747032471e-14
5.45161694828263e-14
0
9.75481878554364e-14
9.63570636652292e-14
0
0
0
0
0
0
0
0
0
0
3.8275174121876e-14
3.78078103831593e-14
0
0
0
0
0
0
0
0
0
0
0
0
0
0
0
0
0
3.03067834754175e-14
2.99367187543915e-14
0
0
2.88534168852233e-14
2.85010986763658e-14
0
0
0
0
0
0
0
0
3.06020017242075e-14
3.0228332204312e-14
0
0
0
0
0
0
0
0
0
0
0
0
2.57662223872526e-14
2.5451600747927e-14
0
0
2.45305991214751e-14
2.42310652125788e-14
0
0
0
0
2.27873730386848e-14
2.25091250070814e-14
0
0
0
0
0
0
0
0
0
0
0
0
0
0
0
1.84921850555779e-14
1.82663839470792e-14
0
0
0
0
1.43240313888153e-14
1.41491260352271e-14
0
0
1.63542917866914e-14
1.61545956878784e-14
0
1.31436420097048e-14
1.29831499463488e-14
1.53798994991554e-14
1.51921013376625e-14
1.25133365803629e-14
1.23605409392662e-14
0
0
0
0
1.39401775894781e-14
1.37699593300974e-14
0
0
0
0
0
0
0
0
191.631725594599
0
0
0
0
0
0
0
0
0
0
0
0
0
0
0
0
0
0
0
0
0
0
0
0
0
0
0
0
0
0
0
0
0
0
0
0
0
0
0
0
0
0
0
0
0
0
0
0
0
0
0
0
0
0
0
0
0
0
0
0
0
0
0
0
0
0
0
0
0
0
0
0
0
0
0
0
0
0
0
0
0
0
0
0
0
0
0
0
0
0
0
0
0
0
0
0
0
0
0
0
0
0
0
0
0
0
0
0
0
0
0
0
0
0
0
0
0
0
0
0
0
0
0
0
0
0
0
0
0
0
0
191.631725594599
0
0
0
0
0
0
0
0
0
0
0
0
0
0
0
0
0
0
0
0
0
0
0
0
0
0
0
0
0
0
0
0
0
0
0
0
0
0
0
0
0
0
0
0
0
0
0
0
0
0
0
0
0
0
0
0
0
0
0
0
0
0
0
0
0
0
0
0
0
0
0
0
0
0
0
0
0
0
0
0
0
0
0
0
0
0
0
0
0
0
0
0
0
0
0
0
0
0
0
0
0
0
0
0
0
0
0
0
0
0
0
0
0
0
0
0
0
0
0
0
0
0
0
0
0
0
0
0
0
0
0
191.6317255946
0
4.68477350940798e-14
0
0
0
0
8.81130735476265e-14
0
8.5974380023054e-14
0
4.19437985916638e-14
4.143163866096e-14
0
8.08520076260883e-14
3.99323771028565e-14
3.94447778825606e-14
0
7.6974736825333e-14
7.60348272987381e-14
3.75531973267201e-14
3.70946493747865e-14
0
3.61942825708604e-14
3.57523278153152e-14
0
0
0
6.80756385717536e-14
0
6.64232966259718e-14
0
0
6.40196771116981e-14
6.3237956941044e-14
0
0
3.04748016901815e-14
3.01026853620015e-14
2.97351128061894e-14
2.93720285404455e-14
2.901337775995e-14
2.8659106329086e-14
0
0
2.7622036645207e-14
2.72847543567865e-14
5.39031809907785e-14
0
0
0
0
0
5.00726414029429e-14
0
4.88572708612599e-14
0
0
0
4.65143127174038e-14
4.59463439597393e-14
4.53853104546981e-14
0
4.42837115015385e-14
0
0
0
0
4.16452782686399e-14
4.11367634571926e-14
0
0
0
0
0
0
0
0
0
0
0
3.5497873121021e-14
3.50644219590248e-14
0
0
0
0
0
0
3.21748952509691e-14
3.17820197204934e-14
0
0
0
0
0
0
2.91629833956929e-14
2.88068851867549e-14
2.84551351589473e-14
2.81076802182771e-14
0
2.74254464559788e-14
2.70905646563423e-14
0
2.64330184730668e-14
2.6110254837823e-14
0
0
2.51654188956318e-14
1.24290667207577e-14
1.22773000671853e-14
0
0
0
0
0
0
0
2.22560288206425e-14
0
2.17158272046374e-14
2.14506634157154e-14
0
2.0930009747677e-14
1.03372206399137e-14
1.02109967311499e-14
2.01726281900193e-14
1.99263078231727e-14
1.96829951815819e-14
0
1.92052466177834e-14
191.631725594602
1.47714347944155e-13
1.45910663663125e-13
0
0
0
0
0
0
0
0
1.30636998283307e-13
1.29041839088511e-13
0
0
0
1.22853617305744e-13
0
0
0
1.1696215267633e-13
1.15533971871993e-13
0
1.12729714256609e-13
1.11353214164104e-13
0
0
0
0
0
0
0
0
0
0
0
0
9.49159768489683e-14
9.37569935961951e-14
9.26121622515156e-14
0
0
0
0
0
0
0
0
0
0
0
0
0
0
0
0
0
0
0
0
0
0
0
0
0
0
0
0
0
0
0
0
0
0
0
0
0
0
0
0
0
0
0
0
0
0
0
0
0
0
0
0
0
0
0
0
0
0
0
0
0
0
0
0
0
0
0
0
0
0
0
3.82385401812223e-14
0
0
0
0
0
0
0
0
0
0
0
0
0
3.21960223044486e-14
0
0
0
0
0
0
191.631725594595
0
0
0
0
0
0
0
0
0
0
0
0
0
0
0
0
0
0
0
0
0
0
0
0
0
0
0
0
0
0
0
0
0
0
0
0
0
0
0
0
0
0
0
0
0
0
0
0
0
2.4619456007316e-14
2.43188371004446e-14
0
0
0
0
0
0
0
0
0
0
0
0
0
0
0
0
0
0
0
0
0
0
0
0
0
0
0
0
0
0
0
0
0
0
0
0
0
0
0
0
0
0
0
0
0
0
0
0
0
0
0
0
0
0
0
0
0
0
0
0
0
0
0
0
0
0
0
0
0
0
0
0
0
0
0
0
0
0
0
0
191.631725594599
0
0
0
0
0
0
0
0
0
0
0
0
0
0
0
0
0
0
0
0
0
0
0
0
0
0
0
0
0
0
0
0
0
0
0
0
0
0
0
0
0
0
0
0
0
0
0
0
0
7.6679078675594e-14
7.5742779319328e-14
0
0
0
0
0
0
0
0
0
0
0
0
0
0
0
0
0
0
0
0
0
0
0
0
0
0
0
0
0
0
0
0
0
0
0
0
0
0
0
0
0
0
0
0
0
0
0
0
0
0
0
0
0
0
0
0
0
0
0
0
0
0
0
0
0
0
0
0
0
0
0
0
0
0
0
0
0
0
0
0
191.631725594599
0
0
0
0
4.05586650647806e-14
4.00634184780066e-14
0
0
0
0
0
0
0
0
3.58696520154103e-14
3.54316612013435e-14
0
0
0
0
0
0
0
0
0
0
0
0
0
0
0
0
0
0
0
0
0
5.40800687063148e-14
5.34197173511514e-14
0
0
0
0
0
0
0
0
2.39139187935159e-14
2.36219149358949e-14
0
0
0
0
0
0
0
0
0
0
0
0
0
0
0
0
0
0
0
0
0
0
0
0
0
0
0
0
0
0
0
0
0
0
0
0
0
0
0
0
0
0
0
0
0
0
0
0
0
0
0
0
0
0
0
0
0
0
0
0
0
0
0
0
0
0
0
0
0
0
0
0
0
0
0
0
0
0
0
0
0
0
191.631725594598
0
0
4.04674137754358e-14
0
0
3.90030440379536e-14
3.85267925537703e-14
0
0
0
1.61333478914271e-13
1.59363496553219e-13
0
1.90847347195836e-13
1.8851698210261e-13
0
3.40726855769678e-14
0
0
3.28397179870327e-14
3.24387245564594e-14
3.20426275056776e-14
1.39218423700986e-13
1.37518479951754e-13
0
1.34180611111863e-13
1.32542182195158e-13
0
0
0
2.86884629907226e-14
2.83381589717615e-14
2.79921323832674e-14
1.49270212065681e-13
1.20134826498641e-13
0
1.43868661512703e-13
8.42181452319878e-14
5.71868709559831e-14
0
0
0
2.47559441651626e-14
2.44536586527894e-14
2.41550642349862e-14
2.38601158411822e-14
2.35687689511529e-14
0
2.29967043129701e-14
2.27159002159957e-14
2.24385249121116e-14
0
2.18938937240429e-14
2.16265556319064e-14
0
0
0
9.05626247541513e-14
1.09794839353991e-13
0
1.98443927839096e-14
1.96020803760205e-14
0
0
1.88927517924421e-14
0
0
0
1.79867468950797e-14
0
1.7550169920023e-14
7.62517677901742e-14
9.24448757719396e-14
1.6915092574555e-14
7.34924913560141e-14
8.90996291689322e-14
1.63029963874745e-14
1.61039266374648e-14
1.0178272262728e-13
0
1.55211836197547e-14
6.74362524462827e-14
0
0
6.49959777146379e-14
6.42023363049573e-14
0
0
7.59473213497547e-14
7.50199572066579e-14
7.41039167579112e-14
7.31990617341422e-14
1.33935915351088e-14
1.32300474322166e-14
1.30685003047898e-14
8.25977149313423e-14
6.88378455996219e-14
1.25955984171911e-14
1.24417983077812e-14
0
0
0
6.39459989986903e-14
0
0
6.1632023949861e-14
1.12771138688152e-14
0
1.10033940967533e-14
4.78074147084003e-14
0
4.66470260833509e-14
0
0
0
5.45067064844475e-14
5.38411456160206e-14
4.33321330328346e-14
4.28030206730496e-14
0
0
0
0
4.02528073240995e-14
9.0397472053051e-15
4.82051515004425e-14
0
0
0
3.73923087571864e-14
3.69357253549902e-14
191.631725594598
0
0
1.26038690853386e-13
0
0
1.21477805256353e-13
1.19994485518735e-13
0
0
0
0
0
0
1.10106192732062e-13
1.08761727472992e-13
0
1.06121846773091e-13
0
0
1.02281679922735e-13
1.01032756843273e-13
9.97990838932679e-14
0
0
0
0
0
0
0
0
8.93522956028725e-14
8.82612483668039e-14
8.71835234976962e-14
0
0
0
8.30026238529083e-14
0
8.09879719175058e-14
0
0
0
7.71041809276803e-14
7.61626908078867e-14
7.52326968694262e-14
7.43140587367655e-14
7.340663774843e-14
0
7.16249010038933e-14
7.07503163080356e-14
6.98864108365713e-14
0
6.81901175591457e-14
6.73574737105626e-14
0
0
0
0
0
0
6.18067984562575e-14
6.54078392319406e-14
4.30255401343931e-15
0
5.8842843670499e-14
0
0
0
5.60210258047961e-14
0
5.46612751990808e-14
0
0
5.26832808143245e-14
0
0
5.07768629116609e-14
5.01568457586258e-14
0
0
0
0
0
0
0
0
0
0
4.38165398937351e-14
4.32815126241779e-14
4.27530183711414e-14
4.22309773624223e-14
4.17153107998908e-14
4.12059408475741e-14
4.07027906199551e-14
0
3.97148464792356e-14
3.92299034434812e-14
3.87508818645211e-14
0
0
0
3.68925772018676e-14
0
0
3.5557567905448e-14
3.51233878329238e-14
0
3.42708677800531e-14
0
0
0
0
0
0
3.14467348776303e-14
3.10627506392818e-14
0
0
0
0
0
0
0
0
2.78111578692242e-14
0
0
0
0
0
191.631725594598
0
0
8.43491468185436e-14
1.66638382296677e-13
0
8.12968554448242e-14
1.16818543718827e-13
1.94715722641352e-13
1.92338122272224e-13
1.89989553885917e-13
1.52906341973965e-13
0
7.45974883380802e-14
7.36866064976127e-14
0
0
0
1.40305907280289e-13
0
1.36900381592918e-13
0
0
1.31946450586434e-13
0
1.2874382686559e-13
0
0
6.20425260768891e-14
0
6.0536620727926e-14
0
0
0
0
1.13859671205294e-13
1.12469373633968e-13
0
0
0
1.07075887050605e-13
0
1.04476925318211e-13
0
1.01941045968541e-13
1.00696282242032e-13
0
0
0
0
0
0
9.2398281571128e-14
9.12700409473619e-14
9.01555768450091e-14
8.90547210441594e-14
0
0
0
8.47840878253782e-14
8.37488212543207e-14
0
2.22798487894276e-14
2.20077979453145e-14
7.97326332983056e-14
0
3.88986755281114e-14
3.8423698448509e-14
0
0
7.40665667939208e-14
0
7.22688121542293e-14
0
0
0
6.88031498485257e-14
6.79630204934926e-14
0
6.63134120303168e-14
6.55036839262705e-14
6.47038431072139e-14
6.39137688431889e-14
6.31333418785365e-14
0
6.16009600874449e-14
6.08487739596193e-14
0
5.93718435382007e-14
0
5.7930761389964e-14
5.72233906764117e-14
0
5.58344560930787e-14
5.51526825741416e-14
0
0
0
5.2507826966891e-14
5.18666736635782e-14
5.12333492418192e-14
5.06077581060955e-14
4.99898058281725e-14
4.9379399132838e-14
0
0
4.75925367910378e-14
4.70114022452081e-14
4.64373637145064e-14
0
0
4.4756963022494e-14
4.42104526002293e-14
4.36706154109292e-14
2.15686849851388e-14
2.130531789446e-14
4.20903333602952e-14
4.15763841487127e-14
0
4.0567236016958e-14
0
3.95825820775749e-14
1.95496270363054e-14
1.9310913901964e-14
3.81502312076306e-14
0
3.72242431656754e-14
0
3.63207308421282e-14
3.58772320743603e-14
3.54391487030449e-14
0
191.631725594597
0
0
0
1.17996529624858e-13
0
0
0
0
0
0
1.08272880844688e-13
0
0
0
0
0
0
9.93505212710611e-14
0
9.69390707569611e-14
0
0
9.3431195448106e-14
0
9.11634196839304e-14
0
0
0
0
0
0
0
0
0
8.06239587859915e-14
7.96394899841439e-14
0
0
0
7.58203656584983e-14
0
7.39800425539187e-14
0
7.2184388043325e-14
7.13029716619024e-14
0
0
0
0
0
0
6.54271628086449e-14
6.46282563601323e-14
6.38391050574336e-14
6.30595897841364e-14
0
0
0
6.00355571922959e-14
5.93024856097598e-14
0
5.78630869273913e-14
5.71565425612081e-14
5.64586255422326e-14
0
0
0
0
0
5.24464875526246e-14
0
5.11734986668787e-14
0
0
0
4.871946545263e-14
4.81245704052563e-14
0
4.69564837303199e-14
4.63831157889101e-14
4.58167490275425e-14
4.52572979574109e-14
4.47046781336618e-14
0
4.36195995886285e-14
4.30869770829845e-14
0
4.20411636165926e-14
0
4.1020734289004e-14
4.05198455489246e-14
0
3.95363418779789e-14
3.90535784946787e-14
0
0
0
3.71807579673034e-14
3.67267577321486e-14
3.62783011229075e-14
3.58353204484549e-14
3.53977488442198e-14
3.49655202620854e-14
0
0
3.370024420537e-14
3.32887432131742e-14
3.28822669046537e-14
0
0
3.16923762725922e-14
3.130539259967e-14
3.09231342386491e-14
0
0
2.98041375511316e-14
2.94402104502182e-14
0
2.87256333174871e-14
0
2.80284005063705e-14
0
0
2.70141537912432e-14
0
2.63584622637635e-14
0
2.57186857778031e-14
2.54046445901233e-14
2.5094438041133e-14
0
191.631725594601
0
0
0
0
0
0
0
0
0
0
0
0
0
0
0
0
0
0
0
0
0
0
0
0
0
0
0
0
0
0
0
0
0
0
0
0
0
0
0
0
0
0
0
0
0
0
0
0
0
0
0
0
0
0
0
0
0
0
0
0
0
0
0
0
0
0
0
0
0
0
0
0
0
0
0
0
0
0
0
0
0
0
0
0
0
0
0
0
0
0
0
0
0
0
0
0
0
0
0
0
0
0
0
0
0
0
0
0
0
0
0
0
0
0
0
0
0
0
0
0
0
0
0
0
0
0
0
0
0
0
0
191.631725594599
0
0
0
0
0
0
0
0
0
0
0
0
0
0
0
0
0
0
0
0
0
0
0
0
0
0
0
0
0
0
0
0
0
0
0
0
0
0
0
0
0
0
0
0
0
0
0
0
0
0
0
0
0
0
0
0
0
0
0
0
0
0
0
0
0
0
0
0
0
0
0
0
0
0
0
0
0
0
0
0
0
0
0
0
0
0
0
0
0
0
0
0
0
0
0
0
0
0
0
0
0
0
0
0
0
0
0
0
0
0
0
0
0
0
0
0
0
0
0
0
0
0
0
0
0
0
0
0
0
0
0
191.631725594599
1.12960779594013e-13
0
0
0
0
0
0
0
0
0
0
0
0
0
0
0
0
0
0
0
0
0
0
0
0
0
0
0
0
0
0
0
0
0
0
0
0
0
0
0
0
0
0
0
0
0
0
0
0
0
0
0
0
0
0
0
0
0
0
0
0
0
0
0
0
0
0
0
0
0
0
0
0
0
0
0
0
0
0
0
0
0
0
0
0
0
0
0
0
0
0
0
0
0
0
0
0
0
0
0
0
0
0
0
0
0
0
0
0
0
0
0
0
0
0
0
0
0
0
0
0
0
0
0
0
0
0
0
0
0
0
191.631725594598
0
0
0
0
0
0
0
0
0
0
0
0
0
0
0
0
0
0
0
0
0
0
0
0
0
0
0
0
0
0
0
0
0
0
0
0
0
0
0
0
0
0
0
0
0
0
0
0
0
0
0
0
0
0
0
0
0
0
0
0
0
0
0
0
0
0
0
0
0
0
0
0
0
0
0
0
0
0
0
0
0
0
0
0
0
0
0
0
0
0
0
0
0
0
0
0
0
0
0
0
0
0
0
0
0
0
0
0
0
0
0
0
0
0
0
0
0
0
0
0
0
0
0
0
0
0
0
0
0
0
0
191.631725594599
0
0
0
0
0
0
0
0
0
0
0
0
0
0
0
0
0
0
0
0
0
0
0
0
0
0
0
0
0
0
0
0
0
0
0
0
0
0
0
0
0
0
0
0
0
0
0
0
0
0
0
0
0
0
0
0
0
0
0
0
0
0
0
0
0
0
0
0
0
0
0
0
0
0
0
0
0
0
0
0
0
0
0
0
0
0
0
0
0
0
0
0
0
0
0
0
0
0
0
0
0
0
0
0
0
0
0
0
0
0
0
0
0
0
0
0
0
0
0
0
0
0
0
0
0
0
0
0
0
0
0
191.631725594597
0
0
0
0
0
0
0
0
0
0
0
0
0
0
0
0
0
0
0
0
0
0
0
0
0
0
0
0
0
0
0
0
0
0
0
0
0
0
0
0
0
0
0
0
0
0
0
0
0
0
0
0
0
0
0
0
0
0
0
0
0
0
0
0
0
0
0
0
0
0
0
0
0
0
0
0
0
0
0
0
0
0
0
0
0
0
0
0
0
0
0
0
0
0
0
0
0
0
0
0
0
0
0
0
0
0
0
0
0
0
0
0
0
0
0
0
0
0
0
0
0
0
0
0
0
0
0
0
0
0
0
191.6317255946
0
0
0
0
0
0
0
0
0
0
0
0
0
0
0
0
0
0
0
0
0
0
0
0
0
0
0
0
0
0
0
0
0
0
0
0
0
0
0
0
0
0
0
0
0
0
0
0
0
0
0
0
0
0
0
0
0
0
0
0
0
0
0
0
0
0
0
0
0
0
0
0
0
0
0
0
0
0
0
0
0
0
0
0
0
0
0
0
0
0
0
0
0
0
0
0
0
0
0
0
0
0
0
0
0
0
0
0
0
0
0
0
0
0
0
0
0
0
0
0
0
0
0
0
0
0
0
0
0
0
0
191.631725594599
0
0
0
0
0
0
0
0
0
0
0
0
0
0
0
0
0
0
0
0
0
0
0
0
0
0
0
0
0
0
0
0
0
0
0
0
0
0
0
0
0
0
0
0
0
0
0
0
0
0
0
0
0
0
0
0
0
0
0
0
0
0
0
0
0
0
0
0
0
0
0
0
0
0
0
0
0
0
0
0
0
0
0
0
0
0
0
0
0
0
0
0
0
0
0
0
0
0
0
0
0
0
0
0
0
0
0
0
0
0
0
0
0
0
0
0
0
0
0
0
0
0
0
0
0
0
0
0
0
0
0
191.631725594599
0
0
0
0
0
0
0
0
0
0
0
0
0
0
0
0
0
0
0
0
0
0
0
0
0
0
0
0
0
0
0
0
0
0
0
0
0
0
0
0
0
0
0
0
0
0
0
0
0
0
0
0
0
0
0
0
0
0
0
0
0
0
0
0
0
0
0
0
0
0
0
0
0
0
0
0
0
0
0
0
0
0
0
0
0
0
0
0
0
0
0
0
0
0
0
0
0
0
0
0
0
0
0
0
0
0
0
0
0
0
0
0
0
0
0
0
0
0
0
0
0
0
0
0
0
0
0
0
0
0
0
191.6317255946
0
0
0
0
0
0
0
0
0
0
0
0
0
0
0
0
0
0
0
0
0
0
0
0
0
0
0
0
0
0
0
0
0
0
0
0
0
0
0
0
0
0
0
0
0
0
0
0
0
0
0
0
0
0
0
0
0
0
0
0
0
0
0
0
0
0
0
0
0
0
0
0
0
0
0
0
0
0
0
0
0
0
0
0
0
0
0
0
0
0
0
0
0
0
0
0
0
0
0
0
0
0
0
0
0
0
0
0
0
0
0
0
0
0
0
0
0
0
0
0
0
0
0
0
0
0
0
0
0
0
0
191.631725594598
0
0
0
0
0
0
0
0
0
0
0
0
0
0
0
0
0
0
0
0
0
0
0
0
0
0
0
0
0
0
0
0
0
0
0
0
0
0
0
0
0
0
0
0
0
0
0
0
0
0
0
0
0
0
0
0
0
0
0
0
0
0
0
0
0
0
0
0
0
0
0
0
0
0
0
0
0
0
0
0
0
0
0
0
0
0
0
0
0
0
0
0
0
0
0
0
0
0
0
0
0
0
0
0
0
0
0
0
0
0
0
0
0
0
0
0
0
0
0
0
0
0
0
0
0
0
0
0
0
0
0
191.631725594598
0
0
0
0
0
0
0
0
0
0
0
0
0
0
0
0
0
0
0
0
0
0
0
0
0
0
0
0
0
0
0
0
0
0
0
0
0
0
0
0
0
0
0
0
0
0
0
0
0
0
0
0
0
0
0
0
0
0
0
0
0
0
0
0
0
0
0
0
0
0
0
0
0
0
0
0
0
0
0
0
0
0
0
0
0
0
0
0
0
0
0
0
0
0
0
0
0
0
0
0
0
0
0
0
0
0
0
0
0
0
0
0
0
0
0
0
0
0
0
0
0
0
0
0
0
0
0
0
0
0
0
191.631725594599
0
0
0
0
0
0
0
0
0
0
0
0
0
0
0
0
0
0
0
0
0
0
0
0
0
0
0
0
0
0
0
0
0
0
0
0
0
0
0
0
0
0
0
0
0
0
0
0
0
0
0
0
0
0
0
0
0
0
0
0
0
0
0
0
0
0
0
0
0
0
0
0
0
0
0
0
0
0
0
0
0
0
0
0
0
0
0
0
0
0
0
0
0
0
0
0
0
0
0
0
0
0
0
0
0
0
0
0
0
0
0
0
0
0
0
0
0
0
0
0
0
0
0
0
0
0
0
0
0
0
0
191.631725594598
2.64067220165899e-13
6.64924365095476e-14
1.68653298225812e-13
6.89603219279283e-14
7.10491069026692e-14
1.47632503017029e-13
2.32167544226695e-13
0
1.75524913812841e-13
1.28623487847299e-13
1.13351109460785e-13
3.28548097384068e-14
0
0
7.1854668366315e-14
0
4.78252645315329e-13
0
2.5060747052481e-13
1.73517496135647e-13
3.20021589675225e-13
1.96220886084817e-13
6.73600817390415e-14
2.79780019871523e-13
0
1.5505369170063e-13
1.6585935158391e-13
2.44143927548492e-13
1.84400573390093e-13
6.23441876418688e-14
2.54802123609433e-13
0
2.72343548717844e-13
7.13043667742781e-14
3.01611214660102e-13
1.61218722313219e-13
2.37851696301598e-13
2.99398244396126e-14
9.10920511217989e-14
6.20392840317359e-14
6.38637651321636e-14
2.65103908953056e-13
0
2.93340475477132e-13
1.56701706632099e-13
0
5.83345025703963e-14
2.95773471923785e-14
1.20844052119692e-13
6.21847063110698e-14
0
6.75116685997686e-14
2.85289212806292e-13
3.04610100752771e-13
0
2.69943958934048e-13
0
1.17695186568987e-13
2.42200367738075e-13
1.88395817853577e-13
2.62761292137209e-13
0
4.44076757406029e-13
0
1.24573455781492e-13
5.61319583529889e-14
1.71944558461734e-13
3.53752474729561e-13
1.22257284795737e-13
6.39172204116223e-14
2.69822089854812e-13
1.43860229297366e-13
2.14307127034035e-13
0
2.18721548404815e-13
1.67468105354982e-13
5.740952279264e-14
1.78508641429186e-13
0
2.62395096108152e-13
1.39805979155773e-13
0
1.57658239049603e-13
0
5.43700665030926e-14
2.79506540892964e-13
2.89600751696321e-13
6.05106740705599e-14
1.27582651960622e-13
0
0
0
1.0378323051012e-13
0
1.08866033371115e-13
2.8189656551624e-13
5.88747789780793e-14
2.48127508807701e-13
0
1.98237257286274e-13
1.24716757399296e-14
3.53866856872718e-13
2.32106354683675e-13
1.06007183561046e-13
1.64637780089597e-13
1.71846666947745e-13
1.20638322163765e-13
0
0
4.86064637482243e-14
7.38730400544042e-14
1.25597351201749e-13
1.54836014693438e-13
5.34189117275712e-14
0
1.17303889218137e-13
1.24642754885039e-13
0
2.01280749789187e-13
2.63887431385488e-13
7.34012835383563e-14
1.5077176409689e-13
5.19972173750599e-14
5.42225705271493e-14
1.14058054965304e-13
3.63305186879167e-13
3.66825080282317e-13
1.15367360913862e-13
1.86976055251233e-13
2.85983980476178e-13
1.46815099056613e-13
2.02452615860522e-13
1.05506547221626e-13
0
1.17655401611021e-13
1.78730850447531e-13
3.26002737048607e-13
9.10824938865757e-14
1.85709798774933e-13
1.90617563324008e-13
1.97062902274201e-13
2.05291639842341e-13
0
0
1.74173412091633e-13
2.8480515681936e-13
1.55296284561319e-13
2.26118290663889e-14
0
9.59079252348412e-14
4.99304502405024e-14
5.24145418199735e-14
1.11036964664999e-13
1.6973694672667e-13
6.40454503437478e-14
4.32305316342205e-14
0
0
4.66769212074953e-14
0
5.09574434735685e-14
0
1.65418263115999e-13
4.16074564091396e-14
1.26362762214574e-13
4.29108997798478e-14
4.40028238197729e-14
2.27168412094876e-13
2.83531565244101e-13
2.97234624793087e-13
0
0
1.01367156924508e-14
1.23122208091995e-13
8.36005378036618e-14
2.14247509579905e-13
4.42233516552975e-14
9.19412120759264e-14
4.8158502368363e-14
1.01759508998359e-13
0
4.93930288213197e-14
3.99892003953422e-14
0
1.66906846023223e-13
1.72180231997501e-13
4.02480030302277e-13
3.74517150946983e-13
1.97662837690465e-13
0
2.98447808332849e-13
2.14310565368532e-13
2.37999045419898e-13
1.62534578679918e-13
1.25693860760786e-13
1.74010211394844e-13
2.73039364289096e-13
0
0
7.50621091241553e-14
7.59381409026331e-14
3.86418418492653e-14
3.16556119021434e-13
1.63124851985569e-13
4.23173783202611e-14
8.84666213766719e-14
4.6604526096338e-14
1.45485692039124e-13
8.23020731683631e-14
1.84995114341093e-13
9.41108243303895e-14
1.54134225682178e-13
3.96940326549467e-14
4.11636268368374e-14
0
9.05107128373758e-14
0
1.3369366321523e-13
1.80273583819992e-14
3.66732535096551e-14
1.50100095446977e-13
2.31813781561763e-13
3.60364212521698e-13
0
4.39424919826015e-14
1.38234564868494e-13
9.55603572796848e-14
1.40541891384547e-13
1.78639572495926e-14
1.46172765998324e-13
0
7.78941872992278e-14
1.21840525468824e-13
4.26649833053447e-14
0
0
3.42406298679412e-14
1.56634346439457e-13
1.06762058536007e-13
1.46408532368555e-13
1.89413583510948e-13
2.76294615150097e-13
2.48531436806663e-13
0
5.77774673156068e-14
0
1.52602854815269e-13
6.93136402298143e-14
0
3.68465711639225e-14
4.98657827715483e-13
2.01061803873605e-13
2.56130448565611e-13
5.63208563117309e-14
0
4.95594132766207e-14
0
3.46748674622129e-14
2.15027467735598e-13
4.10031734039089e-13
3.51319242894848e-13
0
1.25492544604367e-13
1.10936542161969e-13
1.44857677867072e-13
1.80779565208094e-13
2.3624528307838e-13
1.39424044407482e-13
2.89774657122981e-13
3.78903855784295e-14
0
5.35228437004724e-14
2.78033829926202e-13
3.13640933795667e-14
2.08067924308901e-13
6.56965703146006e-14
2.37301147102391e-13
1.05588583902824e-13
1.83881366614467e-13
2.37373172203594e-13
2.3853453869152e-13
9.03314695157567e-14
1.52797545616502e-14
4.67619300926556e-14
3.19710961087925e-14
2.30787771244796e-13
3.41979601808914e-13
1.07076980438283e-13
0
4.36043848964475e-14
1.17396474378859e-13
7.44406586702882e-14
1.5180460466487e-14
3.11171278083423e-14
6.41277891101573e-14
9.96792268298643e-14
1.03913278919688e-13
0
1.41711313745494e-13
2.5747187847979e-13
1.45068964651556e-13
7.3921917512585e-14
9.08572972935382e-14
0
1.93685041277155e-13
6.72236125329311e-14
4.40151792402728e-13
2.69434551691489e-13
2.57950685458813e-13
2.82715489820681e-14
1.00791558978259e-13
8.84292352573732e-14
3.03238154195223e-14
6.27211438041855e-14
1.6306860732418e-13
0
1.34726159234672e-13
1.90290254802733e-13
4.13234964857209e-14
0
8.60654501503316e-14
5.89765415300781e-14
1.21859760202442e-13
9.49283393157574e-14
0
2.62745241033952e-14
5.96267238206787e-14
2.68456191671069e-13
2.32185587843474e-13
5.58428273715446e-14
0
1.18373193376655e-13
6.13965499151504e-14
2.04126700956692e-13
0
1.29177006056319e-13
2.22367713985808e-13
1.06417709412231e-13
4.07619760451896e-14
2.23065307537441e-13
2.29960141169692e-13
2.08456636546892e-13
3.98183614726595e-13
2.18630247203284e-13
1.88908117295369e-14
1.14724665879689e-13
2.59117454005288e-13
2.64476570657258e-14
8.13373357534164e-14
2.79194855417441e-14
8.66575323438831e-14
0
4.87357721946811e-14
9.82293754012103e-14
1.98764221708159e-13
1.00949628940545e-13
3.21748870837296e-13
3.42708675850474e-13
8.13483176791678e-14
1.68099583173223e-13
3.78844863632499e-13
1.39625132628639e-13
1.79577995292827e-14
4.84278267346574e-14
9.83237105559852e-14
3.75763488356125e-14
1.28159525200873e-13
2.37008685663784e-13
2.71711444034427e-14
1.84781008869165e-13
3.70882615809222e-13
3.4436049909051e-13
0
2.87302010946079e-13
1.95041039531678e-13
1.49526102283255e-13
2.04587985712699e-13
2.10790945324131e-13
1.80263957496293e-13
8.19613075500415e-14
2.44725255550712e-13
3.68009022932205e-13
3.14815507193199e-13
8.30449170289156e-14
3.63435449823466e-13
2.73164710029711e-13
7.66475016821228e-14
1.7586803715561e-13
1.213032034385e-13
1.55395181070664e-13
4.48359123106681e-14
5.67849470659559e-14
2.30913969618927e-13
5.88886139490467e-14
1.68789144251153e-13
2.47714562100254e-14
0
2.95832642995924e-14
9.20064759003612e-14
1.14716860159154e-13
6.63729999302583e-14
1.23598782576572e-13
1.14498893811673e-14
2.34117155018773e-14
1.68106156247321e-13
1.67427064120167e-13
7.08397266016996e-14
4.2225114726923e-14
1.59740843483201e-13
3.23254595692418e-14
1.09350003472965e-14
4.45231147041743e-14
2.84119876364147e-13
2.79356870636075e-13
0
1.25428318639617e-13
2.16203935089653e-13
4.67131613270531e-14
1.88923365029055e-13
1.91551029544398e-13
1.40662091041711e-13
1.43428122601892e-13
5.64115950888695e-14
0
6.24386474254068e-14
6.02492660613899e-14
1.46727833029248e-13
1.22684802554987e-13
1.03562124748264e-13
5.25890608865275e-14
8.56802385530339e-14
2.07758687637835e-13
1.55598004330517e-13
1.90086144415615e-13
2.74244683326798e-13
1.57833226398818e-13
1.99178612118467e-14
1.81408693191631e-13
3.16928961152139e-13
2.59896326988956e-13
1.37756576589981e-13
0
1.18904303957072e-14
2.38849349820902e-14
9.61676672586056e-15
2.42528578719364e-14
8.82690176613455e-14
7.94964555497283e-14
2.01803491846805e-13
2.87505274348174e-13
0
7.89057167145821e-14
3.26197717779382e-14
1.45321070949532e-13
1.2285241399276e-13
8.11260523271327e-14
5.79493920544076e-14
1.07720499772035e-13
4.97429111284662e-14
1.44700498008019e-13
2.15172309926606e-13
1.27290344158671e-13
9.14076195971489e-15
4.60293883358811e-15
1.20741265305464e-13
1.40802587711367e-13
1.52054906483098e-13
1.06018367034828e-13
1.41262712541037e-13
1.7353932827587e-13
1.64104407911223e-13
7.57539119653469e-14
2.24201082321683e-14
9.4900350891688e-14
1.82453658062583e-14
3.31989890308763e-13
1.68051034945929e-13
1.37918134619493e-13
2.10393176458562e-13
4.32739955643817e-14
2.60693328990512e-14
9.17333701797034e-14
1.89094195282413e-13
1.37416378628859e-13
1.34221461975947e-14
1.17555927244359e-13
0
3.89701368143201e-14
5.27805282384282e-14
3.24102201776807e-13
8.08555976154218e-14
1.79727771835481e-13
2.15383090273262e-14
2.60451024374229e-14
2.05803599423937e-13
0
1.69661316853137e-13
1.1536860026505e-13
2.933193527288e-13
1.38885864452866e-13
1.04101472719639e-13
8.37175490967498e-15
1.26338365067017e-14
8.90448808862935e-14
2.56840216064007e-13
2.91140253998013e-14
6.03138159448051e-15
3.22295864515972e-14
1.95893613612563e-13
4.45712881399106e-14
1.87097895791865e-13
8.17047940730953e-15
1.8475089720627e-13
0
1.97035095054263e-13
4.41473941892977e-14
1.44386187806038e-13
1.90850970908229e-13
1.1236926162203e-13
1.97599033045686e-15
9.70847091998866e-14
1.70913314963546e-13
0
2.04853666122915e-13
1.06285640989583e-13
4.08078120491247e-13
3.80510193256914e-13
3.64469194275158e-14
2.3230182363665e-13
1.78717816916606e-13
2.69331466263132e-14
0
1.77859696677741e-13
6.7761306744885e-15
1.68639312319041e-13
6.3500501497723e-14
1.3299058290016e-13
1.73464589988635e-13
2.12462417985134e-13
1.30342522102434e-13
0
2.33753220830119e-13
0
2.33288157464472e-13
0
2.32471049322361e-13
2.31940288630988e-13
2.31334864573645e-13
0
1.22618328521681e-13
1.66318874262778e-13
0
1.48534982104049e-13
1.95661017448757e-13
0
1.65263680892743e-13
2.12197894394344e-13
0
3814.79132381494
1.22618328521678e-13
1.66318874262773e-13
2.23373776268142e-13
1.48534982104047e-13
0
5.10793234412856e-13
0
2.12197894394336e-13
0
3437.43558073712
0
1.66318874262768e-13
2.23373776268135e-13
0
1.95661017448751e-13
2.55396617206427e-13
3.30527361785481e-13
2.12197894394327e-13
0
3033.91887730928
6.13091642608366e-14
3.32637748525531e-13
2.2337377626813e-13
0
0
2.55396617206416e-13
3.3052736178547e-13
2.12197894394322e-13
2.70515927959867e-13
2607.31221929497
0
1.66318874262761e-13
2.23373776268126e-13
2.97069964208065e-13
1.95661017448742e-13
0
3.30527361785464e-13
0
5.41031855919703e-13
2160.86234095361
0
1.66318874262757e-13
2.23373776268121e-13
0
0
2.55396617206407e-13
3.30527361785453e-13
4.24395788788632e-13
5.41031855919683e-13
1697.96699543349
1.83927492782496e-13
3.32637748525508e-13
0
5.94139928416105e-13
1.95661017448732e-13
0
0
4.24395788788618e-13
8.11547783879494e-13
1222.14909581751
1.37945619586869e-13
0
0
2.9706996420805e-13
1.95661017448727e-13
2.55396617206391e-13
0
4.2439578878861e-13
8.11547783879491e-13
737.029903628456
5.36455187282253e-14
6.23695778485296e-14
9.07455966089171e-14
1.67101854867024e-13
4.89152543621802e-14
1.59622885753992e-14
2.27237561227481e-13
5.30494735985754e-14
3.04330418954801e-13
246.301468842026
0
0
2.7921722033513e-14
0
2.93491526173081e-13
3.19245771507985e-13
2.06579601115892e-14
1.06098947197151e-13
2.02886945969868e-13
5641.23109660464
1.22618328521662e-13
1.24739155697063e-13
2.2337377626811e-13
3.71337455260061e-14
1.46745763086547e-13
0
4.54475122454976e-13
6.36593683182917e-13
6.76289819899572e-14
5598.29792169124
1.22618328521665e-13
0
5.58434440670281e-14
1.48534982104029e-13
9.78305087243659e-14
2.553966172064e-13
0
4.24395788788618e-13
3.38144909949788e-13
5512.75831924901
0
8.31594371313786e-14
1.1168688813406e-13
0
3.9132203489747e-13
6.38491543016018e-13
1.65263680892727e-13
3.18296841591473e-13
2.70515927959841e-13
5385.26329730259
0
1.6631887426276e-13
0
2.97069964208065e-13
4.89152543621855e-13
2.55396617206412e-13
0
3.18296841591478e-13
4.05773891939777e-13
5216.78316995297
0
1.66318874262766e-13
2.2337377626813e-13
0
9.78305087243732e-14
0
3.3052736178547e-13
4.24395788788645e-13
4.05773891939789e-13
5008.60017270028
0
1.66318874262768e-13
2.23373776268136e-13
1.48534982104042e-13
0
1.27698308603214e-13
3.30527361785481e-13
2.12197894394327e-13
2.70515927959861e-13
4762.29870385803
0
1.66318874262773e-13
3.35060664402212e-13
1.48534982104047e-13
1.95661017448753e-13
2.55396617206428e-13
6.61054723570964e-13
2.1219789439434e-13
5.41031855919719e-13
4479.75326632452
0
0
1.11686888134072e-13
0
0
2.55396617206442e-13
3.3052736178548e-13
0
5.41031855919742e-13
4163.11420148536
0
5.00442583287914e-14
2.26860670364491e-14
8.2953868425454e-14
7.96060186501232e-14
3.40956918686411e-14
7.31084762575986e-15
5.81733473184767e-15
3.1697576370808e-14
1.59301115641084e-14
1.98984228721234e-14
9.07854418062482e-14
3.83235346792587e-14
1.07355554673981e-14
5.60188737384542e-14
9.55508815013297e-14
2.34106272565351e-14
3.04634013284821e-14
1.63643362078129e-14
9.77220806547768e-16
7.36753777926573e-14
1.35615523703996e-13
4.48360886549083e-14
1.58001835766382e-14
9.34618268434604e-14
4.76500377234745e-14
3.37933832485246e-15
1.8005399742422e-14
7.9319788031426e-14
8.48915991261679e-14
3.58978122541487e-14
6.33296874394272e-14
6.65460726344203e-14
7.5933380446522e-14
1.32317107530235e-13
6.29241854151213e-15
6.13020632952176e-14
1.45121745449058e-14
2.71092931632845e-14
2.39052456902304e-14
1.27455401240787e-15
4.89697880931086e-14
3.90200494091078e-14
5.58868545312289e-14
4.27011342214637e-14
6.52888989778072e-14
6.95946751350725e-15
9.83424781947348e-15
4.58270059629766e-14
4.39746112902523e-15
5.35392364355821e-14
6.12748249836057e-14
4.56740519291864e-14
3.13659590255021e-14
2.06327756821925e-15
8.99016208335853e-15
6.52652770995388e-14
5.42388196069446e-14
2.4005168353006e-14
4.25195103788811e-14
4.78331735252375e-14
1.09677489540617e-13
6.65420132690867e-14
1.85867690907072e-15
4.30916077013796e-14
1.82725249667095e-14
5.18687842918961e-14
1.67457104116961e-13
7.3261094870099e-14
1.10400591191867e-13
8.42848790263435e-14
3.46590598423886e-14
8.65375039177858e-14
5.3393912048566e-14
7.19222962304426e-14
1.61219275069368e-14
1.19153876445257e-13
3.16039741050272e-14
5.16609447292005e-14
2.20237260978146e-14
3.21437616466435e-14
9.48079636125744e-14
1.26362508811716e-15
2.43763785715622e-14
1.28500661248866e-13
6.92900291852789e-14
5.92263126693794e-14
1.08846425339941e-13
7.9040344488617e-14
2.510275290085e-14
2.46452379714869e-14
6.25099282647723e-14
2.04290997190928e-14
8.02282732150536e-14
1.19311182846389e-13
1.4597529849254e-13
2.69989680898916e-14
7.00757297062339e-14
3.44845387473275e-14
1.3923963336673e-14
1.01849418737957e-15
1.19083594975427e-14
4.37875200319709e-15
4.93515569742521e-14
9.05455540392971e-14
1.87381530972319e-14
7.65732815156133e-14
2.65120585293687e-14
6.62649847039048e-14
0
2.96885776227502e-16
3.31245651885578e-14
8.30900453367434e-14
7.77920324057411e-14
1.81851537220081e-15
1.3557516557843e-13
1.44244579552483e-13
7.85020970444073e-14
3.37313749139934e-14
8.08818938358554e-15
7.19250434677298e-15
3.08075092289619e-14
4.80348193127067e-14
2.16026665405113e-14
1.06029372053429e-13
1.12369786153017e-13
5.74511375387106e-14
1.33034196172578e-13
5.18657917945686e-14
9.37903153780555e-14
6.59376739911148e-14
3.67910200175977e-14
3.01568641470972e-14
3.06535616537334e-14
5.45632938133629e-14
7.90681549181824e-14
5.78756930951399e-15
2.82382108389517e-14
3.63057141357626e-14
3.8751022498199e-14
3.35689975359179e-14
2.34333858905594e-14
2.63738740655995e-15
1.50264790757332e-14
2.50620296970045e-14
2.32328485772654e-15
3.98912090304151e-14
6.86556121325476e-15
3.3607443645383e-14
2.13709570619248e-14
2.68144167880759e-14
1.55122637710724e-14
1.11040256018345e-13
3.15538463652779e-14
1.40804368329734e-14
1.32143278024438e-14
1.13892031814726e-14
7.74936359959104e-14
6.23769473336227e-14
2.04380887549353e-13
1.4923717373426e-13
2.20515053771133e-14
8.02592275457957e-14
1.25697225444505e-13
1.68465603464674e-13
7.18333340868404e-15
1.90018607835716e-13
8.33338545051628e-14
4.3219416794291e-14
7.85580152331916e-14
7.01760511061857e-14
1.20713067450885e-13
8.3418543857838e-14
1.02669701092414e-13
1.0702629859521e-14
5.80361548248969e-14
5.09360469903976e-15
1.00314184147837e-13
1.04745943850265e-13
2.18018860530414e-14
5.86130242698584e-15
2.44516640280581e-14
2.67862918707277e-14
1.3005670566949e-13
5.12975264142784e-14
7.34766951789503e-14
3.88571870040977e-14
1.72354877257157e-13
2.93519911779357e-13
2.01521722720253e-13
2.5277050123324e-14
6.95637203515108e-14
9.06495543697531e-15
1.41664357499794e-13
5.03142239692021e-14
4.98942621816861e-14
2.71122924063039e-14
1.0907407743639e-13
8.54048311508317e-14
1.6671425397527e-13
2.53097763473159e-14
7.66130544687761e-14
6.0315647654758e-14
7.23026504753938e-14
1.69600802434052e-13
7.41453432257495e-14
8.238596601903e-14
1.27717751203715e-13
5.86226859428527e-15
3.58909502927457e-15
1.83078015263155e-14
4.02005815953995e-14
1.27304894976917e-13
4.59187238887058e-14
1.24044617372601e-14
8.44184356692864e-14
2.96391039146046e-14
1.23547401440451e-13
0
1.60197132902998e-14
1.4912879177623e-14
2.45889090564993e-14
4.52224356755627e-14
7.30500228325746e-14
6.09504960049246e-16
4.59606039594793e-15
3.82002873135307e-14
4.30539944092246e-14
6.60224169206452e-14
1.65955446836283e-14
3.71501764901661e-14
6.48931850515264e-14
1.81421827486478e-14
1.15209875087115e-14
3.79703658135219e-14
5.46799448515985e-14
2.50503427937468e-14
8.96309637879385e-14
2.63138862054487e-15
8.96302731334657e-14
3.9575436362129e-14
9.93187845435832e-14
3.49709421485936e-14
1.5215575430302e-14
2.38000892749284e-15
1.36756506310211e-15
4.81311524668745e-14
2.97310078523954e-14
2.43346379970422e-14
3.35595744418007e-14
6.50336265712774e-14
5.62065657313779e-14
1.5285677437496e-14
2.18059486883174e-14
6.14713516147153e-14
5.71173177879163e-14
8.32497255650166e-14
3.91174233259846e-14
5.919076816161e-14
1.88556886252076e-14
5.87456744500649e-14
1.30868728094644e-14
9.09985889428974e-14
7.79005229291403e-14
1.14851413050159e-13
1.02117288890229e-13
3.42325290630218e-14
1.353880452304e-13
7.62489647553949e-14
1.32631132858625e-13
3.22648618551651e-14
1.70159753563444e-14
4.45739467749973e-14
9.00580384911532e-14
7.64843657953527e-14
3.68418773984045e-14
4.47895303670243e-15
6.63413729880111e-14
5.31308673658392e-14
1.49124696232173e-14
6.79088937578252e-14
1.34085895897619e-14
1.3907312069902e-14
4.06910305978875e-14
2.30208551817973e-14
1.92948971382255e-14
1.5611433885053e-13
1.34462809265457e-13
5.23516017438988e-14
1.25933370927791e-13
7.48067498305844e-14
2.46364513204383e-14
4.46479138116775e-15
4.93982726240865e-15
1.17664810682886e-13
8.63205390102826e-14
1.65878728508755e-13
3.8838831736187e-14
3.46735190432332e-15
7.16120992427466e-14
4.46683475587571e-14
6.89234108742204e-14
4.25898436216737e-14
6.06889863358749e-14
4.26115781585104e-14
8.93349044054015e-14
7.19358023026288e-14
1.95148062876772e-13
1.08562600890037e-13
2.35657288159173e-13
8.08330054818925e-14
6.98359365594467e-15
1.19671507336881e-13
5.09773011454282e-14
4.62010205324437e-14
9.75438439776281e-14
1.87506913539205e-14
7.26039508729991e-14
5.71791506705611e-15
2.40527919949952e-14
2.65621511253006e-14
1.66666440798856e-13
2.16886485746013e-13
8.45922848216675e-14
6.32822382465399e-14
8.85795590451249e-14
5.47715581050349e-14
0
7.40819024892788e-15
1.11756285057867e-13
6.02431383120697e-14
7.53571792327057e-14
1.69764931098417e-14
9.14658040691276e-15
4.84478307788199e-14
3.33060351511633e-14
7.50582861622005e-14
2.33954168523951e-14
1.97650743784091e-14
1.86166018411493e-14
7.93379550857592e-14
1.11074640455122e-13
6.90193520389232e-14
1.64019289827671e-13
4.12416249373035e-14
3.95203033979147e-14
2.20097220946616e-14
1.98242995824938e-14
1.89421938332029e-14
1.00273795263989e-14
6.05133817855059e-15
1.14966811162104e-14
7.04012673252086e-14
2.29194080559463e-14
1.03909650540743e-13
1.07975631526565e-13
1.8100833605481e-14
2.27580215718566e-14
9.26199709149841e-14
9.74117046834229e-14
2.81473101919942e-14
2.257789777815e-14
3.92920211614588e-14
3.44459490496427e-14
3.35537297114829e-14
4.9892129525107e-14
4.20668374018458e-14
9.1309024878556e-14
1.086467820098e-13
1.47967747684661e-13
1.12573388191897e-13
7.44776275100543e-14
3.51649110369396e-14
8.15100429700294e-14
8.50850243322527e-15
3.61801354476367e-14
2.23059376885141e-14
1.48010813999454e-13
6.41478584283218e-14
3.58486464802057e-15
4.00677456577399e-14
2.98258493804896e-14
1.98666618195947e-14
1.42746706410127e-14
8.16435471959128e-14
1.48574240547618e-14
5.27252259895161e-14
7.89317468448389e-14
9.36852918634081e-14
5.57851457550966e-14
7.22725021107983e-14
2.30939852878517e-14
6.45325396889677e-15
8.17961913596261e-14
4.26660590727012e-14
9.67910700566962e-14
7.48996654481628e-14
8.59848606032209e-14
4.19120377359034e-14
7.26637730752428e-14
2.30126403597437e-14
8.39774481223848e-14
5.52550915582387e-14
5.8802284275519e-14
7.48682764445761e-14
8.46163115361973e-14
9.54144234836262e-14
7.0579333494688e-15
2.60347058183765e-14
4.71444010719531e-14
7.04236367051572e-14
2.40978633389298e-14
6.06076143477932e-14
7.02408127611852e-14
9.42191824266373e-14
1.10091865453676e-13
1.26152987271146e-13
1.8487584936787e-14
4.27280617371446e-14
8.09154068642229e-14
4.93515846929552e-14
1.07489969423048e-13
1.79204249639347e-13
1.76144677313875e-14
5.57695390667584e-14
1.90345970551603e-13
7.28016196470253e-14
9.2880810223339e-15
8.32989693293494e-14
3.73360182932101e-14
1.5673660534707e-14
9.86914156457484e-14
3.17294185870988e-14
1.10076988767019e-13
7.25389576391988e-14
9.38716449730623e-14
0
1.24272934630088e-14
9.52638320707803e-14
1.64737503339228e-14
1.44651738725908e-14
6.54922190361163e-14
3.3556995517264e-15
8.28723147526906e-15
9.88216016610912e-15
1.8642761486678e-14
7.09647708402949e-14
4.43501282911399e-14
7.59533073043688e-15
1.84681747382306e-14
1.28149629282098e-14
6.15677033247639e-14
1.45946995518426e-14
6.52644271113053e-14
6.82927471539515e-14
9.91055634632782e-16
5.31818092669621e-14
1.10363183054531e-14
3.86968908320076e-14
1.1172771630688e-14
2.6911853756013e-14
3.42757406929542e-15
1.12083404748422e-13
9.26490765663978e-14
4.78324966099407e-14
1.12415416183296e-14
7.74094852513565e-14
7.43312222697135e-14
4.65204611978179e-14
4.89684076102384e-14
2.6084752538721e-14
6.16054044336749e-14
3.81455656159808e-14
7.93466349231386e-14
5.34727594423283e-14
1.16948647922349e-13
1.07898208858837e-13
1.01379304219904e-13
8.52600144807901e-14
1.37874340807514e-14
1.34875555208226e-14
7.71619534618652e-14
6.43753638833688e-14
9.02921258344961e-14
6.24117108992784e-14
6.59788456848844e-14
3.39941225164333e-14
9.41650426246005e-14
1.11756430954352e-13
4.64470923431527e-14
6.5184101851758e-14
2.26881335782483e-14
6.22614876259001e-15
4.59424024470971e-15
4.16053920738523e-14
3.38297228610851e-15
2.5104704273567e-14
2.95425137703272e-14
1.72327351403398e-14
6.54587396569944e-14
4.36202109855644e-16
4.82812063681986e-15
6.53650203900718e-14
1.15546256373944e-13
1.58301570198048e-13
3.7797341626706e-14
1.04591052908765e-13
1.594599988724e-14
4.44689804013464e-14
4.61304538335433e-15
3.9455677303689e-14
1.13034065943478e-13
1.16090022840564e-13
1.4188082551781e-13
1.20400426997857e-13
0
3.03570652977042e-14
6.06088322337519e-14
1.12217590200791e-14
1.35012357936397e-13
1.99092144256771e-13
4.12606380892403e-14
1.60072641687763e-14
5.68794484775032e-14
5.0650908806979e-16
6.16713460515849e-14
1.17960664691711e-14
3.04490118985682e-14
2.49272714374756e-14
8.36115537419452e-14
1.85098231744999e-13
5.29143404999831e-16
2.60905798770589e-14
9.7515529449785e-14
5.82292733197883e-14
4.34033543658191e-14
9.60864477645862e-14
7.63626339721536e-14
8.07116170905004e-14
1.00132083195484e-14
2.46303982401164e-14
7.37918703566358e-14
5.3282426281431e-14
1.65984866278464e-13
1.07907880719443e-13
0
2.24463568699075e-14
4.34071032215071e-14
1.0474929830622e-14
4.21779724930869e-15
2.94173428719e-14
4.33504449475664e-14
2.88872394295956e-14
1.07344575627284e-13
1.16776057657361e-13
1.31656777334299e-14
2.39816129085008e-14
2.19171578259227e-14
9.27263093561612e-15
5.89013686663488e-14
8.19716408563933e-14
3.78328798499103e-14
9.94768081300114e-14
2.47860760508516e-14
2.76115896813421e-14
5.62585986789748e-14
6.74179345449404e-15
1.01796309345859e-13
8.3342293927965e-14
5.01987430165551e-14
1.76511923086787e-14
8.84913854097495e-14
9.88961351680109e-14
5.89534391715552e-14
5.29469488187772e-14
5.75893365990699e-14
3.78065080861823e-14
3.26197317557172e-14
5.69144608364833e-14
1.41389922062633e-13
2.21803412064192e-14
5.20959313322166e-14
3.74570976757382e-15
5.88188638824175e-14
1.57126647333355e-13
6.72386836478145e-14
6.03757841220485e-14
4.64515855467956e-14
3.11720251891137e-15
6.70697133077247e-14
5.52730282284876e-14
1.49029056718582e-13
1.16409042298117e-13
3.98641536066441e-14
7.53899592819099e-14
5.99750611066871e-14
9.65102892721869e-14
8.72248425948179e-14
1.04027779298747e-14
1.24817868282104e-13
7.54682547759221e-14
9.76089169641351e-15
1.23882409440893e-13
1.28997857135701e-15
8.4400507632942e-14
1.78189690797326e-13
4.47309242648367e-14
7.32763519276337e-14
8.3533614240923e-14
8.67665734098724e-14
2.3409976533808e-14
1.76729393313749e-13
1.4185699065165e-13
2.08445254139985e-13
1.7423000449643e-13
2.27941159111925e-14
7.30459234034755e-14
1.64961950363146e-14
2.79905701999149e-14
8.59559371121996e-15
8.94045467590799e-14
4.40282060489968e-14
3.89602892478646e-14
1.81374467534871e-14
8.98023518843922e-14
2.58262422542583e-14
6.09900404269592e-14
1.15735822423672e-14
1.67145406348494e-14
1.35103495273148e-13
9.23704563854522e-14
1.54960633249989e-14
6.39505751502804e-14
5.23333134816368e-16
1.52761810402444e-14
1.64898016474053e-13
1.21148718280208e-13
5.37193281737443e-16
5.94785740180995e-15
4.3540641742431e-15
5.20433337022687e-14
4.24588846751772e-14
4.55121921759131e-14
1.00559278005712e-13
1.15838332343456e-13
1.03578900877942e-13
1.16221160440106e-13
1.10100882857639e-13
9.75462353365084e-14
7.7850704562287e-14
4.41507766766556e-14
1.6539831156992e-13
1.1227085557241e-13
9.3028323488531e-14
0
3.27127687474642e-14
1.09834138679582e-14
1.97341707355621e-14
2.04795877676674e-14
6.18839259186892e-14
1.89440495801678e-14
3.93933217262131e-14
1.02915381101697e-13
1.18021641333674e-13
1.06923828772053e-14
5.63818624627669e-14
4.14748385612799e-15
5.46273740675046e-15
5.7610226232215e-14
6.84565773091834e-15
3.61162809373359e-15
3.14156858055382e-14
3.96351643599574e-14
1.35861891725049e-13
9.3927884424714e-14
5.34262503969563e-14
3.05034206681457e-14
7.24902390848124e-15
6.74468826380144e-14
1.68073609311595e-14
1.55169848106039e-14
4.40423976666653e-14
3.29101571364703e-14
7.45767738692713e-14
2.50363908430855e-14
1.13284889863246e-14
9.82669552041194e-14
7.7098124181786e-14
1.47455206740809e-13
0
2.38541302038256e-14
2.89810505580205e-14
4.45486300699113e-14
1.32274657726074e-13
1.48404833085226e-13
2.94208504366722e-14
8.33576904309938e-14
5.8883358150858e-14
3.84652102352705e-14
8.63525302888202e-14
1.21911694715936e-14
2.37363172227581e-14
2.30798520143282e-14
4.0675148246617e-14
4.76501674492203e-14
1.34699043672839e-14
1.0173705953029e-13
1.70757503042335e-13
1.03176639330767e-14
6.49396887057291e-14
1.5520876088325e-13
1.08883907000223e-13
3.89080054058396e-14
6.367003958625e-14
1.61414626213039e-14
8.2628771838674e-14
5.5927276805619e-14
6.31879898953486e-14
3.68876405989254e-14
7.05778572732505e-14
6.82669166774554e-14
4.84982174519415e-14
7.39678244576644e-14
5.72964575576719e-15
2.88485936136333e-14
1.34115394882657e-13
7.80086783797673e-15
1.26667538365966e-13
2.52137306180514e-14
6.67101115039107e-14
5.68985633325951e-14
0
3.53283472779463e-14
1.08770711936211e-13
2.34518775606221e-14
1.0873318384207e-13
8.51875673770607e-14
1.70507247170858e-13
5.45811862604376e-14
4.88240107421539e-14
6.63566779546684e-14
6.14069564731229e-14
4.90305736934712e-14
5.97932892844608e-14
3.8389368481216e-14
9.01031834597644e-14
1.51212116028367e-14
1.2434487249577e-13
3.52051500483623e-14
1.28930316138618e-13
5.90099345793506e-14
2.55061842516201e-14
4.08583846914164e-15
1.14605879043825e-14
9.61642357644044e-14
7.98457417819841e-14
1.85991977799599e-14
3.32261167659735e-15
1.36861918057965e-14
2.75609801750998e-15
6.87603207603871e-14
1.02763941560189e-13
2.03816311464574e-13
0
5.99724815056078e-14
1.17640761493299e-13
6.98916711842696e-14
4.16963825099827e-14
1.2896544843722e-14
6.83588297776114e-14
2.99032435788492e-14
8.5448720440977e-15
4.38454019613832e-14
4.00884945220891e-14
1.03398981207833e-14
4.10446558406681e-14
2.79558946382392e-14
1.62867650080868e-15
2.05186740377619e-14
7.2793621546837e-15
1.04212297527325e-13
1.54268366784722e-13
7.0117551734496e-14
6.11080741453465e-14
1.97833372824291e-14
5.42661717512623e-14
3.63436309639443e-14
3.68034393889918e-14
3.2831294859489e-14
3.70218249757406e-14
5.80378863091157e-14
7.0296220037355e-14
2.65430831356113e-14
8.37526681649375e-14
1.01506058020115e-13
5.80783985605524e-14
6.96674691153934e-14
4.35699437290902e-14
2.51170015815224e-14
5.54524216749671e-14
1.73287766254492e-14
2.15827620724726e-15
8.69962697099766e-15
9.76281000751431e-15
6.36452534743849e-14
2.44803339321815e-14
4.28128057759315e-14
5.69054450176623e-14
2.93953949575605e-14
6.21614837561148e-14
1.17077036123215e-13
1.41270358926677e-13
4.71653936943835e-14
7.93525391469673e-14
2.38356898439549e-14
9.60695183846746e-15
2.06802610174393e-14
5.65276469608895e-14
4.75762542341235e-14
6.23415633182472e-14
3.78703256685982e-14
3.24453859945063e-14
8.03469607855355e-14
1.17605820630698e-13
1.12185399988259e-14
1.01259372352254e-14
6.61972713126585e-14
8.00842750491952e-14
1.05015389141835e-13
8.37234346044202e-14
1.22252263725666e-14
3.35028897623753e-14
9.25776489767693e-14
1.89547468712758e-13
9.29659988153464e-14
4.08667567361823e-14
5.98417410842316e-14
1.07182359894771e-13
3.37452400834528e-14
1.07223452681434e-14
7.06114405883384e-14
1.72538325035068e-14
1.06969942498581e-14
1.33632045062679e-13
3.09427269223202e-14
7.62922405814816e-14
2.92012951056558e-14
1.64299293251558e-13
2.99166648457249e-14
4.84474512957706e-14
8.8817307801469e-14
6.20328137535348e-14
1.4226395761367e-13
5.42517128816632e-14
1.16905106375123e-15
5.59405167977246e-15
1.58087385448603e-13
4.90014297624233e-14
2.34775175871104e-13
2.45602645470842e-13
1.95791706958606e-13
2.52310985067571e-13
1.25843907841014e-13
3.55953027808583e-14
5.91323582244728e-14
1.09310982255279e-13
1.05963913460365e-13
1.25870726168626e-13
5.35996442229634e-14
6.58998001570962e-14
8.90571370926234e-14
1.12052802807749e-13
7.44002821673284e-14
0
7.5709447792776e-14
0
0
0
0
0
0
8.04517119723578e-14
0
8.18535111183588e-14
8.25623912695101e-14
0
0
0
0
0
8.69295856746692e-14
8.7676765472046e-14
8.84295586554156e-14
8.91880013481664e-14
8.99521298842983e-14
9.07219808100055e-14
0
0
9.30662365952614e-14
0
0
0
0
0
9.79142835700082e-14
1.97486832198634e-13
9.95786874323206e-14
0
1.01267803557678e-13
1.02121727454118e-13
1.02981948365543e-13
0
0
0
1.06486608518019e-13
0
0
1.09183213002563e-13
0
0
0
1.12871633210878e-13
1.13810618302416e-13
1.14756441228096e-13
0
1.16668774276188e-13
0
1.18608982351138e-13
0
1.20577419660741e-13
1.21572336134393e-13
0
0
0
0
1.26655713475894e-13
0
0
1.29794438267228e-13
1.30855744201866e-13
0
0
0
1.35177564497557e-13
1.36277411025879e-13
1.37385112095623e-13
1.3850071720906e-13
0
0
1.41895456374875e-13
0
0
1.45363143232443e-13
0
1.47716144542683e-13
1.48905164150051e-13
0
0
0
1.53745933758025e-13
0
0
1.57466937344515e-13
0
1.59991482941407e-13
1.6126708449936e-13
0
1.63845224887706e-13
0
0
1.67780628338842e-13
1.69110843300618e-13
0
0
0
0
1.75902642732464e-13
0
1.78686139931624e-13
0
0
0
0
0
0
0
0
0
0
0
0
0
0
0
0
0
0
0
0
0
0
0
0
0
0
0
0
0
0
0
0
0
0
0
0
0
0
0
0
0
0
0
0
0
0
0
0
0
0
0
0
0
0
0
0
0
0
0
0
0
0
0
0
0
0
0
0
0
0
0
0
0
0
0
0
0
0
0
0
0
0
0
0
0
0
0
0
0
0
0
0
0
0
0
0
0
0
0
0
0
0
0
0
0
0
0
0
0
0
0
0
0
0
1.8680771846478e-14
0
0
1.90439380760266e-14
5.35667055068094e-14
7.32015666028633e-14
1.94141644908399e-14
1.95391658724868e-14
1.96649720966641e-14
1.9791588345481e-14
0
2.00472718126059e-14
0
0
0
0
0
0
0
0
0
0
2.15137313613928e-14
2.16522511594244e-14
0
0
0
2.22153067935643e-14
0
2.25023017817888e-14
0
2.27930043993458e-14
0
0
0
0
2.35362976776582e-14
0
0
2.39938584548766e-14
2.41483469706771e-14
0
0
2.46178063801298e-14
2.47763122901762e-14
0
0
0
0
0
2.57490111346097e-14
2.59148004977928e-14
2.60816573238299e-14
2.62495884857611e-14
2.64186009008838e-14
0
2.67598973828413e-14
0
0
0
0
0
2.78104702427852e-14
0
2.8169747999054e-14
0
0
0
0
0
0
2.94641668590064e-14
0
2.98448083823995e-14
0
8.44878553258359e-14
8.50318446719863e-14
0
0
0
3.1216197393162e-14
3.1417188159748e-14
0
0
0
3.22341759487836e-14
0
3.26506026509931e-14
1.24700301032392e-13
1.25503205011443e-13
0
3.34996647483094e-14
1.27943068103549e-13
9.48344111463083e-14
3.415091979482e-14
0
3.45921085173176e-14
0
3.50389968663576e-14
3.52646013739105e-14
0
0
0
3.61816391610377e-14
3.64146007642622e-14
0
1.17555386194372e-13
0
0
0
0
0
0
1.22957135226145e-13
0
0
0
0
0
0
0
0
0
0
0
0
0
0
0
0
0
0
0
0
0
0
0
0
0
0
0
0
0
0
0
0
0
0
0
0
0
0
0
0
0
0
0
0
0
0
0
0
0
0
0
0
0
0
0
0
0
0
0
0
0
0
0
0
0
0
0
0
0
0
1.93933611447231e-13
1.95182285804992e-13
0
0
0
0
0
0
0
0
0
0
0
2.10808528642938e-13
2.12165855009144e-13
0
0
0
2.17683118741103e-13
0
0
0
0
0
0
0
0
0
0
0
0
1.14444001006925e-13
0
0
0
0
0
0
0
0
0
0
0
0
0
0
0
0
0
0
0
0
0
0
0
0
0
0
0
0
0
0
0
0
0
0
0
0
0
0
0
0
0
0
0
0
0
0
0
0
0
0
0
0
0
0
0
0
0
0
0
0
0
0
0
0
0
0
0
0
0
0
0
0
0
0
0
0
0
0
0
0
0
0
0
0
0
0
0
0
0
0
0
0
0
0
0
0
0
0
0
0
0
0
0
0
0
0
0
0
0
0
0
0
0
0
0
0
0
0
0
0
0
0
0
0
0
0
0
0
0
0
0
0
0
0
0
0
0
0
0
0
0
0
0
0
0
0
0
0
0
0
0
0
0
0
0
0
0
0
0
0
0
0
0
0
0
0
0
0
0
0
0
0
0
0
0
0
0
0
0
0
0
0
0
0
0
0
0
0
0
0
0
0
0
0
0
0
0
0
0
0
0
0
0
0
0
0
0
0
0
0
0
0
0
0
0
0
0
0
0
0
0
0
0
0
0
0
0
0
0
0
0
0
0
0
0
0
0
0
0
0
0
0
0
0
0
0
0
0
0
0
0
0
0
0
0
0
0
0
0
0
0
0
0
0
0
0
0
0
0
0
0
0
0
0
0
0
0
0
0
0
0
0
0
0
0
0
0
0
0
0
0
0
0
0
0
0
0
0
0
0
0
0
0
0
0
0
0
0
0
0
0
0
0
0
0
0
0
0
0
0
0
0
0
0
0
0
0
0
0
0
0
0
0
0
0
0
0
0
0
0
0
0
0
0
0
0
0
0
0
0
0
0
0
0
0
0
0
0
0
0
0
0
0
0
0
0
0
0
0
0
0
0
0
0
0
0
0
0
0
0
0
0
0
0
0
0
0
0
0
0
0
0
0
0
0
0
0
0
0
0
0
0
0
0
0
0
0
0
0
0
0
0
0
0
0
0
0
0
0
0
0
0
0
0
0
0
0
0
0
0
0
0
0
0
0
0
0
0
0
0
0
0
0
0
0
0
0
0
0
0
0
0
0
0
0
0
0
0
0
0
0
0
0
0
0
0
0
0
0
0
0
0
0
0
0
0
0
0
0
0
0
0
0
0
0
0
0
0
0
0
0
0
0
0
0
0
0
0
0
0
0
0
0
0
0
0
0
0
0
0
0
0
0
0
0
0
0
0
0
0
0
0
0
0
0
0
0
0
0
0
0
0
0
0
0
0
0
0
0
0
0
0
0
0
0
0
0
0
0
0
0
0
0
0
0
0
0
0
0
0
0
0
0
0
0
0
0
0
0
0
0
0
0
0
0
0
0
0
0
0
0
0
0
0
0
0
0
0
0
0
0
0
0
0
0
0
0
0
0
0
0
0
0
0
0
0
0
0
0
0
0
0
0
0
0
0
0
0
0
0
0
0
0
0
0
0
0
0
0
0
0
0
0
0
0
0
0
0
0
0
0
0
0
0
0
0
0
0
0
0
0
0
0
0
0
0
0
0
0
0
0
0
0
0
0
0
0
0
0
0
0
0
0
0
0
0
0
0
0
0
0
0
0
0
0
0
0
0
0
0
0
0
0
0
0
0
0
0
0
0
0
0
0
0
0
0
0
0
0
0
0
0
0
0
0
0
0
0
0
0
0
0
0
0
0
0
0
0
0
0
0
0
0
0
0
0
0
0
0
0
0
0
0
0
0
0
0
0
0
0
0
0
0
0
0
0
0
0
0
0
0
0
0
0
0
0
0
0
0
0
0
0
0
0
0
0
0
0
0
0
0
0
0
0
0
0
0
0
0
0
0
0
0
0
0
0
0
0
0
0
0
0
0
0
0
0
0
0
0
0
0
0
0
0
0
0
0
0
0
0
0
0
0
0
0
0
0
0
0
0
0
0
0
0
0
0
0
0
0
0
0
0
0
0
0
0
0
0
0
0
0
0
0
0
0
0
0
0
0
0
0
0
0
0
0
0
0
0
0
0
0
0
0
0
0
0
0
0
0
0
0
0
0
0
0
0
0
0
0
0
0
0
0
0
0
0
0
0
0
0
0
0
0
0
0
0
0
0
0
0
0
0
0
0
0
0
0
0
0
0
0
0
0
0
0
0
0
0
0
0
0
0
0
0
0
0
0
0
0
0
0
0
0
0
0
0
0
0
0
0
0
0
0
0
0
0
0
0
0
0
0
0
0
0
0
0
0
0
0
0
0
0
0
0
0
0
0
0
0
0
8.98974829107967e-14
0
0
0
0
0
0
0
0
0
0
0
0
0
0
0
0
0
0
0
0
0
0
0
0
0
0
0
0
0
0
0
0
0
0
0
0
0
0
0
0
0
0
0
0
0
0
0
0
0
0
0
0
0
0
0
0
0
0
0
0
0
0
0
0
0
0
0
0
0
0
0
0
0
0
0
0
0
0
0
0
0
0
0
0
0
0
0
0
0
0
0
0
0
0
0
0
0
0
0
0
0
0
0
0
0
0
0
0
8.75181304559858e-14
0
0
0
0
0
0
0
0
0
0
0
0
0
0
0
0
0
0
0
0
0
0
0
0
0
0
0
0
0
0
0
0
0
0
0
0
0
0
0
0
0
0
0
0
0
0
0
0
0
0
0
0
0
0
0
0
0
0
0
0
0
0
0
0
0
0
0
0
0
0
0
0
0
0
0
0
0
0
0
0
0
0
0
0
0
0
0
0
0
0
0
0
0
0
0
0
0
0
0
0
0
0
0
0
0
0
0
0
0
0
0
0
0
0
0
0
0
0
0
0
0
0
0
0
0
0
0
0
0
0
0
0
0
0
0
0
0
0
0
0
0
0
0
0
0
0
0
0
0
0
0
0
0
0
0
0
0
0
0
0
0
0
0
0
0
0
0
0
0
0
0
0
0
0
0
0
0
0
0
0
0
0
0
0
0
0
0
0
0
0
0
0
0
0
0
0
0
0
0
0
0
0
0
0
0
0
0
0
0
0
0
0
0
0
0
0
0
8.29466845597308e-14
0
0
0
0
0
0
0
0
0
0
0
0
0
0
0
0
0
0
0
0
0
0
0
0
0
0
0
0
0
0
0
0
0
0
0
0
0
0
0
0
0
0
0
0
0
0
0
0
0
0
0
0
0
0
0
0
0
0
0
0
0
0
0
0
0
0
0
0
0
0
0
0
0
0
0
0
0
0
0
0
0
0
0
0
0
0
0
0
0
0
0
0
0
0
0
0
0
0
0
0
0
0
0
0
0
0
0
0
0
0
0
0
0
0
0
0
0
0
0
0
0
0
0
0
0
0
0
0
0
0
0
0
0
0
0
0
0
0
0
0
0
0
0
0
0
0
0
0
0
0
0
0
0
0
0
0
0
0
0
0
0
0
0
0
0
0
0
0
0
0
0
0
0
0
0
0
0
0
0
0
0
0
0
0
0
0
0
0
0
0
0
0
0
0
0
0
0
0
0
0
0
0
0
0
0
0
0
0
0
0
0
0
0
0
0
0
0
0
0
0
0
0
0
0
0
0
0
0
0
0
0
0
0
0
0
0
0
0
0
0
0
0
0
0
0
0
0
0
0
0
0
0
0
0
0
0
0
0
0
0
0
0
0
0
0
0
0
0
0
0
0
0
0
0
0
0
0
0
0
0
0
0
0
0
0
0
0
0
0
0
0
0
0
0
0
0
0
0
0
0
0
0
0
0
0
0
0
0
0
0
0
0
0
0
0
0
0
0
0
0
0
0
0
0
0
0
0
0
0
0
0
0
0
0
0
0
0
0
0
0
0
0
0
0
0
0
0
0
0
0
0
0
0
0
0
0
0
0
0
0
0
0
0
0
0
0
0
0
0
0
0
0
0
0
0
0
0
0
0
0
0
0
0
0
0
0
0
0
0
0
0
0
0
0
0
0
0
0
0
0
0
0
0
0
0
0
0
0
0
0
0
0
0
0
0
0
0
0
0
0
0
0
0
0
0
0
0
0
0
0
0
0
0
0
0
0
0
0
0
0
0
0
0
0
0
0
0
0
0
0
0
0
0
0
0
0
0
1.07283766959902e-13
1.0797453163862e-13
0
0
1.10073626037129e-13
1.10782353695315e-13
0
0
0
1.13663191717857e-13
1.14395031401856e-13
0
1.15872877330088e-13
1.16618944448638e-13
0
0
0
0
0
0
0
0
0
0
0
1.25955426691091e-13
1.2676641200898e-13
0
0
0
0
0
0
0
1.33445126113483e-13
1.34304335127865e-13
0
0
0
0
0
0
0
0
0
1.43206647843561e-13
1.44128708066579e-13
1.45056705130301e-13
0
0
1.47876700851335e-13
0
0
0
0
0
0
0
0
0
0
0
1.59715670909766e-13
1.60744027269994e-13
0
0
0
0
0
1.67054713369869e-13
1.68130323396254e-13
0
0
0
0
0
0
0
0
0
0
0
0
0
0
1.85121035097182e-13
1.49015356803135e-13
7.25356540270591e-14
0
0
0
0
0
0
0
0
0
0
0
0
0
0
0
0
0
0
0
0
0
0
0
0
0
0
0
0
0
0
0
0
0
0
0
0
0
0
0
0
0
0
0
0
0
0
0
0
0
0
0
0
0
0
0
0
0
0
0
0
0
0
0
0
0
0
0
0
0
0
0
0
0
0
0
0
0
0
0
0
0
0
0
0
0
0
0
0
0
0
0
0
0
0
0
0
0
0
0
0
0
0
0
0
0
0
0
0
0
0
0
0
0
0
0
0
0
0
0
0
0
0
0
0
0
0
0
0
0
0
0
0
0
0
0
0
0
0
0
0
0
0
0
0
0
0
0
0
0
0
0
0
0
0
0
0
0
0
0
0
0
0
0
0
0
0
0
0
0
0
0
0
0
0
0
0
0
0
0
0
0
0
0
0
0
0
0
0
0
0
0
0
0
0
0
0
0
0
0
0
0
0
0
0
0
0
0
0
0
0
0
0
0
0
0
0
0
0
0
0
0
0
0
0
0
0
0
0
0
0
0
0
0
0
0
0
0
0
0
0
0
0
0
0
0
0
0
0
0
0
0
0
0
0
0
0
0
0
0
0
0
0
0
0
0
0
0
0
0
0
0
0
0
0
0
0
0
0
0
0
0
0
0
0
0
0
0
0
0
0
0
0
0
0
0
0
0
0
0
0
0
0
0
0
0
0
0
0
0
0
0
0
0
0
0
0
0
0
0
0
0
0
0
0
0
0
0
0
0
0
0
0
0
0
0
0
0
0
0
0
0
0
0
0
0
0
0
0
0
0
0
0
0
0
0
0
0
0
0
0
0
0
0
0
0
0
0
0
0
0
0
0
0
0
0
0
0
0
0
0
0
0
0
0
0
0
0
0
0
0
0
0
0
0
0
0
0
0
0
0
0
0
0
0
0
0
0
0
0
0
0
0
0
0
0
0
0
0
0
0
0
0
0
0
0
0
0
0
0
0
0
0
0
0
0
0
0
0
0
0
0
0
0
0
0
0
0
0
0
0
0
0
0
0
0
0
0
0
0
0
0
0
0
0
0
0
0
0
0
0
0
0
0
0
0
0
0
0
0
0
0
0
0
0
0
0
0
0
0
0
0
0
0
0
0
0
0
0
0
0
0
0
0
0
0
0
0
0
0
0
0
0
0
0
0
0
0
0
0
0
0
0
0
0
0
0
0
0
0
0
0
0
0
0
0
0
0
0
0
0
0
0
0
0
0
0
0
0
0
0
0
0
0
0
0
0
0
0
0
0
0
0
0
0
0
0
0
0
0
0
0
0
0
0
0
0
0
0
0
0
0
0
0
0
0
0
0
0
0
0
0
0
0
0
0
0
0
0
0
0
0
0
0
0
0
0
0
0
0
0
0
0
0
0
0
0
0
0
0
0
0
0
0
0
0
0
0
0
0
0
0
0
0
0
0
0
0
0
0
0
0
0
0
0
0
0
0
0
0
0
0
0
0
6.17524980793858e-14
0
0
0
0
0
0
0
0
0
0
0
0
0
0
0
0
0
0
0
0
0
0
0
0
0
0
0
0
0
0
0
0
0
0
0
0
0
0
0
0
0
0
0
0
0
0
0
0
0
0
0
0
0
0
0
0
0
0
0
0
0
0
0
0
0
0
0
0
0
0
0
0
0
0
0
0
0
0
0
0
0
0
0
0
0
0
0
0
0
0
0
0
0
0
0
0
0
0
0
0
0
0
0
0
0
0
0
0
0
0
0
0
0
0
0
0
0
0
0
0
0
0
0
0
0
0
0
0
0
0
0
0
0
0
0
0
0
0
0
0
0
0
0
0
0
0
0
0
0
0
0
0
0
0
0
0
0
0
0
0
0
0
0
0
0
0
0
0
0
0
0
0
0
0
0
0
0
0
0
0
0
0
0
0
0
0
0
0
0
0
0
0
0
0
0
0
0
0
0
0
0
0
0
0
0
0
0
0
0
0
0
0
0
0
0
0
0
0
0
0
0
0
0
0
0
0
0
0
0
0
0
0
0
0
0
0
0
0
0
0
0
0
0
0
0
0
0
0
0
0
0
0
0
0
0
0
0
0
0
0
0
0
0
0
0
0
0
0
0
0
0
0
0
0
0
0
0
0
0
0
0
0
0
0
0
0
0
0
0
0
0
0
0
0
0
0
0
0
0
0
0
0
0
0
0
0
0
0
0
0
0
0
0
0
0
0
0
0
0
0
0
0
0
0
0
0
0
0
0
0
0
0
0
0
0
0
0
0
0
0
0
0
0
0
0
0
0
0
0
0
0
0
0
0
0
0
0
0
0
0
0
0
0
0
0
0
0
0
0
0
0
0
0
0
0
0
0
0
0
0
0
0
0
0
0
0
0
0
0
0
0
0
0
0
0
0
0
0
0
0
0
0
0
0
0
0
0
0
0
0
0
0
0
0
0
0
0
0
0
0
0
0
0
0
0
0
0
0
0
0
0
0
0
0
0
0
6.98000772138007e-14
7.02494968163824e-14
7.07018100831108e-14
0
0
0
0
0
3.67387542129975e-14
3.69753028957283e-14
0
0
0
7.58736531888312e-14
3.81810892687794e-14
3.84269246696868e-14
0
7.7846708442858e-14
0
0
0
0
4.01926676938847e-14
4.04514549826978e-14
0
0
8.24757146124882e-14
0
8.35412014394032e-14
8.4079095594369e-14
0
0
0
8.62655291499575e-14
0
8.73799758128857e-14
0
8.85088197834842e-14
8.9078698789369e-14
8.96522470576107e-14
0
0
9.1395144449758e-14
9.19836075451809e-14
0
4.65859624445565e-14
4.68859140429494e-14
0
9.49832470839221e-14
9.55948127850177e-14
0
0
0
9.80807066321555e-14
9.87122158504315e-14
0
0
1.00631244867823e-13
1.0127917615791e-13
0
0
0
5.19564444727287e-14
5.22909748279811e-14
1.0525531822702e-13
0
1.06615090076896e-13
1.07301549366417e-13
5.39962142700906e-14
5.43438780281788e-14
1.09387560556344e-13
5.50459354329816e-14
5.540035799832e-14
0
0
1.12954753238264e-13
1.13682031521291e-13
1.14413992508557e-13
1.15150666350438e-13
0
1.1663827417146e-13
0
0
0
0
0
1.2121740254112e-13
1.21997881289158e-13
1.22783385281637e-13
1.23573946874408e-13
0
1.25170373327437e-13
0
1.26787423686104e-13
0
1.28425364386415e-13
1.29252252815888e-13
1.30084465306392e-13
0
0
0
0
0
0
0
1.36937991721236e-13
0
2.21879164517033e-13
0
1.08698697701716e-13
1.09398572651318e-13
1.10102953864193e-13
0
0
0
0
0
0
0
0
0
0
1.18156993812995e-13
0
0
0
1.21229605551651e-13
0
0
0
0
0
0
0
0
1.28438293025604e-13
0
1.3009756096809e-13
1.30935216118055e-13
0
0
0
1.34340118943246e-13
0
1.36075631363201e-13
0
1.37833564511851e-13
1.38721029229083e-13
1.39614208037985e-13
0
0
1.42328398112211e-13
1.432448035758e-13
0
0
0
0
1.47916100864446e-13
1.48868483697268e-13
0
0
0
1.52739731904931e-13
1.53723172502036e-13
0
0
1.56711649927403e-13
1.57720664390481e-13
0
0
0
0
0
1.63912655603691e-13
0
1.66030209554244e-13
1.67099223139539e-13
0
0
1.7034773959951e-13
0
0
0
0
1.75902879571463e-13
1.7703546001245e-13
1.78175332764176e-13
1.79322544779401e-13
0
1.81639175924961e-13
0
0
0
0
0
1.88770189388835e-13
1.89985618180348e-13
1.91208872715733e-13
1.92440003382308e-13
0
1.94926096282883e-13
0
1.97444306507304e-13
0
1.9999504897269e-13
2.01282750921115e-13
2.02578743956362e-13
0
0
0
0
0
0
0
2.13251646132045e-13
0
2.16006600373181e-13
0
0
6.65800654395645e-14
6.70087524517561e-14
0
0
0
6.87512805301103e-14
6.91939472778765e-14
3.48197321051692e-14
3.50439248394885e-14
0
7.09933002216627e-14
3.57252012962114e-14
3.59552240470504e-14
0
0
0
3.68902211209251e-14
3.71277450489333e-14
7.47335966298434e-14
0
0
0
0
0
3.88337898960684e-14
3.9083827820342e-14
3.9335475656142e-14
3.95887437690382e-14
0
0
8.07167488625376e-14
8.12364573019073e-14
0
4.11429672089873e-14
4.14078731619664e-14
0
4.19428129753431e-14
4.22128688705732e-14
8.49693271327186e-14
8.55164165165218e-14
0
0
0
0
0
0
0
0
4.53007436305584e-14
4.55924201302447e-14
9.17719492768184e-14
4.61814192469201e-14
4.6478766125516e-14
4.67780275222798e-14
4.70792157641601e-14
9.47646865149644e-14
0
9.59889320472165e-14
4.83034865105204e-14
4.86144966780989e-14
0
0
0
0
0
0
0
0
0
0
0
0
0
0
0
0
5.42188304090818e-14
5.45679275188324e-14
0
0
0
0
1.12694839454592e-13
1.13420444238761e-13
5.70753604760348e-14
5.74428498377489e-14
0
0
0
0
5.93160949538073e-14
5.96980116634408e-14
0
0
0
6.12504276947794e-14
0
0
6.24411754362002e-14
1.2568642701015e-13
0
6.36550720802063e-14
6.40649260279191e-14
1.28954837779217e-13
0
1.30620778857273e-13
0
0
0
1.03684217769674e-13
1.0435180614216e-13
0
0
0
1.07065421089117e-13
1.07754779911032e-13
0
0
0
1.10556887437306e-13
0
0
0
0
0
0
0
1.16381599455065e-13
0
0
0
0
0
0
0
0
0
0
0
1.25699079919351e-13
1.26508414705195e-13
0
0
0
0
0
0
1.3232156141643e-13
1.33173536169462e-13
0
0
0
0
0
0
0
0
0
0
1.42915191073254e-13
0
0
0
0
1.47575739504354e-13
0
1.49482240189386e-13
0
0
0
0
0
0
0
0
0
0
0
0
0
0
0
0
0
0
0
0
0
0
0
0
1.75498119420364e-13
1.7662809374465e-13
0
0
0
0
0
0
0
0
0
0
0
0
0
0
0
1.95729739566583e-13
0
0
0
2.00819590585864e-13
0
2.03413937653377e-13
0
0
0
0
0
3.19587549279849e-14
3.21645267768507e-14
0
0
0
0
0
0
0
0
4.08669355288562e-14
4.11300642051688e-14
0
4.16614150616701e-14
4.19296591288454e-14
0
0
0
0
4.32970099723742e-14
4.35757850939916e-14
0
3.68053351229653e-14
3.70423124981062e-14
0
0
0
0
4.58715841618398e-14
4.61669361148352e-14
0
0
0
0
0
0
0
0
0
0
0
0
0
0
0
0
0
0
0
0
0
4.43346112742681e-14
4.46200671673742e-14
0
0
0
0
4.60751537993189e-14
4.63718164698551e-14
0
0
0
0
0
0
0
0
5.89181382078623e-14
5.92974926056721e-14
5.96792895409476e-14
6.00635447403531e-14
0
5.07313611922883e-14
5.10580036416389e-14
0
0
0
0
6.32280047662101e-14
6.36351089688038e-14
5.34041532368556e-14
5.37480049098375e-14
0
0
0
0
5.55007589598146e-14
5.58581099833578e-14
0
0
0
0
0
0
0
0
0
0
0
0
7.28166009539491e-14
1.34394930760354e-13
1.35260255252585e-13
7.42322025486971e-14
0
0
0
0
0
9.95378566759896e-14
1.00178748001279e-13
0
0
0
0
0
0
0
0
1.06135686346509e-13
1.06819058914003e-13
0
1.08199032408851e-13
1.08895690178994e-13
0
0
0
0
1.12446842678595e-13
1.13170850693544e-13
0
1.14632881682556e-13
1.15370964879332e-13
0
0
0
0
1.19133279895206e-13
1.19900339667105e-13
0
0
0
0
0
0
0
0
0
0
0
0
0
0
0
0
0
0
0
0
0
1.38083357525909e-13
1.38972430577702e-13
0
0
0
0
1.43504403270249e-13
1.44428380641949e-13
0
0
0
0
0
0
0
0
1.53016539068227e-13
1.54001761935061e-13
1.54993328325971e-13
1.55991279084785e-13
0
1.58006498398161e-13
1.59023849962108e-13
0
0
0
0
1.64209711233268e-13
1.65267003232233e-13
1.66331102784545e-13
1.67402053721783e-13
0
0
0
0
1.72861133144872e-13
1.73974128787055e-13
0
0
0
0
0
0
0
0
0
0
0
0
1.89112293830063e-13
1.90329925318917e-13
1.91555396734024e-13
1.92788758554113e-13
0
9.44472953644458e-14
6.53436140861993e-14
2.99031005883925e-14
3.00956367591173e-14
0
0
0
3.08782582849642e-14
3.10770731734445e-14
0
0
0
0
3.84844919617665e-14
0
0
3.9232655258039e-14
0
0
3.33503635807088e-14
3.35650955372353e-14
4.05120552192434e-14
4.07728989386596e-14
0
0
0
0
0
0
0
0
4.31973816755496e-14
4.34755153235436e-14
4.37554397820706e-14
4.40371665815681e-14
0
0
0
0
0
0
0
0
0
0
0
0
0
0
0
0
0
0
0
0
0
0
0
0
0
0
0
0
0
0
0
0
0
0
0
0
0
0
0
0
0
0
0
0
0
0
0
0
0
0
0
0
0
0
0
0
0
0
0
0
0
0
0
0
0
0
0
5.68129969214528e-14
5.71787970110498e-14
0
0
0
0
0
0
0
0
0
0
0
0
0
0
0
0
0
0
0
0
0
0
0
0
0
0
0
0
0
0
0
0
0
0
0
0
0
0
0
0
0
0
0
0
0
0
0
0
0
0
0
0
0
0
0
0
0
0
0
0
0
0
0
0
0
0
0
0
0
0
0
0
0
0
0
0
0
0
0
0
0
0
0
0
0
0
0
0
0
0
0
0
0
0
0
0
0
0
0
0
0
0
0
0
0
0
0
0
0
0
0
0
0
0
0
0
0
0
0
0
0
0
0
0
0
0
0
0
0
0
0
0
0
0
0
0
0
0
0
0
0
0
0
0
0
0
0
0
0
0
0
0
0
0
0
0
0
0
0
0
0
0
0
0
0
0
0
0
0
0
0
0
0
0
0
0
0
0
0
0
0
0
0
0
0
0
0
0
0
0
0
0
0
0
0
0
0
0
0
0
0
0
0
0
0
0
0
0
0
0
0
0
0
0
0
0
0
0
0
0
0
0
0
0
2.74145048813889e-14
5.51820356154865e-14
5.55373344848782e-14
2.7947460503048e-14
2.81274049543189e-14
0
0
0
0
5.80893123439297e-14
0
5.88397562457901e-14
0
5.95998949784192e-14
5.99836389824951e-14
6.03698537872431e-14
6.07585553013806e-14
0
0
6.19397407268193e-14
3.11692751117745e-14
3.13699637613048e-14
6.31438891573104e-14
6.35504517673061e-14
0
6.4371447008395e-14
0
6.52030485184714e-14
0
0
0
0
0
0
0
0
6.9080223545002e-14
6.95250082480047e-14
0
0
0
7.13329702617431e-14
7.17922596554908e-14
0
0
0
7.36591803737813e-14
7.41334474647778e-14
0
0
0
0
0
0
0
0
0
0
0
8.00685519119886e-14
8.05840868256588e-14
0
8.16251361014563e-14
8.21506933457005e-14
0
8.32119812895405e-14
8.37477557049188e-14
8.42869797944766e-14
8.48296757695465e-14
0
0
0
0
0
0
0
0
8.98739107842967e-14
9.04525791594763e-14
0
0
0
0
0
0
4.73044679929635e-14
4.76090458108516e-14
0
0
0
0
0
0
0
1.00234676073685e-13
1.00880053988525e-13
1.01529587278196e-13
0
0
1.03503387809704e-13
0
0
0
5.30974700375637e-14
5.34393470789046e-14
1.07566850706789e-13
0
0
8.48382156111935e-14
8.53844608113172e-14
0
0
8.70443896916167e-14
8.76048397166751e-14
0
0
0
0
0
0
0
0
0
0
0
0
0
0
0
0
9.77040239471164e-14
0
0
0
0
0
0
0
0
0
0
0
0
0
0
0
0
0
0
0
0
0
0
0
0
0
0
0
0
0
0
0
0
0
0
0
0
0
0
0
0
0
0
0
0
0
0
0
0
0
0
0
0
0
0
0
0
0
0
0
0
0
0
0
1.47333191353284e-13
1.48281821024626e-13
0
0
0
0
0
0
0
0
0
0
0
0
0
0
0
0
1.65375915750354e-13
0
0
0
0
0
0
0
0
0
0
0
0
0
0
0
0
0
0
0
0
0
0
0
0
0
0
0
0
0
0
0
0
0
0
0
0
0
0
0
0
0
0
0
0
0
0
0
0
0
0
0
0
0
0
0
0
0
0
0
0
0
0
0
0
0
0
0
0
0
0
0
0
0
0
0
0
0
0
0
0
0
0
0
0
0
0
0
0
0
0
0
0
0
0
0
0
0
0
0
4.74994953326381e-14
4.78053288670406e-14
0
0
0
0
0
0
0
0
0
0
0
0
0
0
0
0
0
0
0
0
0
0
0
0
0
0
0
0
0
0
0
0
0
0
0
0
0
0
0
0
0
0
0
0
0
0
0
0
0
0
0
0
0
0
0
0
0
0
0
0
0
0
0
0
0
0
0
0
0
0
0
0
0
0
0
0
0
0
0
0
0
0
0
0
0
0
0
0
0
0
0
0
0
0
0
0
0
0
0
0
0
0
0
0
0
0
0
1.47940618126577e-13
1.48893158817942e-13
0
0
0
0
0
0
0
0
0
0
0
0
0
0
4.95678083458753e-14
4.98869590634425e-14
0
0
0
0
0
0
0
0
0
0
0
0
0
0
0
0
0
0
0
0
0
0
0
0
0
0
0
0
0
0
0
0
0
0
0
0
0
0
0
0
0
0
0
0
0
0
0
0
0
0
0
0
0
0
0
0
0
0
0
0
0
0
0
0
0
0
0
0
0
0
0
0
0
0
0
0
0
0
0
0
0
0
0
0
0
0
4.35966803522044e-14
4.3877384952266e-14
0
0
4.47303895597048e-14
4.50183937382413e-14
0
0
0
0
0
0
0
0
0
0
0
0
0
0
0
0
0
2.44396426058987e-14
0
2.47553733318848e-14
0
2.5075182918295e-14
2.52366337245324e-14
2.53991240591111e-14
0
2.57272501290125e-14
2.58928993802866e-14
2.60596151922781e-14
0
2.6396274011545e-14
2.65662308862453e-14
2.67372820570208e-14
2.69094345696771e-14
0
0
2.74325712993731e-14
2.76092005494171e-14
0
0
0
1.24596926764384e-13
2.85095528166622e-14
1.54899685279024e-13
0
1.56900802516107e-13
1.5791103487011e-13
2.94392661008212e-14
0
2.98195859364315e-14
3.00115843839395e-14
1.93265425632573e-13
1.64110499881003e-13
1.65167153090885e-13
1.66230609741164e-13
0
1.68378108865417e-13
2.00852876661639e-13
1.70553351090037e-13
1.39855321629065e-13
0
3.22069342003787e-14
3.24143039934625e-14
1.76115196173607e-13
1.77249143650958e-13
3.30444589282519e-14
3.32572212659499e-14
0
0
1.83029342467834e-13
2.18329866013253e-13
2.19735619782243e-13
1.86587550701777e-13
1.87788926204976e-13
0
1.9021493279423e-13
0
1.92672280464627e-13
1.93912833529515e-13
1.59010312772821e-13
1.60034127565385e-13
1.61064534362674e-13
1.6210157560839e-13
0
0
3.75703240204593e-14
3.78122269060194e-14
0
1.68465558005326e-13
1.69550251993511e-13
0
0
0
0
0
2.16267322582772e-13
2.17659796317007e-13
0
0
0
2.23319927161684e-13
2.24757810283347e-13
1.84303478324681e-13
1.85490147441566e-13
0
0
2.32087294659531e-13
2.33581627959676e-13
5.22230525805314e-14
1.84039921525627e-13
0
2.39655797831783e-13
0
0
1.99058766676301e-13
2.00340440212831e-13
0
2.49064498968734e-13
2.50668142870188e-13
2.52282112104177e-13
2.53906473152017e-13
0
0
7.41897700735139e-14
0
0
0
7.61190368147992e-14
0
7.71024030260989e-14
0
7.80984731435823e-14
7.86013233718743e-14
7.91074112864688e-14
0
8.01293836940632e-14
8.06453102834755e-14
8.11645587534797e-14
0
8.2213107026915e-14
8.27424500214459e-14
8.32752012803498e-14
8.3811382748302e-14
0
0
8.54407299784983e-14
8.59908545692489e-14
0
0
0
0
0
8.936678896546e-14
0
9.05213001673341e-14
9.11041368685429e-14
9.16907262624298e-14
0
9.28752599331975e-14
9.34732530024875e-14
0
9.46808147703e-14
9.52904332097924e-14
9.59039767807101e-14
1.03407760813421e-13
6.93062860098275e-15
0
0
0
0
1.00310828993004e-13
1.00956697231282e-13
1.0160672400145e-13
1.02260936078923e-13
1.02919360411499e-13
1.03582024120507e-13
0
0
1.05595725345381e-13
0
0
1.07648574218284e-13
1.08341687770252e-13
0
1.09741331794707e-13
0
1.1115905753301e-13
1.11874773925529e-13
0
0
0
0
0
0
1.17015495004294e-13
1.17768919059976e-13
0
0
0
0
0
0
0
0
1.24771823406646e-13
1.25575187894594e-13
0
0
0
1.28840705947791e-13
1.29670268624171e-13
0
0
0
0
1.33898892344692e-13
1.34761023009694e-13
0
0
0
1.38265413971645e-13
0
0
0
0
0
1.43693607111162e-13
1.44618802703774e-13
1.45549955324715e-13
1.46487103329274e-13
0
0
0
4.99698620438457e-14
5.02916014521268e-14
1.01230824868047e-13
1.01882616655333e-13
1.25850800013997e-13
2.34622944093941e-14
0
2.37653989746419e-14
2.39184165154314e-14
0
1.06564191389542e-13
1.07250322959197e-13
0
5.43179339328696e-14
5.46676691374031e-14
0
0
1.11460887630307e-13
1.12178547406926e-13
5.64504139786933e-14
5.68138795167301e-14
0
1.15095692727419e-13
1.1583675581141e-13
1.16582590355546e-13
0
1.18088696908741e-13
0
1.19614260543503e-13
0
0
0
1.2272476775255e-13
0
0
0
1.25916162098743e-13
0
1.27542847149457e-13
1.28364053342452e-13
0
0
1.30859533167641e-13
1.31702094404536e-13
0
0
1.34262467896674e-13
1.35126939504355e-13
0
1.36872616697624e-13
1.37753894189819e-13
1.38640845936205e-13
0
0
1.41336113224616e-13
1.42246129694119e-13
0
0
1.45011486019516e-13
0
0
0
0
1.49740395861661e-13
1.5070452472638e-13
1.5167486129783e-13
1.5265144554543e-13
1.53634317695873e-13
0
0
1.56621067726629e-13
0
1.58644423150196e-13
0
1.60693917887114e-13
1.61728572855982e-13
0
0
1.64872680417339e-13
0
0
8.40389557267668e-14
8.45800547569281e-14
0
1.71345454244302e-13
0
0
8.73382600851235e-14
8.79006022444153e-14
1.76933130277592e-13
0
1.792188930677e-13
0
1.8153418515808e-13
0
1.83879388031706e-13
0
9.31274440499117e-14
9.37270608492894e-14
0
0
9.55491752445125e-14
9.61643847697911e-14
1.93567110851265e-13
0
1.96067764621856e-13
1.97330180085781e-13
1.44452319810479e-13
7.03145213886972e-14
0
0
7.16814809461192e-14
7.2143014284823e-14
0
0
0
0
0
0
7.54580342952343e-14
7.59438836113986e-14
0
0
0
0
0
7.89253817038807e-14
7.94335561227953e-14
0
0
0
8.14991848182103e-14
8.20239311037833e-14
8.25520560571671e-14
0
8.36185291234135e-14
0
8.46987797364039e-14
0
0
0
8.69013278587648e-14
0
0
0
8.91611521100827e-14
0
9.03130067316416e-14
9.08945023003353e-14
0
0
9.26615499340383e-14
9.32581669953631e-14
0
0
9.50711657922307e-14
9.56832975727946e-14
0
9.69194104527453e-14
9.75434424691516e-14
9.8171492421246e-14
0
0
1.00080009427115e-13
1.00724391494578e-13
0
0
1.02682538501742e-13
0
0
0
0
1.06031076471155e-13
1.06713775490313e-13
1.07400870182551e-13
1.08092388850188e-13
1.0878835997772e-13
0
0
1.10903275722994e-13
0
1.12336012376387e-13
0
1.13787258260484e-13
1.14519896767909e-13
0
0
1.16746237277786e-13
0
0
0
0
0
1.21329604195429e-13
0
0
0
0
1.25286233943685e-13
0
1.26904781081872e-13
0
1.28544237898288e-13
0
1.30204874520776e-13
0
0
0
0
0
0
0
1.37064744719469e-13
0
1.3883545602053e-13
1.39729371585688e-13
1.40629042777404e-13
0
0
0
0
0
0
0
0
0
0
0
0
0
0
0
0
0
0
0
0
0
0
0
0
0
0
0
0
0
0
0
0
0
0
0
0
0
0
0
0
0
0
0
0
0
0
0
0
0
0
0
0
0
0
0
0
0
0
0
0
0
0
0
0
0
0
0
0
0
0
0
0
0
0
0
0
0
0
0
0
0
0
0
0
0
0
0
0
0
0
0
0
0
0
0
0
0
0
0
0
0
0
0
0
0
0
0
0
0
0
0
0
0
0
0
0
0
0
0
0
0
0
0
0
0
0
0
0
0
0
0
0
0
0
0
0
0
0
0
0
0
0
0
0
0
0
0
0
0
0
0
0
0
0
0
0
0
0
0
0
0
0
0
0
0
0
0
0
0
0
0
0
0
0
0
0
0
0
0
0
0
0
0
0
0
0
0
0
0
0
0
0
0
0
0
0
0
0
0
0
0
0
0
0
0
0
0
0
0
0
0
0
0
0
0
0
0
0
6.48778612787735e-14
0
0
0
0
0
0
0
0
0
0
0
0
0
0
0
0
0
0
0
0
0
0
0
0
0
0
0
0
0
0
0
0
0
0
0
0
0
0
0
0
0
0
0
0
0
0
0
0
0
0
0
0
0
0
0
0
0
0
0
0
0
0
0
0
0
0
0
0
0
0
0
0
0
0
0
0
0
0
0
0
0
0
0
0
0
0
0
0
0
0
0
0
0
0
0
0
0
0
0
0
0
0
0
0
0
0
0
0
0
0
0
0
0
0
0
0
0
0
0
0
0
0
0
0
0
0
0
0
0
0
0
0
0
0
0
0
0
0
0
0
0
0
0
0
0
0
0
0
0
0
0
0
0
0
0
0
0
0
0
0
0
0
0
0
0
0
0
0
0
0
0
0
0
0
0
0
0
0
0
0
0
0
0
0
0
0
0
0
0
0
0
0
0
0
0
0
0
0
0
0
0
0
0
0
0
0
0
0
0
0
0
0
0
0
0
0
0
0
0
0
0
0
0
0
0
0
0
0
0
0
0
0
0
0
0
0
0
0
0
0
0
0
0
0
0
0
0
0
0
0
0
0
0
0
0
0
0
0
0
0
0
0
0
0
0
0
0
0
0
0
0
0
0
0
0
0
0
0
0
0
0
0
0
0
0
0
0
0
0
0
0
0
0
0
0
0
0
0
0
0
0
0
0
0
0
0
0
0
0
0
0
0
0
0
0
0
0
0
0
0
0
0
0
0
0
0
0
0
0
0
0
0
0
0
0
0
0
0
0
0
0
0
0
0
0
0
0
0
0
0
0
0
0
0
0
0
0
0
0
0
0
0
0
0
0
0
0
0
0
0
0
0
0
0
0
0
0
0
0
0
0
0
0
0
0
0
0
0
0
0
0
0
0
0
0
0
0
0
0
0
0
0
0
0
0
0
0
0
0
0
0
0
0
0
0
0
0
0
0
0
0
0
0
0
0
0
0
0
0
0
0
0
0
0
0
0
0
0
0
0
0
0
0
0
0
0
0
0
0
0
0
0
0
0
0
0
0
0
0
0
0
0
0
0
0
0
0
0
0
0
0
0
0
0
0
0
0
0
0
0
0
0
0
0
0
0
0
0
0
0
0
0
0
0
0
0
0
0
0
0
0
0
0
0
0
0
0
0
0
0
0
0
0
0
0
0
0
0
0
0
0
0
0
0
0
0
0
0
0
0
0
0
0
0
0
0
0
0
0
0
0
0
0
0
0
0
0
0
0
0
0
0
0
0
0
0
0
0
0
0
0
0
0
0
0
0
0
0
0
0
0
0
0
0
0
0
0
0
0
0
0
0
0
0
0
0
0
0
0
0
0
0
0
0
0
0
0
0
0
0
0
0
0
0
0
0
0
0
0
0
0
0
0
0
0
0
0
0
0
0
0
0
0
0
0
0
0
0
0
0
0
0
0
0
0
0
0
0
0
0
0
0
0
0
0
0
0
0
0
0
0
0
0
0
0
0
0
0
0
0
0
0
0
0
0
0
0
0
0
0
0
0
0
0
0
0
0
0
0
0
0
0
0
0
0
0
0
0
0
0
0
0
0
0
0
0
0
0
0
0
0
0
0
0
0
0
0
0
0
0
0
0
0
0
0
0
0
0
0
0
0
0
0
0
0
0
0
0
0
0
0
0
0
0
0
0
0
0
0
0
0
0
0
0
0
0
0
0
0
0
0
0
0
0
0
0
0
0
0
0
0
0
0
0
0
0
0
0
0
0
0
0
0
0
0
0
0
0
0
0
0
0
0
0
0
0
0
0
0
0
0
0
0
0
0
0
0
0
0
0
0
0
0
0
0
0
0
0
0
0
0
0
0
0
0
0
0
0
0
0
0
0
0
0
0
0
0
0
0
0
0
0
0
0
0
0
0
0
0
0
0
0
0
0
0
0
0
0
0
0
0
0
0
0
0
0
0
0
0
0
0
0
0
0
0
0
0
0
0
0
0
0
0
0
0
0
0
0
0
0
0
0
0
0
0
0
0
0
0
0
0
0
0
0
0
0
0
0
0
0
0
0
0
0
0
0
0
0
0
0
0
0
0
0
0
0
0
0
0
0
0
0
0
0
0
0
0
0
0
0
0
0
0
0
0
0
0
0
0
0
0
0
0
0
0
0
0
0
0
0
0
0
0
0
0
0
0
0
0
0
0
0
0
0
0
0
0
0
0
0
0
0
0
0
0
0
0
0
0
0
0
0
0
0
0
0
0
0
0
0
0
0
0
0
0
0
0
0
0
0
0
0
0
0
0
0
0
0
0
0
0
0
0
0
0
0
0
0
0
0
0
0
0
0
0
0
0
0
0
0
0
0
0
0
0
0
0
0
0
0
0
0
0
0
0
0
0
0
0
0
0
0
0
0
0
0
0
0
0
0
0
0
0
0
0
0
0
0
0
0
0
0
0
0
0
0
0
0
0
0
0
0
0
0
0
0
0
0
0
0
0
0
0
0
0
0
0
0
0
0
0
0
0
0
0
0
0
0
0
0
0
0
0
0
0
0
0
0
0
0
0
0
0
0
0
0
0
0
0
0
0
0
0
0
0
0
0
0
0
0
0
0
0
0
0
0
0
0
0
0
0
0
0
0
0
0
0
0
0
0
0
0
0
0
0
0
0
0
0
0
0
0
0
0
0
0
0
0
0
0
0
0
0
0
0
0
0
0
0
0
0
0
0
0
0
0
0
0
1.75524913812841e-13
0
7.73891814088983e-14
1.47632503017029e-13
7.10491069026692e-14
6.89603219279283e-14
1.68653298225812e-13
6.64924365095477e-14
1.07277308192397e-13
0
4.78252645315329e-13
0
2.15564005098945e-13
0
1.34319610560981e-13
6.57096194768137e-14
1.6193015637255e-14
6.43117439236496e-14
1.6585935158391e-13
0
0
2.79780019871523e-13
6.73600817390417e-14
1.96220886084815e-13
3.52023748642747e-13
1.41968860474628e-13
1.1747225180851e-13
1.61218722313219e-13
1.50805607330051e-13
7.13043667742781e-14
2.72343548717845e-13
0
2.54802123609432e-13
6.23441876418688e-14
6.14668577966945e-14
8.39244750947901e-14
1.56701706632099e-13
2.93340475477132e-13
0
2.65103908953055e-13
6.38637651321637e-14
6.20392840317359e-14
9.10920511217989e-14
2.99398244396126e-14
2.15553099773323e-13
3.04610100752771e-13
2.85289212806292e-13
6.75116685997685e-14
0
6.21847063110699e-14
1.20844052119692e-13
1.18309388769514e-13
5.83345025703963e-14
7.9655898306701e-14
4.44076757406029e-13
0
2.62761292137209e-13
1.88395817853577e-13
2.42200367738074e-13
2.35390373137974e-13
2.88115182477188e-14
2.69943958934048e-13
7.76060932559248e-14
1.43860229297366e-13
2.69822089854811e-13
6.39172204116222e-14
1.22257284795737e-13
3.53752474729561e-13
5.73148528205782e-14
5.61319583529889e-14
1.24573455781492e-13
1.3747387396158e-14
1.39805979155773e-13
2.62395096108152e-13
0
5.95028804763953e-14
5.74095227926401e-14
1.67468105354982e-13
2.18721548404815e-13
0
1.13850661236831e-13
0
1.27582651960622e-13
6.05106740705599e-14
2.89600751696321e-13
2.79506540892965e-13
5.43700665030926e-14
2.66336391580898e-14
1.57658239049603e-13
1.95755531995011e-14
1.32019187703205e-13
1.2406375440385e-13
5.88747789780793e-14
2.25517252412992e-13
1.08866033371114e-13
0
1.0378323051012e-13
0
5.7220470509061e-14
1.2828103326708e-13
1.20638322163765e-13
1.71846666947745e-13
1.64637780089597e-13
0
2.32106354683675e-13
3.53866856872718e-13
1.24716757399296e-14
1.42483028674509e-13
3.73928264655118e-13
2.34607778436275e-13
0
5.34189117275712e-14
5.16120048978125e-14
1.25597351201749e-13
7.38730400544043e-14
4.86064637482243e-14
6.03631989614488e-14
1.21101728959722e-13
0
5.42225705271493e-14
5.19972173750599e-14
1.5077176409689e-13
7.34012835383563e-14
2.63887431385488e-13
2.01280749789187e-13
4.11735294654412e-14
1.1765540161102e-13
1.10898482493979e-13
1.05506547221626e-13
2.02452615860522e-13
1.46815099056613e-13
2.85983980476178e-13
1.86976055251233e-13
1.15367360913862e-13
3.09508661488205e-13
2.28602573654573e-13
0
2.05291639842341e-13
1.97062902274201e-13
1.90617563324007e-13
0
1.13853117358219e-13
3.26002737048607e-13
2.62510936594811e-13
1.11036964664999e-13
5.24145418199735e-14
4.99304502405024e-14
9.59079252348413e-14
0
2.26118290663889e-14
3.32777752631399e-13
2.8480515681936e-13
2.34045522498131e-13
0
2.54787217367842e-13
0
1.40030763622486e-13
0
0
4.32305316342205e-14
6.40454503437478e-14
2.33388301749171e-13
0
2.97234624793087e-13
2.83531565244101e-13
2.27168412094877e-13
4.40028238197729e-14
8.58217995596983e-14
2.10604603690963e-14
4.16074564091396e-14
9.30477730027494e-14
1.01759508998359e-13
1.44475507105089e-13
9.19412120759264e-14
4.42233516552975e-14
2.14247509579905e-13
2.50801613410977e-13
4.10407360306637e-14
1.01367156924508e-14
7.05312364927637e-14
1.97662837690465e-13
1.87258575473491e-13
4.02480030302277e-13
0
1.66906846023223e-13
0
3.99892003953423e-14
4.93930288213197e-14
6.87408304047064e-14
0
9.10131214296988e-14
0
0
1.62534578679918e-13
2.37999045419898e-13
2.14310565368532e-13
2.98447808332849e-13
4.78557029312911e-15
4.6604526096338e-14
8.84666213766719e-14
4.23173783202611e-14
0
1.58278059510717e-13
3.86418418492653e-14
7.59381409026332e-14
7.50621091241552e-14
9.32877772881616e-15
9.05107128373758e-14
0
0
3.96940326549467e-14
0
5.64664945982338e-14
3.69990228682186e-14
8.23020731683633e-14
1.06841055091232e-13
4.39424919826015e-14
1.67150662263663e-13
2.00202340289832e-13
7.72712605205877e-14
1.50100095446977e-13
1.10019760528965e-13
1.80273583819992e-14
1.33693663215229e-13
5.31792299572314e-14
4.26649833053447e-14
4.06135084896081e-14
3.89470936496145e-14
7.52104884354659e-14
0
1.78639572495926e-14
0
9.55603572796849e-14
9.07164331949494e-14
8.28438122688877e-14
1.1841197792147e-13
1.89413583510945e-13
0
3.55873528453358e-14
1.74038162710508e-14
3.42406298679412e-14
1.35483128393166e-13
5.26378808803339e-14
2.01061803873605e-13
3.45224649956873e-13
1.84232855819612e-13
0
6.93136402298143e-14
1.69558727572521e-14
0
8.25392390222976e-15
1.58047320998802e-13
3.51319242894848e-13
2.60929285297602e-13
2.150274677356e-13
3.46748674622126e-14
0
1.81717848680942e-13
1.30086356540182e-13
4.42521013877874e-13
3.24165098965844e-13
3.78903855784295e-14
1.4488732856149e-13
1.39424044407483e-13
2.36245283078379e-13
1.80779565208094e-13
1.44857677867072e-13
1.10936542161969e-13
1.25492544604367e-13
1.07296625483956e-13
1.83881366614467e-13
1.05588583902824e-13
6.78003277435386e-14
6.5696570314598e-14
0
9.40922801386997e-14
2.78033829926202e-13
5.35228437004723e-14
9.12965934417907e-14
1.07076980438283e-13
2.05187761085348e-13
2.30787771244801e-13
3.19710961087937e-14
1.71460410339739e-13
1.52797545616502e-14
9.03314695157567e-14
2.3853453869152e-13
2.26246304756551e-13
1.03913278919688e-13
9.96792268298643e-14
6.41277891101572e-14
3.11171278083422e-14
1.5180460466487e-14
7.44406586702882e-14
1.17396474378859e-13
4.36043848964477e-14
1.1030082246681e-13
6.72236125329313e-14
1.93685041277156e-13
9.35464521797634e-14
6.0571531529023e-14
1.47843835025167e-14
1.45068964651556e-13
2.86079864977545e-14
1.41711313745493e-13
8.9921976091372e-14
1.6306860732418e-13
3.13605719020927e-14
3.03238154195224e-13
3.83193352781967e-13
1.29589147257765e-13
2.82715489820681e-14
2.50979045311277e-13
2.6943455169149e-13
3.52465302509997e-13
9.49283393157572e-14
2.74184460455492e-13
8.84648122951161e-14
8.60654501503316e-14
0
4.13234964857209e-14
1.90290254802733e-13
1.34726159234672e-13
5.53304242338723e-14
6.13965499151505e-14
1.18373193376657e-13
2.29399322253765e-13
5.58428273715446e-14
2.32185587843474e-13
2.68456191671069e-13
5.96267238206786e-14
2.62745241033952e-14
5.88655836671351e-14
2.08456636546891e-13
0
2.23065307537441e-13
4.07619760451896e-14
1.06417709412231e-13
5.23218150554847e-14
1.42094706661953e-13
0
2.2645305887383e-13
2.59972597031652e-13
1.95436398792211e-13
8.13373357534162e-14
2.64476570657258e-14
5.18234908010575e-14
8.92302956842016e-14
1.88908117295367e-14
2.18630247203284e-13
3.04859330025049e-13
8.40497915866117e-14
0
3.42708675850474e-13
3.21748870837296e-13
1.00949628940545e-13
1.98764221708159e-13
9.82293754012107e-14
4.87357721946812e-14
7.88903200150513e-14
2.71711444034424e-14
2.63342984070868e-14
1.28159525200873e-13
3.75763488356124e-14
9.83237105559854e-14
4.84278267346574e-14
1.79577995292826e-14
1.39625132628639e-13
3.46287883164081e-13
2.10790945324131e-13
2.04587985712699e-13
1.49526102283255e-13
1.95041039531678e-13
9.57673369820261e-14
0
3.4436049909051e-13
3.70882615809222e-13
1.84781008869165e-13
7.66475016821228e-14
2.73164710029712e-13
3.63435449823466e-13
8.30449170289156e-14
3.14815507193199e-13
3.68009022932207e-13
2.44725255550712e-13
8.19613075500413e-14
1.38014592458099e-13
2.47714562100255e-14
1.68789144251153e-13
5.88886139490467e-14
2.30913969618927e-13
5.6784947065956e-14
6.72538684660032e-14
2.71941566873667e-13
1.213032034385e-13
1.11291492262535e-13
1.68106156247321e-13
2.34117155018772e-14
1.14498893811673e-14
1.23598782576572e-13
6.63729999302582e-14
6.00897838928891e-14
9.20064759003596e-14
8.87497928987779e-14
7.2389571367666e-14
9.31189568786917e-14
2.15931106036755e-13
7.7915450732305e-14
6.56100020837777e-14
3.23254595692418e-14
1.59740843483201e-13
4.2225114726923e-14
7.08397266016991e-14
4.05487420916028e-14
5.64115950888696e-14
3.3098797523513e-14
1.4066209104171e-13
1.91551029544401e-13
1.88923365029055e-13
4.67131613270531e-14
2.16203935089653e-13
1.25428318639616e-13
5.04168002939981e-14
2.07758687637835e-13
8.56802385530339e-14
1.05178121773054e-14
1.65699399597218e-13
1.22684802554987e-13
1.46727833029248e-13
0
2.49754589701631e-15
7.66029977943168e-14
1.37756576589981e-13
9.3562677716024e-14
1.53352723138136e-13
2.01565214657368e-14
1.99178612118467e-14
1.57833226398818e-13
1.17533435711483e-13
3.41180259207509e-14
1.10620456203727e-13
2.87505274348174e-13
2.01803491846805e-13
7.94964555497287e-14
8.8269017661345e-14
2.42528578719363e-14
9.61676672586056e-15
2.38849349820902e-14
1.18904303957072e-14
1.00848238547074e-14
1.09434404482626e-13
1.07720499772035e-13
5.79493920544076e-14
8.11260523271327e-14
1.2285241399276e-13
1.45321070949532e-13
3.26197717779382e-14
7.89057167145822e-14
5.32715744576841e-14
9.63803336680257e-14
0
1.40802587711368e-13
1.20741265305464e-13
4.60293883358808e-15
9.14076195971488e-15
1.27290344158671e-13
2.15172309926606e-13
1.49787624891114e-13
1.68051034945929e-13
1.84438827949313e-13
1.27717560643809e-13
9.4900350891688e-14
2.24201082321682e-14
7.57539119653476e-14
1.64104407911222e-13
1.7353932827587e-13
1.00428959697143e-13
1.17555927244359e-13
1.29747413243415e-13
1.37416378628859e-13
3.29815456887929e-13
9.17333701797035e-14
1.12967109229222e-13
4.32739955643818e-14
7.22889375524287e-14
2.59135245124906e-13
2.05803599423937e-13
2.60451024374229e-14
2.15383090273263e-14
1.79727771835481e-13
8.08555976154219e-14
3.24102201776807e-13
5.27805282384282e-14
3.89701368143202e-14
6.049376321873e-14
8.90448808862935e-14
1.26338365067017e-14
8.37175490967495e-15
1.04101472719639e-13
1.38885864452866e-13
2.933193527288e-13
1.15368600265049e-13
1.69661316853137e-13
1.06843035102044e-13
1.84750897206271e-13
8.17047940730953e-15
1.87097895791865e-13
4.45712881399106e-14
1.95893613612563e-13
3.22295864515971e-14
6.03138159448054e-15
2.91140253998014e-14
3.38356886201508e-13
1.70913314963546e-13
9.70847091998866e-14
1.97599033045687e-15
1.12369261622029e-13
1.90850970908229e-13
1.44386187806038e-13
4.41473941892974e-14
1.97035095054263e-13
5.54859303283969e-14
2.69331466263132e-14
1.78717816916605e-13
2.32301823636653e-13
3.64469194275154e-14
3.80510193256915e-13
4.08078120491246e-13
1.06285640989583e-13
2.04853666122916e-13
3.00298249628227e-14
1.30342522102434e-13
2.12462417985134e-13
1.73464589988636e-13
1.32990582900159e-13
6.35005014977231e-14
1.68639312319042e-13
6.77613067448852e-15
1.77859696677741e-13
5.0080491829181e-14
0
2.31334864573645e-13
2.31940288630988e-13
2.32471049322361e-13
0
2.33288157464472e-13
0
2.33753220830118e-13
0
246.301468842025
0
4.24395788788603e-13
0
0
0
0
2.23373776268104e-13
1.66318874262745e-13
0
737.029903628456
8.11547783879491e-13
4.24395788788617e-13
0
2.55396617206391e-13
0
0
0
1.66318874262749e-13
1.3794561958687e-13
1222.14909581751
8.11547783879492e-13
0
0
2.55396617206402e-13
0
2.97069964208054e-13
0
1.66318874262753e-13
1.53272910652081e-13
1697.96699543349
2.70515927959836e-13
4.24395788788639e-13
3.30527361785454e-13
0
1.95661017448734e-13
0
2.23373776268125e-13
0
6.13091642608338e-14
2160.86234095361
2.70515927959844e-13
4.24395788788644e-13
3.30527361785464e-13
0
1.95661017448743e-13
0
2.23373776268128e-13
1.6631887426276e-13
2.4523665704334e-13
2607.31221929503
2.7051592795985e-13
0
3.30527361785469e-13
2.55396617206414e-13
0
5.94139928416153e-13
4.46747552536264e-13
1.66318874262766e-13
2.45236657043349e-13
3033.91887730938
5.41031855919705e-13
2.12197894394334e-13
6.61054723570963e-13
2.55396617206424e-13
1.95661017448747e-13
1.48534982104041e-13
0
1.66318874262768e-13
0
3437.43558073713
0
2.12197894394336e-13
3.30527361785483e-13
5.10793234412863e-13
0
1.48534982104047e-13
0
1.66318874262773e-13
2.45236657043357e-13
3814.79132381494
0
0
4.95791042678229e-13
2.55396617206442e-13
1.95661017448757e-13
2.97069964208095e-13
2.23373776268145e-13
3.32637748525556e-13
0
4163.11420148536
1.08206371183948e-12
0
0
0
1.95661017448757e-13
1.48534982104047e-13
1.11686888134072e-13
0
0
4479.75326632449
5.41031855919732e-13
2.1219789439434e-13
3.30527361785482e-13
1.27698308603214e-13
3.91322034897505e-13
1.48534982104046e-13
0
1.66318874262774e-13
1.22618328521677e-13
4762.29870385791
4.05773891939792e-13
0
3.30527361785482e-13
0
2.93491526173127e-13
0
2.23373776268137e-13
1.66318874262768e-13
1.22618328521675e-13
5008.60017270028
4.05773891939785e-13
3.18296841591484e-13
3.30527361785464e-13
2.55396617206418e-13
4.89152543621865e-13
0
2.2337377626813e-13
0
0
5216.78316995297
4.05773891939767e-13
1.06098947197161e-13
1.6526368089273e-13
6.38491543016037e-13
3.91322034897484e-13
2.97069964208065e-13
1.11686888134063e-13
2.49478311394141e-13
1.22618328521669e-13
5385.26329730259
3.38144909949795e-13
5.30494735985798e-13
0
2.55396617206407e-13
3.91322034897472e-13
1.48534982104031e-13
0
1.66318874262757e-13
0
5512.758319249
4.73402873929703e-13
2.12197894394315e-13
2.06579601115899e-13
0
2.44576271810912e-13
3.71337455260064e-14
5.58434440670287e-14
8.31594371313767e-14
0
5598.29792169122
7.43918801889531e-13
1.06098947197155e-13
6.40396763459274e-13
3.19245771507992e-13
2.93491526173092e-13
5.38439310127092e-13
6.42199606770811e-13
0
1.22618328521661e-13
5641.23109660464
0
0
0
5.10793234412775e-13
3.9132203489744e-13
2.97069964208045e-13
2.23373776268105e-13
0
0
8.05388432617272e-14
2.85292269759003e-14
3.61969497099595e-14
3.55077515123021e-14
4.08301583774405e-14
6.26934607393625e-14
1.85365081872931e-14
6.98095245640924e-14
6.83506838283862e-14
9.26969624528186e-14
3.54615237609585e-14
2.53830149138965e-14
8.1754367415345e-15
1.05421717217254e-13
1.71750635389238e-13
2.02863935778647e-15
4.63020805821559e-15
8.06532435397506e-14
1.04470882840617e-13
4.7042766688709e-14
9.61830616741281e-14
1.12741007353838e-13
8.73258429454901e-14
3.89255627602339e-14
6.33136232028962e-14
2.42378042947238e-14
2.83092242099908e-14
1.20523133055561e-13
8.05766186883957e-14
8.3314892601468e-14
7.73281425197057e-14
1.42761826422628e-14
3.34468352368234e-15
8.41155130400115e-14
9.49487719077556e-14
8.18131019506714e-15
1.4993137729126e-14
2.54168718768634e-14
8.48806955265135e-14
7.02741413343459e-14
1.29390783696187e-14
3.5065377675316e-14
1.30414210785088e-14
1.45312856640621e-14
5.43287376830449e-14
3.1788161447109e-14
3.74187035771572e-14
1.33573784960304e-14
5.87734059369683e-14
3.72316917555628e-14
3.19525824104969e-14
5.58952878205807e-14
7.36830184228062e-15
4.17035145930561e-14
4.52953733112016e-16
5.69750211033319e-14
7.80300728866887e-14
7.13973467905656e-14
5.86356701341943e-15
3.35071615275403e-14
6.68043868923629e-14
4.76405328051009e-14
4.92975706104248e-14
1.97722637867578e-14
1.02790579639162e-14
5.16067695545825e-14
3.93645561126185e-14
4.74288248028411e-14
6.2999894331583e-14
2.32563076482955e-14
2.4758980039219e-14
6.70358735173468e-15
1.28693135847522e-14
2.34060157570405e-14
5.05335149128955e-15
3.43208181960989e-14
5.45149617767161e-14
2.39072242160105e-14
4.78066383337889e-15
3.65383160162149e-14
2.21903680122952e-15
3.95979079755433e-14
9.86496659794821e-15
5.97866713614853e-15
1.42892207080446e-14
1.32035144855593e-14
8.16146837622835e-15
1.53286964409625e-14
5.6679316286129e-15
9.9663711523953e-15
2.4245373338208e-14
8.14949693977543e-16
1.50879396779387e-14
2.7374745769243e-14
2.51666627995695e-14
4.60298137508721e-14
7.23710459532318e-14
1.79615234170622e-14
1.63954156994996e-14
3.20831537090032e-14
1.0356547967721e-15
7.61762285723891e-15
2.56237481643781e-14
2.48002321735567e-14
1.57957451772027e-14
8.97109125465314e-15
7.30784874363517e-15
4.89799794552233e-15
1.3630803754832e-14
3.10673418207697e-14
1.99990918593728e-14
2.89536429282224e-14
1.94250909282845e-15
1.11561218139962e-14
4.57984351518418e-14
8.39828468570748e-15
7.13885990505089e-15
1.69954985054683e-14
2.08574240529326e-15
1.36612442891235e-14
2.19189222069139e-14
2.35926325984748e-14
2.68309868324814e-14
5.01370657527843e-15
5.05202523009471e-15
9.73355609072355e-15
4.57681175430624e-15
2.46919531055784e-15
2.11524328574313e-16
5.62620572386345e-15
9.9557462991547e-15
192.061774576948
2.20610618378679e-13
1.0303172251219e-13
6.64679082045077e-14
1.18821909479183e-14
7.8304629618339e-14
1.88572702873763e-14
1.43763776776025e-13
2.04316801703081e-13
7.85661581611313e-14
8.02595102110361e-14
8.59412348567377e-15
2.34591273549308e-14
9.97925077236757e-15
5.08446980281569e-14
7.81815693625453e-14
9.41445981544911e-14
7.22285757179736e-14
5.88285439230821e-14
1.03951926221325e-13
1.84756296381296e-13
7.28509624898448e-14
1.427490639789e-14
9.62667043603902e-14
1.8836763967219e-14
1.14749599997562e-13
1.08487481554108e-14
6.11723044305726e-14
1.56569933833776e-14
6.04227518355524e-14
7.17391152142705e-14
1.8585811894491e-14
8.69116400622402e-15
5.9106004759125e-15
6.39956202351154e-15
5.49998345831386e-14
1.59582086530551e-14
5.08818933767689e-14
8.57999522126032e-15
1.41163179920007e-14
5.46944762799654e-14
8.02989331814476e-14
4.0226938358125e-14
3.82010981566659e-14
2.92740778934484e-14
1.27341532024035e-14
7.73532794049144e-15
6.44244943382931e-14
3.42300418109933e-14
2.78981099419419e-15
9.74516976902697e-14
1.35905335728133e-15
4.15851721459794e-14
1.00041398793206e-14
3.3544055247201e-14
2.33625417089705e-14
5.51724296934483e-14
6.1437179855874e-15
1.62621412364454e-14
7.34518260531735e-15
5.62512170750103e-14
3.0342988325908e-14
1.34697929381087e-14
3.97531049009267e-14
2.90434096093929e-14
6.37395295010119e-14
4.30540678693051e-14
1.33472154814138e-14
2.65865449122051e-15
1.06145067414768e-14
3.07196599082593e-14
8.9439251331232e-15
3.70251551554185e-14
5.79184076329306e-14
7.4347860070709e-14
5.6073139513065e-14
1.39150609394186e-14
3.43287768776443e-15
4.57320229786883e-14
3.96957153620161e-15
3.62844942539835e-14
4.00763314644038e-14
9.23395585904758e-15
1.32711281532019e-14
5.70707744508339e-14
8.67832771190681e-15
3.76769752741084e-14
5.18205318297347e-14
3.14933043982054e-14
4.38683807480203e-14
7.93521255022762e-15
5.94308985183564e-14
5.6354054086128e-14
1.47227068519497e-14
9.56972859156379e-15
1.1295967700719e-14
1.97936906709363e-14
2.70762811657803e-14
4.33869513892456e-14
4.42402261508525e-14
1.74891086154677e-14
3.41954515509373e-15
2.26935334822912e-14
2.32942961243968e-14
1.22355880169244e-14
7.35964245554994e-16
3.15076272802425e-14
1.3319920751465e-14
9.04179807630083e-15
5.57422258989531e-15
1.07216515498487e-14
1.00330920616741e-14
3.03569463762861e-14
3.64052107856305e-14
2.97923814559109e-14
5.85117130321772e-14
2.17674495971751e-14
8.11309234325105e-15
2.70821083089286e-15
1.46900943858847e-14
2.96936068864233e-14
1.05091091514351e-14
8.26782668329073e-15
2.64125540750598e-14
2.97838077474206e-14
8.04065017388073e-15
2.53287017097471e-14
6.51560756865184e-15
2.82695082646722e-14
6.75766989460634e-15
2.66533362964656e-14
1.71440952714827e-14
192.285421224357
2.97522180433306e-14
2.09285495542883e-13
6.39711614468769e-14
2.31864224881133e-14
7.46125445601e-15
1.3288761687889e-13
6.34850050721896e-14
1.52898224807011e-13
4.42956735864697e-14
2.32016154842819e-14
1.02630983427647e-14
2.02707725502642e-14
4.63218075078595e-14
7.03417488565697e-14
1.01928613741899e-13
8.16033361654814e-14
4.02933493781027e-14
5.8812331182504e-14
5.11702170066438e-14
2.31766096179347e-13
1.41494551756801e-13
6.21713551938872e-14
1.23612656553162e-13
5.79933731434257e-14
1.66201479617344e-14
7.03962945279963e-14
8.08428630378722e-14
8.02185366224028e-14
5.82695133292698e-14
6.95758835856234e-14
9.15460123962845e-14
4.43753540375892e-14
5.05199658893064e-14
2.39604203913576e-14
1.11063015595616e-13
2.73744889935102e-14
7.9545249685063e-14
2.38026082235011e-14
3.08913500479535e-14
1.55835990806047e-14
3.76518977489407e-15
9.6990156650735e-16
1.96334730861695e-14
2.01751054075529e-14
2.72367890137371e-14
7.22313783496685e-14
1.09261932434192e-13
2.54736845912434e-14
2.01227033962334e-14
1.92851936920278e-14
1.01271654430528e-13
1.00139375052501e-13
2.55986885183517e-14
4.27751769764166e-14
7.84386064035112e-14
3.34442516775362e-14
6.76493549607764e-14
3.66981737408111e-14
9.25427486323921e-15
1.57009567362924e-14
1.63921554395488e-14
7.90432468614601e-15
3.81549231817332e-14
1.71238454099806e-15
5.70015128445574e-14
7.60735848054314e-14
1.88364769330321e-14
3.13839496050928e-14
2.27232674992046e-14
1.85826988091856e-14
3.06529598266445e-14
2.5183213664962e-14
9.3783559710206e-15
1.48578779697664e-14
7.01565988795297e-15
9.23531209674596e-15
2.34163418788171e-14
2.98698150226682e-14
1.33309167917709e-14
4.42693112716465e-14
2.12620203204841e-14
4.85902358819518e-15
3.12767803526214e-14
5.00104750835703e-14
3.29146686556479e-14
2.65861955563186e-14
1.58572153065297e-14
3.81464871572575e-14
3.01978239868994e-15
1.75360490625615e-15
6.40524065805101e-15
1.93112801801409e-14
3.10417517861685e-14
2.46480599073298e-14
2.31808618548747e-14
2.59666944918724e-15
3.20412642760711e-14
2.54615708714668e-14
1.54550656280052e-14
1.26363744360702e-14
1.41468957919343e-14
1.06611164322835e-14
1.6897087100663e-14
3.30654599485607e-14
1.73301753969215e-15
3.22167807060129e-14
6.1911985984774e-15
2.19444060520258e-14
1.16527020568307e-14
1.78615386732133e-14
2.67121201884053e-15
9.49162243548018e-15
3.29195732618597e-14
2.02914257449468e-14
3.67596455536191e-15
1.12597737945894e-14
7.90272599812712e-15
5.24048053091285e-15
3.10330124825379e-14
3.60890301894982e-14
2.62447731653134e-14
5.66604209840748e-14
1.66617714839223e-14
4.95565699654421e-15
6.66922939160175e-15
1.27248827029586e-14
1.58057661438164e-14
1.21795124101588e-14
2.27738557859022e-14
9.9886586861157e-15
0
192.48551396565
8.88417722963897e-14
1.90766782652588e-14
1.06022260060552e-13
8.58625058800644e-14
7.3044296934123e-14
2.63899682720828e-14
1.2411428729166e-13
1.12907838079764e-13
1.48853267120495e-13
5.39255726911574e-14
9.74234733420419e-14
4.29431452905748e-14
1.08150814795651e-13
2.08164708647986e-13
4.46321561738788e-14
3.27424771445364e-14
3.46659493771966e-14
2.06696576352952e-14
4.24818903131761e-14
3.25907835677925e-15
8.73177294423153e-14
1.03932638550886e-13
7.79252134968455e-14
2.46222712554556e-14
6.54918193837689e-14
3.34788423923558e-14
4.37168533822427e-14
5.81271610658616e-14
2.67929824776809e-14
8.82134105224998e-15
5.81461186936685e-14
7.42929189968002e-14
6.21046025165344e-14
4.79768930139874e-14
7.49740137685948e-14
4.99816725529699e-14
5.67976294268978e-14
3.42470239348424e-14
1.13559647201085e-13
3.00696028276288e-14
1.14714761807197e-13
6.31714727162886e-14
9.65821495190619e-15
5.84484396418982e-14
1.1815213600425e-14
7.38606157644162e-15
1.75086297229864e-14
1.02607345427253e-13
3.34497915034229e-14
4.72379962497111e-14
3.06881450271007e-14
1.52239394774486e-14
1.36820343139738e-14
9.37933550230126e-14
4.53286138782813e-14
3.04129125902389e-14
4.66695850481715e-14
2.69950416767311e-14
6.52736294524313e-14
3.00612832859943e-14
2.60105320087421e-14
2.37514507023998e-14
1.17295217575908e-14
5.67433647936791e-15
5.60446492195865e-15
2.37562919261923e-14
4.44215791736912e-14
4.72493743126012e-15
3.22226741026903e-14
3.53374884763952e-14
3.31678157619751e-14
4.49634655893238e-14
7.9513846826261e-14
7.37298671524527e-14
5.59050762787714e-14
1.10024219079486e-14
2.73681468222578e-14
3.29933092029521e-14
1.53116872237463e-14
2.13270669281235e-15
2.47023057224913e-14
5.10646322501975e-15
2.11077950765038e-14
5.09191094779844e-14
2.36876329103279e-14
5.20094238326076e-14
1.95515889632099e-14
6.16170553524038e-14
3.90103690967443e-14
3.76723922353177e-15
3.38246055967342e-15
7.01541721953377e-15
6.64829008015216e-14
4.04069916712059e-14
2.63905123408758e-14
1.28732241869504e-14
1.50685367291011e-14
7.44111136280242e-15
1.20953809605876e-14
1.66333682946419e-15
2.16545784517072e-14
2.50740224502719e-14
1.00511712257314e-14
1.81271588830911e-14
2.98379663425469e-14
8.13893818372496e-15
5.04463865417015e-14
2.62795492911627e-14
9.46241078763703e-15
2.2294942772826e-14
1.83269363406636e-14
2.59126819018507e-14
5.27261893385287e-15
3.58157368100019e-14
1.81875432217775e-14
9.29068088082385e-15
1.00318112538386e-14
3.38299780801771e-15
1.19322081932296e-15
1.24911598076725e-14
1.39653926073822e-14
2.52853228144306e-15
2.83764883802305e-14
6.72576361675088e-16
2.05908310934695e-14
4.3731096556395e-15
2.87197268345147e-14
4.30771695535979e-14
1.13724882460437e-14
1.01911353545762e-14
2.05395079213253e-14
192.660344168723
5.56863352138881e-14
3.69181962147344e-14
5.97773348091558e-14
7.77816549671024e-14
9.781519662605e-15
6.60100986533417e-14
5.52036858165805e-15
8.63456340947063e-15
8.46249709487675e-14
7.36200504225201e-14
4.27163303907648e-14
3.74375299623806e-14
1.00475729128444e-14
3.59016927407117e-14
1.49167846335874e-13
2.06097552535142e-16
4.82531118961058e-14
7.14019340620016e-14
7.11327817942597e-14
2.74802357378542e-15
1.35736493180758e-15
2.49028254526355e-14
3.34954451316539e-14
4.29979818952116e-15
1.79143172434877e-14
8.392574324213e-14
8.11071741542104e-15
2.95573026540654e-14
5.4177373846458e-14
5.61281662346336e-14
3.43336525740816e-15
5.08772394363688e-16
2.26177251300989e-14
5.06465718652793e-14
8.50248861500704e-15
4.13520828110543e-14
2.48941532332298e-14
3.76778952150705e-14
4.00256573958103e-14
4.53883751818825e-14
9.11993621811985e-15
4.05436565610619e-15
4.55424932651159e-14
3.64920059934496e-14
4.95159543995582e-14
9.44026846600402e-14
5.79357108481686e-14
4.39739858217168e-14
5.6406884317868e-14
9.95979606347737e-14
5.22263661040326e-14
1.48936752033129e-14
6.56871472586934e-16
2.46599003081206e-15
2.20543503259574e-14
6.16912666465293e-14
2.30272598031471e-14
6.39212870322182e-14
2.24752302087652e-14
6.51646823505909e-14
3.61238639314549e-14
2.21433500312172e-14
1.58255627469225e-14
2.06932363933108e-14
3.58905034225595e-14
4.64547649341911e-14
1.81807647923185e-14
2.3438044584351e-14
1.75292308053042e-14
1.66768351947464e-14
1.09841014499708e-14
3.75644323484857e-14
6.63902522849852e-14
4.99067920286354e-14
4.02503538494197e-15
1.11346071135203e-14
8.44702013273379e-15
1.31975477707592e-14
9.77923378934902e-15
3.22058656508305e-14
1.59095346906798e-14
1.71978875644554e-14
1.4433577038569e-14
3.24919107239303e-14
5.95670683958083e-14
1.33915711032987e-14
1.61904995054005e-14
1.54803353336976e-15
2.05629297314255e-14
8.89894420124758e-15
3.15195820499796e-15
1.34402143408499e-14
3.35219640022886e-14
4.3040712104104e-14
5.80179791588241e-14
2.15549147335816e-14
1.94450828706307e-14
1.50955116108278e-14
2.89260168674629e-14
2.63473433296183e-14
9.70700088672189e-15
1.96179625554685e-14
2.31167329461966e-14
1.06400521624794e-14
1.10737058830074e-14
1.5235035928609e-14
2.47694179410267e-14
1.85244689293495e-14
7.88255024043698e-15
1.25409218678526e-14
1.20001426855399e-14
2.60342039918075e-14
3.10726832817659e-14
1.5351344887077e-14
1.1438623912462e-14
5.52840097594714e-15
4.97706920049986e-15
8.75623160436776e-15
1.58820118402085e-14
8.90066486243419e-15
1.60854650794249e-14
2.05827378249205e-15
2.48580471247476e-15
2.90290792892373e-15
7.5021602552609e-15
1.74428266971196e-15
0
7.02563662921668e-15
2.9452708435805e-14
3.43011481656524e-14
4.10850953350225e-16
192.808410612271
9.681802660185e-14
9.29259237049624e-14
7.90430435126623e-14
3.40131775112059e-14
3.85186199179584e-14
7.36258490611029e-14
3.01223853613203e-15
2.82169080010783e-14
1.72383315842797e-13
2.96940384353959e-14
1.28934125002803e-13
1.33580208270351e-13
5.32256958691189e-14
3.5774984221118e-14
2.0660237458927e-14
1.52090097032437e-14
8.30404983628992e-14
7.80390313693208e-14
1.04700894427013e-13
1.04874535033582e-13
2.61866552372423e-14
1.56352044391375e-14
2.19761911057761e-14
1.94414987592952e-14
4.91880035773166e-14
1.24156819847e-15
5.64278590074724e-14
2.52788310567425e-14
1.5738367282838e-13
1.31667420209924e-13
8.18290083733232e-14
3.33299186606568e-14
5.16791279191803e-14
2.04566274527299e-14
6.25458725026372e-14
1.06770942296916e-13
2.54803723762079e-14
4.6053563643412e-16
8.70633563848091e-14
2.99734349502201e-14
4.04253393236206e-14
8.93960362859843e-14
1.3300024622405e-14
5.68508304704083e-14
3.26029143759369e-14
1.40850411147381e-14
1.36416172986772e-14
5.47333818573715e-14
2.23322017862555e-14
3.49605384632882e-14
2.37739614682289e-14
6.87861800731012e-15
5.06554889669591e-14
5.74028539372292e-14
2.12858926497244e-15
2.42498189465519e-14
2.83629722680564e-14
3.87776942230129e-14
7.38894925824841e-14
3.36166085935095e-14
6.41048179500395e-15
1.00200097818718e-14
5.55381768308479e-14
7.18617150853141e-14
2.4003658501665e-14
4.38152833564096e-14
5.2195005231413e-14
4.78246714269572e-14
4.13254094693652e-15
7.31926277994079e-14
3.32150579155606e-14
3.241390110941e-14
5.45644937568502e-15
6.59032658339823e-14
5.90083059603465e-14
3.1886807463205e-14
1.67674203611673e-14
2.35217754392459e-14
3.57614683313375e-15
2.45525589007937e-14
7.27916607929998e-14
9.08285988995777e-15
4.05723168409833e-14
5.32247962271595e-15
3.45408501133115e-14
3.13633257967731e-14
2.14058765999571e-14
2.80939839655246e-14
4.24838631602185e-14
3.58705390744401e-14
8.49517400025364e-15
1.37240264132029e-14
7.49992845191879e-15
1.23013706987463e-14
4.75402457240928e-14
3.08104000498525e-15
2.4361061274158e-14
5.1164317043303e-14
3.76291175999342e-14
1.20541297926391e-14
5.08524459131349e-15
1.37860600007128e-14
1.50453851169341e-14
5.72386718825204e-14
3.38341000222286e-14
3.11121196521433e-14
1.21923877124687e-15
5.22224201168561e-15
1.57503116036985e-14
2.0932239399624e-15
1.53886302294845e-14
2.76100929664887e-14
3.15877808765964e-15
9.36718915266572e-15
1.19754726240429e-14
1.46446539224199e-14
1.0616016173898e-14
2.06305204884766e-14
3.2417996100546e-14
4.46319541061091e-14
3.45594135235053e-15
1.17296404697383e-14
2.6568454508705e-14
2.48182110970543e-14
1.4302924862974e-15
1.41398690214928e-15
2.20435291262266e-14
6.59096417048954e-15
1.00893531819641e-14
1.36114101328144e-14
1.32515365405922e-14
192.92843581551
5.51156134279743e-15
6.6389398654049e-14
3.20531538071469e-15
5.84754021153512e-14
2.23503299397208e-16
4.08534073719471e-14
2.13824081601091e-14
6.57515122575238e-14
7.26335136374435e-14
3.4725204037168e-15
1.03554703558463e-13
5.85553293635189e-14
7.01378059105052e-14
6.28819092408439e-14
5.26184757127231e-14
1.34137869822561e-14
6.75266040789387e-14
2.06473091120341e-14
4.22191073228591e-14
8.23120725265755e-14
2.19465860398113e-14
4.93839723209667e-14
4.50147802936727e-14
3.49605113697232e-14
5.2739777511586e-14
8.77226973671448e-15
1.92240084462706e-14
2.62036340627581e-14
6.36833010904158e-14
4.87683469395825e-14
6.20979325406561e-14
1.29108486823904e-13
4.1140874869078e-14
3.97846171385058e-14
2.30885505576295e-14
1.37968609370417e-14
5.86465257351564e-15
4.36521765657914e-15
2.95998418928511e-14
2.49870932188183e-14
3.05013266824607e-14
1.24868660679526e-14
1.73033810688839e-14
8.12902163040696e-15
1.0318294870926e-14
2.67572860796326e-14
4.8487566720592e-14
8.33347122056523e-14
7.5946529240106e-15
3.14564795966766e-14
2.32822894935161e-14
2.99553357766579e-14
2.69575509078512e-14
2.7262998466421e-14
5.96673338781282e-14
8.36471795890441e-14
5.56306890089189e-14
2.25611006010244e-14
7.15834183984095e-15
2.2846909589581e-14
3.36969010085587e-14
7.88380837275915e-14
1.73518401180413e-14
3.72849554231341e-14
8.46325611090175e-14
5.54382649583139e-14
1.4311850496976e-14
4.85568581629247e-14
3.16111427566904e-14
2.01066680576357e-14
3.47512919754583e-14
1.75258906210009e-14
2.78744552234954e-15
3.70945831723543e-14
1.18645996482159e-14
2.75868832012177e-14
8.00901691865897e-14
4.90181027896998e-14
5.4761567933704e-15
4.94486059037382e-14
5.94859163068965e-14
7.17049252357517e-15
1.83392569020085e-14
1.2610433746068e-14
1.15127513318841e-14
9.32648059756168e-15
6.5125300524347e-14
4.43104920834849e-14
3.00820754504709e-14
3.02265041802523e-15
2.41457836359666e-14
2.96163909532231e-14
2.55679313485253e-14
4.44653894816284e-15
6.16933371436873e-15
5.94632082826294e-15
2.60005645807515e-14
3.717737567994e-14
9.64869542144399e-15
2.62134148476092e-14
2.52671792362269e-14
7.89961601446656e-15
1.30868217252948e-14
2.23290097725683e-14
1.89123429430839e-14
7.13929355838413e-15
1.92260663794028e-14
8.90620941293697e-15
2.91769630346317e-14
1.94918368359075e-15
5.34483988906996e-14
1.6387642546035e-14
1.06766921771118e-14
3.58932153219273e-14
3.92976888037443e-15
2.23430897616904e-14
8.16485822681954e-15
5.58030529205115e-15
2.68857449888279e-14
6.96579274458931e-15
1.76798684499501e-14
1.85050950237663e-14
2.77301721117065e-14
8.99288650465842e-15
6.14847319160509e-15
7.92636486667721e-15
2.3087052066881e-14
3.48329029739867e-14
6.82687689252013e-15
3.33437027056818e-14
2.05468931623085e-16
193.019380137113
2.66909062050144e-13
1.72524857480595e-13
1.83831042698979e-14
4.85298206789537e-14
2.86275866080443e-14
3.81322011259855e-14
2.17305983135249e-13
2.503532592676e-13
7.11050359122753e-14
3.70737217594349e-14
4.74429754568494e-14
7.33047322176338e-14
5.06230412890858e-14
1.57181303616437e-14
3.92678985132969e-14
3.59057674347924e-14
1.11826733159727e-13
1.98851386970316e-13
3.10568414236628e-14
1.38120879394267e-13
3.65985321581622e-14
1.23319355465158e-13
5.20726902147773e-14
1.10807836719132e-13
7.09598983548407e-14
3.35822366863285e-14
3.64018419038799e-14
4.05305192066426e-14
5.74111539248183e-14
1.1456836679896e-13
2.19568885582693e-14
4.24380882410385e-14
4.77312585907753e-14
5.94763958562206e-14
3.72204207270254e-14
1.72307653664922e-14
8.15680461851981e-15
4.0861038334063e-15
2.07040193611568e-14
1.57806961939209e-14
1.62046331584729e-14
3.48982320727142e-14
2.83609801129842e-14
3.21803537542214e-15
5.24232971740088e-14
4.33258621928775e-14
6.62978502018212e-14
6.00088537772052e-14
2.25742262361925e-14
3.72049529707915e-14
2.67011536816354e-14
9.89432492363749e-14
9.82231650057713e-14
4.03562411786062e-14
7.74603195370555e-14
9.83704381795161e-14
1.21752807105232e-14
3.75092467528836e-14
2.59334670060965e-14
5.61950367997994e-15
1.513231140172e-14
1.79814416310421e-14
1.3952398456555e-14
4.45456215362709e-14
2.84513010584586e-14
1.02649517596708e-14
1.14672238681035e-14
2.93549517600562e-14
2.11679638427324e-14
9.50230142634791e-14
5.27640938851309e-14
5.95848989069052e-14
3.46981518152312e-14
6.08993998528375e-15
2.54760431634433e-14
7.33118826296595e-14
2.79525570687439e-14
2.74455988759618e-14
8.42434191561673e-14
3.02291717854365e-14
2.40412366879344e-14
1.33712598297819e-14
2.38019414299401e-14
1.28938116861854e-14
5.23601715284116e-15
2.12993301533651e-14
3.35565976730472e-15
3.88974607693129e-14
3.4847582784972e-15
2.24139858062342e-14
2.43636721704623e-14
9.38939844401573e-15
1.96237735602879e-14
8.59722593494629e-15
1.36690841105266e-14
1.3325546794087e-14
1.43730915742135e-14
1.39891992511259e-14
8.45280202749982e-15
1.19397703179097e-15
1.63850043210027e-14
2.37360511544574e-14
3.20749547757163e-14
1.90228752907169e-15
1.68267949030687e-14
1.42041279954041e-15
3.41114905769003e-15
2.26202920381615e-14
1.75289099484402e-14
2.59369575377211e-14
2.1747770520339e-15
4.9023624201549e-14
1.77037331435187e-14
1.34251695912008e-14
5.62906837967272e-15
1.26470943952234e-14
2.11860867083124e-14
2.21375438799612e-14
1.85581591167977e-14
2.09029794458732e-14
1.2370514898198e-14
6.28778708756451e-15
3.55232617926922e-14
4.7995246472661e-14
1.13479021602805e-14
2.11486679333576e-15
7.77800080686975e-15
2.7592650521053e-15
2.96576868011845e-14
2.08228771459729e-14
1.38186336801426e-14
193.080453386458
0
0
1.14634368134971e-13
1.13269664776173e-13
0
1.10590111774782e-13
0
0
0
0
1.041727206794e-13
1.02935943689962e-13
0
0
0
0
9.69752965777624e-14
9.58265553487949e-14
9.46918672839496e-14
9.35710611405708e-14
9.2463967772194e-14
9.13704201029385e-14
0
8.92233037609041e-14
0
8.71284159709994e-14
8.6100161386117e-14
8.50844921394444e-14
8.40812549612632e-14
8.30902984593792e-14
0
0
0
0
7.83145559428854e-14
0
7.6485128804827e-14
7.55871854949004e-14
0
0
7.29588156634983e-14
0
0
7.04258769007256e-14
6.96021727067939e-14
0
0
0
6.64070955028636e-14
6.56326585803718e-14
6.48677187640348e-14
6.41121606616565e-14
0
6.26287351027987e-14
0
0
6.04711554372806e-14
5.97695426014827e-14
0
0
0
5.70481797766902e-14
0
5.57371194721348e-14
0
0
0
0
0
0
0
5.08054547266493e-14
0
0
0
0
0
4.7414346329335e-14
0
0
0
0
4.47748722575616e-14
4.42663479441757e-14
0
0
0
0
4.181636577693e-14
4.13443808207305e-14
4.08782318240649e-14
4.04178486347389e-14
0
0
3.90706054725861e-14
0
3.82000252440986e-14
0
3.73508976026218e-14
0
0
3.61163162588635e-14
3.57149703681622e-14
3.53186139713548e-14
3.49271875456872e-14
0
0
0
3.34096172792567e-14
0
0
3.23203978649109e-14
3.1966356991952e-14
3.16167432712129e-14
3.12715043393342e-14
3.09305885056411e-14
3.05939447447333e-14
3.02615226891997e-14
0
0
0
2.89730668037775e-14
2.86610202980009e-14
0
0
0
2.74517069799139e-14
2.7158871547646e-14
2.68697452369714e-14
2.65842850494638e-14
2.63024485602672e-14
193.111123730961
0
0
0
0
0
0
0
0
0
0
0
0
0
0
0
0
0
0
0
0
0
0
0
0
0
0
0
0
0
0
0
0
0
0
0
0
0
0
0
0
0
0
0
0
0
0
0
0
0
0
0
0
0
0
0
0
0
0
0
0
0
0
0
0
0
0
0
0
0
0
0
0
0
0
0
0
0
0
0
0
0
0
0
0
0
0
0
0
0
0
0
0
0
0
0
0
0
0
0
0
0
0
0
0
0
0
0
0
0
0
0
0
0
0
0
0
0
0
0
0
0
0
0
0
0
0
0
0
0
0
0
191.631725594598
0
0
0
0
0
0
0
0
0
0
0
0
0
0
0
0
0
0
0
0
0
0
0
0
0
0
0
0
0
0
0
0
0
0
0
0
0
0
0
0
0
0
0
0
0
0
0
0
0
0
0
0
0
0
0
0
0
0
0
0
0
0
0
0
0
0
0
0
0
0
0
0
0
0
0
0
0
0
0
0
0
0
0
0
0
0
0
0
0
0
0
0
0
0
0
0
0
0
0
0
0
0
0
0
0
0
0
0
0
0
0
0
0
0
0
0
0
0
0
0
0
0
0
0
0
0
0
0
0
0
0
191.631725594599
0
0
0
0
0
0
0
0
0
0
0
0
0
0
0
0
0
0
0
0
0
0
0
0
0
0
0
0
0
0
0
0
0
0
0
0
0
0
0
0
0
0
0
0
0
0
0
0
0
0
0
0
0
0
0
0
0
0
0
0
0
0
0
0
0
0
0
0
0
0
0
0
0
0
0
0
0
0
0
0
0
0
0
0
0
0
0
0
0
0
0
0
0
0
0
0
0
0
0
0
0
0
0
0
0
0
0
0
0
0
0
0
0
0
0
0
0
0
0
0
0
0
0
0
0
0
0
0
0
0
0
191.631725594598
0
0
0
0
0
0
0
0
0
0
0
0
0
0
0
0
0
0
0
0
0
0
0
0
0
0
0
0
0
0
0
0
0
0
0
0
0
0
0
0
0
0
0
0
0
0
0
0
0
0
0
0
0
0
0
0
0
0
0
0
0
0
0
0
0
0
0
0
0
0
0
0
0
0
0
0
0
0
0
0
0
0
0
0
0
0
0
0
0
0
0
0
0
0
0
0
0
0
0
0
0
0
0
0
0
0
0
0
0
0
0
0
0
0
0
0
0
0
0
0
0
0
0
0
0
0
0
0
0
0
0
191.631725594598
0
0
0
0
0
0
0
0
0
0
0
0
0
0
0
0
0
0
0
0
0
0
0
0
0
0
0
0
0
0
0
0
0
0
0
0
0
0
0
0
0
0
0
0
0
0
0
0
0
0
0
0
0
0
0
0
0
0
0
0
0
0
0
0
0
0
0
0
0
0
0
0
0
0
0
0
0
0
0
0
0
0
0
0
0
0
0
0
0
0
0
0
0
0
0
0
0
0
0
0
0
0
0
0
0
0
0
0
0
0
0
0
0
0
0
0
0
0
0
0
0
0
0
0
0
0
0
0
0
0
0
191.6317255946
0
0
0
0
0
0
0
0
0
0
0
0
0
0
0
0
0
0
0
0
0
0
0
0
0
0
0
0
0
0
0
0
0
0
0
0
0
0
0
0
0
0
0
0
0
0
0
0
0
0
0
0
0
0
0
0
0
0
0
0
0
0
0
0
0
0
0
0
0
0
0
0
0
0
0
0
0
0
0
0
0
0
0
0
0
0
0
0
0
0
0
0
0
0
0
0
0
0
0
0
0
0
0
0
0
0
0
0
0
0
0
0
0
0
0
0
0
0
0
0
0
0
0
0
0
0
0
0
0
0
0
191.631725594599
2.02936271236193e-13
0
0
0
0
0
0
0
0
0
0
0
0
0
0
0
0
0
0
0
0
0
0
0
0
0
0
0
0
0
0
0
0
0
0
0
0
0
0
0
0
0
0
0
0
0
0
0
0
0
0
0
0
0
0
0
0
0
0
0
0
0
0
0
0
0
0
0
0
0
0
0
0
0
0
0
0
0
0
0
0
0
0
0
0
0
0
0
0
0
0
0
0
0
0
0
0
0
0
0
0
0
0
0
0
0
0
0
0
0
0
0
0
0
0
0
0
0
0
0
0
0
0
0
0
0
0
0
0
0
0
191.6317255946
0
0
0
0
0
0
0
0
0
0
0
0
0
0
0
0
0
0
0
0
0
0
0
0
0
0
0
0
0
0
0
0
0
0
0
0
0
0
0
0
0
0
0
0
0
0
0
0
0
0
0
0
0
0
0
0
0
0
0
0
0
0
0
0
0
0
0
0
0
0
0
0
0
0
0
0
0
0
0
0
0
0
0
0
0
0
0
0
0
0
0
0
0
0
0
0
0
0
0
0
0
0
0
0
0
0
0
0
0
0
0
0
0
0
0
0
0
0
0
0
0
0
0
0
0
0
0
0
0
0
0
191.631725594598
0
0
0
0
0
0
0
0
0
0
0
0
0
0
0
0
0
0
0
0
0
0
0
0
0
0
0
0
0
0
0
0
0
0
0
0
0
0
0
0
0
0
0
0
0
0
0
0
0
0
0
0
0
0
0
0
0
0
0
0
0
0
0
0
0
0
0
0
0
0
0
0
0
0
0
0
0
0
0
0
0
0
0
0
0
0
0
0
0
0
0
0
0
0
0
0
0
0
0
0
0
0
0
0
0
0
0
0
0
0
0
0
0
0
0
0
0
0
0
0
0
0
0
0
0
0
0
0
0
0
0
191.631725594597
0
0
0
0
0
0
0
0
0
0
0
0
0
0
0
0
0
0
0
0
0
0
0
0
0
0
0
0
0
0
0
0
0
0
0
0
0
0
0
0
0
0
0
0
0
0
0
0
0
0
0
0
0
0
0
0
0
0
0
0
0
0
0
0
0
0
0
0
0
0
0
0
0
0
0
0
0
0
0
0
0
0
0
0
0
0
0
0
0
0
0
0
0
0
0
0
0
0
0
0
0
0
0
0
0
0
0
0
0
0
0
0
0
0
0
0
0
0
0
0
0
0
0
0
0
0
0
0
0
0
0
191.631725594599
0
0
0
0
0
0
0
0
0
0
0
0
0
0
0
0
0
0
0
0
0
0
0
0
0
0
0
0
0
0
0
0
0
0
0
0
0
0
0
0
0
0
0
0
0
0
0
0
0
0
0
0
0
0
0
0
0
0
0
0
0
0
0
0
0
0
0
0
0
0
0
0
0
0
0
0
0
0
0
0
0
0
0
0
0
0
0
0
0
0
0
0
0
0
0
0
0
0
0
0
0
0
0
0
0
0
0
0
0
0
0
0
0
0
0
0
0
0
0
0
0
0
0
0
0
0
0
0
0
0
0
191.631725594598
0
4.10205086429512e-14
0
0
0
0
0
0
0
0
0
0
0
0
0
0
0
0
0
0
3.24805752557708e-14
3.20839671818586e-14
0
0
0
0
0
0
0
0
0
0
0
0
0
2.70140051923153e-14
2.66841473470131e-14
0
0
0
0
0
0
0
0
0
0
2.33110154571395e-14
2.30263734251352e-14
0
0
0
0
0
0
2.11288568746141e-14
0
2.0616014142428e-14
0
0
1.98699949531308e-14
1.96273699267939e-14
0
0
0
0
0
0
0
0
0
0
1.71462823149776e-14
1.69369155180535e-14
0
1.6525820205105e-14
1.63240296373638e-14
0
1.59278103809596e-14
1.57333218860002e-14
0
1.53514403753102e-14
1.51639897174631e-14
0
0
0
0
0
0
0
0
0
0
0
0
0
0
0
0
0
0
0
0
0
0
0
0
0
8.74896519672087e-15
8.64213487711895e-15
0
0
0
0
0
0
0
0
0
0
9.50733558140867e-15
9.39124508660167e-15
0
0
0
0
0
0
0
0
0
191.631725594599
0
4.41318539391765e-14
0
0
7.80028365899992e-14
3.50348694138456e-14
0
4.09956973990355e-14
0
4.00006437817606e-14
0
3.90297422527298e-14
0
3.80824065888977e-14
3.76173966619344e-14
0
3.67043416587116e-14
0
3.58134484612688e-14
0
9.32209884051297e-14
5.75652130764753e-14
3.40960088815957e-14
0
0
0
3.24609293883298e-14
0
3.16730329197453e-14
2.60882489286164e-14
5.66739555349744e-14
0
0
2.97859466794842e-14
2.94222417004555e-14
1.26000302034574e-13
1.24461759791738e-13
0
2.80112934508414e-14
2.76692580941433e-14
0
2.69976657783454e-14
0
2.63423744503499e-14
2.60207176351354e-14
0
0
2.50791217213527e-14
2.47728900095349e-14
0
2.41715987673234e-14
2.38764484765707e-14
0
2.32969157955426e-14
0
1.89547499091268e-14
1.87233005953837e-14
5.91690633616421e-14
2.19088804485756e-14
0
0
2.11160770910699e-14
2.08582366249469e-14
2.0603544551668e-14
2.03519624273992e-14
2.01034522777101e-14
0
1.6356496009098e-14
3.55327538488284e-14
0
0
1.8674833996075e-14
8.30395224408017e-14
6.38040024314119e-14
1.79990591143828e-14
1.77792793810738e-14
1.75621832953223e-14
1.73477380881286e-14
2.85777563985314e-14
2.82288041760771e-14
1.67199860204786e-14
1.6515824567075e-14
1.63141560523105e-14
1.61149500358391e-14
1.59181764490169e-14
1.57238055903771e-14
0
1.53421550606176e-14
1.51548177822517e-14
1.49697680088478e-14
0
1.46064195905485e-14
0
0
1.40778659513165e-14
1.39059664311924e-14
0
1.35684387617811e-14
0
0
1.30774459047138e-14
0
1.27600282077932e-14
0
0
0
1.21481190389344e-14
0
1.97678147845975e-14
1.95264374418163e-14
0
0
0
0
0
1.08764758256369e-14
1.07436672748581e-14
1.06124803992846e-14
1.04828953972498e-14
0
0
1.01035572249085e-14
9.98018649212205e-15
9.8583221928976e-15
1.78579881162163e-14
1.76399309477376e-14
9.50158507197113e-15
0
9.27096119689201e-15
0
9.04593505854377e-15
191.631725594602
0
0
0
0
1.16555718433113e-13
0
0
0
0
0
0
0
0
0
0
0
0
0
0
0
0
0
0
0
0
0
0
0
0
8.57318831671556e-14
0
0
0
0
0
0
0
0
0
0
0
0
0
0
0
0
0
0
0
0
0
0
0
0
0
0
6.15289981147816e-14
0
0
0
0
0
0
0
0
0
0
5.37511432336081e-14
0
0
0
0
5.05486383439868e-14
0
0
0
0
0
0
0
0
0
0
0
0
0
0
0
0
0
0
0
0
0
0
0
0
0
0
0
0
0
0
0
0
0
0
0
0
0
0
0
0
0
0
0
0
0
0
0
0
0
0
0
2.66842941314575e-14
2.63584622637635e-14
0
0
0
0
0
191.631725594596
0
0
0
0
0
0
0
0
0
0
0
0
0
0
0
0
0
0
0
0
0
0
0
0
0
0
0
0
0
0
0
0
0
0
0
0
0
0
0
0
0
0
0
0
0
0
0
0
0
0
0
0
0
0
0
0
0
0
0
0
0
0
0
0
0
0
0
0
0
0
0
0
0
0
0
0
0
0
0
0
0
0
0
0
0
0
0
0
0
0
0
0
0
0
0
0
0
0
0
0
0
0
0
0
0
0
0
0
0
0
0
0
0
0
0
0
0
0
0
0
0
0
0
0
0
0
0
0
0
0
0
191.631725594599
1.29174021772915e-13
1.67480073598685e-13
7.87926932621522e-14
7.78305853540454e-14
0
0
0
0
0
0
0
0
0
0
0
0
0
0
0
0
0
0
0
0
0
0
0
0
0
0
0
0
0
0
0
0
0
0
0
0
0
0
0
0
0
0
0
0
0
0
0
0
0
0
0
0
0
0
0
0
0
0
0
0
0
0
0
0
0
0
0
0
0
0
0
6.74722395161035e-14
6.66483614059868e-14
0
0
0
0
0
0
0
0
0
0
0
0
0
0
0
0
0
0
0
0
0
5.08633781452889e-14
0
4.96288147246894e-14
0
4.84242168096535e-14
4.78329269322748e-14
0
4.66719190707616e-14
4.61020258412566e-14
0
0
0
0
0
0
0
0
0
0
0
0
0
0
0
0
0
0
0
0
0
0
0
0
191.631725594598
0
9.00980399458174e-14
1.77995773412763e-13
0
1.73675433732479e-13
1.71554748408505e-13
1.69459957974488e-13
0
1.65346800866205e-13
1.63327813342027e-13
0
0
0
1.55495402246571e-13
1.53596706441384e-13
0
1.49868584515372e-13
1.48038595662738e-13
0
0
7.13408064324533e-14
7.04696907084336e-14
1.39218423700986e-13
0
1.35839293575533e-13
0
0
1.3092375951703e-13
0
0
1.2618610090564e-13
0
1.23123293242344e-13
1.21619881070531e-13
1.20134826498645e-13
0
1.17218896260779e-13
1.15787580457213e-13
1.14373741911975e-13
0
0
1.10234968741345e-13
0
0
1.062459628431e-13
0
1.0366714515356e-13
1.02401304679864e-13
1.0115092090754e-13
9.991580510064e-14
0
9.74906339339951e-14
9.63002125130507e-14
0
0
9.28154551796637e-14
9.16821206060514e-14
0
0
8.83644753611954e-14
8.72854900261212e-14
8.62196797747153e-14
8.51668837309202e-14
8.41269429831873e-14
8.30997005603668e-14
0
0
8.00926221399482e-14
7.91146412897973e-14
7.81486021955618e-14
7.71943590409415e-14
0
7.53206861662141e-14
7.44009736294064e-14
0
5.28020780601226e-14
5.21573317675077e-14
0
6.99681473208488e-14
6.91137926203572e-14
6.82698701234209e-14
6.74362524462844e-14
0
6.57994297749216e-14
6.4995977714638e-14
0
0
0
0
6.11235031231521e-14
6.03771470425203e-14
5.96399044349436e-14
5.89116640192483e-14
0
5.74817514161983e-14
0
5.60865458628408e-14
5.54016941706676e-14
0
2.45797523871844e-14
7.76765249802918e-14
0
3.78955744513768e-14
3.74328458612864e-14
0
3.65242703023355e-14
3.60782861908537e-14
0
4.83983892147303e-14
4.78074147084003e-14
0
0
0
0
4.49590384664749e-14
0
0
4.33321330328348e-14
0
4.22803691050556e-14
4.17640994385452e-14
0
0
4.02528073240993e-14
3.97612954510293e-14
0
4.76165365470861e-14
0
4.64607809449263e-14
0
0
191.631725594598
0
5.04660917011011e-14
1.32985069230408e-13
0
1.29757236004563e-13
1.28172819255686e-13
1.26607749223124e-13
0
4.63073715034002e-14
4.57419296269705e-14
0
0
0
7.98614252460405e-14
7.8886267454106e-14
0
7.69715283286979e-14
7.60316579798393e-14
7.51032640339051e-14
7.41862063568605e-14
7.32803465257853e-14
7.23855478080196e-14
1.04013546833445e-13
0
1.01488914674737e-13
0
3.71200412625403e-14
6.1149614509706e-14
0
0
9.42767743475432e-14
0
9.19884745675356e-14
9.08652379427716e-14
8.97557167374832e-14
0
8.75771527349864e-14
3.24277123937259e-14
3.2031749808314e-14
0
0
8.2359286788707e-14
0
0
7.93790012719914e-14
0
7.74523024386389e-14
7.65065615381587e-14
7.55723687236956e-14
7.46495829859274e-14
0
7.28376772911583e-14
7.19482838407263e-14
0
0
6.93447349679288e-14
6.84979925209377e-14
0
0
2.47475401206281e-14
2.44453572268764e-14
6.44168671200703e-14
3.97782811030648e-14
3.92925634909893e-14
6.20858530523627e-14
0
0
5.98391899757443e-14
5.91085161593397e-14
5.83867643257822e-14
5.76738255320861e-14
0
5.6273957927461e-14
5.55868178171402e-14
0
0
0
0
5.22749430336709e-14
5.16366333883696e-14
5.1006117901803e-14
5.03833014023986e-14
0
4.9160390475383e-14
4.85601114585752e-14
0
0
0
0
4.56668893793778e-14
4.51092681889949e-14
4.45584559009935e-14
4.40143693744384e-14
0
4.29460461055006e-14
0
4.19036533365764e-14
4.13919836044812e-14
0
4.03873112699413e-14
0
0
0
0
0
0
0
0
3.61596402934562e-14
3.5718108541714e-14
0
0
0
0
1.25913225160453e-14
2.07422861568963e-14
0
4.2493927460755e-14
9.99584881943226e-15
3.15887153088985e-14
3.1202997400961e-14
0
0
3.00738734750753e-14
2.97066527303654e-14
0
0
0
0
0
0
191.631725594598
0
0
0
0
0
0
0
0
0
0
0
0
0
1.1933291405247e-13
1.1787578477367e-13
0
1.15014686329946e-13
1.1361028530385e-13
1.12223032889867e-13
1.10852719692739e-13
1.09499138874064e-13
1.0816208612109e-13
0
0
0
0
0
0
0
0
0
0
0
0
0
0
0
0
0
0
0
0
0
0
0
0
0
0
0
0
0
0
0
0
0
0
0
0
0
0
0
0
0
0
0
0
0
0
0
0
0
0
0
0
0
0
0
0
0
0
0
0
0
0
0
0
0
0
0
0
0
0
0
0
0
0
0
0
0
0
0
0
0
0
0
0
0
0
0
0
0
0
0
0
0
0
0
3.32546791236776e-14
3.28486187589245e-14
0
0
0
0
0
0
0
0
0
0
0
0
191.631725594598
0
0
0
0
0
0
0
0
0
0
0
0
0
0
0
0
0
0
0
0
0
0
0
0
0
0
0
0
0
0
0
0
0
0
0
0
0
0
0
0
0
0
0
0
0
0
0
0
0
0
0
0
0
0
0
0
0
0
0
0
0
0
0
0
0
0
0
0
0
0
0
0
0
0
0
0
0
0
0
0
0
0
0
0
0
0
0
0
0
0
0
0
0
0
0
0
0
0
0
0
0
0
0
0
0
0
0
0
0
0
0
0
0
0
0
0
0
0
0
0
0
0
0
0
0
0
0
0
0
0
0
191.631725594599
0
0
0
9.78683002456079e-14
9.66732672835441e-14
0
0
0
0
0
0
0
0
0
0
0
8.34216182271217e-14
8.24029882592889e-14
0
0
0
0
0
0
0
0
0
0
0
0
0
0
0
0
3.64646256512382e-14
3.6019369838137e-14
0
0
0
0
0
0
0
0
0
0
3.14661763830808e-14
3.10819547518287e-14
0
0
0
0
0
0
0
0
0
0
0
0
0
0
0
0
2.52233225033873e-14
2.07757911262385e-14
4.51332040611203e-14
0
0
0
0
0
0
0
0
0
0
0
0
0
0
0
0
0
0
0
0
0
0
0
0
3.31974666669626e-14
3.27921049019729e-14
0
1.7447484699141e-14
1.72344400333126e-14
0
0
0
0
0
0
1.58142148594079e-14
0
1.54303699025311e-14
0
0
0
0
0
0
0
0
0
0
0
2.44182042030913e-14
2.41200427062237e-14
0
0
0
0
0
0
0
0
0
0
0
0
0
191.631725594599
0
0
0
0
0
0
0
0
0
0
0
0
0
0
0
0
0
0
0
0
0
0
0
0
0
0
0
0
0
0
0
0
0
0
9.99217702574346e-14
9.87016631462907e-14
0
0
0
0
0
0
0
0
0
0
8.62248272477045e-14
8.51719683500666e-14
0
0
0
0
0
0
0
0
0
0
0
0
0
0
0
0
6.91179188405336e-14
0
0
0
0
0
0
0
0
0
0
0
0
0
0
0
0
0
0
0
0
0
0
0
0
0
0
0
0
0
4.78102688987403e-14
4.72264757081297e-14
0
0
0
0
0
0
4.33347200406502e-14
0
4.22828933206295e-14
0
0
0
0
0
0
0
0
0
0
0
0
0
0
0
0
0
0
0
0
0
0
0
0
0
0
191.631725594599
0
0
0
0
0
0
0
0
0
0
0
0
0
0
0
0
0
0
0
0
0
0
0
0
0
0
0
0
0
0
0
0
0
0
0
0
0
0
0
0
0
0
0
0
0
0
0
0
0
0
0
0
0
0
0
0
0
0
0
0
0
0
0
0
0
0
0
0
0
0
0
0
0
0
0
0
0
0
0
0
0
0
0
0
0
0
0
0
0
0
0
0
0
0
0
0
0
0
0
0
0
0
0
0
0
0
0
0
0
0
0
0
0
0
0
0
0
0
0
0
0
0
0
0
0
0
0
0
0
0
0
191.6317255946
1.60092571999391e-13
0
0
0
0
0
0
0
0
0
0
0
0
0
0
0
0
0
0
0
0
0
0
0
0
0
0
0
0
0
0
0
0
0
0
0
0
0
0
0
0
0
0
0
0
0
0
0
0
0
0
0
0
0
0
0
0
0
0
0
0
0
0
0
0
0
0
0
0
0
0
0
0
0
0
0
0
0
0
0
0
0
0
0
0
0
0
0
0
0
0
0
0
0
0
0
0
0
0
0
0
0
0
0
0
0
0
0
0
0
0
0
0
0
0
0
0
0
0
0
0
0
0
0
0
0
0
0
0
0
0
191.631725594599
0
0
0
0
0
0
0
0
0
0
0
0
0
0
0
0
0
0
0
0
0
0
0
0
0
0
0
0
0
0
0
0
0
0
0
0
0
0
0
0
0
0
0
0
0
0
0
0
0
0
0
0
0
0
0
0
0
0
0
0
0
0
0
0
0
0
0
0
0
0
0
0
0
0
0
0
0
0
0
0
0
0
0
0
0
0
0
0
0
0
0
0
0
0
0
0
0
0
0
0
0
0
0
0
0
0
0
0
0
0
0
0
0
0
0
0
0
0
0
0
0
0
0
0
0
0
0
0
0
0
0
191.631725594599
0
0
0
0
0
0
0
0
0
0
0
0
0
0
0
0
0
0
0
0
0
0
0
0
0
0
0
0
0
0
0
0
0
0
0
0
0
0
0
0
0
0
0
0
0
0
0
0
0
0
0
0
0
0
0
0
0
0
0
0
0
0
0
0
0
0
0
0
0
0
0
0
0
0
0
0
0
0
0
0
0
0
0
0
0
0
0
0
0
0
0
0
0
0
0
0
0
0
0
0
0
0
0
0
0
0
0
0
0
0
0
0
0
0
0
0
0
0
0
0
0
0
0
0
0
0
0
0
0
0
0
191.631725594599
0
0
0
0
0
0
0
0
0
0
0
0
0
0
0
0
0
0
0
0
0
0
0
0
0
0
0
0
0
0
0
0
0
0
0
0
0
0
0
0
0
0
0
0
0
0
0
0
0
0
0
0
0
0
0
0
0
0
0
0
0
0
0
0
0
0
0
0
0
0
0
0
0
0
0
0
0
0
0
0
0
0
0
0
0
0
0
0
0
0
0
0
0
0
0
0
0
0
0
0
0
0
0
0
0
0
0
0
0
0
0
0
0
0
0
0
0
0
0
0
0
0
0
0
0
0
0
0
0
0
0
191.631725594598
1.78225229330327e-13
0
0
0
0
0
0
0
0
0
0
0
0
0
0
0
0
0
0
0
0
0
0
0
0
0
0
0
0
0
0
0
0
0
0
0
0
0
0
0
0
0
0
0
0
0
0
0
0
0
0
0
0
0
0
0
0
0
0
0
0
0
0
0
0
0
0
0
0
0
0
0
0
0
0
0
0
0
0
0
0
0
0
0
0
0
0
0
0
0
0
0
0
0
0
0
0
0
0
0
0
0
0
0
0
0
0
0
0
0
0
0
0
0
0
0
0
0
0
0
0
0
0
0
0
0
0
0
0
0
0
191.6317255946
0
0
0
0
0
0
0
0
0
0
0
0
0
0
0
0
0
0
0
0
0
0
0
0
0
0
0
0
0
0
0
0
0
0
0
0
0
0
0
0
0
0
0
0
0
0
0
0
0
0
0
0
0
0
0
0
0
0
0
0
0
0
0
0
0
0
0
0
0
0
0
0
0
0
0
0
0
0
0
0
0
0
0
0
0
0
0
0
0
0
0
0
0
0
0
0
0
0
0
0
0
0
0
0
0
0
0
0
0
0
0
0
0
0
0
0
0
0
0
0
0
0
0
0
0
0
0
0
0
0
0
191.6317255946
0
0
0
0
0
0
0
0
0
0
0
0
0
0
0
0
0
0
0
0
0
0
0
0
0
0
0
0
0
0
0
0
0
0
0
0
0
0
0
0
0
0
0
0
0
0
0
0
0
0
0
0
0
0
0
0
0
0
0
0
0
0
0
0
0
0
0
0
0
0
0
0
0
0
0
0
0
0
0
0
0
0
0
0
0
0
0
0
0
0
0
0
0
0
0
0
0
0
0
0
0
0
0
0
0
0
0
0
0
0
0
0
0
0
0
0
0
0
0
0
0
0
0
0
0
0
0
0
0
0
0
191.631725594598
0
0
0
0
0
0
0
0
0
0
0
0
0
0
0
0
0
0
0
0
0
0
0
0
0
0
0
0
0
0
0
0
0
0
0
0
0
0
0
0
0
0
0
0
0
0
0
0
0
0
0
0
0
0
0
0
0
0
0
0
0
0
0
0
0
0
0
0
0
0
0
0
0
0
0
0
0
0
0
0
0
0
0
0
0
0
0
0
0
0
0
0
0
0
0
0
0
0
0
0
0
0
0
0
0
0
0
0
0
0
0
0
0
0
0
0
0
0
0
0
0
0
0
0
0
0
0
0
0
0
0
191.631725594599
0
0
0
0
0
0
0
0
0
0
0
0
0
0
0
0
0
0
0
0
0
0
0
0
0
0
0
0
0
0
0
0
0
0
0
0
0
0
0
0
0
0
0
0
0
0
0
0
0
0
0
0
0
0
0
0
0
0
0
0
0
0
0
0
0
0
0
0
0
0
0
0
0
0
0
0
0
0
0
0
0
0
0
0
0
0
0
0
0
0
0
0
0
0
0
0
0
0
0
0
0
0
0
0
0
0
0
0
0
0
0
0
0
0
0
0
0
0
0
0
0
0
0
0
0
0
0
0
0
0
0
191.631725594599
2.03805867281954e-13
0
0
0
0
0
0
0
0
0
0
0
0
0
0
0
0
0
0
0
0
0
0
0
0
0
0
0
0
0
0
0
0
0
0
0
0
0
0
0
0
0
0
0
0
0
0
0
0
0
0
0
0
0
0
0
0
0
0
0
0
0
0
0
0
0
0
0
0
0
0
0
0
0
0
0
0
0
0
0
0
0
0
0
0
0
0
0
0
0
0
0
0
0
0
0
0
0
0
0
0
0
0
0
0
0
0
0
0
0
0
0
0
0
0
0
0
0
0
0
0
0
0
0
0
0
0
0
0
0
0
191.631725594598
2.09346730507609e-13
1.29274419363161e-13
1.27695898106495e-13
6.30683257892481e-14
6.22982222113655e-14
1.23075044156564e-13
1.21572221136174e-13
1.20087748521797e-13
0
0
0
1.14328921566941e-13
5.64664470780758e-14
5.57769565552045e-14
0
0
5.37585896864537e-14
0
5.24537532640758e-14
5.1813260234383e-14
5.11805880238987e-14
1.01111282271098e-13
0
0
0
0
0
4.69629888801816e-14
0
0
0
4.47108713280376e-14
0
0
0
8.51335088578985e-14
4.20469878190916e-14
0
4.10264171255968e-14
8.10509179890753e-14
4.0030617874583e-14
3.95418190732126e-14
3.90589888099489e-14
3.85820542052204e-14
0
0
0
0
3.62833269631483e-14
0
3.54026526965322e-14
3.49703642352903e-14
3.45433542856782e-14
0
0
0
0
0
0
0
0
0
0
3.01767433383947e-14
0
0
2.90847558453136e-14
0
2.83788063592016e-14
2.80322834407603e-14
0
0
2.70178962162438e-14
2.66879908591241e-14
0
0
0
0
0
2.47914533333802e-14
2.44887342319312e-14
2.41897115194296e-14
2.38943400606873e-14
0
2.33143731124844e-14
2.30296900814203e-14
0
0
0
0
0
0
4.22638004355358e-14
0
2.06189836171125e-14
0
2.01185166038704e-14
1.9872856973236e-14
0
0
0
0
1.86888278010444e-14
1.84606255620217e-14
0
0
0
1.75753433463257e-14
1.73607374467011e-14
1.71487520189098e-14
0
0
1.65282005393569e-14
1.63263809062503e-14
0
0
1.57355880709502e-14
1.55434467302397e-14
1.5353651555089e-14
1.51661738973552e-14
1.49809854587024e-14
1.47980582863426e-14
0
2.88777552635413e-14
2.85251398679148e-14
0
0
0
0
0
0
191.631725594598
1.07519116497258e-13
0
0
0
0
0
0
0
0
0
0
0
0
9.16478437455449e-14
0
0
8.83314388566342e-14
0
8.61874451370509e-14
8.51350426982936e-14
0
0
0
0
0
0
0
7.71654986670875e-14
0
0
0
7.34650149859568e-14
0
0
0
0
0
0
6.74110403002131e-14
0
0
6.49716779051876e-14
6.41783332113221e-14
6.33946757507748e-14
0
0
0
0
5.96176070810912e-14
0
5.81705597238581e-14
5.74602609231405e-14
5.67586353136271e-14
0
0
0
0
0
0
0
0
0
0
4.95837999961412e-14
0
0
4.77895411243967e-14
0
4.66295863295985e-14
4.60602100092516e-14
0
0
4.43934571494419e-14
4.38513853605251e-14
0
0
0
0
0
4.07351598517898e-14
4.02377581536365e-14
3.97464300403034e-14
3.92611013495763e-14
0
3.83081501035917e-14
3.78403837075868e-14
0
0
0
0
0
0
0
0
0
0
3.30569966519913e-14
3.26533501134681e-14
0
0
0
0
3.07078563600417e-14
3.03328942890375e-14
0
0
0
2.88782755506594e-14
2.8525653801995e-14
2.81773377847291e-14
0
0
2.71577015667175e-14
2.68260890990952e-14
0
0
2.585534969703e-14
2.55396397576862e-14
2.52277848335387e-14
2.49197378524391e-14
2.46154523170254e-14
2.43148822977085e-14
0
0
0
0
0
0
0
0
0
191.631725594599
1.10442235083591e-13
0
0
0
0
0
0
0
0
0
0
0
0
0
0
0
0
0
0
0
0
0
0
0
0
0
0
0
0
0
0
0
0
0
0
0
0
0
0
0
0
0
0
0
0
0
0
0
0
0
0
0
0
0
0
0
0
0
0
0
0
0
0
0
0
0
0
0
0
0
0
0
0
0
0
0
0
0
0
0
0
0
0
0
0
0
0
0
0
0
0
0
0
0
0
0
0
0
0
0
0
0
0
0
0
0
0
0
0
0
0
0
0
0
0
0
0
0
0
0
0
0
0
0
0
0
0
0
0
0
0
191.6317255946
0
0
0
0
0
0
0
0
0
0
0
0
0
0
0
0
0
0
0
0
0
0
0
0
0
0
0
0
0
0
0
0
0
0
0
0
0
0
0
0
0
0
0
0
0
0
0
0
0
0
0
0
0
0
0
0
0
0
0
0
0
0
0
0
0
0
0
0
0
0
0
0
0
0
0
0
0
0
0
0
0
0
0
0
0
0
0
0
0
0
0
0
0
0
0
0
0
0
0
0
0
0
0
0
0
0
0
0
0
0
0
0
0
0
0
0
0
0
0
0
0
0
0
0
0
0
0
0
0
0
0
191.631725594599
0
0
0
0
0
0
0
0
0
0
0
0
0
0
0
0
0
0
0
0
0
0
0
0
0
0
0
0
0
0
0
0
0
0
0
0
0
0
0
0
0
0
0
0
0
0
0
0
0
0
0
0
0
0
0
0
0
0
0
0
0
0
0
0
0
0
0
0
0
0
0
0
0
0
0
0
0
0
0
0
0
0
0
0
0
0
0
0
0
0
0
0
0
0
0
0
0
0
0
0
0
0
0
0
0
0
0
0
0
0
0
0
0
0
0
0
0
0
0
0
0
0
0
0
0
0
0
0
0
0
0
191.631725594599
0
0
0
0
0
0
0
0
0
0
0
0
0
0
0
0
0
0
0
0
0
0
0
0
0
0
0
0
0
0
0
0
0
0
0
0
0
0
0
0
0
0
0
0
0
0
0
0
0
0
0
0
0
0
0
0
0
0
0
0
0
0
0
0
0
0
0
0
0
0
0
0
0
0
0
0
0
0
0
0
0
0
0
0
0
0
0
0
0
0
0
0
0
0
0
0
0
0
0
0
0
0
0
0
0
0
0
0
0
0
0
0
0
0
0
0
0
0
0
0
0
0
0
0
0
0
0
0
0
0
0
191.631725594598
0
0
0
0
0
0
0
0
0
0
0
0
0
0
0
0
0
0
0
0
0
0
0
0
0
0
0
0
0
0
0
0
0
0
0
0
0
0
0
0
0
0
0
0
0
0
0
0
0
0
0
0
0
0
0
0
0
0
0
0
0
0
0
0
0
0
0
0
0
0
0
0
0
0
0
0
0
0
0
0
0
0
0
0
0
0
0
0
0
0
0
0
0
0
0
0
0
0
0
0
0
0
0
0
0
0
0
0
0
0
0
0
0
0
0
0
0
0
0
0
0
0
0
0
0
0
0
0
0
0
0
191.631725594598
0
0
0
0
0
0
0
0
0
0
0
0
0
0
0
0
0
0
0
0
0
0
0
0
0
0
0
0
0
0
0
0
0
0
0
0
0
0
0
0
0
0
0
0
0
0
0
0
0
0
0
0
0
0
0
0
0
0
0
0
0
0
0
0
0
0
0
0
0
0
0
0
0
0
0
0
0
0
0
0
0
0
0
0
0
0
0
0
0
0
0
0
0
0
0
0
0
0
0
0
0
0
0
0
0
0
0
0
0
0
0
0
0
0
0
0
0
0
0
0
0
0
0
0
0
0
0
0
0
0
0
191.631725594599
0
0
0
0
0
0
0
0
0
0
0
0
0
0
0
0
0
0
0
0
0
0
0
0
0
0
0
0
0
0
0
0
0
0
0
0
0
0
0
0
0
0
0
0
0
0
0
0
0
0
0
0
0
0
0
0
0
0
0
0
0
0
0
0
0
0
0
0
0
0
0
0
0
0
0
0
0
0
0
0
0
0
0
0
0
0
0
0
0
0
0
0
0
0
0
0
0
0
0
0
0
0
0
0
0
0
0
0
0
0
0
0
0
0
0
0
0
0
0
0
0
0
0
0
0
0
0
0
0
0
0
191.6317255946
0
0
0
0
0
0
1.65406800226199e-14
1.63387080072426e-14
0
1.59421324752799e-14
1.57474690986221e-14
0
1.53652442047011e-14
1.51776249934885e-14
1.49922967298131e-14
1.48092314397839e-14
1.46284014910763e-14
1.44497795887804e-14
0
0
0
0
0
0
1.32590277749855e-14
5.55558288079635e-14
5.48774575018828e-14
1.27792313854795e-14
0
0
1.23167970966712e-14
0
5.09776825799508e-14
3.84841166568009e-14
1.17261431457822e-14
0
0
1.13018163218503e-14
0
1.10274969682032e-14
1.0892844355119e-14
1.07598359343898e-14
1.06284516294028e-14
0
1.03704762829426e-14
1.02438463020461e-14
0
0
0
0
3.12302521975516e-14
3.08489113476913e-14
9.39968958052272e-15
9.28491351050012e-15
0
9.05954871953758e-15
0
0
0
8.62509662923588e-15
8.51977882206836e-15
3.56981961085887e-14
3.52622988780247e-14
8.21147875756928e-15
0
2.5974114940342e-14
3.35712897637062e-14
7.81769599629505e-15
2.50342054099842e-14
2.47285221543276e-14
0
0
0
0
7.17346916708185e-15
7.0858766362484e-15
0
0
6.82946431972987e-15
6.74607230255028e-15
0
6.58233064005911e-15
6.50195627918611e-15
0
0
6.26667393417404e-15
0
6.1145682996287e-15
6.03990560855795e-15
5.96615459549375e-15
0
0
5.75026098076322e-15
5.6800467091815e-15
5.61068979763539e-15
5.54217977721525e-15
5.47450630685806e-15
5.4076591717674e-15
0
1.71052212436383e-14
1.68963558279867e-14
5.14833402174581e-15
0
0
0
4.90144485026992e-15
4.84159515283778e-15
0
0
4.66639528802074e-15
0
0
4.49753527436102e-15
4.44261756466873e-15
0
0
0
0
4.17792543688166e-15
4.12691036256642e-15
1.32153925880515e-14
1.30540244054029e-14
3.97757236242176e-15
1.66661789226253e-14
1.64626744874391e-14
0
3.78682725130477e-15
0
0
0
0
191.6317255946
0
0
0
0
0
0
0
0
0
0
0
0
0
0
0
0
0
0
0
0
0
0
0
0
0
0
0
0
0
0
0
0
0
9.12546018111821e-14
0
0
0
0
0
0
0
0
0
0
0
0
0
0
0
0
7.40540377778567e-14
7.31497918075369e-14
0
0
0
0
0
0
0
0
0
0
0
0
0
0
6.08384808503224e-14
0
0
0
0
0
0
0
0
0
0
0
0
0
0
0
0
0
0
0
0
0
0
0
0
0
0
0
0
0
0
0
0
0
0
0
0
0
0
0
0
0
0
0
0
0
0
0
0
0
0
0
0
0
0
0
0
3.02027421159259e-14
2.98339478047678e-14
0
0
0
0
0
0
191.631725594599
0
0
0
0
0
0
0
0
0
0
0
0
0
0
0
0
0
0
0
0
0
0
0
0
0
0
0
0
0
0
0
0
0
0
0
0
0
0
0
0
0
0
0
0
0
0
0
0
0
0
0
0
0
0
0
0
0
0
0
0
0
0
0
0
0
0
0
0
0
0
0
0
0
0
0
0
0
0
0
0
0
0
0
0
0
0
0
0
0
0
0
0
0
0
0
0
0
0
0
0
0
0
0
0
0
0
0
0
0
0
0
0
0
0
0
0
0
0
0
0
0
0
0
0
0
0
0
0
0
0
0
191.631725594599
0
0
0
0
0
0
0
0
0
0
0
0
0
0
0
0
0
0
0
0
0
0
0
0
0
0
0
0
0
0
0
0
0
0
0
0
0
0
0
0
0
0
0
0
0
0
0
0
0
0
0
0
0
0
0
0
0
0
0
0
0
0
0
0
0
0
0
0
0
0
0
0
0
0
0
0
0
0
0
0
0
0
0
0
0
0
0
0
0
0
0
0
0
0
0
0
0
0
0
0
0
0
0
0
0
0
0
0
0
0
0
0
0
0
0
0
0
0
0
0
0
0
0
0
0
0
0
0
0
0
0
191.631725594598
1.48347314205376e-13
0
0
0
0
0
0
0
0
0
0
0
0
0
0
0
0
0
0
0
0
0
0
0
0
0
0
0
0
0
0
0
0
0
0
0
0
0
0
0
0
0
0
0
0
0
0
0
0
0
0
0
0
0
0
0
0
0
0
0
0
0
0
0
0
0
0
0
0
0
0
0
0
0
0
0
0
0
0
0
0
0
0
0
0
0
0
0
0
0
0
0
0
0
0
0
0
0
0
0
0
0
0
0
0
0
0
0
0
0
0
0
0
0
0
0
0
0
0
0
0
0
0
0
0
0
0
0
0
0
0
191.6317255946
0
0
0
0
0
0
0
0
0
0
0
0
0
0
0
0
0
0
0
0
0
0
0
0
0
0
0
0
0
0
0
0
0
0
0
0
0
0
0
0
0
0
0
0
0
0
0
0
0
0
0
0
0
0
0
0
0
0
0
0
0
0
0
0
0
0
0
0
0
0
0
0
0
0
0
0
0
0
0
0
0
0
0
0
0
0
0
0
0
0
0
0
0
0
0
0
0
0
0
0
0
0
0
0
0
0
0
0
0
0
0
0
0
0
0
0
0
0
0
0
0
0
0
0
0
0
0
0
0
0
0
191.631725594599
0
0
0
0
0
0
0
0
0
0
0
0
0
0
0
0
0
0
0
0
0
0
0
0
0
0
0
0
0
0
0
0
0
0
0
0
0
0
0
0
0
0
0
0
0
0
0
0
0
0
0
0
0
0
0
0
0
0
0
0
0
0
0
0
0
0
0
0
0
0
0
0
0
0
0
0
0
0
0
0
0
0
0
0
0
0
0
0
0
0
0
0
0
0
0
0
0
0
0
0
0
0
0
0
0
0
0
0
0
0
0
0
0
0
0
0
0
0
0
0
0
0
0
0
0
0
0
0
0
0
0
191.631725594599
0
0
0
0
0
0
0
0
0
0
0
0
0
0
0
0
0
0
0
0
0
0
0
0
0
0
0
0
0
0
0
0
0
0
0
0
0
0
0
0
0
0
0
0
0
0
0
0
0
0
0
0
0
0
0
0
0
0
0
0
0
0
0
0
0
0
0
0
0
0
0
0
0
0
0
0
0
0
0
0
0
0
0
0
0
0
0
0
0
0
0
0
0
0
0
0
0
0
0
0
0
0
0
0
0
0
0
0
0
0
0
0
0
0
0
0
0
0
0
0
0
0
0
0
0
0
0
0
0
0
0
191.631725594598
0
0
0
0
0
0
0
0
0
0
0
0
0
0
0
0
0
0
0
0
0
0
0
0
0
0
0
0
0
0
0
0
0
0
0
0
0
0
0
0
0
0
0
0
0
0
0
0
0
0
0
0
0
0
0
0
0
0
0
0
0
0
0
0
0
0
0
0
0
0
0
0
0
0
0
0
0
0
0
0
0
0
0
0
0
0
0
0
0
0
0
0
0
0
0
0
0
0
0
0
0
0
0
0
0
0
0
0
0
0
0
0
0
0
0
0
0
0
0
0
0
0
0
0
0
0
0
0
0
0
0
191.6317255946
0
0
0
0
0
0
0
0
0
0
0
0
0
0
0
0
0
0
0
0
0
0
0
0
0
0
0
0
0
0
0
0
0
0
0
0
0
0
0
0
0
0
0
0
0
0
0
0
0
0
0
0
0
0
0
0
0
0
0
0
0
0
0
0
0
0
0
0
0
0
0
0
0
0
0
0
0
0
0
0
0
0
0
0
0
0
0
0
0
0
0
0
0
0
0
0
0
0
0
0
0
0
0
0
0
0
0
0
0
0
0
0
0
0
0
0
0
0
0
0
0
0
0
0
0
0
0
0
0
0
0
191.631725594598
0
0
0
0
0
0
0
0
0
0
0
0
0
0
0
0
0
0
0
0
0
0
0
0
0
0
0
0
0
0
0
0
0
0
0
0
0
0
0
0
0
0
0
0
0
0
0
0
0
0
0
0
0
0
0
0
0
0
0
0
0
0
0
0
0
0
0
0
0
0
0
0
0
0
0
0
0
0
0
0
0
0
0
0
0
0
0
0
0
0
0
0
0
0
0
0
0
0
0
0
0
0
0
0
0
0
0
0
0
0
0
0
0
0
0
0
0
0
0
0
0
0
0
0
0
0
0
0
0
0
0
191.6317255946
0
0
0
0
0
0
0
0
0
0
0
0
0
0
0
0
0
0
0
0
0
0
0
0
0
0
0
0
0
0
0
0
0
0
0
0
0
0
0
0
0
0
0
0
0
0
0
0
0
0
0
0
0
0
0
0
0
0
0
0
0
0
0
0
0
0
0
0
0
0
0
0
0
0
0
0
0
0
0
0
0
0
0
0
0
0
0
0
0
0
0
0
0
0
0
0
0
0
0
0
0
0
0
0
0
0
0
0
0
0
0
0
0
0
0
0
0
0
0
0
0
0
0
0
0
0
0
0
0
0
0
191.631725594599
0
0
0
0
0
0
0
0
0
0
0
0
0
0
0
0
0
0
0
0
0
0
0
0
0
0
0
0
0
0
0
0
0
0
0
0
0
0
0
0
0
0
0
0
0
0
0
0
0
0
0
0
0
0
0
0
0
0
0
0
0
0
0
0
0
0
0
0
0
0
0
0
0
0
0
0
0
0
0
0
0
0
0
0
0
0
0
0
0
0
0
0
0
0
0
0
0
0
0
0
0
0
0
0
0
0
0
0
0
0
0
0
0
0
0
0
0
0
0
0
0
0
0
0
0
0
0
0
0
0
0
191.631725594599
0
0
0
0
0
0
0
0
0
0
0
0
0
0
0
0
0
0
0
0
0
0
0
0
0
0
0
0
0
0
0
0
0
0
0
0
0
0
0
0
0
0
0
0
0
0
0
0
0
0
0
0
0
0
0
0
0
0
0
0
0
0
0
0
0
0
0
0
0
0
0
0
0
0
0
0
0
0
0
0
0
0
0
0
0
0
0
0
0
0
0
0
0
0
0
0
0
0
0
0
0
0
0
0
0
0
0
0
0
0
0
0
0
0
0
0
0
0
0
0
0
0
0
0
0
0
0
0
0
0
0
191.631725594599
0
0
0
0
0
0
0
0
0
0
0
0
0
0
0
0
0
0
0
0
0
0
0
0
0
0
0
0
0
0
0
0
0
0
0
0
0
0
0
0
0
0
0
0
0
0
0
0
0
0
0
0
0
0
0
0
0
0
0
0
0
0
0
0
0
0
0
0
0
0
0
0
0
0
0
0
0
0
0
0
0
0
0
0
0
0
0
0
0
0
0
0
0
0
0
0
0
0
0
0
0
0
0
0
0
0
0
0
0
0
0
0
0
0
0
0
0
0
0
0
0
0
0
0
0
0
0
0
0
0
0
191.631725594599
0
0
0
0
0
0
0
0
0
0
0
0
0
0
0
0
0
0
0
0
0
0
0
0
0
0
0
0
0
0
0
0
0
0
0
0
0
0
0
0
0
0
0
0
0
0
0
0
0
0
0
0
0
0
0
0
0
0
0
0
0
0
0
0
0
0
0
0
0
0
0
0
0
0
0
0
0
0
0
0
0
0
0
0
0
0
0
0
0
0
0
0
0
0
0
0
0
0
0
0
0
0
0
0
0
0
0
0
0
0
0
0
0
0
0
0
0
0
0
0
0
0
0
0
0
0
0
0
0
0
0
191.631725594599
0
0
0
0
0
0
0
0
0
0
0
0
0
0
0
0
0
0
0
0
0
0
0
0
0
0
0
0
0
0
0
0
0
0
0
0
0
0
0
0
0
0
0
0
0
0
0
0
0
0
0
0
0
0
0
0
0
0
0
0
0
0
0
0
0
0
0
0
0
0
0
0
0
0
0
0
0
0
0
0
0
0
0
0
3.09293564051783e-14
3.05516896805442e-14
0
0
0
0
0
0
0
0
0
0
0
0
0
9.20418391916797e-15
9.09179509515754e-15
0
0
0
0
0
0
0
0
0
0
0
0
0
0
0
0
0
0
2.01197774227535e-14
1.98741023967264e-14
0
0
0
0
0
0
0
0
0
0
191.631725594599
0
0
0
0
0
0
0
0
0
0
0
0
0
0
0
0
0
0
0
0
0
0
0
0
0
0
0
0
0
0
0
0
0
0
0
0
0
0
0
0
0
0
0
0
0
0
0
0
0
0
0
0
0
0
0
0
0
0
0
0
0
0
0
0
0
0
0
0
0
0
0
0
0
0
0
0
0
0
0
0
0
0
0
0
0
0
0
0
0
0
0
0
0
0
0
0
0
0
0
0
0
0
0
0
0
0
0
0
0
0
0
0
0
0
0
0
0
0
0
0
0
0
0
0
0
0
0
0
0
0
0
191.631725594599
1.07979843394313e-13
0
0
0
0
0
0
0
0
0
0
0
0
0
0
0
0
0
0
0
0
0
0
0
0
0
0
0
0
0
0
0
0
0
0
0
0
0
0
0
0
0
0
0
0
0
0
0
0
0
0
0
0
0
0
0
0
0
0
0
0
0
0
0
0
0
0
0
0
0
0
0
0
0
0
0
0
0
0
0
0
0
0
0
0
0
0
0
0
0
0
0
0
0
0
0
0
0
0
0
0
0
0
0
0
0
0
0
0
0
0
0
0
0
0
0
0
0
0
0
0
0
0
0
0
0
0
0
0
0
0
191.631725594599
2.33847202128871e-13
6.00362276155482e-14
6.61466862570674e-15
3.02089938279188e-13
1.71051986764494e-13
1.03068219133156e-13
6.34211726725358e-14
2.53022508127424e-14
1.04518145505606e-13
2.39357869932702e-13
2.00062943963399e-13
3.43012407936177e-13
3.19527118078182e-13
1.07390554003503e-13
3.54641554400427e-14
2.51803437080277e-13
6.52296897322779e-14
2.64409116264938e-13
0
1.04819983366644e-13
4.30887733741555e-14
1.4081568946529e-13
1.8594200879557e-13
1.09340758282547e-13
1.91984978212107e-15
9.41631508485341e-14
8.07994398789397e-14
0
2.84279490376764e-14
5.88631922523969e-15
3.14310068693416e-14
6.09936092593311e-14
4.33705922049941e-14
7.1135651896447e-14
7.92528238366421e-15
1.78862771473479e-13
2.56840216064007e-13
9.13578038407559e-14
1.12585789763636e-13
6.24448237499768e-14
2.16088831510792e-13
1.5802547613241e-13
8.13469112138543e-15
2.73711060144869e-13
1.76539746219325e-13
2.62998240251186e-13
2.25186838732346e-13
5.15038394040399e-14
3.1604127441902e-13
7.87710873016158e-14
9.16092959932819e-14
2.09293872741874e-14
2.44254172462899e-13
3.43458826275704e-13
0
6.42480633965823e-14
4.22244225907423e-14
2.96564106201e-13
8.93667131538873e-14
8.55846532550015e-14
7.7537912498389e-14
6.0771905687324e-14
3.06515999142034e-13
1.37918134619493e-13
1.69393480533304e-13
2.16369977821907e-14
7.38631098806455e-14
1.17942904516762e-13
2.33069589534106e-13
1.24118019406687e-13
1.07377169580751e-13
1.2659869087854e-13
1.41262712541037e-13
6.8531454478369e-14
1.77410170714835e-14
1.33683374056496e-13
1.39004671039444e-13
2.71143859690536e-14
1.36840243546938e-13
1.4755106235945e-13
1.96059540770251e-13
0
2.12907338243168e-13
3.18225860396679e-14
4.57038097985745e-15
2.76176330015287e-14
6.96584222916135e-14
5.63210350845476e-14
1.04537748207129e-13
1.06018367034828e-13
0
1.60132189803122e-13
2.32998369842416e-14
9.37555296448591e-15
1.27577506838636e-13
6.68096901517563e-14
7.72658560725442e-14
1.6647713601135e-13
8.95372400312518e-14
0
3.32932051079801e-14
3.82158959713443e-14
0
1.94022862975491e-14
1.76538035322691e-13
9.93705694371603e-15
7.06312221463715e-14
7.18763185870435e-14
1.55598004330517e-13
9.50430722078075e-14
1.56711247615316e-13
1.97291532998528e-14
7.96714448473891e-14
6.04695643972121e-14
1.12458663634633e-13
8.31668246364681e-14
7.41766181638257e-14
0
2.24779130731468e-14
4.51869495460424e-14
1.51787413478529e-14
3.06712006387462e-14
1.86411824546868e-13
3.1553436531916e-14
1.07100298191291e-13
1.85889352097011e-13
1.63375960446373e-13
6.91135633320326e-14
1.85317658648274e-13
5.19035125856147e-14
3.14872275048421e-14
6.3850343181467e-14
1.94762895288522e-13
1.43428122601892e-13
4.51292760710965e-14
1.67427064120169e-13
2.36132422005667e-14
6.861581143125e-14
1.11818590438243e-13
3.23254595692429e-14
5.46750017364829e-14
1.11307786760438e-14
2.27295901091322e-14
9.31189568786897e-14
3.43180190187454e-13
9.41285682259782e-14
8.11821846179656e-14
6.5552491519515e-14
5.53108332752149e-14
1.34835035538079e-13
5.72494469058365e-14
2.34117155018773e-14
2.40151651781892e-14
1.75868037155607e-13
3.22556245506914e-13
1.16546385803e-13
2.57806495786343e-13
3.4070968239573e-14
6.92741908856771e-14
9.42217823184731e-14
3.85803758288346e-13
3.46800386940346e-13
1.80263957496296e-13
1.80880127006991e-13
1.53664695345797e-13
2.9900733113242e-13
2.56516339194457e-13
1.89816953208953e-13
3.87664479811705e-13
4.71829953687686e-13
7.66475016821224e-14
0
4.92578474121605e-14
5.25295676578734e-14
1.17995364247306e-13
2.87302010946073e-13
9.75205197658363e-14
1.24605085236044e-13
2.55734982140879e-14
2.63488681655169e-14
0
4.75319600437938e-14
9.57749308228425e-14
0
9.83237105559889e-14
3.75763488356127e-14
5.12638100803486e-14
0
0
1.94191556960127e-13
1.34023373535373e-13
2.14876758690148e-13
1.1180487471084e-13
2.52374072351358e-14
1.54439458001902e-13
5.27244116693037e-14
2.71161058930552e-14
5.60331943910747e-14
0
0
6.29693724317892e-14
5.09887403909722e-14
2.59117454005287e-14
9.25667997300402e-14
1.62674671506836e-13
1.67516913250471e-13
2.88858441146283e-14
0
2.56217078191643e-14
5.81296527253446e-14
7.84827225832258e-14
1.33022136765289e-13
1.08698602787175e-13
2.78831634421796e-14
2.01215123523476e-13
2.97795195066983e-14
4.18599706077404e-13
7.88235723101854e-14
2.65007661425237e-14
4.0268428750661e-14
0
1.6752848211463e-13
1.433745764086e-13
1.18373193376657e-13
9.20948248727273e-14
0
1.34726159234669e-14
0
1.37744988285734e-14
7.01170746290167e-14
0
8.84648122951181e-14
3.35114340556714e-13
2.53142238175353e-13
0
0
1.11546242360567e-13
0
1.43987941397513e-14
1.7685847051475e-13
0
9.40817157062771e-14
9.7841164394506e-14
0
1.84224707869146e-13
2.86079864977551e-14
7.25344823257798e-14
1.62628218527691e-13
1.21143063058051e-13
1.55910753632944e-13
9.68425206385794e-14
2.01670837598793e-13
2.31450906159863e-13
1.45347949654825e-13
8.80473557841443e-14
1.19105053872461e-13
4.55413813994599e-14
9.33513834250251e-14
1.60319472775392e-13
1.66132044716441e-13
0
0
9.69046563434277e-14
1.80662939031509e-13
1.22238036493199e-13
2.96158890586825e-13
1.59855480543967e-13
1.64848408031996e-13
1.70989800904456e-13
3.56923268127608e-14
0
6.88150847577503e-14
2.3169485827184e-13
1.56820466897836e-14
1.76057474415223e-13
6.56965703146006e-14
6.78003277435387e-14
1.40784778537092e-13
3.67762733228925e-13
2.49708510217211e-13
5.49029882644118e-14
1.58480774517098e-13
6.43811901631432e-14
1.31476047424068e-13
1.68746630770272e-13
6.97120222037425e-14
7.24436642807471e-14
7.5780771156859e-14
0
1.85054242167107e-13
9.75647674051336e-14
5.28633741617287e-13
4.05011084807221e-13
1.38699469848844e-13
1.79189556446327e-13
3.72756121853727e-13
1.9517735716381e-13
1.31364007063939e-13
6.60313912178382e-14
0
1.6955872757252e-14
1.03970460344724e-13
1.06876725223314e-13
1.84232855819612e-13
0
2.41274164648325e-13
1.34752975053655e-13
1.60886214966884e-13
8.56015746698532e-14
1.91441978981554e-13
7.117470569067e-14
1.09806399276413e-13
2.65179016915323e-13
1.97353296535791e-13
2.89953342941107e-13
1.38234564868494e-13
8.6873052072443e-15
1.75677364230688e-14
7.14558289983724e-14
7.30863829991619e-14
1.12815732653197e-13
1.94735468248075e-13
0
4.26649833053447e-14
1.41811279885946e-13
6.23903761671036e-14
1.98300942201986e-13
1.8336626754827e-14
1.50100095446972e-13
1.15906890780878e-13
2.40242808347794e-13
1.67150662263662e-13
1.31827475947801e-13
0
7.31573983718829e-14
2.58993160077537e-13
1.31755154062549e-13
7.7067112841092e-14
0
2.05818134184181e-13
1.28981929761835e-13
9.05107128373759e-14
0
1.78272509169862e-13
5.69536056769715e-14
7.72836836985259e-14
1.97847574388394e-13
1.22343638989182e-13
4.23173783202636e-14
8.8466621376672e-14
1.86418104385347e-13
0
1.05900835214879e-13
0
1.18999522709956e-13
1.62534578679926e-13
2.09489767934646e-13
8.70051056974195e-14
9.10131214296989e-14
0
0
2.27207932578078e-13
9.99730009883558e-14
8.14381282919448e-14
4.17267115058031e-14
4.30450579993725e-14
1.34160010100759e-13
0
1.97662837690459e-13
1.61214254840608e-13
5.06835784622538e-14
4.10407360306637e-14
8.36005378036645e-14
8.56990038319644e-14
4.42233516552975e-14
9.19412120759231e-14
9.63170047367207e-14
2.03519017996718e-13
0
6.24111846137115e-14
0
2.14554498899239e-14
2.20014119098872e-13
1.81734729675913e-13
9.45105217480392e-14
0
2.09536676597348e-13
0
6.40454503437478e-14
1.29691594902662e-13
2.2025877949797e-14
0
9.33538424149844e-14
0
1.01914886947137e-13
3.23580238487123e-13
1.74173412091632e-13
1.86218756381882e-13
8.87407340350364e-14
4.52236581327794e-14
0
0
4.99304502405025e-14
2.09658167279894e-13
0
1.78730850447531e-13
1.12414736913309e-13
0
1.16068624234333e-13
4.76543908310036e-14
1.47797176705656e-13
1.02645819921167e-13
0
2.28602573654564e-13
0
5.76836804569331e-14
7.01160207192152e-14
1.1915999186507e-13
4.89383663522008e-14
5.06131539651306e-14
1.05506547221634e-13
0
1.17655401611025e-13
1.88221848984874e-13
1.18400441052463e-13
1.19948832447945e-13
1.46802567076718e-13
1.50771764096901e-13
2.59986086875308e-13
2.16890282108589e-13
1.14058054965304e-13
2.42203457919454e-13
0
3.64548478111682e-14
4.92486933696067e-14
1.75836291682456e-13
1.03224009795621e-13
5.34189117275671e-14
1.67195574168368e-13
2.34607778436266e-13
2.49285509770068e-13
1.98237257286274e-13
1.99546811838865e-13
1.0110481624934e-13
0
2.12014367122084e-13
5.48792600298656e-14
1.71846666947745e-13
1.20638322163765e-13
1.2828103326708e-13
0
5.12018151084008e-14
5.18916152550622e-14
0
1.63299050056672e-13
5.63793131032479e-14
5.88747789780794e-14
1.2406375440385e-13
1.32019187703205e-13
0
2.36487358574415e-13
7.99009174742727e-14
1.08740133006185e-13
1.67703924535778e-13
1.15840300678533e-13
6.05106740705623e-14
1.27582651960622e-13
1.35859913406549e-13
2.14307127034035e-13
9.43958200897237e-14
5.46803871011991e-14
2.79113508924959e-13
1.1481904558528e-13
2.38011521905571e-13
3.109554240126e-13
2.62395096108152e-13
0
0
1.79939436128822e-13
0
1.14629705641156e-13
1.17917491576526e-13
1.22257284795743e-13
6.39172204116248e-14
1.34911044927419e-13
1.43860229297372e-13
0
5.68303071440101e-14
2.01680627734031e-13
0
6.05500919345158e-14
2.51194423804758e-13
3.28451615171493e-13
1.38725815721959e-13
2.96051171604005e-13
0
2.91672512851982e-14
8.87320415771355e-14
6.04220260598461e-14
6.21847063110698e-14
0
0
2.85289212806292e-13
3.04610100752771e-13
2.37851696301609e-13
5.98796488792251e-14
6.07280340811993e-14
0
0
2.65103908953056e-13
6.93825677482481e-14
5.86680950954293e-13
1.56701706632114e-13
2.4414392754848e-13
1.69033858940918e-13
6.23441876418688e-14
6.37005309023581e-14
1.96765429778982e-13
2.72343548717844e-13
0
1.50805607330044e-13
0
2.5060747052481e-13
1.4196886047462e-13
1.60010794837612e-13
2.61627848113087e-13
0
2.09835014903643e-13
0
0
1.65859351583907e-13
1.28623487847299e-13
6.47720625490201e-14
3.28548097384068e-14
6.71598052804905e-14
6.9179855359129e-14
7.18546683663155e-14
7.53062337481363e-14
4.78252645315334e-13
1.70626937378155e-13
0
0
0
1.37920643855856e-13
0
0
1.54778362817794e-13
1.6390031839876e-13
1.75524913812838e-13
5.36455187282256e-14
0
0
0
1.95661017448721e-13
0
0
0
0
246.301468842025
1.22618328521662e-13
1.66318874262749e-13
0
2.9706996420805e-13
1.95661017448728e-13
2.55396617206391e-13
0
4.24395788788609e-13
5.41031855919661e-13
737.029903628453
1.53272910652081e-13
3.32637748525508e-13
0
2.97069964208053e-13
0
2.55396617206402e-13
0
4.24395788788617e-13
8.11547783879492e-13
1222.14909581751
6.13091642608338e-14
1.66318874262757e-13
2.23373776268122e-13
0
1.95661017448736e-13
0
3.30527361785454e-13
4.2439578878863e-13
2.70515927959841e-13
1697.96699543349
2.45236657043341e-13
0
2.23373776268126e-13
0
0
0
3.30527361785464e-13
2.12197894394319e-13
0
2160.86234095361
2.45236657043349e-13
1.66318874262766e-13
2.23373776268131e-13
0
0
0
0
2.12197894394323e-13
2.70515927959859e-13
2607.31221929503
0
1.66318874262768e-13
2.23373776268136e-13
2.97069964208082e-13
0
2.55396617206424e-13
3.30527361785481e-13
0
2.70515927959861e-13
3033.91887730938
2.45236657043357e-13
0
2.23373776268142e-13
1.48534982104047e-13
0
2.55396617206432e-13
3.30527361785483e-13
0
0
3437.43558073713
1.22618328521682e-13
1.66318874262778e-13
0
0
0
0
1.65263680892743e-13
2.12197894394344e-13
0
3814.79132381494
0
0
0
1.48534982104049e-13
0
0
1.6526368089274e-13
2.12197894394345e-13
5.41031855919742e-13
4163.11420148537
1.22618328521678e-13
0
1.11686888134071e-13
1.48534982104047e-13
0
1.27698308603214e-13
3.30527361785482e-13
4.2439578878868e-13
8.11547783879581e-13
4479.75326632451
1.22618328521676e-13
0
2.23373776268135e-13
1.48534982104042e-13
9.78305087243755e-14
2.55396617206427e-13
0
4.24395788788655e-13
4.05773891939791e-13
4762.29870385802
0
1.66318874262766e-13
2.2337377626813e-13
0
4.89152543621866e-13
2.55396617206416e-13
0
1.06098947197161e-13
6.7628981989965e-13
5008.60017270028
1.2261832852167e-13
8.31594371313803e-14
1.11686888134063e-13
2.97069964208065e-13
3.91322034897484e-13
3.83094925809617e-13
1.65263680892732e-13
5.30494735985798e-13
2.70515927959851e-13
5216.78316995297
0
8.31594371313785e-14
1.11686888134061e-13
1.48534982104032e-13
3.91322034897475e-13
2.55396617206403e-13
8.26318404463629e-14
1.06098947197157e-13
2.02886945969881e-13
5385.26329730259
0
8.31594371313767e-14
5.58434440670282e-14
3.71337455260066e-14
2.44576271810915e-13
2.55396617206398e-13
2.06579601115903e-13
5.30494735985775e-14
2.02886945969873e-13
5512.758319249
1.22618328521662e-13
0
6.42199606770811e-13
5.38439310127089e-13
1.95661017448729e-13
3.19245771507992e-13
3.09869401673848e-13
3.18296841591458e-13
7.4391880188953e-13
5598.29792169124
0
0
2.23373776268104e-13
2.97069964208043e-13
0
0
0
0
0
5641.23109660464
7.44002821673387e-14
6.74298602218366e-15
7.30477875188109e-14
1.67062786682827e-14
3.53595753633218e-14
1.29012410769807e-14
9.95165294711551e-15
4.91104832589849e-14
3.42713269748162e-15
2.4355498741632e-14
1.56911060848857e-14
1.03915590286979e-14
4.12811956347549e-14
2.81383951684116e-14
1.64055244470556e-15
6.40374406386056e-14
7.81083981738305e-14
1.90219572625593e-14
6.89324448904388e-14
6.57575741040554e-14
1.45252458650791e-13
2.00324612403106e-14
3.49618629823739e-14
3.68558047040645e-14
3.73496025291052e-14
3.3342996992854e-14
5.54398479717869e-14
3.48306169877806e-14
2.31099524940387e-14
2.70355134354353e-14
1.09060706966252e-14
6.44746587808345e-15
3.86302446897299e-14
2.7578727543364e-14
4.45381238710965e-14
2.5693433432219e-14
5.67653508223705e-14
1.77516284051098e-14
2.21250279691604e-15
8.92448102141899e-15
1.00221692565307e-14
4.02190530767434e-14
2.51657805286726e-14
6.33367856511763e-14
4.96978071909799e-14
7.89019312713831e-14
6.40788906509804e-14
1.20771094612294e-13
3.38879172698628e-14
6.41516509069636e-14
8.20236682687333e-14
9.01017370579976e-14
1.25652900024805e-13
2.14196577772688e-14
5.85879293626162e-14
6.92657924277155e-14
5.48897807835215e-14
3.93289630534058e-14
3.37173275997729e-14
3.90227236001252e-14
1.20687295695162e-15
1.16812893958947e-14
1.05504849561352e-14
6.9017468866747e-14
4.41443773960017e-14
1.91099470750564e-14
4.23352952941936e-14
1.27788812697136e-14
3.50424882434705e-14
3.61077581227237e-14
6.44239037769404e-14
9.74228931632783e-14
9.34245532618814e-14
2.00174401608076e-13
1.12531832732362e-13
3.54514763713778e-14
1.12714636769371e-14
7.42734029462236e-14
1.81597785528074e-14
1.12655513483339e-14
1.4082054500643e-13
3.26270423246182e-14
2.14938530633396e-13
1.18077141884611e-13
2.3453531214549e-14
3.16211132139928e-14
5.12381721827299e-14
9.39892134106674e-14
8.92937148437489e-14
5.49203492932628e-15
5.75123384441881e-14
1.24003738873907e-15
4.24977376563116e-14
4.18916449969021e-14
7.68310516105651e-14
1.03043285964534e-13
9.61212250868892e-14
4.19400311942244e-14
6.68500941037576e-14
3.5011229277081e-14
3.79518383342811e-14
6.30825340931773e-14
5.64791203138991e-14
6.13565588653386e-14
1.34503680917499e-13
5.73074657200654e-14
1.08188873786726e-13
8.4770073495211e-14
6.15072809128945e-14
0
3.26320855251055e-14
6.48950296398804e-14
5.67496475427823e-14
5.65986997247422e-14
9.34620191027386e-14
1.89630758219772e-14
3.94599502896152e-14
1.03159909768743e-13
3.82081359949195e-14
1.07323528641812e-14
2.48157554898799e-14
7.79207138225187e-14
5.4942220676308e-15
2.54073534126155e-14
6.89427447668797e-15
3.63968107734186e-15
3.16805384483067e-14
4.60452423736393e-14
5.04710879634934e-14
9.49052771642808e-14
3.40617459297476e-14
4.47305824658968e-14
2.13169373923136e-14
2.18355334173923e-14
1.70367800351942e-14
1.57387468495903e-14
4.75838570981568e-14
3.34224922141429e-14
7.5785078745814e-14
6.89944887526142e-14
8.36588390275679e-14
9.18013396602276e-14
1.14790843420486e-13
4.45212525441359e-14
0
7.45806089426395e-14
2.9595214012003e-14
4.5520007280124e-14
3.4007632704809e-14
3.46679375777037e-14
1.40541569186339e-14
8.53776935486e-14
4.40360287981009e-14
1.70921769872545e-13
1.73888251861625e-14
1.25157349844526e-14
2.43822911854452e-14
2.37215595199219e-14
4.18299419190006e-14
6.10734989640618e-14
9.70762640917431e-14
1.04803110965099e-13
4.92806219990044e-14
1.06404982514616e-14
4.73528915381885e-14
7.02186561562924e-14
3.62829467483578e-15
4.02139995424867e-14
6.58430681508974e-14
8.39710198586045e-14
1.58929316650032e-14
5.79297804619872e-14
6.54854726963934e-14
1.43434522476172e-15
1.58968249618376e-13
7.08615736362046e-14
5.03679326549743e-14
4.92689555329073e-14
1.21120355765848e-13
1.58039578135175e-13
1.39574968411117e-13
8.12258518980023e-15
1.0229357450296e-15
1.05636460473211e-13
4.30900757988708e-14
3.89665718281311e-14
1.34899468586676e-13
3.68966571998069e-14
2.32659624934414e-14
3.50245279398154e-15
1.43313682587589e-13
5.08614937209878e-14
1.03581952450251e-13
8.49249725252986e-14
5.11658847361463e-14
6.95727934305542e-14
6.44138302585736e-14
1.11201679954494e-13
1.01082285672871e-13
4.03261395216641e-14
5.49453999963081e-14
1.58988837214585e-14
1.72917346560094e-13
3.70498615276877e-14
1.83606227283813e-14
6.21586942241019e-14
1.83268368447994e-13
1.61848266031149e-13
1.46611252238422e-13
5.83887861405295e-14
7.67462521636794e-14
1.96442924632676e-14
3.5108525544097e-15
1.50144646540865e-13
2.91478427798592e-15
7.27507694803587e-14
1.08774584419403e-13
2.15829918554364e-13
0
7.51509552306619e-14
1.98888845717082e-14
1.0465090541586e-14
4.21638571687269e-15
4.82330599072137e-14
3.48326072925667e-14
3.32381152064922e-14
3.28585252915057e-14
3.71549611606012e-14
1.32082376718418e-14
5.70153665353822e-14
2.20135681594486e-14
6.42674989029474e-16
6.82907737921196e-14
9.77951104416911e-16
4.59661757384276e-14
6.91145087721843e-14
6.02854180601031e-14
5.8034832761564e-14
1.16227310223387e-13
8.03095228896921e-14
7.26598335016507e-14
9.2511352736807e-14
5.07589941502587e-14
1.7857820989357e-14
7.05317491391088e-16
9.23469628494588e-15
3.1836999838542e-14
5.36808662150791e-14
4.86213967097606e-14
5.2257223388529e-14
6.10948111006893e-14
1.31956404849596e-13
1.4372216353218e-13
2.25577156244062e-14
4.39218905340281e-14
3.81329612605532e-15
3.84039914395787e-14
3.79032644946061e-14
3.11611198079214e-14
3.88355225764076e-14
5.37281796142899e-14
1.05035179404233e-13
6.85161557315754e-14
6.25450569848932e-14
7.11151552509636e-14
9.04435535556814e-14
4.0801881239616e-14
2.90536773190122e-14
4.55602478242545e-14
8.83962474103005e-15
1.27595228827572e-13
2.07897259954045e-13
1.28110993835701e-13
3.33357068689411e-14
1.01583262038756e-13
1.27323923508326e-13
1.32640927519907e-15
1.41142675166722e-13
1.60966252251337e-13
4.60553810248349e-14
4.09223976626482e-14
8.60821891327936e-14
2.85879214641671e-14
2.41450564355854e-14
6.2655937224514e-14
2.58971064063765e-14
9.38822387347279e-14
5.77739280373191e-14
2.35596847844673e-14
1.72364911834751e-13
1.70643983955741e-14
2.89666076108216e-14
1.35462003712668e-13
9.25976174606517e-14
1.73954198030056e-13
1.69614091389923e-13
1.88078971120002e-14
9.31589156347787e-14
2.68021457835681e-14
6.95477166340683e-14
1.45811848455214e-13
1.17355296663893e-13
4.76922986741685e-15
4.05532766820077e-14
1.61190310821057e-14
6.6546745781446e-14
5.44784152149678e-16
1.59083063233885e-14
3.03800757765018e-14
1.26255695341769e-13
5.60044874179138e-16
1.50567260573108e-13
4.5426000062403e-15
9.2052243451519e-14
4.43294142693658e-14
4.75342524689283e-14
4.43605319506806e-14
1.7984307173031e-13
2.59791381541991e-13
3.09849147213669e-14
2.68788406626518e-13
1.02094795153627e-13
7.42095733469855e-14
4.62412000715564e-14
1.54171122781137e-14
1.17666265411818e-13
9.75317318664832e-14
0
3.95764713232576e-14
3.3893217583916e-14
1.64606040195489e-14
1.44610191404869e-14
1.21308630399588e-14
3.35813305931855e-15
3.99504375090147e-15
1.4230116653761e-14
1.86841692251778e-14
8.93385274768458e-14
3.6287966901021e-14
7.62335924379915e-15
6.33096870776548e-14
1.28746161019341e-14
1.04003544327677e-13
9.81698003001986e-14
1.83851526576918e-14
1.58630886725451e-14
9.98009265590674e-16
5.35796177895003e-14
7.51709970176076e-14
3.90219185825791e-14
7.61693915817057e-14
6.08573802323992e-14
8.51410452536274e-14
2.40389983987112e-14
3.857650662582e-15
4.20087380923058e-14
7.95980975530608e-14
1.32348164855004e-14
1.09098780477267e-13
4.5667624458005e-14
4.96177350882159e-14
6.75733653494142e-14
6.24746277314144e-14
5.6561296874978e-14
1.53574100470526e-14
1.38752191722626e-13
1.72687498880861e-13
8.59585444361259e-14
4.61470961442409e-15
1.1148380531231e-13
1.40274113351012e-14
8.66807405906845e-14
1.23574698825118e-13
3.61643844303758e-14
9.20071468335628e-14
3.94614853883951e-14
1.40241537158822e-13
6.97669078179829e-14
9.03500580420474e-15
8.26775759192587e-15
4.74366673602286e-14
6.65974532109213e-14
2.31885699032164e-14
1.02277169514593e-13
1.14057252830063e-13
1.52647464277247e-13
3.46258492853094e-15
1.97359241885547e-13
3.02591546497424e-14
9.53475422672827e-14
6.70934880339331e-14
1.14048846492358e-13
4.95211042061321e-15
1.83073525381423e-13
1.1494521429008e-13
1.90080033510917e-13
2.77289131824559e-15
9.44327659177977e-14
1.6388508455908e-14
7.49398574506862e-14
4.74416444066355e-15
4.05903036363167e-14
1.35068159351083e-13
1.38374361868283e-13
2.14281590863245e-14
1.76472454898794e-14
1.92433611180841e-14
3.12894858080436e-14
6.24897955194257e-14
1.15735822423672e-14
1.200407918321e-13
5.55708716406536e-14
7.44095343105035e-14
8.78110255083284e-15
5.14724141453475e-14
5.23333134816368e-16
6.37385484782612e-14
1.23540957679917e-13
1.05137874454629e-13
2.57852775233973e-14
5.19085736885232e-14
5.22487700909172e-14
5.4782456528704e-16
2.701929024784e-14
4.10719783050923e-14
8.26820730269186e-14
1.88940192560201e-13
9.96168664181299e-14
7.9189908339092e-14
2.09879807947374e-13
1.37372804793426e-13
2.55629179159749e-14
7.66059833727401e-14
9.53541867413771e-14
1.72405377158689e-13
1.12111056511819e-13
0
6.83501140465492e-14
4.07848281053029e-14
1.64737503339228e-14
1.80814673407386e-15
6.06409435519595e-14
9.15190786834478e-15
3.00795809102359e-14
3.33522905606182e-14
4.34997768022483e-15
5.65842445907197e-14
1.00338233509742e-13
1.8671854712324e-14
7.96042014578914e-14
9.45103515955453e-14
1.34739790522257e-13
8.17303174903191e-14
4.20955554867919e-14
4.43246195470358e-14
2.21335758401321e-14
6.51477163520289e-14
1.90627316185097e-14
1.00948410866108e-14
6.09423907128431e-15
1.15823168063853e-14
1.67951129395476e-14
6.518081076139e-14
7.28700602207623e-14
6.98284622042938e-14
1.82675051297854e-14
1.13463218108152e-13
9.35364184542328e-14
8.48103792606372e-14
6.37309422574426e-14
2.28241584713809e-14
1.33053092415925e-13
3.48445070530595e-14
6.05248750111399e-14
1.39623316321631e-13
5.30565750957623e-14
3.7595194724333e-15
1.32398345063309e-14
5.25262589212007e-14
1.60853397608767e-14
2.31215237499816e-14
4.30400845943072e-14
9.59778152442954e-14
1.02854508559295e-13
1.48129060678667e-13
7.90951222366982e-14
4.79917023761412e-14
6.51911833554927e-14
1.00013907412047e-13
4.0743063458906e-14
7.46132486605026e-14
2.02130644606213e-14
1.45276804460434e-14
2.38065176316776e-14
1.51292334814008e-14
1.61959798197445e-13
8.04201543678675e-14
1.41290283249391e-14
5.34214789350534e-14
7.36952698125099e-14
2.35549139322049e-14
6.58380086839071e-15
8.34728976602944e-14
4.35520504794087e-14
1.56512851890729e-14
7.64946199588091e-14
2.8072057490664e-14
4.28263996971589e-14
4.30936511105831e-14
2.35265314551071e-14
3.29570951595519e-14
6.30561938114446e-14
6.01600118364053e-14
7.66156457796172e-14
8.66121648759289e-14
2.490098033265e-14
7.22787268992953e-15
2.66678861828509e-14
4.83023540429491e-14
7.21702422423653e-14
1.01769185401724e-13
6.51222119239816e-14
5.60254245907165e-14
3.22149088722139e-14
1.12951526639564e-13
1.15697483914957e-13
1.25653751519432e-13
4.38672205318355e-14
1.82799990541488e-13
1.84467990443167e-13
1.10427922347869e-13
4.86811932599845e-14
1.8103667669796e-14
7.9834142241857e-14
5.76901133816421e-14
6.40199476895832e-14
1.49316156043263e-13
1.95576242403501e-13
3.84209410122588e-14
1.26277682696527e-13
4.17037424747426e-14
1.11532750615373e-13
3.17427220400023e-14
7.47217095617806e-14
9.67153079852456e-14
0
1.60016909376841e-14
1.49008380077155e-14
2.45768026944762e-14
4.52143075396234e-14
4.54727494013617e-15
6.09772027127517e-16
7.38982735297197e-14
4.07073762958656e-14
3.62885102519734e-14
1.37253112200717e-14
1.6627760985011e-14
3.72332036822984e-14
1.61849428374951e-14
4.72386401935576e-14
1.58905019810595e-13
4.45564212523846e-14
5.48805875149946e-14
2.51492839804913e-14
5.91305966722255e-15
2.6432399443325e-15
2.22653857337648e-14
2.17259889738645e-14
1.37836036289208e-14
3.51663187084083e-14
7.17616782880141e-14
2.39456502077051e-15
8.94586395383883e-14
4.8450603890125e-14
2.9935994039834e-14
2.45086386158455e-14
5.63467503665303e-14
6.5531510423394e-14
3.45606213749799e-14
1.54103111819119e-14
2.19891127600825e-14
3.0820059675996e-14
3.57420164317983e-14
1.03819651879447e-13
3.94837859824342e-14
5.97591585587297e-14
1.90411885996559e-14
5.93373201375033e-14
8.34856335248623e-14
1.02596731774054e-13
1.16961551927207e-13
8.07410803005033e-14
4.25425121661273e-15
3.46240005896733e-14
3.6785230574041e-14
7.7154573255034e-14
1.34235333377784e-13
3.26621001264097e-14
1.7229130632828e-14
4.51418260893896e-14
1.25687044164783e-14
2.69179503516238e-14
6.76943984287722e-14
4.53976846117722e-15
3.90249704174363e-14
5.38740494337799e-14
9.24249516141244e-14
6.88862027127335e-14
1.22438121222999e-13
1.41129910092427e-14
4.13008254009393e-14
8.74223844161083e-14
1.95915577374648e-14
6.56952964185719e-14
8.89984260031113e-14
5.31865117133324e-14
1.27965476917067e-13
7.60278366435409e-14
2.50431674503094e-14
1.11667309395171e-13
5.02319014165806e-15
1.15537300744477e-13
8.78084723732684e-14
1.68767698283734e-13
8.02135962129505e-14
3.5289666747344e-15
7.36072137228648e-14
2.04768610716566e-14
7.01841005258876e-14
4.33761540100737e-14
6.1819766634749e-14
8.14598314660967e-14
9.10294705215691e-14
7.33122960532323e-14
5.53781814202077e-14
1.10675677391846e-13
1.70912246948578e-14
2.25045975341121e-13
1.36098442323356e-13
1.22077893844748e-13
7.98179847531576e-14
4.71446048104782e-14
3.38786919564421e-14
1.15099009741259e-13
7.41204895681671e-14
5.83822235689559e-15
1.61258261137587e-13
2.71290492634117e-14
3.18877921223349e-14
8.23787849605007e-14
5.36117762333739e-14
7.62283147211629e-14
9.05352639237302e-14
8.66293222154967e-14
0
2.96661357227776e-16
3.31065917743232e-14
6.29715963642056e-15
7.77825893619679e-14
1.81867276761594e-15
5.7598218724655e-14
1.25625650822576e-14
3.08066833173631e-16
1.13055452945087e-13
8.7822271564254e-14
7.20184014572549e-15
3.08535364070824e-14
4.81159225747979e-14
2.16433057352286e-14
2.43220847406207e-14
3.02475795463553e-14
5.75918945774237e-14
3.31835709735347e-14
5.2012128621468e-14
9.86770732704325e-15
1.85213848541477e-14
4.82221703572157e-14
5.53443058651955e-14
3.076770390958e-14
3.17836464544089e-14
7.65002869551266e-15
8.17120125203513e-14
1.16374250785978e-13
5.20292637416922e-14
3.89354207952674e-14
3.37343638920184e-14
6.64397590376834e-14
8.78448527311186e-14
1.51079370021753e-14
2.52019570905971e-14
9.43639169524138e-14
1.32671238152945e-13
9.99723778619192e-14
3.38164640902205e-14
7.26097932417265e-14
2.69895150909834e-14
7.95669261538853e-14
1.60781580230563e-14
6.44886694368058e-14
8.26274964078471e-14
1.10668083435753e-13
1.09384062256952e-13
2.0385663374608e-14
6.28587352855426e-14
1.06398427860207e-13
5.02746329567351e-14
7.84980480500666e-14
1.21684009815719e-13
2.48738542271189e-14
6.74434643811523e-14
9.58067318910211e-14
1.55869481300942e-14
2.01552886651609e-14
6.1222439887083e-14
7.92844338598785e-14
7.08342307102817e-14
1.52065927739915e-14
2.30460133574033e-14
4.21433699087942e-15
1.08085550025638e-14
5.05179877600554e-14
5.14530590352681e-15
1.19457657076234e-13
1.16245267364975e-13
2.20312990672241e-14
1.18254506846828e-13
8.82675514225184e-14
2.70779014512926e-14
1.71894468174958e-14
5.18681862552909e-14
7.43027307383291e-14
7.70070071696994e-14
5.9634088348189e-14
5.60749996664472e-14
3.28242646942608e-14
2.55757497295523e-14
4.93456614392548e-14
1.29613649801008e-13
2.22413627802074e-14
5.09311493171656e-14
5.0511477480032e-14
9.58363664510776e-14
1.35636529594182e-14
8.64888418492561e-14
8.20958720048809e-14
2.26783164337279e-13
3.0324774755937e-13
6.6593553790615e-14
7.32580296485726e-14
4.26493262058285e-14
5.4831980412131e-14
1.77979212702635e-13
2.05487028536116e-15
1.26346377141981e-13
3.63867322449025e-15
1.85624807787463e-14
9.38879995221021e-14
6.34919774471831e-15
2.25934510918239e-13
1.24479153297707e-13
5.22415073184202e-14
1.68761667538571e-13
1.41697563256807e-14
0
2.59775054199064e-14
9.90752760594707e-14
6.14926328304415e-15
7.4776837351255e-14
4.34928259851357e-14
7.31191904243224e-15
5.81878346390061e-15
1.46229396455269e-14
8.04601603453054e-14
5.97281677557093e-14
6.9266944035226e-14
4.21245534355132e-14
6.79439878436412e-15
1.70279842142854e-13
6.78651854257636e-14
2.34371268262008e-14
1.27489883863991e-14
4.88332842048125e-14
8.44857866339215e-14
9.1986655466938e-14
6.97290902456035e-14
3.9939801010095e-14
1.01133793023691e-13
9.36357429750652e-14
2.91341044126907e-14
6.45074240338917e-14
3.68531986914642e-14
9.84058862569532e-14
5.05010762978499e-14
1.29746727114506e-15
2.55680965688079e-14
2.28213198411791e-14
5.53851355377607e-15
6.16969552638888e-14
2.60396266000801e-14
4.16404132192525e-14
1.06556247545208e-13
4.94139734690838e-14
4.66870973884525e-14
9.47993736336633e-14
4.49049651005791e-14
3.9149999041278e-14
5.60771861497331e-14
4.28497499457471e-14
3.06014827169956e-14
8.96686529451541e-14
6.89046792479088e-14
1.33609717234329e-14
7.26451525100806e-14
6.2723124129877e-15
2.25117193149209e-14
4.58593253417844e-14
6.89758398101398e-14
2.0413466204449e-13
1.94162064770534e-13
3.66150466803758e-14
5.44773516656779e-14
1.27422104406804e-13
6.11767801102286e-14
1.29875783625783e-13
1.75440127765464e-14
3.87932592833615e-14
1.30938062622626e-13
1.93444741692416e-13
1.8362355151139e-14
5.59257491949006e-14
4.90259452282576e-14
1.82913310244035e-13
2.18721550785696e-13
1.36315752895996e-13
7.63054741883531e-14
1.36558177228127e-13
1.71146840272396e-13
4.78052237308061e-14
7.29490797709539e-14
5.47166878992184e-15
3.17820344571088e-14
6.37012783571666e-14
9.41671853193064e-14
3.23302990531926e-14
2.22897623814766e-14
9.15190473727518e-14
6.88006874190945e-14
1.10105465977563e-13
5.06668937633786e-14
5.95893557809711e-14
1.09519391693886e-13
4.29359581136668e-14
9.79148345870097e-14
2.48014673910961e-14
6.29093960171267e-14
1.53960419363771e-13
4.06207422981021e-15
4.30844561052004e-14
8.09401773730792e-15
2.31704197580467e-14
1.87446968557059e-13
9.50280886932404e-14
1.44517664911294e-13
1.32283788221834e-13
1.1990320717939e-14
4.40909604594704e-15
8.38699256866368e-14
4.31636004553834e-14
1.88706173237042e-14
7.7118099251345e-14
2.67018954185627e-14
7.07711745207801e-14
7.56497880315868e-14
7.60316328318733e-14
0
7.68035816163327e-14
7.71937150546654e-14
0
0
0
0
0
0
8.00036939841636e-14
0
8.08324176368802e-14
0
8.16728736705857e-14
0
0
0
0
0
8.42659564762689e-14
8.4708772661672e-14
0
8.56036768226331e-14
0
0
0
8.7431068831195e-14
1.75791703751661e-13
8.83638455486734e-14
8.88350684081828e-14
8.93095391581211e-14
0
9.02682998740581e-14
0
0
0
9.22256352132997e-14
0
0
9.37290897333518e-14
0
9.47485745695003e-14
0
9.57819950619979e-14
0
9.68295169917389e-14
0
0
0
0
0
0
0
0
1.01722441019677e-13
1.02284624820463e-13
0
0
0
1.04571461163493e-13
1.0515281109189e-13
0
0
0
0
2.16237168494034e-13
1.08723711807219e-13
1.09332887215157e-13
1.09946135188504e-13
0
1.1118494857191e-13
0
0
0
1.13712553103396e-13
0
0
0
0
1.16967897276236e-13
0
0
1.18973487449221e-13
1.19650910431241e-13
0
1.21019261181433e-13
1.21710244746382e-13
0
0
1.23810767007982e-13
0
1.25234377701547e-13
0
1.26676869200306e-13
0
1.28138477177114e-13
0
0
0
0
0
0
1.33408125663655e-13
0
1.34958761225453e-13
0
0
0
0
0
0
0
0
0
0
0
0
0
0
0
0
0
0
0
0
0
0
0
0
0
0
0
0
0
0
0
0
0
0
0
0
0
0
0
0
0
0
0
0
0
0
0
0
0
0
0
0
0
0
0
0
0
0
0
0
0
0
0
0
0
0
0
0
0
0
0
0
0
0
0
0
0
0
0
0
0
0
0
0
0
0
0
0
0
0
0
0
0
0
0
0
0
0
0
0
0
0
0
0
0
0
0
0
0
0
0
0
0
0
0
0
0
0
0
0
0
0
0
0
0
0
0
0
0
0
0
0
0
0
0
0
0
0
0
0
0
0
0
0
0
0
0
0
0
0
0
0
0
0
0
0
0
0
0
0
0
0
0
0
0
0
0
0
0
0
0
0
0
0
0
0
0
0
0
0
0
0
0
0
0
0
0
0
0
0
0
0
0
0
0
0
0
0
0
0
0
0
0
0
0
0
0
0
0
0
0
0
0
0
0
0
0
0
0
0
0
0
0
0
0
0
0
0
0
0
0
0
0
0
0
0
0
0
0
0
0
0
0
0
0
0
0
0
0
0
0
0
0
0
0
0
0
0
0
0
0
0
0
0
0
0
0
0
0
0
0
0
0
0
0
0
0
0
0
0
0
0
0
0
0
0
0
0
0
0
0
0
0
0
0
0
0
0
0
0
0
0
0
0
0
0
0
0
0
0
0
0
0
0
0
0
0
0
0
0
0
0
0
0
0
0
0
0
0
0
0
0
0
0
0
0
0
0
0
0
0
0
0
0
0
0
0
0
0
0
0
0
0
0
0
0
0
0
0
0
0
0
0
0
0
0
0
0
0
0
0
0
0
0
0
0
0
0
0
0
0
0
0
0
0
0
0
0
0
0
0
0
0
0
0
0
0
0
0
0
0
0
0
0
0
0
0
0
0
0
0
0
0
0
0
0
0
0
0
0
0
0
0
0
0
0
0
0
0
0
0
0
0
0
0
0
0
0
0
0
0
0
0
0
0
0
0
0
0
0
0
0
0
0
0
0
0
0
0
0
0
0
0
0
0
0
0
0
0
0
0
0
0
0
0
0
0
0
0
0
0
0
0
0
0
0
0
0
0
0
0
0
0
0
0
0
0
0
0
0
0
0
0
0
0
0
0
0
0
0
0
0
0
0
0
0
0
0
0
0
0
0
0
0
0
0
0
0
0
0
0
0
0
0
0
0
0
0
0
0
0
0
0
0
0
0
0
0
0
0
0
0
0
0
0
0
0
0
0
0
0
0
0
0
0
0
0
0
0
0
0
0
0
0
0
0
0
0
0
0
0
0
0
0
0
0
0
0
0
0
0
0
0
0
0
0
0
0
0
0
0
0
0
0
0
0
0
0
0
0
0
0
0
0
0
0
0
0
0
0
0
0
0
0
0
0
0
0
0
0
0
0
0
0
0
0
0
0
0
0
0
0
0
0
0
0
0
0
0
0
0
0
0
0
0
0
1.16554358964349e-13
0
0
0
0
0
0
0
0
0
0
0
0
0
0
0
0
0
0
0
0
0
0
0
0
0
0
0
0
0
0
0
0
0
0
0
0
0
0
0
0
0
0
0
0
0
0
0
0
0
0
0
0
0
0
0
0
0
0
0
0
0
0
0
0
0
0
0
0
0
0
0
0
0
0
0
0
0
0
0
0
0
0
0
0
0
0
0
0
0
0
0
0
0
0
0
0
0
0
0
0
0
0
0
0
0
0
0
0
0
0
0
0
0
0
0
0
0
0
0
0
0
0
0
0
0
0
0
0
0
0
0
0
0
0
0
0
0
0
0
0
0
0
0
0
0
0
0
0
0
0
0
0
0
0
0
0
0
0
0
0
0
0
0
0
0
0
0
0
0
0
0
0
0
0
0
0
0
0
0
0
0
0
0
0
0
0
0
0
0
0
0
0
0
0
0
0
0
0
0
0
0
0
0
0
0
0
0
0
0
0
0
0
0
0
0
0
0
0
0
0
0
0
0
0
0
0
0
0
0
0
0
0
0
0
0
0
0
0
0
0
0
0
0
0
0
0
0
0
0
0
0
0
0
0
0
0
0
0
0
0
0
0
0
0
0
0
0
0
0
0
0
0
0
0
0
0
0
0
0
0
0
0
0
0
0
0
0
0
0
0
0
0
0
0
0
0
0
0
0
0
0
0
0
0
0
0
0
0
0
0
0
0
0
0
0
0
0
0
0
0
0
0
0
0
0
0
0
0
0
0
0
0
0
0
0
0
0
0
0
0
0
0
0
0
0
0
0
0
0
0
0
0
0
0
0
0
0
0
0
0
0
0
0
0
0
0
0
0
0
0
0
0
0
0
0
0
0
0
0
0
0
0
0
0
0
0
0
0
0
0
0
0
0
0
0
0
0
0
0
0
0
0
0
0
0
0
0
0
0
0
0
0
0
0
0
0
0
0
0
0
0
0
0
0
0
0
0
0
0
0
0
0
0
0
0
0
0
0
0
0
0
0
0
0
0
0
0
0
0
0
0
0
0
0
0
0
0
0
0
0
0
0
0
0
0
0
0
0
0
0
0
0
0
0
0
0
0
0
0
0
0
0
0
0
0
0
0
0
0
0
0
0
0
0
0
0
0
0
0
0
0
0
0
0
0
0
0
0
0
0
0
0
0
0
0
0
0
0
0
0
0
0
0
0
0
0
0
0
0
0
0
0
0
0
0
0
0
0
0
0
0
0
0
0
0
0
0
0
0
0
0
0
0
0
0
0
0
0
0
0
0
0
0
0
0
0
2.74679633287604e-14
2.76448204563719e-14
2.7822816308504e-14
2.80019582170691e-14
0
2.83637097671452e-14
2.85463343097305e-14
0
0
0
2.32578564352578e-14
5.28848531375771e-14
2.96670413007627e-14
0
0
0
0
0
0
0
3.1230055383392e-14
3.14311353769914e-14
0
0
0
0
0
0
0
0
0
0
0
0
0
0
0
0
3.50545519344579e-14
3.52802565959462e-14
0
0
0
0
0
0
0
0
0
0
0
0
3.83501288282902e-14
3.8597052618998e-14
0
0
0
0
0
0
0
0
0
0
0
0
0
0
0
0
0
0
0
0
0
0
0
0
0
0
0
0
0
0
0
0
0
0
2.58252170101839e-14
2.59914970377794e-14
0
0
2.64967884709724e-14
0
0
2.70119030948924e-14
0
5.01758782970979e-14
2.29619122972007e-14
0
0
0
5.18121431974063e-14
2.37107137613835e-14
0
0
2.41716652995508e-14
2.43272986547841e-14
2.93623137566913e-14
7.88345240445815e-14
4.96004740003528e-14
0
3.01258655957444e-14
0
1.62810728474382e-13
1.3314748107138e-13
0
3.11082877901923e-14
3.13085837625575e-14
0
3.17130529293212e-14
8.51459954552844e-14
3.21227473502105e-14
3.23295750920202e-14
0
3.27472342361803e-14
0
0
0
5.60331202916706e-14
5.63938990136853e-14
3.40328653069758e-14
0
0
0
0
3.51426970597846e-14
0
0
3.58258937120574e-14
3.60565647880385e-14
0
3.65223721470245e-14
3.67575276172073e-14
3.69941971756613e-14
0
0
2.01216878315511e-13
2.02512447218826e-13
3.82005997023038e-14
3.84465607244459e-14
0
3.89432439503274e-14
3.9193986613061e-14
3.94463437248422e-14
0
0
0
4.0472125566985e-14
0
4.09949766492684e-14
3.44039956935112e-14
7.61500939759638e-14
3.48484538515905e-14
7.71338614083216e-14
4.23318469474531e-14
0
0
4.31548053012138e-14
0
0
4.39937624951095e-14
0
4.45621088819615e-14
4.48490295568937e-14
0
0
8.38455784466206e-14
3.83701269243302e-14
4.63115827870122e-14
0
0
4.72119097672577e-14
8.71372909626398e-14
3.98765084101195e-14
0
0
4.87515179106756e-14
0
0
4.96992788003205e-14
5.00192760126288e-14
5.03413335811189e-14
9.2913153764156e-14
4.25197078834615e-14
0
0
0
0
0
0
0
0
0
0
0
0
7.54580342952346e-14
0
0
0
7.74202815940582e-14
0
0
0
0
0
0
0
0
0
0
0
0
0
0
0
0
0
0
0
0
0
0
0
0
0
0
0
0
0
0
0
0
0
0
0
0
0
0
0
0
0
0
0
0
0
0
0
0
0
0
0
0
0
0
0
0
0
0
0
1.13787258260486e-13
1.1451989676791e-13
0
0
0
0
0
0
0
0
0
0
0
0
0
1.25286233943687e-13
0
0
0
0
0
0
1.31043220627223e-13
0
0
0
0
0
0
0
0
1.38835456020531e-13
0
0
0
0
0
0
0
0
0
0
0
0
0
0
0
0
0
0
0
0
0
0
0
0
0
0
0
0
0
0
0
0
0
0
0
0
0
0
0
0
0
0
0
0
0
0
0
0
0
0
0
0
0
0
0
0
0
0
0
0
0
0
0
0
0
0
0
0
0
0
0
0
0
0
0
0
0
0
0
0
0
0
0
0
0
0
0
0
0
0
0
0
0
0
0
0
0
0
0
0
0
0
0
0
0
0
0
0
0
0
0
0
0
0
0
0
0
0
0
0
0
0
0
0
0
0
0
0
0
0
0
0
0
0
0
0
0
0
0
0
0
0
0
0
0
0
0
0
0
0
0
0
0
0
0
0
0
0
0
0
0
0
0
0
0
0
0
0
0
0
0
0
0
0
0
0
0
0
0
0
0
0
0
0
0
0
0
0
0
0
0
0
0
0
0
0
0
0
0
0
0
0
0
0
0
0
0
0
0
0
0
0
0
0
0
0
0
0
0
0
0
1.05447708451131e-13
0
0
0
0
1.08886420238827e-13
0
0
0
0
1.12437270440281e-13
1.13161216822732e-13
1.13889824456503e-13
5.73115616768707e-14
5.76805718599509e-14
0
0
1.17603838612082e-13
0
1.19123138461898e-13
0
0
0
0
0
0
1.24596926764385e-13
1.25399165150853e-13
1.26206568884679e-13
1.27019171224022e-13
0
1.57911034870111e-13
1.5892777177599e-13
0
0
0
1.32855787540731e-13
1.3371120199903e-13
1.34572124188e-13
1.35438589570074e-13
0
0
0
0
0
0
1.41662083820397e-13
1.42574199106717e-13
0
1.44416085918053e-13
1.45345933312666e-13
0
1.47223627589233e-13
0
0
1.50085749677736e-13
0
0
0
0
0
0
0
0
0
1.60034127565389e-13
1.61064534362674e-13
0
0
0
0
0
0
0
0
0
1.71740636894585e-13
0
0
1.75079385425622e-13
1.76206663660301e-13
1.77341200066513e-13
0
0
0
1.81952866591583e-13
1.83124400897255e-13
1.84303478324681e-13
1.85490147441571e-13
0
0
1.89096195308235e-13
1.90313723144021e-13
2.35085582777514e-13
1.40213047529478e-13
9.70067722136521e-14
2.39655797831786e-13
2.41198862219696e-13
1.97785292617882e-13
1.99058766676301e-13
1.00170220106419e-13
1.00815183010601e-13
0
2.04235187330137e-13
2.0555019012656e-13
0
0
0
7.82785955853122e-14
7.87826055624528e-14
0
0
0
0
8.1351752662871e-14
0
0
0
0
8.4004681161191e-14
8.45455595087116e-14
8.50899203930261e-14
8.56377862369481e-14
8.61891796077326e-14
0
0
8.78647527395044e-14
0
8.89998594436461e-14
0
0
0
0
0
0
9.30894628224332e-14
9.36888350733487e-14
9.42920664837407e-14
9.48991819016097e-14
3.580229965799e-14
3.60328188196632e-14
0
0
0
0
3.72078702327214e-14
3.74474393982691e-14
6.91153659900431e-14
6.95603769636133e-14
7.00082532156033e-14
7.04590131945971e-14
0
0
0
0
1.0583926608466e-13
1.06520730100201e-13
0
1.07896849546313e-13
1.08591561660965e-13
0
4.12317576217843e-14
6.92054162534187e-14
0
1.12132796350771e-13
0
0
0
0
0
0
0
0
0
1.19565476895672e-13
1.2033531944106e-13
0
0
0
0
0
0
0
0
0
1.28311701166849e-13
0
0
1.30806163232041e-13
1.31648380837586e-13
1.324960212036e-13
0
0
0
1.35941511960741e-13
1.36816794377613e-13
1.3769771244835e-13
1.81902074012721e-13
4.35966803522036e-14
5.2619874710135e-14
4.41598969163673e-14
9.77438879514997e-14
0
1.44025014913805e-13
1.44952344331628e-13
0
0
1.47770311211554e-13
1.48721755353036e-13
1.49679325528544e-13
1.5064306118158e-13
0
1.52589187965718e-13
1.53571659260219e-13
0
0
0
0
0
0
0
0
0
0
0
0
0
0
0
0
0
0
0
0
0
0
0
0
0
0
0
0
0
0
0
0
0
0
0
0
0
0
0
0
0
0
1.03275617783991e-13
1.03940575316341e-13
1.04609814290224e-13
1.05283362272445e-13
0
0
0
0
0
0
0
0
0
0
0
0
0
0
0
0
0
0
0
0
0
0
0
0
0
0
0
0
0
0
0
0
0
0
0
0
0
0
0
0
0
0
0
0
0
0
1.42351989206248e-13
1.4326854656507e-13
0
0
1.46053779332577e-13
0
0
0
0
0
0
0
0
0
0
0
0
0
0
0
0
0
0
0
0
0
0
0
0
0
0
0
0
0
0
0
0
0
0
0
0
0
0
0
0
0
0
0
0
0
0
0
0
0
0
0
0
0
0
0
0
0
0
0
0
0
0
0
0
0
0
0
0
0
0
0
0
0
0
0
0
0
0
0
0
0
0
0
0
0
0
0
0
0
0
0
0
0
0
0
0
0
0
0
0
0
0
0
0
0
0
0
0
0
0
0
0
0
0
0
0
0
0
0
0
0
0
0
0
0
0
0
0
5.98366257473625e-14
6.02218939825522e-14
0
0
3.34773585408876e-14
3.36929081759488e-14
0
0
0
0
0
0
0
3.54680258707088e-14
3.56963927540747e-14
0
0
6.67346591106691e-14
6.71643415003248e-14
0
0
0
0
0
6.98011615645926e-14
3.19430013879952e-14
3.85542366373404e-14
0
0
0
0
0
0
0
0
0
0
4.13744821546094e-14
4.16408787557297e-14
7.68550432711828e-14
7.73498874659666e-14
0
0
0
0
0
0
0
0
0
0
0
0
0
0
0
0
0
0
0
0
0
0
8.96536398137152e-14
9.02308899369874e-14
0
0
0
0
0
0
5.14637316106369e-14
4.31896331068188e-14
9.55962978594334e-14
0
0
5.31419941649164e-14
5.34841578823859e-14
0
0
0
0
0
0
0
5.63019815783912e-14
5.6664491409267e-14
5.70293353210109e-14
5.73965283419799e-14
0
0
0
0
0
0
0
0
0
0
0
0
0
0
0
0
0
0
0
0
0
0
0
0
9.17359459807004e-14
9.2326603384389e-14
0
0
0
0
0
0
0
9.71908491927014e-14
9.78166289133645e-14
0
0
0
0
0
0
0
0
0
0
0
1.05647802683431e-13
0
0
0
0
0
0
0
0
0
0
1.13375947964324e-13
1.14105938180846e-13
0
0
0
0
0
0
0
0
0
0
0
0
0
0
0
0
0
0
0
0
0
0
0
0
0
0
0
0
0
0
0
0
1.41022897527371e-13
0
0
0
0
1.45621737153047e-13
1.46559347337076e-13
0
0
0
0
0
0
0
1.54280856250158e-13
1.55274219637e-13
1.56273978962044e-13
1.57280175406575e-13
0
0
0
0
0
0
0
0
0
0
0
0
0
0
0
0
0
0
0
0
0
0
0
0
0
0
0
0
0
0
0
0
0
0
0
0
0
0
0
0
0
0
0
0
0
0
0
0
0
0
0
0
0
0
0
0
0
0
0
0
0
0
0
0
0
0
0
0
0
0
0
0
0
0
0
0
0
0
0
0
0
0
0
0
0
0
0
0
0
0
0
0
0
0
0
0
0
0
0
0
0
0
0
0
0
0
0
0
0
0
0
0
0
0
0
0
0
0
0
0
0
0
0
0
0
9.19475212128325e-14
0
0
0
0
0
0
0
0
0
0
0
0
0
0
0
0
0
0
0
0
0
0
0
0
0
0
0
0
0
0
0
0
0
0
0
0
0
0
0
0
0
0
0
0
0
0
0
0
0
0
0
0
0
0
0
0
0
0
0
0
0
0
0
0
0
0
0
0
0
0
0
0
0
0
0
0
0
0
0
0
0
0
0
0
0
0
0
0
0
0
0
0
0
0
0
0
0
0
0
0
0
0
0
0
0
0
0
0
0
0
0
0
0
0
0
0
0
0
0
0
0
0
0
0
0
0
0
0
0
0
0
0
0
0
0
0
0
0
0
0
0
0
0
0
0
0
0
0
0
0
0
0
0
0
0
0
0
0
0
0
0
0
0
0
0
0
0
0
0
0
0
0
0
0
0
0
0
0
0
0
0
0
0
0
0
0
0
0
0
0
0
0
0
0
0
0
0
0
0
0
0
0
0
0
0
0
0
0
0
0
0
0
0
0
0
0
0
0
0
0
0
0
0
0
0
0
0
0
0
0
0
0
0
0
0
0
0
0
0
0
0
0
0
0
0
0
0
0
0
0
0
0
0
0
0
0
0
0
0
0
0
0
0
0
0
0
0
0
0
0
0
0
0
0
0
0
0
0
0
0
0
0
0
0
0
0
0
0
0
0
0
0
0
0
0
0
0
0
0
0
0
0
0
0
0
0
0
0
0
0
0
0
0
0
0
0
0
0
0
0
0
0
0
0
0
0
0
0
0
0
0
0
0
0
0
0
0
0
0
0
0
0
0
0
0
0
0
0
0
0
0
0
0
0
0
0
0
0
0
0
0
0
0
0
0
0
0
0
0
0
0
0
0
0
0
0
0
0
0
0
0
0
0
0
0
0
0
0
0
0
0
0
0
0
0
0
0
0
0
0
0
0
0
0
0
0
0
0
0
0
0
0
0
0
0
0
0
0
0
0
0
0
0
0
0
0
0
0
0
0
0
0
0
0
0
1.02361826347411e-13
0
0
0
0
0
0
0
0
0
0
0
0
0
0
0
0
0
0
0
0
0
0
0
0
0
0
0
0
0
0
0
0
0
0
0
0
0
0
0
0
0
0
0
0
0
0
0
0
0
0
0
0
0
0
0
0
0
0
0
0
0
0
0
0
0
0
0
0
0
0
0
0
0
0
0
0
0
0
0
0
0
0
0
0
0
0
0
0
0
0
0
0
0
0
0
0
0
0
0
0
0
0
0
0
0
0
0
0
0
0
0
0
0
0
0
0
0
0
0
0
0
0
0
0
0
0
0
0
0
0
0
0
0
0
0
0
0
0
0
0
0
0
0
0
0
0
0
0
0
0
0
0
0
0
0
0
0
0
0
0
0
0
0
0
0
0
0
0
0
0
0
0
0
0
0
0
0
0
0
0
0
0
0
0
0
0
0
0
0
0
0
0
0
0
0
0
0
0
0
0
0
0
0
0
0
0
0
0
0
0
0
0
0
0
0
0
0
0
0
0
0
0
0
0
0
0
0
0
0
0
0
0
0
0
0
0
0
0
0
0
0
0
0
0
0
0
0
0
0
0
0
0
0
0
0
0
0
0
0
0
0
0
0
0
0
0
0
0
0
0
0
0
0
0
0
0
0
0
0
0
0
0
0
0
0
0
0
0
0
0
0
0
0
0
0
0
0
0
0
0
0
0
0
0
0
0
0
0
0
0
0
0
0
0
0
0
0
0
0
0
0
0
0
0
0
0
0
0
0
0
0
0
0
0
0
0
0
0
0
0
0
0
0
0
0
0
0
0
0
0
0
0
0
0
0
0
0
0
0
0
0
0
0
0
0
0
0
0
0
0
0
0
0
0
0
0
0
0
0
0
0
0
0
0
0
0
0
0
0
0
0
0
0
0
0
0
0
0
0
0
0
0
0
0
0
0
0
0
0
0
0
0
0
0
0
0
0
0
0
0
0
0
0
0
0
0
0
0
0
0
0
0
0
0
0
0
0
0
0
0
0
0
0
0
0
0
0
0
0
0
0
0
0
0
0
0
0
0
0
0
0
0
0
0
0
0
0
0
0
0
0
0
0
0
0
0
0
0
0
0
0
0
0
0
0
0
0
0
0
0
0
0
0
0
0
0
0
0
0
0
0
0
0
0
0
0
0
0
0
0
0
0
0
0
0
0
0
0
0
0
0
0
0
0
0
0
0
0
0
0
0
0
0
0
0
0
0
0
0
0
0
0
0
0
1.17053802504206e-13
0
0
0
0
0
0
0
0
0
0
0
0
0
0
0
0
0
0
0
0
0
0
0
0
0
0
0
0
0
0
0
0
0
0
0
0
0
0
0
0
0
0
0
0
0
0
0
0
0
0
0
0
0
0
0
0
0
0
0
0
0
0
0
0
0
0
0
0
0
0
0
0
0
0
0
0
0
0
0
0
0
0
0
0
0
0
0
0
0
0
0
0
0
0
0
0
0
0
0
0
0
0
0
0
0
0
0
0
0
7.56492110782521e-14
7.6136291318496e-14
7.66265077072755e-14
7.71198804371433e-14
3.88082149154055e-14
3.90580881708782e-14
0
3.95626715942995e-14
3.98174025466771e-14
4.00737736274038e-14
4.03317953966813e-14
4.05914784827308e-14
0
0
4.13806029532642e-14
8.32940779283367e-14
0
4.21850685114774e-14
0
4.27300487520071e-14
4.30051733979605e-14
4.32820694804387e-14
0
0
0
0
4.46935232208919e-14
0
4.52709096729408e-14
4.55623940816313e-14
0
0
0
4.67472206617567e-14
4.70482105484562e-14
4.73511384094496e-14
4.76560167227083e-14
4.79628580465544e-14
0
0
0
0
0
0
0
1.00979581883757e-13
5.08148780003154e-14
5.11420581867625e-14
5.14713449781754e-14
5.18027519382896e-14
1.04272585436327e-13
0
5.28098307815099e-14
5.31498558088519e-14
5.34920701448392e-14
0
0
0
0
0
0
0
0
5.66728741593335e-14
0
5.74050193870707e-14
5.77746313134431e-14
0
0
0
0
0
0
0
0
6.12100896668083e-14
6.16042011817343e-14
0
0
6.28018265074597e-14
6.32061866892584e-14
6.36131504124642e-14
6.40227344404419e-14
6.44349556444545e-14
6.48498310044029e-14
0
0
6.61105534631041e-14
6.65362174430154e-14
6.69646221324452e-14
0
6.78297243396115e-14
0
6.87060026246069e-14
6.91483778429141e-14
0
7.00416915418255e-14
0
7.09465457770426e-14
0
7.1863089638384e-14
7.23257922953956e-14
0
7.32601543593765e-14
0
0
0
0
6.17524980793858e-14
0
0
0
0
6.3766283359161e-14
6.41768533595326e-14
0
6.50059409541686e-14
0
0
6.62696982907975e-14
6.66963869515575e-14
0
0
0
0
0
6.93148354824363e-14
0
7.02102996133813e-14
7.06623605023276e-14
7.11173320616922e-14
0
0
0
0
7.34365100851675e-14
0
7.43852212843121e-14
7.48641631124791e-14
0
0
0
0
0
7.78032722138183e-14
7.83042217410142e-14
7.88083967164817e-14
0
0
0
0
0
0
0
0
0
0
0
0
0
0
8.67725207434411e-14
8.73312202942952e-14
8.78935171266979e-14
0
0
0
0
0
0
0
0
9.31199376291688e-14
0
9.43229349882e-14
9.4930249158186e-14
0
0
0
0
0
0
0
0
1.00575095521432e-13
1.01222665284448e-13
0
0
1.03190499054818e-13
1.03854908535851e-13
1.04523595929677e-13
1.05196588780401e-13
1.05873914809414e-13
1.06555601916611e-13
0
0
1.0862711140794e-13
1.09326525437108e-13
1.10030442761781e-13
0
1.11451903465322e-13
0
1.12891727727899e-13
1.13618600210519e-13
0
1.15086415583568e-13
0
1.16573193362122e-13
0
1.18079178517605e-13
1.18839451279502e-13
0
1.20374713755803e-13
0
0
0
1.23504996158783e-13
6.34313611575911e-14
0
0
0
0
0
0
0
0
0
0
0
0
0
0
0
0
0
0
0
0
0
0
0
0
0
0
0
0
0
0
0
0
0
0
0
0
0
0
0
0
0
0
0
0
0
0
0
0
0
0
0
0
0
0
0
0
0
0
0
0
0
0
0
0
0
0
0
0
0
0
0
0
0
0
0
0
0
0
0
0
0
0
0
0
0
0
0
0
0
0
0
0
0
0
0
0
0
0
0
0
0
0
0
0
0
0
0
0
0
0
0
0
0
0
0
0
0
0
0
0
0
0
0
0
0
0
0
0
0
0
0
0
0
0
0
0
0
0
0
0
0
0
0
0
0
0
0
0
0
0
0
0
0
0
0
0
0
0
0
0
0
0
0
0
0
0
0
0
0
0
0
0
0
0
0
0
0
0
0
0
0
0
0
0
0
0
0
0
0
0
0
0
0
0
0
0
0
0
0
0
0
0
0
0
0
0
0
0
0
0
0
0
0
0
0
0
0
0
0
0
0
0
0
0
0
0
0
0
0
0
0
0
0
0
0
0
0
0
0
0
0
0
0
0
0
0
0
0
0
0
0
0
0
0
0
0
0
0
0
0
0
0
0
0
0
0
0
0
0
0
0
0
0
0
0
0
0
0
0
0
0
0
0
0
0
0
0
0
0
0
0
0
0
0
0
0
0
0
0
0
0
0
0
0
0
0
0
0
0
0
0
0
0
0
0
0
0
0
0
0
0
0
0
0
0
0
0
0
0
0
0
0
0
0
0
0
0
0
0
0
0
0
0
0
0
0
0
0
0
0
0
0
0
0
0
0
0
0
0
0
0
0
0
0
0
0
0
0
0
0
0
0
0
0
0
0
0
0
0
0
0
0
0
0
0
0
0
0
0
0
0
0
0
0
0
0
0
0
0
0
0
0
0
0
0
0
0
0
0
0
0
0
0
0
0
0
0
0
0
0
0
0
0
0
0
0
0
0
0
0
0
0
0
0
0
0
0
0
0
0
0
0
0
0
0
0
0
0
0
0
0
0
0
0
0
0
0
0
0
0
0
0
0
0
0
0
0
0
0
0
0
0
0
0
0
0
0
0
0
0
0
0
0
0
0
0
0
0
0
0
0
0
0
0
0
0
0
0
0
0
0
0
0
0
0
0
0
0
0
0
0
0
0
0
0
0
0
0
0
0
0
0
0
0
0
0
0
0
0
0
0
0
0
0
0
0
0
0
0
0
0
0
0
0
0
0
0
0
0
0
0
0
0
0
0
0
0
0
0
0
0
0
0
0
0
0
0
0
0
0
0
0
0
0
0
0
0
0
0
0
0
0
0
0
0
0
0
0
0
0
0
0
0
0
0
0
0
0
0
0
0
0
0
0
0
0
0
0
0
0
0
0
0
0
0
0
0
0
0
0
0
0
0
0
0
0
0
0
0
0
0
0
0
0
0
0
0
0
0
0
0
0
0
0
0
0
0
0
0
0
0
0
0
0
0
0
0
0
0
0
0
0
0
0
0
0
0
0
0
0
0
0
0
0
0
0
0
0
0
0
0
0
0
0
0
0
0
0
0
0
0
0
0
0
0
0
0
0
0
0
0
0
0
0
0
0
0
0
0
0
0
0
0
0
0
0
0
0
0
0
0
0
0
0
0
0
0
0
0
0
0
0
0
0
0
0
0
0
0
0
0
0
0
0
0
0
0
0
0
0
0
0
0
0
0
0
0
0
0
0
0
0
0
0
1.03588305045246e-14
1.04255275867434e-14
1.0492654109401e-14
0
1.06282065539642e-14
1.06966380594338e-14
0
0
0
0
0
0
0
1.12601926031495e-14
4.80713958990241e-14
4.83809117119696e-14
1.14790979955697e-14
0
3.76940736723249e-14
0
3.81810356724597e-14
3.84268707282845e-14
3.86742886346802e-14
1.20065702662212e-14
5.12577904302877e-14
3.94261417004569e-14
0
0
1.23981115838068e-14
1.24779389221651e-14
4.07118513683334e-14
5.36131203627572e-14
0
1.28024212940421e-14
0
1.29678131467208e-14
1.30513086049444e-14
0
0
1.33050344453782e-14
0
0
0
1.365102501014e-14
0
0
0
0
1.40961929640588e-14
1.41869536865801e-14
0
0
0
1.45558781067626e-14
0
1.47439225080656e-14
0
0
0
0
0
0
0
1.55207090530965e-14
1.56206417633878e-14
0
1.5822441627801e-14
1.59243170943092e-14
1.60268485032385e-14
1.61300400779859e-14
0
0
0
0
0
0
1.68712262642956e-14
1.69798545080694e-14
0
5.5756984304865e-14
5.61159850786144e-14
0
1.75335775496402e-14
0
0
1.78744415836069e-14
5.83190552208185e-14
5.86945523214977e-14
0
1.83392572264143e-14
7.82929498362734e-14
7.8797052235665e-14
1.86957841919149e-14
1.88161601604967e-14
0
0
1.91819584260194e-14
1.93054647096345e-14
0
1.95548680452889e-14
0
0
0
0
0
0
0
0
0
0
0
0
0
0
0
0
0
0
0
0
0
0
0
0
0
0
0
0
8.99567262022714e-14
9.05359277984915e-14
9.11188586821689e-14
9.170554286491e-14
0
0
9.34883576492491e-14
0
0
0
0
0
9.71586382135941e-14
0
0
0
0
0
0
0
0
0
0
0
0
0
0
0
0
0
0
0
0
0
0
0
0
0
0
0
0
0
0
0
0
0
0
0
0
0
0
0
0
0
0
0
0
0
0
0
1.3221250331163e-13
1.33063775875605e-13
0
0
0
0
0
1.38287756729355e-13
1.39178145840001e-13
0
0
0
0
0
0
0
0
0
0
0
0
0
0
0
0
0
0
0
0
0
0
0
0
0
0
0
0
0
0
0
0
0
0
0
0
0
0
0
0
0
0
0
0
0
0
0
0
0
0
0
0
0
0
0
0
0
0
0
0
0
0
0
0
0
0
0
0
0
0
0
0
0
0
0
0
0
0
0
0
0
0
0
0
0
0
0
0
0
0
0
0
0
0
0
0
0
0
0
0
0
0
0
0
0
0
0
0
0
0
0
0
0
0
0
0
0
0
0
0
0
0
0
0
0
0
0
0
0
0
0
0
0
0
0
0
0
0
0
0
0
0
0
0
0
0
0
0
0
0
0
0
0
0
0
0
0
0
0
0
0
0
0
0
0
0
0
0
0
0
0
0
0
0
0
0
0
0
0
0
0
0
0
0
0
0
0
0
0
0
0
0
0
0
0
0
0
0
0
0
0
0
0
0
0
0
0
0
0
0
0
0
0
0
0
0
0
0
0
0
0
0
0
0
0
0
0
0
0
0
0
0
0
0
0
0
0
8.520175326946e-14
0
0
0
0
0
0
0
0
0
0
0
0
0
0
0
0
0
0
0
0
0
0
0
0
0
0
0
0
0
0
0
0
0
0
0
0
0
0
0
0
0
0
0
0
0
0
0
0
0
0
0
0
0
0
0
0
0
0
0
0
0
0
0
0
0
0
0
0
0
0
0
0
0
0
0
0
0
0
0
0
0
0
0
0
0
0
0
0
0
0
0
0
0
0
0
0
0
0
0
0
0
0
0
0
0
0
0
0
0
0
0
0
0
0
0
0
0
0
0
0
0
0
0
0
0
0
0
0
0
0
0
0
0
0
0
0
0
0
0
0
0
0
0
0
0
0
0
0
0
0
0
0
0
0
0
0
0
0
0
0
0
0
0
0
0
0
0
0
0
0
0
0
0
0
0
0
0
0
0
0
0
0
0
0
0
0
0
0
0
0
0
0
0
0
0
0
0
0
0
0
0
0
0
0
0
0
0
0
0
0
0
0
0
0
0
0
0
0
0
0
0
0
0
0
0
0
0
0
0
0
0
0
0
0
0
0
0
0
0
0
0
0
0
0
0
0
0
0
0
0
0
0
0
0
0
0
0
0
0
0
0
0
0
0
0
0
0
0
0
0
0
0
0
0
0
0
0
0
0
0
0
0
0
0
0
0
0
0
0
0
0
0
0
0
0
0
0
0
0
0
0
0
0
0
0
0
0
0
0
0
0
0
0
0
0
0
0
0
0
0
0
0
0
0
0
0
0
0
0
0
0
0
0
0
0
0
0
0
0
0
0
0
0
0
0
0
0
0
0
0
0
0
0
0
0
0
0
0
0
0
0
0
0
0
0
0
0
0
0
0
0
0
0
0
0
0
0
0
0
0
0
0
0
0
0
0
0
0
0
0
0
0
0
0
0
0
0
0
0
0
0
0
0
0
0
0
0
0
0
0
0
0
0
0
0
0
0
0
0
0
0
0
0
0
0
0
0
0
0
0
0
0
0
0
0
0
0
0
0
0
0
0
0
0
0
0
0
0
0
0
0
0
0
0
0
0
0
0
0
0
0
0
0
0
0
0
0
0
0
0
0
0
0
0
0
0
0
0
0
0
0
0
0
0
0
0
0
0
0
0
0
0
0
0
0
0
0
0
0
0
0
0
0
0
0
0
0
0
0
0
0
0
0
0
0
0
0
0
0
0
0
0
0
0
0
0
0
0
0
0
0
0
0
0
0
0
0
0
0
0
0
0
0
0
0
0
0
0
0
0
0
0
0
0
0
0
0
0
0
0
0
0
0
0
0
0
0
0
0
0
0
0
0
0
0
0
0
0
0
0
0
0
0
0
0
0
0
0
0
0
0
0
0
0
0
0
0
0
0
0
0
0
0
0
0
0
0
0
0
0
0
0
0
0
0
0
0
0
0
0
0
0
0
0
0
0
0
0
0
0
0
0
0
0
0
0
0
0
0
0
0
0
0
0
0
0
0
0
0
0
0
0
0
0
0
0
0
0
0
0
0
0
0
0
0
0
0
0
0
0
0
0
0
0
0
0
0
0
0
0
0
0
0
0
0
0
0
0
0
0
0
0
0
0
0
0
0
0
0
0
0
0
0
0
0
0
0
0
0
0
0
0
0
0
0
0
0
0
0
0
0
0
0
0
0
0
0
0
0
0
0
0
0
0
0
0
0
0
0
0
0
0
0
0
0
0
0
0
0
0
0
0
0
0
0
0
0
0
0
0
0
0
0
0
0
0
0
0
0
0
0
0
0
0
0
0
0
0
0
0
0
0
0
0
0
0
0
0
0
0
0
0
0
0
0
0
0
0
0
0
0
0
0
0
0
0
0
0
0
0
0
0
0
0
0
0
0
0
0
0
0
0
0
0
0
0
0
0
0
0
0
0
0
0
0
0
0
0
0
0
0
0
0
0
0
0
0
0
0
0
0
0
0
0
0
0
0
0
0
0
0
0
0
0
0
0
0
0
0
0
0
0
0
0
0
0
0
0
0
0
0
0
0
0
0
0
0
0
0
0
0
0
0
0
0
0
0
0
0
0
0
0
0
0
0
0
0
0
0
0
0
0
0
0
0
0
0
0
0
0
0
0
0
0
0
0
0
0
0
0
0
0
0
0
0
0
0
0
0
0
0
0
0
0
0
0
0
0
0
0
0
0
0
0
0
0
0
0
0
0
0
0
0
0
0
0
0
0
0
0
0
0
0
0
0
0
0
0
0
0
0
0
0
0
0
0
0
0
0
0
0
0
0
0
0
0
0
0
0
0
0
0
0
0
0
0
0
0
0
0
0
0
0
0
0
0
0
0
0
0
0
0
0
0
0
0
0
0
0
0
0
0
0
0
0
0
0
0
0
0
0
0
0
0
0
0
0
0
0
0
0
0
0
0
0
0
0
0
0
0
0
0
0
0
0
0
0
0
0
0
0
0
0
0
0
0
0
0
0
0
0
0
0
0
0
0
0
0
0
0
0
0
0
0
0
0
0
0
0
0
0
0
0
0
0
0
0
0
0
0
0
0
0
0
0
0
0
0
0
0
0
0
0
0
0
0
0
0
0
0
0
0
0
0
0
0
0
0
0
0
0
0
0
0
0
0
0
0
0
0
0
0
0
0
0
0
0
0
0
0
0
0
0
0
0
0
0
0
0
0
0
0
0
0
0
0
0
0
0
0
0
0
0
0
0
0
0
0
0
0
0
0
0
0
0
0
0
0
0
0
0
0
0
0
0
0
0
0
0
0
0
0
0
0
0
0
0
0
0
0
0
0
0
0
0
0
0
0
0
0
0
0
0
0
0
0
0
0
0
0
0
0
0
0
0
0
0
0
0
0
0
0
0
0
0
0
0
0
0
0
0
0
0
0
0
0
0
0
0
0
0
0
0
0
0
0
0
0
0
0
0
0
0
0
0
0
0
0
0
0
0
0
0
0
0
0
0
0
0
0
0
0
0
0
0
0
0
0
0
0
0
0
0
0
0
0
0
0
0
0
0
0
0
0
0
0
0
0
0
0
0
0
2.09443188720833e-14
2.10791724114963e-14
0
0
0
0
0
0
0
0
0
0
0
0
0
0
0
0
0
0
0
0
0
0
0
0
0
0
0
0
0
0
0
0
0
0
0
0
0
0
0
0
0
0
0
0
0
0
0
0
0
0
0
0
0
0
0
0
0
0
0
0
0
0
0
0
0
0
0
0
0
0
0
0
0
0
0
0
0
0
0
0
0
0
0
0
0
0
0
0
0
0
0
0
0
0
0
0
0
0
0
0
0
0
0
0
0
0
0
0
0
0
0
0
0
0
0
0
0
0
0
0
0
0
0
0
0
0
0
0
0
0
0
0
0
0
0
0
0
0
0
0
0
0
0
0
0
0
0
0
0
0
0
0
0
0
0
0
0
0
0
0
0
0
0
0
0
0
0
0
0
0
0
0
0
0
0
0
0
0
0
0
0
0
0
0
0
0
0
0
0
0
0
6.20171118313634e-14
0
0
0
0
0
0
0
0
0
0
0
0
0
0
0
0
0
0
0
0
0
0
0
0
0
0
0
0
0
0
0
0
0
0
0
0
0
0
0
0
0
0
0
0
0
0
0
0
0
0
0
0
0
0
0
0
0
0
0
0
0
0
0
0
0
0
0
0
0
0
0
0
0
0
0
0
0
0
0
0
0
0
0
0
0
0
0
0
0
0
0
0
0
0
0
0
0
0
0
0
0
0
0
0
0
0
0
0
1.04518145505606e-13
2.53022508127424e-14
6.34211726725358e-14
1.03068219133156e-13
1.71051986764492e-13
3.02089938279189e-13
6.61466862570673e-15
6.00362276155478e-14
1.84919699144388e-13
2.64409116264938e-13
6.52296897322782e-14
2.51803437080277e-13
3.54641554400426e-14
1.07390554003502e-13
3.19527118078184e-13
3.43012407936177e-13
2.00062943963399e-13
2.68693233874649e-13
8.07994398789396e-14
9.41631508485337e-14
1.91984978212109e-15
1.09340758282547e-13
1.8594200879557e-13
1.40815689465289e-13
4.30887733741555e-14
5.26493067138335e-14
1.90826975361363e-13
1.78862771473478e-13
7.92528238366421e-15
7.11356518964474e-14
4.33705922049938e-14
6.0993609259331e-14
3.14310068693417e-14
5.88631922523965e-15
2.225222217777e-13
7.96155733188918e-14
1.76539746219325e-13
2.73711060144869e-13
8.13469112138543e-15
1.58025476132411e-13
2.16088831510792e-13
6.24448237499768e-14
1.12585789763637e-13
9.1357803840756e-14
1.52498878288004e-13
3.43458826275704e-13
2.44254172462899e-13
2.09293872741874e-14
9.16092959932819e-14
7.87710873016157e-14
3.1604127441902e-13
5.15038394040398e-14
2.25186838732346e-13
3.22070110620105e-13
2.627279992646e-14
6.07719056873241e-14
8.18455743038554e-14
8.55846532550016e-14
8.93667131538874e-14
2.96564106201e-13
4.22244225907424e-14
6.42480633965825e-14
1.6307014432875e-14
1.26598690878541e-13
1.07377169580751e-13
1.77311456295267e-14
9.2348327928608e-14
2.18412786142151e-14
7.38631098806455e-14
2.16369977821907e-14
1.69393480533304e-13
1.7778509540794e-13
2.05395709378358e-13
1.4755106235945e-13
1.36840243546938e-13
1.71724444470674e-13
2.82493363725319e-13
1.33683374056496e-13
1.77410170714834e-14
6.8531454478369e-14
1.46228979778808e-13
1.06018367034828e-13
1.0453774820713e-13
5.63210350845474e-14
6.96584222916139e-14
2.76176330015285e-14
4.57038097985747e-15
3.18225860396677e-14
2.12907338243168e-13
5.20017414716319e-14
8.95372400312516e-14
1.6647713601135e-13
7.72658560725435e-14
6.68096901517563e-14
1.27577506838636e-13
9.37555296448591e-15
2.32998369842416e-14
1.60132189803123e-13
9.84366049761553e-15
7.18763185870435e-14
7.06312221463715e-14
1.49055854155741e-13
1.7653803532269e-13
1.94022862975491e-14
0
3.82158959713443e-14
3.329320510798e-14
4.38986450146086e-14
7.41766181638258e-14
8.31668246364681e-14
1.12458663634634e-13
6.04695643972117e-14
7.96714448473892e-14
1.97291532998528e-14
1.56711247615316e-13
9.50430722078075e-14
8.08380256873386e-14
1.85889352097011e-13
1.07100298191291e-13
3.1553436531916e-14
1.86411824546868e-13
1.32908536101233e-13
1.51787413478529e-14
4.51869495460424e-14
2.24779130731468e-14
2.61571211980599e-14
4.51292760710963e-14
1.43428122601892e-13
1.94762895288522e-13
6.3850343181467e-14
3.14872275048421e-14
5.19035125856147e-14
1.85317658648274e-13
6.91135633320325e-14
1.00833600587996e-13
9.31189568786901e-14
2.27295901091322e-14
1.11307786760438e-14
5.4675001736483e-14
3.2325459569243e-14
1.11818590438243e-13
6.861581143125e-14
2.36132422005667e-14
9.67937714444723e-14
1.20075825890944e-13
9.36468620075072e-14
5.72494469058368e-14
1.46071288499585e-13
5.53108332752148e-14
6.5552491519515e-14
8.11821846179656e-14
9.41285682259784e-14
2.74812261673548e-13
1.98171649680205e-13
7.23382046790661e-14
9.4221782318473e-14
1.03911286328514e-13
1.249268835451e-13
1.79343649242676e-13
1.16546385803e-13
3.22556245506914e-13
2.00599479880614e-13
5.10983344547485e-14
3.47664176401452e-13
1.93832239905852e-13
0
6.99590015984887e-14
1.84004511466098e-13
3.98389950896502e-14
1.80880127006991e-13
1.80263957496296e-13
3.95233022482749e-13
3.83602473211314e-13
1.99368136377669e-13
1.58470844619482e-13
2.87302010946072e-13
7.07972185483847e-14
1.34242228459012e-13
4.92578474121606e-14
8.37288946438391e-14
0
0
5.12638100803489e-14
1.62830844954323e-13
2.94971131667967e-13
7.26417401019861e-14
2.39437327057102e-14
4.75319600437938e-14
7.69528629253526e-14
5.60331943910747e-14
2.71161058930552e-14
5.27244116693038e-14
1.54439458001902e-13
2.27136665116222e-13
1.11804874710841e-13
2.14876758690151e-13
1.34023373535373e-13
2.41222324661407e-13
2.88858441146284e-14
1.67516913250471e-13
1.62674671506836e-13
9.25667997300402e-14
1.29558727002644e-14
5.09887403909723e-14
6.29693724317892e-14
0
2.33310711753864e-14
2.68015675560284e-13
2.01215123523476e-13
2.78831634421793e-14
1.08698602787174e-13
1.33022136765289e-13
7.84827225832258e-14
5.81296527253446e-14
2.56217078191643e-14
9.88738707758976e-14
9.20948248727273e-14
1.18373193376657e-13
1.43374576408601e-13
1.67528482114632e-13
0
4.0268428750661e-14
2.65007661425237e-14
7.88235723101855e-14
3.15584934659918e-13
2.53142238175353e-13
9.13948201518311e-14
8.84648122951181e-14
0
7.01170746290165e-14
1.37744988285734e-14
0
1.34726159234669e-14
4.86237061449172e-14
9.7841164394506e-14
9.40817157062771e-14
0
1.7685847051475e-13
1.43987941397514e-14
0
1.11546242360567e-13
0
8.59671469536596e-14
4.70565287730518e-13
9.68425206385796e-14
1.55910753632944e-13
1.21143063058051e-13
1.62628218527691e-13
7.25344823257797e-14
2.86079864977552e-14
1.84224707869144e-13
3.17371680322489e-14
0
3.32264089432882e-14
2.88575050995705e-13
9.3351383425025e-14
4.55413813994599e-14
1.19105053872461e-13
8.8047355784145e-14
1.45347949654824e-13
1.5188965716741e-13
3.56923268127608e-14
1.70989800904456e-13
1.64848408031996e-13
3.19710961087936e-14
2.96158890586825e-13
1.22238036493199e-13
1.80662939031509e-13
9.69046563434277e-14
5.74888151430566e-14
3.67762733228925e-13
2.81569557074183e-13
6.78003277435387e-14
6.56965703146005e-14
1.76057474415223e-13
1.09774326828486e-13
2.3169485827184e-13
6.88150847577503e-14
4.56482967208955e-14
7.57807711568592e-14
7.24436642807471e-14
6.9712022203743e-14
1.6874663077027e-13
2.62952094848137e-13
1.9314357048943e-13
1.58480774517098e-13
5.49029882644118e-14
1.83379687190765e-13
5.07461128625906e-13
3.72756121853727e-13
1.79189556446327e-13
2.77398939697687e-13
4.05011084807221e-13
5.28633741617287e-13
2.27651123945312e-13
1.85054242167107e-13
1.02051975600359e-13
2.41274164648325e-13
0
3.68465711639224e-14
1.06876725223314e-13
3.46568201149079e-14
1.52602854815268e-13
1.33478176613799e-13
6.60313912178382e-14
5.13140652593513e-14
4.14219061344438e-14
3.55235933764424e-13
1.13648150106567e-13
7.32042661842756e-14
7.117470569067e-14
3.30672509149956e-13
5.13609448019119e-14
2.9636934336005e-13
1.81074310228349e-13
4.26649833053448e-14
1.62454033958432e-13
1.94735468248075e-13
7.52104884354664e-14
3.65431914995818e-14
2.14367486995117e-13
1.75677364230688e-14
8.68730520724432e-15
8.63966030428085e-14
1.31827475947801e-13
4.17876655659156e-14
8.00809361159313e-14
1.15906890780875e-13
0
1.28356387283789e-13
1.98300942201986e-13
6.23903761671035e-14
1.44027081134165e-13
9.05107128373759e-14
1.28981929761835e-13
4.11636268368362e-14
0
7.70671128410919e-14
1.88221648660784e-14
2.58993160077537e-13
7.3157398371883e-14
2.27321393811138e-14
1.86418104385347e-13
8.8466621376672e-14
1.26952134960791e-13
2.85468490974758e-13
3.95695148776788e-14
7.72836836985259e-14
5.69536056769715e-14
2.81482909215573e-14
4.19794997796714e-14
0
9.10131214296989e-14
8.70051056974195e-14
2.09489767934646e-13
1.62534578679926e-13
3.96665075699855e-14
0
1.05900835214879e-13
4.78557029312912e-14
1.97662837690459e-13
0
1.34160010100759e-13
4.30450579993724e-14
4.17267115058032e-14
8.14381282919448e-14
9.99730009883558e-14
2.27207932578078e-13
6.87408304047042e-14
2.03519017996718e-13
2.88951014210162e-13
9.19412120759231e-14
4.42233516552975e-14
8.56990038319644e-14
8.36005378036644e-14
4.10407360306637e-14
5.06835784622538e-14
1.5113836391307e-13
2.09536676597348e-13
1.98156416528732e-13
2.83531565244118e-13
1.81734729675913e-13
4.40028238197744e-14
1.50188149229467e-13
0
6.24111846137116e-14
3.61852450566247e-14
3.23580238487123e-13
3.05744660841411e-13
0
9.33538424149843e-14
0
2.2025877949797e-14
1.29691594902662e-13
6.40454503437478e-14
3.18256775112506e-14
0
2.09658167279894e-13
4.99304502405024e-14
0
0
4.52236581327794e-14
1.10925917543796e-13
1.86218756381882e-13
1.25187139940861e-13
2.28602573654564e-13
0
1.02645819921167e-13
1.47797176705656e-13
4.76543908310036e-14
1.16068624234334e-13
0
1.12414736913309e-13
1.00536103376736e-13
3.52966204833074e-13
5.54492412469915e-14
0
5.06131539651306e-14
4.89383663522008e-14
1.19159991865069e-13
7.01160207192152e-14
5.76836804569331e-14
2.29265675176448e-14
2.42203457919454e-13
1.14058054965304e-13
2.16890282108589e-13
2.5998608687531e-13
1.507717640969e-13
1.46802567076718e-13
1.19948832447945e-13
1.18400441052463e-13
2.23513445669539e-13
2.49285509770068e-13
1.17303889218133e-13
1.67195574168368e-13
5.34189117275673e-14
1.03224009795621e-13
1.75836291682456e-13
4.92486933696066e-14
3.64548478111683e-14
5.43268790653017e-14
1.2828103326708e-13
2.41276644327529e-13
1.71846666947745e-13
0
1.06007183561042e-13
0
1.0110481624934e-13
1.99546811838865e-13
2.53991485898038e-13
1.32019187703205e-13
1.2406375440385e-13
5.88747789780794e-14
5.63793131032485e-14
5.44330166855569e-14
0
5.18916152550622e-14
5.12018151084008e-14
1.9073490169687e-14
1.35859913406549e-13
2.55165303921244e-13
6.05106740705623e-14
1.15840300678534e-13
1.67703924535777e-13
1.08740133006185e-13
7.99009174742726e-14
2.36487358574415e-13
9.78777659975055e-14
0
2.62395096108153e-13
3.10955424012601e-13
3.57017282858357e-13
1.1481904558528e-13
1.67468105354975e-13
5.46803871011991e-14
9.43958200897236e-14
2.27701322473662e-13
1.43860229297366e-13
1.34911044927413e-13
6.39172204116247e-14
6.11286423978713e-14
2.35834983153051e-13
1.14629705641157e-13
2.80659791764943e-14
1.79939436128822e-13
7.56106306788691e-14
0
0
3.28451615171493e-13
2.51194423804758e-13
6.05500919345157e-14
1.17695186568987e-13
2.30492145981749e-13
5.68303071440101e-14
4.23305963214156e-14
3.04610100752771e-13
2.85289212806292e-13
0
0
6.21847063110698e-14
6.0422026059846e-14
8.87320415771355e-14
2.91672512851981e-14
2.17243359018265e-14
1.56701706632114e-13
5.86680950954293e-13
6.93825677482481e-14
2.65103908953055e-13
0
0
6.07280340811993e-14
5.98796488792252e-14
1.85821637735632e-13
1.61218722313205e-13
1.50805607330044e-13
0
2.72343548717845e-13
1.96765429778982e-13
6.37005309023581e-14
9.35162814628032e-14
1.53667144491744e-13
1.3733095924602e-13
1.65859351583907e-13
1.5505369170063e-13
0
2.09835014903642e-13
0
2.61627848113087e-13
1.92012953805135e-13
2.68163403118727e-13
6.26518676312024e-14
1.70626937378155e-13
6.37670193753779e-13
7.53062337481363e-14
7.18546683663155e-14
6.91798553591289e-14
6.71598052804905e-14
3.28548097384068e-14
6.47720625490201e-14
2.41169039713686e-14
1.75524913812838e-13
1.6390031839876e-13
0
0
1.42098213805337e-13
1.37920643855856e-13
0
0
0
)
;

boundaryField
{
    frontAndBack
    {
        type            empty;
    }
    outlet
    {
        type            calculated;
        value           uniform 0;
    }
    up
    {
        type            calculated;
        value           nonuniform List<scalar> 
259
(
0
2.33753220830119e-13
0
2.33288157464472e-13
0
2.32471049322361e-13
2.31940288630988e-13
2.31334864573645e-13
0
0
0
0
0
0
0
0
0
0
0
0
0
0
0
0
0
0
0
0
0
0
0
0
0
0
0
0
0
0
0
0
0
0
0
0
0
0
0
0
0
0
0
0
0
0
0
0
0
0
0
0
0
0
0
0
0
0
0
0
0
0
0
0
0
0
0
0
0
0
0
0
0
0
0
0
0
0
0
0
0
0
0
0
0
0
0
0
0
0
0
0
0
0
0
0
0
0
0
0
0
0
0
0
0
0
0
0
0
0
0
0
0
0
0
0
0
0
0
0
0
0
0
0
0
0
0
0
0
0
0
0
191.631725594598
0
2.31334864573645e-13
2.31940288630988e-13
2.32471049322361e-13
0
2.33288157464472e-13
0
2.33753220830118e-13
0
0
0
0
0
0
0
0
0
0
0
0
0
0
0
0
0
0
0
0
0
0
0
0
0
0
0
0
0
0
0
0
0
0
0
0
0
0
0
0
0
0
0
0
0
0
0
0
0
0
0
0
0
0
0
0
0
0
0
0
0
0
0
0
0
0
0
0
0
0
0
0
0
0
0
0
0
0
0
0
0
0
0
0
0
0
0
0
0
0
0
0
0
0
0
0
0
0
0
0
0
0
0
0
0
0
0
0
0
0
)
;
    }
    down
    {
        type            calculated;
        value           nonuniform List<scalar> 
259
(
2.33847202128871e-13
6.00362276155482e-14
6.61466862570674e-15
3.02089938279188e-13
1.71051986764494e-13
1.03068219133156e-13
6.34211726725358e-14
2.53022508127424e-14
1.04518145505606e-13
0
0
0
0
0
0
0
0
0
0
0
0
0
0
0
0
0
0
0
0
0
0
0
0
0
0
0
0
0
0
0
0
0
0
0
0
0
0
0
0
0
0
0
0
0
0
0
0
0
0
0
0
0
0
0
0
0
0
0
0
0
0
0
0
0
0
0
0
0
0
0
0
0
0
0
0
0
0
0
0
0
0
0
0
0
0
0
0
0
0
0
0
0
0
0
0
0
0
0
0
0
0
0
0
0
0
0
0
0
0
0
0
0
0
0
0
0
0
0
0
0
0
0
0
0
0
0
0
0
0
0
191.631725594598
1.04518145505606e-13
2.53022508127424e-14
6.34211726725358e-14
1.03068219133156e-13
1.71051986764492e-13
3.02089938279189e-13
6.61466862570673e-15
6.00362276155478e-14
1.84919699144388e-13
0
0
0
0
0
0
0
0
0
0
0
0
0
0
0
0
0
0
0
0
0
0
0
0
0
0
0
0
0
0
0
0
0
0
0
0
0
0
0
0
0
0
0
0
0
0
0
0
0
0
0
0
0
0
0
0
0
0
0
0
0
0
0
0
0
0
0
0
0
0
0
0
0
0
0
0
0
0
0
0
0
0
0
0
0
0
0
0
0
0
0
0
0
0
0
0
0
0
0
0
0
0
0
0
0
0
0
0
0
)
;
    }
    inlet
    {
        type            calculated;
        value           uniform 0;
    }
    cylinder
    {
        type            calculated;
        value           uniform 0;
    }
}


// ************************************************************************* //
